seq_id,predicted_value,mode,RBD_expression,threshold,abs_diff
SARS-CoV-2-N40S_K56N_Y119K,10.375611305236816,train,10.4,1.04,0.02438869476318395
SARS-CoV-2-S129E,10.5003023147583,train,10.511666666666668,1.0511666666666668,0.01136435190836771
SARS-CoV-2-R78V,10.45077419281006,train,10.47,1.0470000000000002,0.01922580718994027
SARS-CoV-2-T55K_K132H_S139T,10.396573066711426,train,10.41,1.0410000000000001,0.01342693328857436
SARS-CoV-2-I2F_I28M_C61D,10.642637252807615,train,10.67,1.067,0.027362747192384518
SARS-CoV-2-N130T_P149S,10.335731506347656,train,10.35,1.035,0.014268493652343395
SARS-CoV-2-Y119V_E141S,10.293757438659668,train,10.27,1.027,0.023757438659668395
SARS-CoV-2-C61A_K128S_G174A_S184T,10.425225257873535,train,10.43,1.043,0.0047747421264645595
SARS-CoV-2-V37G_S53Q,10.63741397857666,train,10.65,1.0650000000000002,0.012586021423340199
SARS-CoV-2-V173I,10.331164360046388,train,10.307222222222222,1.0307222222222223,0.02394213782416621
SARS-CoV-2-T100A_L122R,10.336652755737305,train,10.36,1.036,0.023347244262694744
SARS-CoV-2-L5R_Y119N,10.422489166259766,train,10.44,1.044,0.017510833740233878
SARS-CoV-2-G172C_K198E,10.436144828796388,train,10.46,1.046,0.023855171203612358
SARS-CoV-2-N120G,10.38825798034668,train,10.408181818181818,1.0408181818181819,0.019923837835138514
SARS-CoV-2-G155F_Y175E,10.336542129516602,train,10.37,1.037,0.033457870483397656
SARS-CoV-2-S43R_K87R,10.408206939697266,train,10.43,1.043,0.02179306030273409
SARS-CoV-2-E10S_L125C,10.357681274414062,train,10.35,1.035,0.007681274414062855
SARS-CoV-2-G9R_F156L,10.546839714050291,train,10.58,1.058,0.03316028594970888
SARS-CoV-2-A14S_Y119N,10.305413246154783,train,10.36,1.036,0.05458675384521605
SARS-CoV-2-S113A_N130T,10.542250633239746,train,10.54,1.054,0.0022506332397469464
SARS-CoV-2-G9S_Y39V_N64P,10.424344062805176,train,10.425,1.0425000000000002,0.0006559371948249293
SARS-CoV-2-G9A_S147T,10.500160217285156,train,10.54,1.054,0.0398397827148429
SARS-CoV-2-T55A_G146A,10.452549934387209,train,10.46,1.046,0.007450065612792045
SARS-CoV-2-V37C_Y159H_G196K_S200N,10.537924766540527,train,10.56,1.056,0.022075233459473154
SARS-CoV-2-N110D,10.400261878967283,train,10.43,1.043,0.029738121032716336
SARS-CoV-2-N110G,10.631274223327637,train,10.66,1.066,0.028725776672363423
SARS-CoV-2-L5S_D59G_G172L,10.313779830932615,train,10.31,1.0310000000000001,0.0037798309326149138
SARS-CoV-2-R27M_T201N,10.344893455505373,train,10.38,1.038,0.03510654449462791
SARS-CoV-2-I2A_S45T_C61Q_G166C_K198F,10.460000038146973,train,10.47,1.0470000000000002,0.009999961853027983
SARS-CoV-2-N24K_E141Y,10.336771965026855,train,10.37,1.037,0.03322803497314375
SARS-CoV-2-S29E_T55Q,10.636127471923828,train,10.65,1.0650000000000002,0.01387252807617223
SARS-CoV-2-P54A_N64T,10.582060813903809,train,10.62,1.062,0.037939186096190625
SARS-CoV-2-N4H_V77L,10.314351081848145,train,10.31,1.0310000000000001,0.004351081848144034
SARS-CoV-2-R16E_T55S,10.507681846618652,train,10.53,1.053,0.022318153381347017
SARS-CoV-2-K87V_F156L,10.364779472351074,train,10.36,1.036,0.004779472351074787
SARS-CoV-2-Y35L_L131M_T201P,10.340988159179688,train,10.34,1.034,0.0009881591796876421
SARS-CoV-2-S43H_G155A,10.360170364379885,train,10.36,1.036,0.0001703643798851573
SARS-CoV-2-K56R_N120D,10.405993461608888,train,10.39,1.0390000000000001,0.015993461608887927
SARS-CoV-2-D98N_Q168K,10.64058780670166,train,10.68,1.068,0.03941219329833956
SARS-CoV-2-L5T_D98T_L122S,10.297699928283691,train,10.34,1.034,0.04230007171630845
SARS-CoV-2-G174M_T201I,10.441020965576172,train,10.45,1.045,0.008979034423827414
SARS-CoV-2-V37G_L122K_S200L,10.389116287231444,train,10.43,1.043,0.04088371276855618
SARS-CoV-2-S41T_P149A,10.66711139678955,train,10.7,1.07,0.03288860321044851
SARS-CoV-2-C61N_K87L,10.485587120056152,train,10.5,1.05,0.014412879943847656
SARS-CoV-2-V37L_F47W_N120T,10.489471435546877,train,10.51,1.051,0.02052856445312301
SARS-CoV-2-Y35C_L122Q,10.65638256072998,train,10.69,1.069,0.033617439270019034
SARS-CoV-2-T3S_L122G,10.459174156188965,train,10.47,1.0470000000000002,0.010825843811035796
SARS-CoV-2-C61K_G83N,10.320223808288574,train,10.35,1.035,0.029776191711425426
SARS-CoV-2-K56E_T63A_D98R,10.318001747131348,train,10.35,1.035,0.03199825286865199
SARS-CoV-2-T55L_K87D_G172I,10.461189270019531,train,10.46,1.046,0.0011892700195303973
SARS-CoV-2-S36D_F156H,10.558539390563965,train,10.58,1.058,0.021460609436035227
SARS-CoV-2-F62T_G83K,10.352709770202637,train,10.4,1.04,0.047290229797363637
SARS-CoV-2-L125E_G166F,10.481368064880373,train,10.52,1.052,0.038631935119626704
SARS-CoV-2-I2T_F126V,10.48728084564209,train,10.5,1.05,0.012719154357910156
SARS-CoV-2-V37I_K56E_N110S_G196W,10.346266746520996,train,10.34,1.034,0.006266746520996236
SARS-CoV-2-F156R,10.38616180419922,train,10.405384615384616,1.0405384615384616,0.019222811185395372
SARS-CoV-2-C61K_G196E_T201R,10.323488235473633,train,10.35,1.035,0.026511764526366832
SARS-CoV-2-P149N_G174L,10.322400093078612,train,10.29,1.029,0.03240009307861236
SARS-CoV-2-G116S_Y175M,10.531152725219728,train,10.56,1.056,0.02884727478027216
SARS-CoV-2-Q168T_G174L,10.337681770324709,train,10.325,1.0325,0.012681770324709518
SARS-CoV-2-G9I_N64V_L122C_Y175G,10.42363739013672,train,10.43,1.043,0.006362609863279189
SARS-CoV-2-V37I_Y175K,10.296273231506348,train,10.28,1.028,0.016273231506348296
SARS-CoV-2-S36K_Q168F,10.407065391540527,train,10.4,1.04,0.0070653915405269885
SARS-CoV-2-T63Q_T170L,10.472845077514648,train,10.49,1.0490000000000002,0.017154922485351776
SARS-CoV-2-T3A_N24H_L125T,10.460434913635254,train,10.47,1.0470000000000002,0.009565086364746733
SARS-CoV-2-N130R_F160W,10.42083740234375,train,10.44,1.044,0.019162597656249503
SARS-CoV-2-I2E_Y143V,10.325102806091309,train,10.33,1.0330000000000001,0.004897193908691477
SARS-CoV-2-Y39V_E141H_T201S,10.519793510437012,train,10.53,1.053,0.010206489562987642
SARS-CoV-2-T3A_N24S,10.344324111938477,train,10.38,1.038,0.03567588806152422
SARS-CoV-2-N4S_F156S,10.527399063110352,train,10.54,1.054,0.012600936889647585
SARS-CoV-2-L5G_F8L_K199D,10.357625007629396,train,10.37,1.037,0.01237499237060291
SARS-CoV-2-F126C_H189D,10.312790870666504,train,10.32,1.032,0.007209129333496378
SARS-CoV-2-Y119E_S164H,10.391573905944824,train,10.4,1.04,0.008426094055176137
SARS-CoV-2-L5T_N157K,10.435038566589355,train,10.46,1.046,0.024961433410645384
SARS-CoV-2-N110A_K198W,10.520397186279297,train,10.53,1.053,0.009602813720702486
SARS-CoV-2-V37N_E154D,10.547064781188965,train,10.58,1.058,0.03293521881103523
SARS-CoV-2-N40R_T55S,10.39974594116211,train,10.43,1.043,0.03025405883789034
SARS-CoV-2-V153C,10.402990341186523,train,10.406666666666666,1.0406666666666666,0.00367632548014285
SARS-CoV-2-L5P,10.440770149230955,train,10.467333333333332,1.0467333333333333,0.026563184102377235
SARS-CoV-2-L111K_P149S,10.30360984802246,train,10.35,1.035,0.046390151977540484
SARS-CoV-2-V37L_G116F,10.324198722839355,train,10.34,1.034,0.01580127716064439
SARS-CoV-2-C61T_F156P,10.472540855407717,train,10.48,1.048,0.007459144592283806
SARS-CoV-2-G9R_A18P,10.373517036437988,train,10.41,1.0410000000000001,0.03648296356201186
SARS-CoV-2-N4G_C61Q_N120T,10.40505027770996,train,10.43,1.043,0.024949722290040555
SARS-CoV-2-G9P_V153S_Q168F,10.333590507507324,train,10.37,1.037,0.036409492492675
SARS-CoV-2-Y35L_T148E,10.593320846557615,train,10.6,1.06,0.006679153442384234
SARS-CoV-2-I2C_D98N,10.323835372924805,train,10.33,1.0330000000000001,0.0061646270751953836
SARS-CoV-2-L5S_Q84K,10.33199405670166,train,10.37,1.037,0.03800594329833906
SARS-CoV-2-N64H,10.371264457702637,train,10.407692307692308,1.040769230769231,0.0364278499896713
SARS-CoV-2-T193S,10.407073974609377,train,10.45,1.045,0.04292602539062251
SARS-CoV-2-N64R_K87L_Y119G_F160A,10.35691738128662,train,10.35,1.035,0.006917381286619673
SARS-CoV-2-N4G_T46L,10.33865451812744,train,10.34,1.034,0.001345481872560228
SARS-CoV-2-Q168R,10.2965669631958,train,10.294,1.0294,0.002566963195800298
SARS-CoV-2-L125A_F160H_H189T,10.448468208312988,train,10.45,1.045,0.0015317916870110082
SARS-CoV-2-V65I_K87I,10.51333999633789,train,10.5,1.05,0.013339996337890625
SARS-CoV-2-Y175V,10.387969017028809,train,10.382,1.0382,0.005969017028808921
SARS-CoV-2-S184N,10.328420639038086,train,10.34,1.034,0.01157936096191392
SARS-CoV-2-N151R,10.39490032196045,train,10.46,1.046,0.06509967803955163
SARS-CoV-2-N1V_P197L,10.356850624084473,train,10.4,1.04,0.0431493759155277
SARS-CoV-2-G83R_N130V_F156E,10.326058387756348,train,10.33,1.0330000000000001,0.003941612243652415
SARS-CoV-2-T140K,10.326923370361328,train,10.363,1.0363,0.03607662963867142
SARS-CoV-2-I28L_S45F_K87I,10.366410255432127,train,10.37,1.037,0.0035897445678720885
SARS-CoV-2-N64T_F156D,10.357239723205566,train,10.37,1.037,0.012760276794432812
SARS-CoV-2-V37M_R78S_V115I,10.580516815185549,train,10.59,1.059,0.009483184814451207
SARS-CoV-2-L38I_Y119T,10.463574409484863,train,10.5,1.05,0.03642559051513672
SARS-CoV-2-T148A_L188C,10.540080070495604,train,10.54,1.054,8.007049560454504e-05
SARS-CoV-2-T100V_N151G,10.43922233581543,train,10.44,1.044,0.0007776641845698151
SARS-CoV-2-L5E_S29E_K87L_D97I,10.351489067077637,train,10.36,1.036,0.008510932922362713
SARS-CoV-2-S41Q_D97M,10.475263595581056,train,10.48,1.048,0.0047364044189439625
SARS-CoV-2-Y35M_F62I_G172D_A190N,10.392167091369627,train,10.4,1.04,0.007832908630373225
SARS-CoV-2-Y119L_T148F,10.434344291687012,train,10.45,1.045,0.01565570831298757
SARS-CoV-2-L122F,10.41001033782959,train,10.415714285714284,1.0415714285714284,0.005703947884693861
SARS-CoV-2-Y143F,10.377035140991213,train,10.386666666666668,1.0386666666666668,0.009631525675455777
SARS-CoV-2-C61A_N120Q_K198Q,10.474635124206545,train,10.51,1.051,0.03536487579345504
SARS-CoV-2-F126S_N151E,10.349360466003418,train,10.35,1.035,0.000639533996581676
SARS-CoV-2-G117C_F156H,10.552290916442873,train,10.57,1.0570000000000002,0.017709083557127414
SARS-CoV-2-N130K_T140D_P191E,10.446022987365724,train,10.47,1.0470000000000002,0.023977012634276207
SARS-CoV-2-R16L_K87T_F160G_Q168R,10.349541664123535,train,10.37,1.037,0.020458335876464062
SARS-CoV-2-G9M_Q84R_K87V_T201R,10.331986427307127,train,10.33,1.0330000000000001,0.001986427307127059
SARS-CoV-2-K87L_L122R_T201M,10.484344482421877,train,10.515,1.0515,0.030655517578123792
SARS-CoV-2-V37A_S43Y,10.742021560668944,train,10.739999999999998,1.0739999999999998,0.0020215606689450993
SARS-CoV-2-K114W_N120P,10.35661506652832,train,10.35,1.035,0.006615066528320668
SARS-CoV-2-I28L_L131V,10.541258811950684,train,10.56,1.056,0.018741188049316904
SARS-CoV-2-V37F_D97N,10.606127738952637,train,10.61,1.061,0.003872261047362713
SARS-CoV-2-A18S_T170Y_T201M,10.358214378356934,train,10.39,1.0390000000000001,0.031785621643066975
SARS-CoV-2-C61F_L122S,10.31694507598877,train,10.38,1.038,0.06305492401123125
SARS-CoV-2-N64Y_G152N,10.3380708694458,train,10.34,1.034,0.0019291305541990766
SARS-CoV-2-K87V_S200H,10.3353910446167,train,10.35,1.035,0.014608955383300426
SARS-CoV-2-T148S_T201S,10.500043869018556,train,10.51,1.051,0.009956130981443323
SARS-CoV-2-P54K_S139N,10.472651481628418,train,10.54,1.054,0.06734851837158118
SARS-CoV-2-T85R_F160A_T201G,10.612212181091309,train,10.6,1.06,0.012212181091308949
SARS-CoV-2-L5R_K132Q,10.354647636413574,train,10.37,1.037,0.015352363586425
SARS-CoV-2-N64S_K128T_A145V,10.387984275817873,train,10.39,1.0390000000000001,0.0020157241821276983
SARS-CoV-2-L125D_K198V,10.399629592895508,train,10.42,1.042,0.020370407104492116
SARS-CoV-2-N30G_G146S,10.443927764892578,train,10.45,1.045,0.0060722351074211645
SARS-CoV-2-R16N_S129T,10.40285587310791,train,10.45,1.045,0.04714412689208913
SARS-CoV-2-Y35F_D98G_S129V,10.354830741882324,train,10.35,1.035,0.004830741882324574
SARS-CoV-2-K87H_T201M,10.422477722167969,train,10.47,1.0470000000000002,0.04752227783203189
SARS-CoV-2-N151L_P197S,10.356106758117676,train,10.38,1.038,0.023893241882325
SARS-CoV-2-H189N,10.45083999633789,train,10.474,1.0474,0.023160003662109574
SARS-CoV-2-S113A_T201S,10.429939270019531,train,10.46,1.046,0.030060729980469603
SARS-CoV-2-T55H_T63L,10.298166275024414,train,10.31,1.0310000000000001,0.011833724975586435
SARS-CoV-2-G9R_C61K_K87F,10.320289611816406,train,10.33,1.0330000000000001,0.009710388183593821
SARS-CoV-2-Q163S,10.376978874206545,train,10.415,1.0414999999999999,0.0380211257934544
SARS-CoV-2-C61N_T100I,10.510886192321776,train,10.53,1.053,0.019113807678223793
SARS-CoV-2-T55F_P197V,10.421268463134766,train,10.46,1.046,0.03873153686523523
SARS-CoV-2-I2Q_V37Y_F156T,10.57845401763916,train,10.58,1.058,0.0015459823608399148
SARS-CoV-2-S36K_S200F,10.472349166870115,train,10.46,1.046,0.012349166870114558
SARS-CoV-2-T46L_L60M,10.386669158935549,train,10.38,1.038,0.00666915893554787
SARS-CoV-2-L125T_E141N,10.465601921081545,train,10.48,1.048,0.014398078918455681
SARS-CoV-2-N110K_G146A,10.46934700012207,train,10.5,1.05,0.030652999877929688
SARS-CoV-2-V52C_T201L,10.445033073425291,train,10.48,1.048,0.034966926574709234
SARS-CoV-2-L122D_T201M,10.506657600402832,train,10.54,1.054,0.033342399597167116
SARS-CoV-2-R27Q_N120S_K198V,10.466362953186035,train,10.47,1.0470000000000002,0.0036370468139654832
SARS-CoV-2-I2G_V37Y,10.532341003417969,train,10.55,1.0550000000000002,0.01765899658203196
SARS-CoV-2-K128H_G152S,10.300719261169434,train,10.26,1.026,0.04071926116943381
SARS-CoV-2-S29Q_Y35L,10.534268379211426,train,10.53,1.053,0.004268379211426421
SARS-CoV-2-F8L_P169Y,10.389910697937012,train,10.42,1.042,0.03008930206298821
SARS-CoV-2-G117E_L125P,10.39908504486084,train,10.4,1.04,0.0009149551391605115
SARS-CoV-2-S43T_N171A,10.459052085876465,train,10.47,1.0470000000000002,0.010947914123535796
SARS-CoV-2-S113T_T148K,10.342202186584473,train,10.35,1.035,0.0077978134155269885
SARS-CoV-2-I2S_R27T_F160S,10.500020027160645,train,10.5,1.05,2.002716064453125e-05
SARS-CoV-2-T55S_G174S,10.295167922973633,train,10.295,1.0295,0.00016792297363288355
SARS-CoV-2-T55S_Y175G,10.51744556427002,train,10.52,1.052,0.0025544357299800424
SARS-CoV-2-I28L_Y35L_L60Y_V173D,10.554057121276855,train,10.57,1.0570000000000002,0.015942878723144815
SARS-CoV-2-N64K_L122K,10.42379665374756,train,10.51,1.051,0.08620334625243942
SARS-CoV-2-R16S_V32M,10.465102195739746,train,10.46,1.046,0.005102195739745241
SARS-CoV-2-V37L_F44W_N120Y,10.334755897521973,train,10.325,1.0325,0.009755897521973367
SARS-CoV-2-L5R_S147A,10.535566329956056,train,10.56,1.056,0.024433670043944034
SARS-CoV-2-L5V_G152S,10.355770111083984,train,10.35,1.035,0.00577011108398473
SARS-CoV-2-Y35I_T55N,10.48836898803711,train,10.5,1.05,0.011631011962890625
SARS-CoV-2-P54R_L95V,10.329944610595703,train,10.34,1.034,0.010055389404296733
SARS-CoV-2-C61I_L122S_Y143V_T201H,10.425959587097168,train,10.47,1.0470000000000002,0.04404041290283267
SARS-CoV-2-Y39K_F156D,10.561840057373049,train,10.56,1.056,0.001840057373048154
SARS-CoV-2-T55L_F156R,10.73115062713623,train,10.76,1.076,0.028849372863769318
SARS-CoV-2-G155T,10.315725326538086,train,10.3375,1.0337500000000002,0.021774673461914418
SARS-CoV-2-Q163V_T170L,10.3944730758667,train,10.455,1.0455,0.06052692413330085
SARS-CoV-2-L5N_N151L,10.37821102142334,train,10.37,1.037,0.008211021423340625
SARS-CoV-2-V37M_Y119F,10.52049732208252,train,10.53,1.053,0.00950267791747983
SARS-CoV-2-S41N_C61W,10.448164939880373,train,10.46,1.046,0.011835060119627983
SARS-CoV-2-G9D,10.317999839782717,train,10.36,1.036,0.04200016021728281
SARS-CoV-2-F44I_P54E_K87L,10.431069374084473,train,10.46,1.046,0.028930625915528196
SARS-CoV-2-N118T,10.342148780822754,train,10.345555555555556,1.0345555555555557,0.0034067747328023756
SARS-CoV-2-K56D_N110F_Y175T,10.49204921722412,train,10.5,1.05,0.007950782775880683
SARS-CoV-2-T63Y_L122F,10.335911750793455,train,10.35,1.035,0.01408824920654439
SARS-CoV-2-P149K_V153A,10.43606185913086,train,10.46,1.046,0.023938140869141478
SARS-CoV-2-S43R_C61V_G166V,10.384135246276855,train,10.41,1.0410000000000001,0.025864753723144673
SARS-CoV-2-T55C_T201N,10.30336856842041,train,10.33,1.0330000000000001,0.026631431579589915
SARS-CoV-2-Y121L_G166R,10.468191146850586,train,10.455,1.0455,0.013191146850585866
SARS-CoV-2-R73A_N120K,10.351712226867676,train,10.36,1.036,0.00828777313232365
SARS-CoV-2-K87L_N151K,10.497072219848633,train,10.51,1.051,0.012927780151366974
SARS-CoV-2-N64T_V173T,10.34453296661377,train,10.37,1.037,0.025467033386229687
SARS-CoV-2-T55L_S113G_Y119G_V173S,10.32532787322998,train,10.35,1.035,0.024672126770019176
SARS-CoV-2-V32E_T55G_G172K,10.485584259033203,train,10.52,1.052,0.03441574096679645
SARS-CoV-2-I104M_F156T,10.493931770324709,train,10.52,1.052,0.026068229675290766
SARS-CoV-2-R78G_K87R_S139A_Q168A,10.37232780456543,train,10.42,1.042,0.04767219543457024
SARS-CoV-2-Y119V_T201S,10.38928508758545,train,10.42,1.042,0.03071491241455071
SARS-CoV-2-L5P_T55I,10.40102767944336,train,10.44,1.044,0.03897232055664013
SARS-CoV-2-L60Y_E141P,10.296353340148926,train,10.34,1.034,0.04364665985107408
SARS-CoV-2-R78H_Q163E,10.421981811523438,train,10.44,1.044,0.018018188476562003
SARS-CoV-2-S200H,10.31560230255127,train,10.363333333333332,1.036333333333333,0.04773103078206198
SARS-CoV-2-R78E_G117A_E141S_F156D,10.3211030960083,train,10.36,1.036,0.03889690399169865
SARS-CoV-2-F62C_P197S,10.659859657287598,train,10.66,1.066,0.00014034271240248586
SARS-CoV-2-V37S_F156I,10.50485134124756,train,10.54,1.054,0.03514865875243878
SARS-CoV-2-F47V_Y119T,10.305771827697754,train,10.31,1.0310000000000001,0.004228172302246591
SARS-CoV-2-F62I_F156V,10.432069778442385,train,10.44,1.044,0.007930221557614914
SARS-CoV-2-S164M_G174S,10.332682609558104,train,10.34,1.034,0.0073173904418961655
SARS-CoV-2-S29F_C61E,10.325841903686523,train,10.36,1.036,0.034158096313475994
SARS-CoV-2-Y159R_S200Q,10.422080039978027,train,10.43,1.043,0.007919960021972372
SARS-CoV-2-T55H_F156P,10.338156700134276,train,10.34,1.034,0.0018432998657242905
SARS-CoV-2-R16I_T55Y,10.427901268005373,train,10.46,1.046,0.03209873199462798
SARS-CoV-2-R16K_D90N,10.30741024017334,train,10.3,1.03,0.007410240173339133
SARS-CoV-2-F126S_P197Q,10.351449012756348,train,10.32,1.032,0.03144901275634737
SARS-CoV-2-T100V_P149A_Y175K,10.570330619812012,train,10.61,1.061,0.03966938018798771
SARS-CoV-2-Y121L_S200H,10.335253715515137,train,10.34,1.034,0.004746284484863139
SARS-CoV-2-A42R_F62V_T201C,10.41299533843994,train,10.45,1.045,0.03700466156005966
SARS-CoV-2-R27K_S41T_V173T_K198D,10.311135292053224,train,10.32,1.032,0.008864707946775852
SARS-CoV-2-T55I_E141T,10.294341087341309,train,10.33,1.0330000000000001,0.03565891265869148
SARS-CoV-2-V37L_G166S_Y175K,10.55467128753662,train,10.57,1.0570000000000002,0.015328712463380967
SARS-CoV-2-T100L_P149L,10.562007904052734,train,10.59,1.059,0.027992095947265483
SARS-CoV-2-V37S_K48Q,10.487528800964355,train,10.51,1.051,0.022471199035644318
SARS-CoV-2-S43T_I138C,10.339056968688965,train,10.34,1.034,0.0009430313110350141
SARS-CoV-2-G174L_T201L,10.473258018493652,train,10.48,1.048,0.006741981506348083
SARS-CoV-2-P197C,10.541060447692873,train,10.62,1.062,0.07893955230712635
SARS-CoV-2-V11I_L95V_N110T,10.540514945983888,train,10.56,1.056,0.019485054016112002
SARS-CoV-2-R27T_P197R,10.497089385986328,train,10.53,1.053,0.032910614013671236
SARS-CoV-2-P54Q_T201M,10.44430446624756,train,10.48,1.048,0.035695533752440056
SARS-CoV-2-Y39V_G117T,10.49645709991455,train,10.53,1.053,0.03354290008544858
SARS-CoV-2-Y159V_Y175S,10.499287605285645,train,10.55,1.0550000000000002,0.05071239471435618
SARS-CoV-2-G166M_V173P,10.557701110839844,train,10.59,1.059,0.03229888916015611
SARS-CoV-2-T3Q_V153K,10.355050086975098,train,10.4,1.04,0.0449499130249027
SARS-CoV-2-A42M,10.524147987365724,train,10.54,1.054,0.015852012634274715
SARS-CoV-2-D59Q_F156S,10.37645435333252,train,10.38,1.038,0.0035456466674812503
SARS-CoV-2-Q84V_K128A,10.343184471130373,train,10.37,1.037,0.02681552886962635
SARS-CoV-2-N64C_G174M,10.408244132995604,train,10.37,1.037,0.038244132995604474
SARS-CoV-2-G9K_K56S,10.415411949157717,train,10.44,1.044,0.024588050842282883
SARS-CoV-2-F8L_Y119H,10.472309112548828,train,10.53,1.053,0.057690887451171236
SARS-CoV-2-Y121F_S147K,10.476970672607422,train,10.48,1.048,0.0030293273925785513
SARS-CoV-2-S41N_L60N_T85S_F160Y,10.402508735656738,train,10.41,1.0410000000000001,0.007491264343261861
SARS-CoV-2-V11I_Y119K_N171T_K198V,10.299293518066406,train,10.3,1.03,0.0007064819335944605
SARS-CoV-2-L125V_N130C_E141R,10.357020378112791,train,10.39,1.0390000000000001,0.032979621887209376
SARS-CoV-2-C61R_K128R,10.539170265197754,train,10.55,1.0550000000000002,0.010829734802246804
SARS-CoV-2-T100Y,10.323269844055176,train,10.315333333333331,1.0315333333333332,0.007936510721844314
SARS-CoV-2-A42P_Q84M_Y119G,10.328781127929688,train,10.34,1.034,0.011218872070312358
SARS-CoV-2-T85H,10.473004341125488,train,10.489999999999998,1.049,0.016995658874510156
SARS-CoV-2-K114C_E154D,10.444579124450684,train,10.47,1.0470000000000002,0.025420875549317046
SARS-CoV-2-K48E_D97L,10.356022834777832,train,10.41,1.0410000000000001,0.05397716522216811
SARS-CoV-2-I28Y_F160H,10.366484642028809,train,10.39,1.0390000000000001,0.023515357971191975
SARS-CoV-2-V153S_T201K,10.373557090759276,train,10.41,1.0410000000000001,0.036442909240724575
SARS-CoV-2-K56S_N151A,10.423943519592283,train,10.45,1.045,0.02605648040771591
SARS-CoV-2-K87I_P197V,10.43425750732422,train,10.46,1.046,0.025742492675780326
SARS-CoV-2-R16N_Y119S_F126V,10.526274681091309,train,10.53,1.053,0.0037253189086907668
SARS-CoV-2-C61K_F156A,10.304072380065918,train,10.33,1.0330000000000001,0.025927619934082102
SARS-CoV-2-N24G_F156D,10.451395988464355,train,10.46,1.046,0.008604011535645384
SARS-CoV-2-S36A_R78G,10.632401466369627,train,10.65,1.0650000000000002,0.017598533630373225
SARS-CoV-2-G196D,10.380188941955566,train,10.4075,1.04075,0.027311058044434233
SARS-CoV-2-Y39E_K87H_P149H,10.642573356628418,train,10.68,1.068,0.03742664337158175
SARS-CoV-2-Q168M,10.363340377807615,train,10.36,1.036,0.0033403778076159796
SARS-CoV-2-R16I_C195D,10.360705375671388,train,10.395,1.0395,0.03429462432861108
SARS-CoV-2-V32F,10.521154403686523,train,10.55,1.0550000000000002,0.028845596313477273
SARS-CoV-2-I2N_Y159S_A190E,10.4893217086792,train,10.52,1.052,0.030678291320800355
SARS-CoV-2-S43D_Q84T,10.45517635345459,train,10.49,1.0490000000000002,0.03482364654541037
SARS-CoV-2-L122T,10.338180541992188,train,10.3655,1.03655,0.027319458007813324
SARS-CoV-2-E10D_K48E_K87R_F156M_A192T_T201V,10.437031745910645,train,10.44,1.044,0.0029682540893549714
SARS-CoV-2-R16S_C61P_T148I,10.294672012329102,train,10.3,1.03,0.005327987670899148
SARS-CoV-2-D59G_F126R,10.29930019378662,train,10.31,1.0310000000000001,0.01069980621338118
SARS-CoV-2-T3P_L125A_N151H_F160L_V173S,10.458295822143556,train,10.49,1.0490000000000002,0.03170417785644375
SARS-CoV-2-F160W_N171S,10.452667236328123,train,10.47,1.0470000000000002,0.017332763671877416
SARS-CoV-2-G9D_K48E_P96S_T201A,10.42257595062256,train,10.42,1.042,0.002575950622560441
SARS-CoV-2-I28L_S200Y,10.408108711242676,train,10.45,1.045,0.04189128875732351
SARS-CoV-2-G116S_A190E,10.368331909179688,train,10.37,1.037,0.0016680908203117184
SARS-CoV-2-Y91M_L122T,10.315896034240724,train,10.34,1.034,0.024103965759275425
SARS-CoV-2-K87T_P169H,10.62348461151123,train,10.63,1.0630000000000002,0.006515388488770313
SARS-CoV-2-K87P_Y119T,10.45224666595459,train,10.47,1.0470000000000002,0.017753334045410796
SARS-CoV-2-G9S_N58H_Y119R,10.353968620300291,train,10.36,1.036,0.006031379699708239
SARS-CoV-2-I28V_V153I_T201H,10.309505462646484,train,10.35,1.035,0.04049453735351527
SARS-CoV-2-F44Y_F160Y,10.310938835144045,train,10.32,1.032,0.009061164855955539
SARS-CoV-2-S45H_K87C_Y119G_V173Q,10.446417808532717,train,10.46,1.046,0.013582191467284233
SARS-CoV-2-L5F_Q168V_T201M,10.52316951751709,train,10.54,1.054,0.016830482482909304
SARS-CoV-2-T85L_Y159L_P197L,10.40453052520752,train,10.46,1.046,0.05546947479248132
SARS-CoV-2-D59E_L125V,10.41217041015625,train,10.45,1.045,0.03782958984374929
SARS-CoV-2-N64A_Y119E_G166E,10.41301441192627,train,10.44,1.044,0.02698558807372997
SARS-CoV-2-V37N,10.40157985687256,train,10.424444444444443,1.0424444444444443,0.02286458757188292
SARS-CoV-2-N4L_V37S_Y175T,10.487961769104004,train,10.51,1.051,0.02203823089599588
SARS-CoV-2-S29R_S36E,10.41270637512207,train,10.43,1.043,0.017293624877929403
SARS-CoV-2-V115E,10.369524955749512,train,10.39875,1.039875,0.029225044250487997
SARS-CoV-2-D90T_L122K,10.442702293395996,train,10.48,1.048,0.03729770660400433
SARS-CoV-2-Y39G_L111Q,10.37409782409668,train,10.42,1.042,0.04590217590332024
SARS-CoV-2-T148F_F156V_P197T,10.399799346923828,train,10.44,1.044,0.04020065307617138
SARS-CoV-2-Y39I_I142L,10.321145057678224,train,10.3,1.03,0.021145057678223722
SARS-CoV-2-I28L_Y35I_G83R_P169E,10.48288917541504,train,10.5,1.05,0.01711082458495916
SARS-CoV-2-A33L_T100F_V153G,10.295292854309082,train,10.31,1.0310000000000001,0.014707145690918466
SARS-CoV-2-V37I_S147P_G166E_T201N,10.627341270446776,train,10.64,1.064,0.012658729553225001
SARS-CoV-2-K56S_Y123R,10.396543502807615,train,10.45,1.045,0.05345649719238388
SARS-CoV-2-I2K_P54K,10.371537208557127,train,10.4,1.04,0.028462791442873225
SARS-CoV-2-K87F_A190F,10.30289363861084,train,10.35,1.035,0.0471063613891598
SARS-CoV-2-I2F_R27V_T201A,10.358773231506348,train,10.4,1.04,0.0412267684936527
SARS-CoV-2-L5H_T140L,10.383292198181152,train,10.4,1.04,0.01670780181884801
SARS-CoV-2-S29K_G83R,10.337824821472168,train,10.38,1.038,0.04217517852783281
SARS-CoV-2-L125E_A145T_P149L_G172L,10.302090644836426,train,10.32,1.032,0.017909355163574503
SARS-CoV-2-N157K_K199L,10.41559886932373,train,10.44,1.044,0.024401130676269034
SARS-CoV-2-F44S_K87L_Y119A,10.42962646484375,train,10.44,1.044,0.010373535156249503
SARS-CoV-2-V153N,10.34821605682373,train,10.378,1.0378,0.029783943176269645
SARS-CoV-2-I28M_N120R,10.537915229797363,train,10.53,1.053,0.00791522979736392
SARS-CoV-2-V52I_D98N_S129N,10.534104347229004,train,10.54,1.054,0.005895652770995241
SARS-CoV-2-S53D_N157Y,10.329123497009276,train,10.35,1.035,0.020876502990724077
SARS-CoV-2-S43E_K87A,10.65052890777588,train,10.66,1.066,0.00947109222411946
SARS-CoV-2-N4H_S129N,10.558866500854492,train,10.58,1.058,0.021133499145507884
SARS-CoV-2-C61K_R78C,10.4391450881958,train,10.46,1.046,0.02085491180420007
SARS-CoV-2-V37A_N64R_G172A,10.48131275177002,train,10.48,1.048,0.001312751770019105
SARS-CoV-2-N1M_S43D,10.308375358581545,train,10.31,1.0310000000000001,0.0016246414184557523
SARS-CoV-2-P54M_F156L,10.549493789672852,train,10.56,1.056,0.010506210327148935
SARS-CoV-2-V37L_V115C,10.34428882598877,train,10.335,1.0335,0.009288825988768679
SARS-CoV-2-C195L_K199W,10.393658638000488,train,10.41,1.0410000000000001,0.01634136199951186
SARS-CoV-2-R16Y_D97F_N130K_H189S,10.389363288879396,train,10.4,1.04,0.010636711120604048
SARS-CoV-2-P7D_T55C,10.32341766357422,train,10.29,1.029,0.03341766357422138
SARS-CoV-2-V37G_P149H,10.449606895446776,train,10.46,1.046,0.010393104553225285
SARS-CoV-2-G117N_K199T,10.351096153259276,train,10.39,1.0390000000000001,0.038903846740725
SARS-CoV-2-A18P_G83N_N120Q_N130S_Y159S,10.49147605895996,train,10.53,1.053,0.0385239410400402
SARS-CoV-2-N118T_G172V,10.448739051818848,train,10.47,1.0470000000000002,0.021260948181152983
SARS-CoV-2-R16F,10.326671600341797,train,10.308333333333334,1.0308333333333335,0.018338267008463305
SARS-CoV-2-G9Q_Y175S,10.462679862976074,train,10.51,1.051,0.04732013702392557
SARS-CoV-2-V32E,10.379791259765623,train,10.402857142857142,1.0402857142857143,0.023065883091518913
SARS-CoV-2-N120L_K198N,10.315680503845217,train,10.33,1.0330000000000001,0.014319496154783451
SARS-CoV-2-L95V_N120D,10.504786491394045,train,10.51,1.051,0.005213508605955042
SARS-CoV-2-I2M_D98N,10.60093879699707,train,10.63,1.0630000000000002,0.02906120300293047
SARS-CoV-2-K87T_K198D,10.406167984008787,train,10.4,1.04,0.006167984008786931
SARS-CoV-2-T3P_F160D,10.453179359436035,train,10.47,1.0470000000000002,0.016820640563965483
SARS-CoV-2-N40S,10.30042839050293,train,10.322,1.0322,0.02157160949706949
SARS-CoV-2-N130E_K199L,10.321248054504396,train,10.33,1.0330000000000001,0.008751945495603763
SARS-CoV-2-V37H_G51N,10.405523300170898,train,10.45,1.045,0.04447669982910085
SARS-CoV-2-S29H_I72V_V77L,10.60956859588623,train,10.62,1.062,0.01043140411376875
SARS-CoV-2-V32T_K114M_T201V,10.530243873596191,train,10.54,1.054,0.009756126403807741
SARS-CoV-2-K87Y_P149H,10.340727806091309,train,10.35,1.035,0.009272193908691051
SARS-CoV-2-I2P_T201Q,10.394421577453612,train,10.42,1.042,0.025578422546388424
SARS-CoV-2-L5D_K199V,10.37497615814209,train,10.36,1.036,0.014976158142090412
SARS-CoV-2-T55K_T148F,10.407596588134766,train,10.45,1.045,0.042403411865233664
SARS-CoV-2-F62L,10.310376167297363,train,10.288823529411763,1.0288823529411764,0.021552637885600134
SARS-CoV-2-L5P_S129R_K198P,10.681666374206545,train,10.71,1.0710000000000002,0.028333625793456108
SARS-CoV-2-C61Q,10.308443069458008,train,10.376,1.0376,0.06755693054199163
SARS-CoV-2-G9V_T85R_P197T,10.309345245361328,train,10.32,1.032,0.01065475463867216
SARS-CoV-2-N4E,10.387642860412598,train,10.4275,1.04275,0.03985713958740256
SARS-CoV-2-P54L_K87Y_V115S,10.326667785644531,train,10.34,1.034,0.013332214355468608
SARS-CoV-2-P54A_Y119C_F160S,10.417330741882324,train,10.41,1.0410000000000001,0.007330741882324077
SARS-CoV-2-F17W_G152Q_N157K,10.325839042663574,train,10.35,1.035,0.024160957336425426
SARS-CoV-2-F126E,10.39492130279541,train,10.39,1.0390000000000001,0.004921302795409588
SARS-CoV-2-I2L_V52L,10.3176851272583,train,10.345,1.0345000000000002,0.027314872741699858
SARS-CoV-2-Y39L_S113A,10.48603343963623,train,10.53,1.053,0.04396656036376889
SARS-CoV-2-K198C,10.40168285369873,train,10.438571428571429,1.0438571428571428,0.03688857487269814
SARS-CoV-2-Y119F_L125A_N130A,10.36302089691162,train,10.395,1.0395,0.031979103088380256
SARS-CoV-2-L5S_V11I_V37Y,10.565718650817873,train,10.59,1.059,0.024281349182126988
SARS-CoV-2-N1S_A42K,10.3956880569458,train,10.42,1.042,0.024311943054199148
SARS-CoV-2-T63G_Q168L,10.431825637817385,train,10.45,1.045,0.0181743621826147
SARS-CoV-2-T3G_S36L_K48R_K128R_P197A,10.295376777648926,train,10.31,1.0310000000000001,0.014623222351074716
SARS-CoV-2-Y35L_P197S,10.367959022521973,train,10.38,1.038,0.012040977478028125
SARS-CoV-2-S36T_Q163T,10.575603485107422,train,10.57,1.0570000000000002,0.005603485107421591
SARS-CoV-2-Y39Q_F156S,10.337440490722656,train,10.35,1.035,0.012559509277343395
SARS-CoV-2-A22R_L122E,10.65847110748291,train,10.7,1.07,0.04152889251708913
SARS-CoV-2-S129R_S139K_F156E,10.362299919128418,train,10.36,1.036,0.002299919128418537
SARS-CoV-2-I2H_I142L,10.446834564208984,train,10.48,1.048,0.03316543579101605
SARS-CoV-2-G9E_N58M,10.44029712677002,train,10.44,1.044,0.00029712677002002863
SARS-CoV-2-V37R_F126H,10.693676948547363,train,10.71,1.0710000000000002,0.01632305145263757
SARS-CoV-2-T55S_Y119P,10.342351913452148,train,10.39,1.0390000000000001,0.04764808654785213
SARS-CoV-2-S53V_Q84S,10.440421104431152,train,10.47,1.0470000000000002,0.029578895568848296
SARS-CoV-2-E10D_F62I,10.515789031982422,train,10.57,1.0570000000000002,0.05421096801757841
SARS-CoV-2-C61R_N110M_T201Q,10.5138578414917,train,10.56,1.056,0.04614215850830128
SARS-CoV-2-Y119S_I138L_P149L,10.31459140777588,train,10.33,1.0330000000000001,0.015408592224119388
SARS-CoV-2-D98T_P197K,10.63438320159912,train,10.65,1.0650000000000002,0.015616798400881038
SARS-CoV-2-I2F_A145S,10.548979759216309,train,10.59,1.059,0.041020240783691264
SARS-CoV-2-N24S_Y39E,10.731678009033203,train,10.74,1.074,0.008321990966797088
SARS-CoV-2-S45E,10.340176582336426,train,10.375,1.0375,0.03482341766357422
SARS-CoV-2-F12I_I28F_A42L_K128P,10.35425090789795,train,10.36,1.036,0.005749092102050213
SARS-CoV-2-Y39I_F160C,10.390042304992676,train,10.42,1.042,0.029957695007324148
SARS-CoV-2-T3E_G9E,10.528985023498535,train,10.55,1.0550000000000002,0.021014976501465554
SARS-CoV-2-Y35F_N120S,10.503026008605955,train,10.54,1.054,0.03697399139404389
SARS-CoV-2-G83Y_E154A,10.297789573669434,train,10.32,1.032,0.02221042633056669
SARS-CoV-2-R16L_F156W,10.367286682128906,train,10.38,1.038,0.012713317871094532
SARS-CoV-2-L5D_V37L,10.359992980957031,train,10.35,1.035,0.009992980957031605
SARS-CoV-2-N24R_V37D,10.610468864440918,train,10.63,1.0630000000000002,0.019531135559082813
SARS-CoV-2-G83N_Y91F,10.45676326751709,train,10.48,1.048,0.023236732482910583
SARS-CoV-2-Y39Q_F160L_T201Q,10.30768585205078,train,10.31,1.0310000000000001,0.0023141479492210237
SARS-CoV-2-S147D,10.511051177978516,train,10.53,1.053,0.018948822021483736
SARS-CoV-2-V32C_G51N,10.295655250549316,train,10.35,1.035,0.05434474945068324
SARS-CoV-2-G9T_S36D,10.632943153381348,train,10.63,1.0630000000000002,0.0029431533813468747
SARS-CoV-2-C61W_S184T,10.330327033996582,train,10.36,1.036,0.0296729660034174
SARS-CoV-2-T148S_F160W,10.36786937713623,train,10.4,1.04,0.032130622863769887
SARS-CoV-2-V37W_S43Q,10.553921699523926,train,10.58,1.058,0.02607830047607429
SARS-CoV-2-G146A_V173L,10.62384033203125,train,10.65,1.0650000000000002,0.026159667968750355
SARS-CoV-2-T55Q_T148A,10.41380786895752,train,10.43,1.043,0.016192131042480185
SARS-CoV-2-D97E_L188K,10.310001373291016,train,10.35,1.035,0.03999862670898402
SARS-CoV-2-N64H_Y119N_G146T,10.301765441894531,train,10.36,1.036,0.05823455810546818
SARS-CoV-2-V37N_Y119S_G155R,10.46044921875,train,10.49,1.0490000000000002,0.029550781250000213
SARS-CoV-2-N110F,10.45388126373291,train,10.45,1.045,0.003881263732910867
SARS-CoV-2-L187Q,10.392409324645996,train,10.395,1.0395,0.00259067535400348
SARS-CoV-2-Y39V_L188P,10.47242546081543,train,10.485,1.0485,0.012574539184569744
SARS-CoV-2-K87M_G166V,10.41413402557373,train,10.41,1.0410000000000001,0.004134025573730327
SARS-CoV-2-V37F_L38I_T55R,10.420482635498049,train,10.44,1.044,0.01951736450195085
SARS-CoV-2-Y143W,10.341917037963867,train,10.345,1.0345000000000002,0.003082962036133452
SARS-CoV-2-T63S_T100L_F156H,10.474717140197754,train,10.49,1.0490000000000002,0.015282859802246307
SARS-CoV-2-Y35L_V173M,10.316115379333496,train,10.31,1.0310000000000001,0.006115379333495596
SARS-CoV-2-R16V_N157S,10.322709083557127,train,10.33,1.0330000000000001,0.007290916442872941
SARS-CoV-2-S41R_L122K,10.303706169128418,train,10.35,1.035,0.046293830871581676
SARS-CoV-2-Y35I,10.302774429321287,train,10.324444444444444,1.0324444444444445,0.02167001512315636
SARS-CoV-2-P197K,10.299039840698242,train,10.343333333333334,1.0343333333333333,0.044293492635091525
SARS-CoV-2-T55L_Q84S,10.510835647583008,train,10.51,1.051,0.0008356475830080257
SARS-CoV-2-I2Q_T140E,10.329981803894045,train,10.36,1.036,0.030018196105954686
SARS-CoV-2-V77L_S113G,10.510614395141602,train,10.52,1.052,0.009385604858398011
SARS-CoV-2-K87Y,10.517745018005373,train,10.512857142857143,1.0512857142857144,0.004887875148229526
SARS-CoV-2-Q163G,10.394777297973633,train,10.417142857142858,1.0417142857142858,0.022365559169225335
SARS-CoV-2-T3S_D75N,10.401768684387209,train,10.39,1.0390000000000001,0.01176868438720824
SARS-CoV-2-K87I_G152S_Q168K,10.539816856384276,train,10.54,1.054,0.00018314361572357996
SARS-CoV-2-K87N_G166K,10.46687126159668,train,10.5,1.05,0.03312873840332031
SARS-CoV-2-K114E_R136K,10.336397171020508,train,10.34,1.034,0.0036028289794920454
SARS-CoV-2-V77L_K198R,10.294256210327148,train,10.31,1.0310000000000001,0.01574378967285206
SARS-CoV-2-I2S_I28W_Y35R_P54T_T170S_Y175C,10.418944358825684,train,10.46,1.046,0.04105564117431726
SARS-CoV-2-N157S_T201Q,10.380009651184082,train,10.42,1.042,0.0399903488159179
SARS-CoV-2-I2T_P197I,10.305346488952637,train,10.36,1.036,0.05465351104736271
SARS-CoV-2-G172Y_L188F,10.37276554107666,train,10.38,1.038,0.007234458923340625
SARS-CoV-2-R27P_K87I,10.366278648376465,train,10.36,1.036,0.006278648376465412
SARS-CoV-2-V37K_S113G,10.531027793884276,train,10.55,1.0550000000000002,0.018972206115725143
SARS-CoV-2-F8Y_V173I,10.40927028656006,train,10.43,1.043,0.020729713439939346
SARS-CoV-2-T55D,10.40253734588623,train,10.43142857142857,1.0431428571428571,0.028891225542340138
SARS-CoV-2-K87T_K132S,10.483826637268066,train,10.49,1.0490000000000002,0.006173362731933807
SARS-CoV-2-G9H_C61K,10.334183692932127,train,10.34,1.034,0.005816307067872728
SARS-CoV-2-R16N_D90R,10.356316566467283,train,10.38,1.038,0.0236834335327174
SARS-CoV-2-L125M,10.43356990814209,train,10.47,1.0470000000000002,0.036430091857910796
SARS-CoV-2-N110K_V173T,10.638503074645996,train,10.67,1.067,0.031496925354003835
SARS-CoV-2-C61S_A145V,10.340533256530762,train,10.41,1.0410000000000001,0.06946674346923842
SARS-CoV-2-K87R_Y175K,10.3568115234375,train,10.37,1.037,0.013188476562499218
SARS-CoV-2-G9H_L60R_Y119S_G152S_P197L,10.52252960205078,train,10.53,1.053,0.007470397949219887
SARS-CoV-2-L122R_F156G,10.362042427062988,train,10.43,1.043,0.06795757293701143
SARS-CoV-2-G9R_G166H,10.50266170501709,train,10.54,1.054,0.037338294982909304
SARS-CoV-2-P197N,10.440032958984377,train,10.47,1.0470000000000002,0.029967041015623863
SARS-CoV-2-S36T,10.622873306274414,train,10.624,1.0624,0.0011266937255864917
SARS-CoV-2-Y91F_F156L,10.517312049865724,train,10.5,1.05,0.017312049865724433
SARS-CoV-2-G9S_V32T_T140K,10.514666557312012,train,10.53,1.053,0.015333442687987642
SARS-CoV-2-V37Y_K114E,10.567486763000488,train,10.59,1.059,0.022513236999511577
SARS-CoV-2-L5A_G174D,10.355584144592283,train,10.4,1.04,0.044415855407716975
SARS-CoV-2-G9L_D97L,10.317818641662598,train,10.33,1.0330000000000001,0.012181358337402415
SARS-CoV-2-V77L,10.359213829040527,train,10.399166666666666,1.0399166666666666,0.03995283762613866
SARS-CoV-2-N64S_T140R_P149R,10.441372871398926,train,10.47,1.0470000000000002,0.028627128601074858
SARS-CoV-2-L5P_G166T,10.472538948059082,train,10.49,1.0490000000000002,0.017461051940918182
SARS-CoV-2-D97K_T201H,10.407257080078123,train,10.45,1.045,0.042742919921876066
SARS-CoV-2-Y119I_T170A,10.382417678833008,train,10.41,1.0410000000000001,0.02758232116699233
SARS-CoV-2-T100F_N120R,10.357526779174805,train,10.38,1.038,0.022473220825196094
SARS-CoV-2-L5E_L60R_V173K,10.389264106750488,train,10.4,1.04,0.010735893249512074
SARS-CoV-2-A105S_T201R,10.3651762008667,train,10.41,1.0410000000000001,0.04482379913330092
SARS-CoV-2-K87T_C158T,10.400004386901855,train,10.41,1.0410000000000001,0.009995613098144673
SARS-CoV-2-K87R_I104L_L122W,10.408317565917969,train,10.39,1.0390000000000001,0.01831756591796818
SARS-CoV-2-Y39M_G174S,10.535856246948242,train,10.56,1.056,0.02414375305175831
SARS-CoV-2-D97K_E154T,10.306170463562012,train,10.32,1.032,0.013829536437988565
SARS-CoV-2-N4R_V37S,10.542909622192385,train,10.56,1.056,0.01709037780761591
SARS-CoV-2-V37K_G51N,10.563322067260742,train,10.57,1.0570000000000002,0.006677932739258097
SARS-CoV-2-G116T_P197K,10.557400703430176,train,10.59,1.059,0.03259929656982408
SARS-CoV-2-S43Y_G196S,10.468161582946776,train,10.48,1.048,0.011838417053224859
SARS-CoV-2-D59T_L95V,10.305399894714355,train,10.33,1.0330000000000001,0.024600105285644602
SARS-CoV-2-K87L_G146S,10.462176322937012,train,10.46,1.046,0.002176322937010866
SARS-CoV-2-A42R_K114M,10.486318588256836,train,10.52,1.052,0.033681411743163636
SARS-CoV-2-Y39N_Y119S,10.590578079223633,train,10.61,1.061,0.01942192077636662
SARS-CoV-2-G146S_T201S,10.466474533081056,train,10.48,1.048,0.013525466918943962
SARS-CoV-2-V37T_T201S,10.56628704071045,train,10.59,1.059,0.02371295928955064
SARS-CoV-2-L125K_T140H,10.46604061126709,train,10.48,1.048,0.013959388732910583
SARS-CoV-2-S29H_T170V,10.565406799316406,train,10.58,1.058,0.014593200683593821
SARS-CoV-2-R16H_T55V_L122S,10.38555145263672,train,10.45,1.045,0.06444854736327876
SARS-CoV-2-G152N_T170R,10.296788215637209,train,10.29,1.029,0.00678821563720966
SARS-CoV-2-V37Y_T100F_K199L,10.456680297851562,train,10.48,1.048,0.023319702148437926
SARS-CoV-2-S200E,10.298938751220703,train,10.31,1.0310000000000001,0.011061248779297372
SARS-CoV-2-C61K_K87L_Y143S_F156N,10.299750328063965,train,10.32,1.032,0.02024967193603544
SARS-CoV-2-G146S_F156M,10.385698318481444,train,10.4,1.04,0.014301681518556819
SARS-CoV-2-I2G_Y35M_K87T_E141N_T201D,10.589680671691896,train,10.59,1.059,0.0003193283081035503
SARS-CoV-2-R78Q_D98S_Y159I_P197L,10.53919792175293,train,10.56,1.056,0.02080207824707081
SARS-CoV-2-V32E_K87T_Y159V_T201M,10.469653129577637,train,10.5,1.05,0.03034687042236328
SARS-CoV-2-E76Q_V115A,10.611620903015137,train,10.62,1.062,0.0083790969848625
SARS-CoV-2-S113C_T201N,10.395264625549316,train,10.42,1.042,0.024735374450683523
SARS-CoV-2-N4S_K56Q_P197Q,10.37661075592041,train,10.4,1.04,0.0233892440795902
SARS-CoV-2-S43Q,10.45138454437256,train,10.47,1.0470000000000002,0.01861545562744027
SARS-CoV-2-I28Y_N64D_K87R_P133A,10.587766647338867,train,10.58,1.058,0.0077666473388671164
SARS-CoV-2-V37I_L125T,10.74798583984375,train,10.77,1.077,0.022014160156249574
SARS-CoV-2-L60Q_T201A,10.445881843566896,train,10.45,1.045,0.004118156433102982
SARS-CoV-2-T55S_K128I,10.401721000671388,train,10.44,1.044,0.03827899932861101
SARS-CoV-2-F17W_E154L,10.474379539489746,train,10.49,1.0490000000000002,0.01562046051025412
SARS-CoV-2-Q168H_L188T,10.435988426208496,train,10.45,1.045,0.014011573791503196
SARS-CoV-2-N4Q_I138A,10.334741592407228,train,10.38,1.038,0.04525840759277244
SARS-CoV-2-I2H_A192N,10.443435668945312,train,10.46,1.046,0.016564331054688353
SARS-CoV-2-S41T_T46I_C61R,10.405531883239746,train,10.41,1.0410000000000001,0.004468116760254048
SARS-CoV-2-F160W_T170R_P197A,10.505623817443848,train,10.525,1.0525,0.0193761825561527
SARS-CoV-2-L38Y_V115T_P197V,10.307010650634766,train,10.35,1.035,0.04298934936523402
SARS-CoV-2-K56Y_S129G_F156P_G174L,10.308978080749512,train,10.32,1.032,0.011021919250488565
SARS-CoV-2-I2G_G174K_S200D,10.5012788772583,train,10.52,1.052,0.018721122741698792
SARS-CoV-2-Y35F,10.386969566345217,train,10.42909090909091,1.042909090909091,0.04212134274569301
SARS-CoV-2-P7Q_Q84S,10.588282585144045,train,10.59,1.059,0.0017174148559551128
SARS-CoV-2-Y143V_L188V,10.39743709564209,train,10.42,1.042,0.022562904357910085
SARS-CoV-2-R16S_P169S,10.36715030670166,train,10.41,1.0410000000000001,0.042849693298339986
SARS-CoV-2-I28M_D90R_L122S_V173R,10.529961585998535,train,10.56,1.056,0.03003841400146534
SARS-CoV-2-R16L_K87N,10.607617378234863,train,10.62,1.062,0.012382621765135937
SARS-CoV-2-E10L_Y119E_P197A,10.391010284423828,train,10.42,1.042,0.028989715576171804
SARS-CoV-2-G9W_K132M,10.314581871032717,train,10.29,1.029,0.024581871032717473
SARS-CoV-2-T3D_S29R_K87V_T201S,10.409425735473633,train,10.45,1.045,0.04057426452636648
SARS-CoV-2-K48L_K114T,10.415472984313965,train,10.43,1.043,0.014527015686034872
SARS-CoV-2-V37A_C61Y,10.496734619140623,train,10.54,1.054,0.043265380859375924
SARS-CoV-2-K56H,10.366143226623535,train,10.403333333333334,1.0403333333333336,0.03719010670979905
SARS-CoV-2-R78S_K199L,10.464821815490724,train,10.5,1.05,0.03517818450927557
SARS-CoV-2-T201E,10.39964771270752,train,10.417857142857144,1.0417857142857145,0.01820943014962495
SARS-CoV-2-L5V_K199Y,10.401270866394045,train,10.41,1.0410000000000001,0.008729133605955397
SARS-CoV-2-V32M_S129E_Y143V_G174M,10.367300987243652,train,10.38,1.038,0.012699012756348438
SARS-CoV-2-N109V,10.326208114624023,train,10.364999999999998,1.0365,0.038791885375975
SARS-CoV-2-F44L_S129T,10.320989608764648,train,10.37,1.037,0.04901039123535078
SARS-CoV-2-Y35L_N58F_F156E,10.446541786193848,train,10.47,1.0470000000000002,0.023458213806152983
SARS-CoV-2-I28L_C61R,10.657373428344728,train,10.65,1.0650000000000002,0.007373428344727984
SARS-CoV-2-P149M_T201Q,10.510210990905762,train,10.55,1.0550000000000002,0.03978900909423899
SARS-CoV-2-Y119Q_I138R,10.39725112915039,train,10.43,1.043,0.03274887084960909
SARS-CoV-2-G9K_K87Y_Y175H,10.402008056640623,train,10.4,1.04,0.0020080566406228684
SARS-CoV-2-R16L_V77L,10.326638221740724,train,10.35,1.035,0.023361778259275212
SARS-CoV-2-G9T_F156S,10.387486457824709,train,10.41,1.0410000000000001,0.022513542175291335
SARS-CoV-2-S36E_Y175Q,10.5584716796875,train,10.6,1.06,0.041528320312499645
SARS-CoV-2-F156W_T201N,10.531882286071776,train,10.57,1.0570000000000002,0.03811771392822472
SARS-CoV-2-S36A_K128G,10.365504264831545,train,10.39,1.0390000000000001,0.024495735168455823
SARS-CoV-2-P7E_F156L_Y175G,10.655508995056152,train,10.67,1.067,0.014491004943847585
SARS-CoV-2-I72C_N130K,10.418608665466309,train,10.42,1.042,0.0013913345336913352
SARS-CoV-2-L5V_Y91F_T100L,10.29267406463623,train,10.32,1.032,0.027325935363769815
SARS-CoV-2-T15S_L188S,10.334342002868652,train,10.37,1.037,0.035657997131346875
SARS-CoV-2-K87R_V173L,10.571544647216797,train,10.59,1.059,0.018455352783202983
SARS-CoV-2-V173L_K198V,10.295785903930664,train,10.31,1.0310000000000001,0.014214096069336435
SARS-CoV-2-L5T_V37I_I104V_G172F,10.386311531066896,train,10.4,1.04,0.013688468933104048
SARS-CoV-2-G152C_G172D,10.391998291015623,train,10.4,1.04,0.008001708984377132
SARS-CoV-2-Y39W_S147A,10.453924179077148,train,10.48,1.048,0.02607582092285199
SARS-CoV-2-S129E_T170L_K199N,10.292991638183594,train,10.31,1.0310000000000001,0.017008361816406747
SARS-CoV-2-L5Y_G172V_T201P,10.326132774353027,train,10.38,1.038,0.05386722564697344
SARS-CoV-2-T15S_K128A_P197Q,10.448549270629885,train,10.46,1.046,0.011450729370116264
SARS-CoV-2-A22M_K87V,10.49903964996338,train,10.53,1.053,0.030960350036618678
SARS-CoV-2-G9Y_A145E_F156I_Y175K,10.435770988464355,train,10.47,1.0470000000000002,0.03422901153564517
SARS-CoV-2-S36D_N120V,10.559152603149414,train,10.55,1.0550000000000002,0.009152603149413352
SARS-CoV-2-T15S,10.303624153137209,train,10.338,1.0338,0.03437584686279038
SARS-CoV-2-I104L_L187I,10.627455711364746,train,10.62,1.062,0.007455711364746875
SARS-CoV-2-T170I_P197K,10.4747896194458,train,10.5,1.05,0.02521038055419922
SARS-CoV-2-N4K_I104Y,10.362061500549316,train,10.39,1.0390000000000001,0.027938499450684162
SARS-CoV-2-T148H_P197V,10.457154273986816,train,10.46,1.046,0.0028457260131844464
SARS-CoV-2-I2T_Y159Q_G166S,10.4655179977417,train,10.5,1.05,0.03448200225830078
SARS-CoV-2-V37H_C61K,10.597079277038574,train,10.6,1.06,0.002920722961425426
SARS-CoV-2-T100L_N171G,10.467606544494627,train,10.48,1.048,0.012393455505373296
SARS-CoV-2-V32Y_L60M_K128G,10.46586799621582,train,10.47,1.0470000000000002,0.004132003784180327
SARS-CoV-2-Y39Q_D98R,10.296195030212402,train,10.28,1.028,0.016195030212402983
SARS-CoV-2-T55M,10.46684741973877,train,10.455,1.0455,0.01184741973876946
SARS-CoV-2-P191R_P197S,10.61568546295166,train,10.64,1.064,0.024314537048340412
SARS-CoV-2-S43I_L60M,10.377762794494627,train,10.44,1.044,0.06223720550537237
SARS-CoV-2-R27K_G166L,10.58058261871338,train,10.61,1.061,0.02941738128661875
SARS-CoV-2-P149R_Y175K,10.437392234802246,train,10.46,1.046,0.02260776519775476
SARS-CoV-2-P149D,10.30032730102539,train,10.36111111111111,1.0361111111111112,0.06078381008572009
SARS-CoV-2-N120E_N130I,10.390022277832031,train,10.42,1.042,0.02997772216796868
SARS-CoV-2-T3A_S43N,10.656937599182127,train,10.68,1.068,0.023062400817872586
SARS-CoV-2-E154Q,10.382826805114746,train,10.411666666666669,1.041166666666667,0.028839861551922752
SARS-CoV-2-K87L_N120G,10.469934463500977,train,10.46,1.046,0.00993446350097571
SARS-CoV-2-N58Q_K114L,10.313965797424316,train,10.32,1.032,0.006034202575683878
SARS-CoV-2-C61H_N64T,10.318922996520996,train,10.38,1.038,0.06107700347900469
SARS-CoV-2-R27E_Y119D,10.6091947555542,train,10.62,1.062,0.0108052444458
SARS-CoV-2-S129N_G174P,10.371636390686035,train,10.415,1.0414999999999999,0.04336360931396399
SARS-CoV-2-T55A_Y175M,10.430442810058594,train,10.455,1.0455,0.02455718994140632
SARS-CoV-2-S41A_T55E,10.37408447265625,train,10.395,1.0395,0.020915527343749574
SARS-CoV-2-Y39L_T201S,10.482556343078612,train,10.51,1.051,0.027443656921388282
SARS-CoV-2-R16S_Y119S_I142L,10.543222427368164,train,10.56,1.056,0.016777572631836435
SARS-CoV-2-I2S_P197E,10.356561660766602,train,10.34,1.034,0.016561660766601705
SARS-CoV-2-S29F_Q84M,10.458739280700684,train,10.46,1.046,0.001260719299317259
SARS-CoV-2-F44W_Y119P_S147C_V153T,10.45201587677002,train,10.45,1.045,0.002015876770020242
SARS-CoV-2-Y119G_P149S,10.394457817077637,train,10.41,1.0410000000000001,0.015542182922363423
SARS-CoV-2-L5V_V32T_I104M_F126E_N157D,10.45337963104248,train,10.49,1.0490000000000002,0.036620368957519744
SARS-CoV-2-G9S_K87N,10.32190227508545,train,10.36,1.036,0.03809772491455021
SARS-CoV-2-I28Y_N171D,10.67755889892578,train,10.72,1.072,0.042441101074221166
SARS-CoV-2-G9S_G117L_P197Q,10.429736137390137,train,10.43,1.043,0.00026386260986299703
SARS-CoV-2-N40E_A190V,10.36704158782959,train,10.38,1.038,0.012958412170410938
SARS-CoV-2-L5P_H189Y,10.395096778869627,train,10.39,1.0390000000000001,0.0050967788696265615
SARS-CoV-2-K199R,10.372157096862791,train,10.41,1.0410000000000001,0.03784290313720895
SARS-CoV-2-V37M_T201Q,10.582866668701172,train,10.61,1.061,0.027133331298827557
SARS-CoV-2-L5H,10.3466215133667,train,10.3825,1.0382500000000001,0.035878486633301065
SARS-CoV-2-Y39I_K87Y_V115E_G174E,10.616348266601562,train,10.62,1.062,0.0036517333984367184
SARS-CoV-2-C61R_T100C,10.49725341796875,train,10.5,1.05,0.00274658203125
SARS-CoV-2-S29H,10.567431449890137,train,10.57,1.0570000000000002,0.0025685501098635655
SARS-CoV-2-R16H_Y21F,10.3287935256958,train,10.35,1.035,0.021206474304198863
SARS-CoV-2-L60C_Y119S,10.476106643676758,train,10.53,1.053,0.05389335632324155
SARS-CoV-2-S164M,10.321213722229004,train,10.31,1.0310000000000001,0.011213722229003409
SARS-CoV-2-N1V_L60M_Q168A,10.37453556060791,train,10.4,1.04,0.0254644393920902
SARS-CoV-2-S147R,10.361903190612791,train,10.38,1.038,0.01809680938720959
SARS-CoV-2-K198R,10.433064460754396,train,10.46,1.046,0.026935539245604545
SARS-CoV-2-A33W_T148S,10.444092750549316,train,10.44,1.044,0.004092750549316904
SARS-CoV-2-A42K_F160S,10.299095153808594,train,10.32,1.032,0.020904846191406534
SARS-CoV-2-G9N_I104F,10.443171501159668,train,10.49,1.0490000000000002,0.046828498840332244
SARS-CoV-2-L5Y_G166N_G174R,10.46617603302002,train,10.49,1.0490000000000002,0.023823966979980682
SARS-CoV-2-Q163C_Q168F,10.468976974487305,train,10.49,1.0490000000000002,0.021023025512695526
SARS-CoV-2-E10D_V173E,10.41425609588623,train,10.45,1.045,0.03574390411376882
SARS-CoV-2-T148F_K198V,10.344812393188477,train,10.34,1.034,0.004812393188476705
SARS-CoV-2-F62M_T148S,10.298480987548828,train,10.3,1.03,0.0015190124511725855
SARS-CoV-2-R73L_K87I_P197R,10.354056358337402,train,10.37,1.037,0.015943641662596875
SARS-CoV-2-T55D_C61V,10.38145923614502,train,10.4,1.04,0.018540763854980824
SARS-CoV-2-R16K_F160P,10.39041805267334,train,10.39,1.0390000000000001,0.0004180526733392753
SARS-CoV-2-T55G_F156S,10.402795791625977,train,10.43,1.043,0.027204208374023153
SARS-CoV-2-G166S_K199V,10.417455673217772,train,10.45,1.045,0.03254432678222763
SARS-CoV-2-I2W_L122T_E154V_G166T,10.545514106750488,train,10.58,1.058,0.03448589324951179
SARS-CoV-2-T3S_G116M,10.348028182983398,train,10.36,1.036,0.011971817016600994
SARS-CoV-2-G172M,10.367785453796388,train,10.41,1.0410000000000001,0.04221454620361165
SARS-CoV-2-G9L_K87M,10.394402503967283,train,10.41,1.0410000000000001,0.015597496032716762
SARS-CoV-2-F160R_K199Q,10.36559772491455,train,10.38,1.038,0.01440227508545
SARS-CoV-2-K87R_G166H_A192T,10.49933624267578,train,10.53,1.053,0.030663757324219887
SARS-CoV-2-Q168L_K199N,10.406394958496094,train,10.43,1.043,0.023605041503905966
SARS-CoV-2-T3L_Y175C,10.557037353515623,train,10.6,1.06,0.04296264648437642
SARS-CoV-2-I28F_F160V,10.372294425964355,train,10.38,1.038,0.007705574035645313
SARS-CoV-2-T3S_Y119D,10.31138038635254,train,10.35,1.035,0.038619613647458806
SARS-CoV-2-N40R_D97L,10.434548377990724,train,10.43,1.043,0.004548377990724717
SARS-CoV-2-T55S_K114W_T201M,10.418915748596191,train,10.47,1.0470000000000002,0.05108425140380923
SARS-CoV-2-V37Q_K87T_Y121F_N151E_Y159F_Y175C,10.535202026367188,train,10.54,1.054,0.004797973632811647
SARS-CoV-2-R27E_A190P,10.4647798538208,train,10.48,1.048,0.015220146179199645
SARS-CoV-2-A42E,10.504504203796388,train,10.49,1.0490000000000002,0.014504203796388282
SARS-CoV-2-V37T_D90S,10.354393005371094,train,10.36,1.036,0.0056069946289056816
SARS-CoV-2-T100Y_L125T,10.51658535003662,train,10.52,1.052,0.0034146499633802563
SARS-CoV-2-G9E_P169T,10.561081886291504,train,10.62,1.062,0.05891811370849531
SARS-CoV-2-I2D_N40Q_K56D_Q84K_F156A,10.613500595092772,train,10.64,1.064,0.026499404907228907
SARS-CoV-2-P7T_K87L_S129K_Q144T,10.313822746276855,train,10.315,1.0315,0.0011772537231440339
SARS-CoV-2-D98T_G174E,10.370854377746582,train,10.41,1.0410000000000001,0.03914562225341811
SARS-CoV-2-L122S_T201R,10.399222373962402,train,10.43,1.043,0.030777626037597372
SARS-CoV-2-S29T_P169S,10.511408805847168,train,10.57,1.0570000000000002,0.058591194152832315
SARS-CoV-2-T148M_P197T,10.406575202941896,train,10.45,1.045,0.04342479705810298
SARS-CoV-2-Y35L_S129T_T201R,10.312714576721191,train,10.28,1.028,0.032714576721192046
SARS-CoV-2-K87V_K132R_Q144K,10.416377067565918,train,10.44,1.044,0.023622932434081534
SARS-CoV-2-Y119F,10.416035652160645,train,10.412666666666668,1.0412666666666668,0.00336898549397624
SARS-CoV-2-A89C_L122K,10.502821922302246,train,10.52,1.052,0.01717807769775348
SARS-CoV-2-T55F,10.349535942077637,train,10.322666666666668,1.0322666666666669,0.026869275410968285
SARS-CoV-2-Y39F_V115S,10.436750411987305,train,10.46,1.046,0.023249588012696165
SARS-CoV-2-D59S_T85K_Y175W,10.441258430480955,train,10.47,1.0470000000000002,0.028741569519045385
SARS-CoV-2-Y119H_N151T,10.336136817932127,train,10.35,1.035,0.013863182067872515
SARS-CoV-2-N4S_K26I,10.509679794311523,train,10.5,1.05,0.009679794311523438
SARS-CoV-2-S41D_F62L_K87I_P149R,10.40877628326416,train,10.41,1.0410000000000001,0.0012237167358399859
SARS-CoV-2-A33C_G51R,10.42306423187256,train,10.43,1.043,0.006935768127439346
SARS-CoV-2-V32E_L125W,10.398467063903809,train,10.42,1.042,0.021532936096191335
SARS-CoV-2-V11I_T140G,10.539135932922363,train,10.59,1.059,0.05086406707763658
SARS-CoV-2-C61N_Y119C_T201I,10.305432319641112,train,10.34,1.034,0.03456768035888835
SARS-CoV-2-G9V_L125S_A145I,10.314037322998049,train,10.34,1.034,0.025962677001951207
SARS-CoV-2-I104F_I138E_Y175N,10.32080078125,train,10.35,1.035,0.029199218749999645
SARS-CoV-2-V37E_T201C,10.356287956237791,train,10.32,1.032,0.03628795623779091
SARS-CoV-2-N4H_N40R,10.377724647521973,train,10.41,1.0410000000000001,0.032275352478027486
SARS-CoV-2-L125R_G146A,10.368607521057127,train,10.35,1.035,0.018607521057127485
SARS-CoV-2-L122S_Q168A,10.328985214233398,train,10.36,1.036,0.031014785766600994
SARS-CoV-2-T100V_G166L_Y175R,10.303783416748049,train,10.34,1.034,0.03621658325195121
SARS-CoV-2-N40T_F156P,10.29776668548584,train,10.31,1.0310000000000001,0.012233314514160654
SARS-CoV-2-Y35L_T201M,10.476828575134276,train,10.5,1.05,0.023171424865724433
SARS-CoV-2-G172M_K198S,10.34013843536377,train,10.36,1.036,0.0198615646362299
SARS-CoV-2-T55Q_D98Y,10.41175937652588,train,10.44,1.044,0.02824062347411882
SARS-CoV-2-V37S_T148Y,10.66953945159912,train,10.7,1.07,0.030460548400879972
SARS-CoV-2-Q84S,10.326367378234863,train,10.328333333333331,1.0328333333333333,0.0019659550984680862
SARS-CoV-2-T63K,10.473791122436523,train,10.501428571428573,1.0501428571428573,0.02763744899204923
SARS-CoV-2-T85A_F156Q_T201F,10.492895126342772,train,10.51,1.051,0.017104873657228126
SARS-CoV-2-N4A_L122S,10.430100440979004,train,10.48,1.048,0.04989955902099652
SARS-CoV-2-V11I_T140I_G172W,10.330710411071776,train,10.33,1.0330000000000001,0.0007104110717754963
SARS-CoV-2-Y35W_S43H_K132E,10.35684585571289,train,10.38,1.038,0.023154144287110157
SARS-CoV-2-Y35L_F160I_A190D,10.380311965942385,train,10.4,1.04,0.019688034057615766
SARS-CoV-2-Y35M_E154T,10.35936164855957,train,10.42,1.042,0.060638351440429616
SARS-CoV-2-T3N_K114N_N120T_G172I,10.397196769714355,train,10.42,1.042,0.02280323028564446
SARS-CoV-2-Y39W_T55Y,10.44983959197998,train,10.45,1.045,0.0001604080200188207
SARS-CoV-2-G9A_T140D_T201M,10.374344825744627,train,10.4,1.04,0.025655174255373225
SARS-CoV-2-I2L_Y35L_N120M,10.346543312072754,train,10.37,1.037,0.023456687927245312
SARS-CoV-2-N120Y_T170H,10.400657653808594,train,10.39,1.0390000000000001,0.010657653808593182
SARS-CoV-2-T3E_D97N,10.367735862731934,train,10.38,1.038,0.012264137268067188
SARS-CoV-2-V115P,10.293145179748535,train,10.32,1.032,0.026854820251465128
SARS-CoV-2-F62Y_Q84I_Y175S,10.317718505859377,train,10.29,1.029,0.02771850585937763
SARS-CoV-2-S53K_V173R,10.396025657653809,train,10.4,1.04,0.0039743423461917615
SARS-CoV-2-V37A_K87A,10.487483978271484,train,10.54,1.054,0.05251602172851477
SARS-CoV-2-S29A_A42E_G174T,10.4273681640625,train,10.45,1.045,0.02263183593749929
SARS-CoV-2-R27K,10.300776481628418,train,10.33235294117647,1.033235294117647,0.03157645954805233
SARS-CoV-2-L5P_S43V,10.385716438293455,train,10.41,1.0410000000000001,0.024283561706544887
SARS-CoV-2-P54L_D97N,10.64230251312256,train,10.68,1.068,0.037697486877439346
SARS-CoV-2-Y39A_P149S,10.446293830871582,train,10.445,1.0445,0.001293830871581747
SARS-CoV-2-L122N_G174P_L187R,10.376185417175291,train,10.39,1.0390000000000001,0.013814582824709376
SARS-CoV-2-L125P_K198S,10.462937355041504,train,10.45,1.045,0.012937355041504617
SARS-CoV-2-S200N,10.351191520690918,train,10.384,1.0384,0.03280847930908237
SARS-CoV-2-V37Y_S53T_G83N_D97S_L111Q_Y175G,10.33363437652588,train,10.37,1.037,0.036365623474118536
SARS-CoV-2-S29M,10.41865062713623,train,10.445,1.0445,0.026349372863769815
SARS-CoV-2-Q84T_K87R,10.371541023254396,train,10.37,1.037,0.0015410232543970892
SARS-CoV-2-V153L_L188M,10.444672584533691,train,10.47,1.0470000000000002,0.025327415466309233
SARS-CoV-2-S43G_P197T,10.464886665344238,train,10.5,1.05,0.03511333465576172
SARS-CoV-2-L5G_T201S,10.421470642089844,train,10.47,1.0470000000000002,0.04852935791015689
SARS-CoV-2-I2A_K87F,10.398486137390137,train,10.42,1.042,0.02151386260986321
SARS-CoV-2-G174D,10.448004722595217,train,10.49,1.0490000000000002,0.04199527740478359
SARS-CoV-2-R27T_D97L,10.311588287353516,train,10.31,1.0310000000000001,0.0015882873535151276
SARS-CoV-2-L122E_S147P,10.515475273132324,train,10.53,1.053,0.014524726867675142
SARS-CoV-2-Y119P,10.375859260559082,train,10.4124,1.04124,0.03654073944091785
SARS-CoV-2-D98H_L125K,10.302069664001465,train,10.36,1.036,0.05793033599853459
SARS-CoV-2-C61A_G172R,10.448956489562988,train,10.48,1.048,0.031043510437012145
SARS-CoV-2-S43I_N64R,10.302815437316896,train,10.33,1.0330000000000001,0.027184562683103763
SARS-CoV-2-V37K_A42H_Y50F_N171S,10.382915496826172,train,10.4,1.04,0.01708450317382848
SARS-CoV-2-V37L_S108A_L131I,10.41683292388916,train,10.41,1.0410000000000001,0.006832923889160014
SARS-CoV-2-T55S_Y119K,10.371574401855469,train,10.43,1.043,0.058425598144530966
SARS-CoV-2-I2N_K128H_K199H,10.395455360412598,train,10.38,1.038,0.015455360412596875
SARS-CoV-2-A192H,10.34958267211914,train,10.4,1.04,0.05041732788085973
SARS-CoV-2-G83R_G174K,10.47431468963623,train,10.49,1.0490000000000002,0.015685310363769744
SARS-CoV-2-K87N_Y119L,10.378119468688965,train,10.37,1.037,0.008119468688965625
SARS-CoV-2-T100L_N151L,10.4232759475708,train,10.43,1.043,0.0067240524291989345
SARS-CoV-2-I2C_G172W,10.440108299255373,train,10.43,1.043,0.010108299255373154
SARS-CoV-2-A18S_V173M,10.41845417022705,train,10.46,1.046,0.04154582977295007
SARS-CoV-2-T46Y_K87F_Y119T,10.407641410827637,train,10.39,1.0390000000000001,0.01764141082763615
SARS-CoV-2-S36E_N157M,10.48192310333252,train,10.53,1.053,0.04807689666747983
SARS-CoV-2-P54I_Y175D_T201M,10.415433883666992,train,10.43,1.043,0.014566116333007528
SARS-CoV-2-Y39L_T55A,10.584121704101562,train,10.62,1.062,0.03587829589843672
SARS-CoV-2-F126K_F156R,10.44084644317627,train,10.44,1.044,0.0008464431762700286
SARS-CoV-2-Q144A_S184T,10.541400909423828,train,10.58,1.058,0.038599090576171946
SARS-CoV-2-Y39V_S129R_F160E,10.39663791656494,train,10.42,1.042,0.0233620834350603
SARS-CoV-2-N64C,10.29417324066162,train,10.288333333333334,1.0288333333333335,0.005839907328285321
SARS-CoV-2-S43K_K132G,10.43797206878662,train,10.47,1.0470000000000002,0.03202793121338132
SARS-CoV-2-N1E,10.645941734313965,train,10.675,1.0675000000000001,0.029058265686035867
SARS-CoV-2-G83Y_Y159W_T201I,10.303492546081545,train,10.31,1.0310000000000001,0.006507453918455752
SARS-CoV-2-Y39Q_L131V,10.396193504333496,train,10.395,1.0395,0.00119350433349652
SARS-CoV-2-L122V_Y143F_T201Q,10.43950366973877,train,10.46,1.046,0.02049633026123132
SARS-CoV-2-S36A_T85K_T140L,10.42727279663086,train,10.46,1.046,0.03272720336914148
SARS-CoV-2-T55S_N130K,10.63290309906006,train,10.67,1.067,0.03709690093993956
SARS-CoV-2-D59E_S129V,10.407313346862791,train,10.4,1.04,0.007313346862790837
SARS-CoV-2-T55D_N64S_V194I,10.416680335998535,train,10.44,1.044,0.023319664001464346
SARS-CoV-2-L187K,10.451409339904783,train,10.48,1.048,0.028590660095217046
SARS-CoV-2-L5F_K87S_N171Q,10.495953559875488,train,10.52,1.052,0.024046440124511292
SARS-CoV-2-V173T,10.309042930603027,train,10.317,1.0317,0.007957069396972827
SARS-CoV-2-N130G_G172D,10.33457088470459,train,10.34,1.034,0.005429115295410014
SARS-CoV-2-T100L_P191S,10.480841636657717,train,10.48,1.048,0.0008416366577161938
SARS-CoV-2-V153L_G166D_V173H,10.464208602905272,train,10.49,1.0490000000000002,0.025791397094728552
SARS-CoV-2-T140K_F160A,10.42387580871582,train,10.42,1.042,0.0038758087158203836
SARS-CoV-2-L60N_K87N,10.346108436584473,train,10.4,1.04,0.0538915634155277
SARS-CoV-2-V37T_V77L_K128T_T170G,10.46006965637207,train,10.46,1.046,6.965637206945985e-05
SARS-CoV-2-L122V_T201C,10.576254844665527,train,10.59,1.059,0.013745155334472514
SARS-CoV-2-E141N_P149V,10.352654457092283,train,10.38,1.038,0.0273455429077174
SARS-CoV-2-V32L_N40K,10.333683967590332,train,10.34,1.034,0.006316032409667827
SARS-CoV-2-T201P,10.359871864318848,train,10.345454545454546,1.0345454545454547,0.014417318864301976
SARS-CoV-2-V37K_S129G,10.571861267089844,train,10.57,1.0570000000000002,0.0018612670898434658
SARS-CoV-2-Q84V_G117A,10.411320686340332,train,10.38,1.038,0.03132068634033125
SARS-CoV-2-S53P_K128T,10.340018272399902,train,10.32,1.032,0.02001827239990206
SARS-CoV-2-N40H,10.32603931427002,train,10.351666666666668,1.0351666666666668,0.025627352396648817
SARS-CoV-2-L188H_T201N,10.319506645202637,train,10.35,1.035,0.030493354797362926
SARS-CoV-2-A145E,10.336504936218262,train,10.373333333333331,1.0373333333333332,0.03682839711506958
SARS-CoV-2-N130K_Y143D,10.445056915283203,train,10.515,1.0515,0.06994308471679744
SARS-CoV-2-S147W,10.307269096374512,train,10.3225,1.0322500000000001,0.015230903625488068
SARS-CoV-2-L5E_Q168C,10.344772338867188,train,10.36,1.036,0.015227661132811932
SARS-CoV-2-R78S_K198S,10.56846523284912,train,10.59,1.059,0.02153476715088054
SARS-CoV-2-N110T_S200L,10.43162441253662,train,10.49,1.0490000000000002,0.058375587463380896
SARS-CoV-2-S36K_D98S_L122R_K128G_P197R,10.37899684906006,train,10.4,1.04,0.021003150939939985
SARS-CoV-2-A33W_K87M_Y119S,10.502527236938477,train,10.51,1.051,0.007472763061523224
SARS-CoV-2-Y39V_G196V,10.545653343200684,train,10.52,1.052,0.02565334320068402
SARS-CoV-2-L125Q_V153K,10.415112495422363,train,10.47,1.0470000000000002,0.05488750457763736
SARS-CoV-2-Y39K_T55G_T100C,10.440919876098633,train,10.48,1.048,0.039080123901367614
SARS-CoV-2-P7D_T63R_P191R,10.406970024108888,train,10.42,1.042,0.013029975891111434
SARS-CoV-2-V37F_Q168P,10.55605411529541,train,10.55,1.0550000000000002,0.006054115295409446
SARS-CoV-2-I72V_G152S,10.462779998779297,train,10.53,1.053,0.06722000122070249
SARS-CoV-2-K26V_T55D_T85R_Y121L_N157A,10.519314765930176,train,10.54,1.054,0.020685234069823366
SARS-CoV-2-P54R_T201W,10.512543678283691,train,10.55,1.0550000000000002,0.037456321716309304
SARS-CoV-2-S36K_K114N_G172C,10.527018547058104,train,10.57,1.0570000000000002,0.04298145294189659
SARS-CoV-2-Y39L_Y119N,10.515851020812988,train,10.59,1.059,0.07414897918701158
SARS-CoV-2-G9W_K132R,10.325444221496582,train,10.33,1.0330000000000001,0.00455577850341804
SARS-CoV-2-S29N_K199Q,10.447121620178224,train,10.46,1.046,0.01287837982177642
SARS-CoV-2-N120S_P197C,10.564716339111328,train,10.58,1.058,0.015283660888671946
SARS-CoV-2-D59E_L125S_L188V,10.43276023864746,train,10.48,1.048,0.047239761352541265
SARS-CoV-2-V11I_G83A,10.614558219909668,train,10.64,1.064,0.0254417800903326
SARS-CoV-2-T3S_C61T,10.436522483825684,train,10.5,1.05,0.0634775161743164
SARS-CoV-2-K87C_T201K,10.54944896697998,train,10.59,1.059,0.04055103302001939
SARS-CoV-2-N64S_Y119S,10.457219123840332,train,10.48,1.048,0.022780876159668395
SARS-CoV-2-I104W_L122A,10.566195487976074,train,10.59,1.059,0.02380451202392564
SARS-CoV-2-V37E_K56M,10.546931266784668,train,10.54,1.054,0.006931266784668821
SARS-CoV-2-K56D_V173Y,10.438511848449709,train,10.43,1.043,0.008511848449709092
SARS-CoV-2-N130T_G155S,10.485196113586426,train,10.51,1.051,0.024803886413574006
SARS-CoV-2-Y178H,10.538544654846191,train,10.5525,1.05525,0.013955345153808807
SARS-CoV-2-K48T_T85S,10.326075553894045,train,10.33,1.0330000000000001,0.003924446105955326
SARS-CoV-2-R78N_K87S_T100Y_G174W,10.355849266052246,train,10.37,1.037,0.014150733947753125
SARS-CoV-2-N120A,10.366385459899902,train,10.395555555555555,1.0395555555555556,0.029170095655652872
SARS-CoV-2-K114R_S129D_S164G_H189Q,10.376032829284668,train,10.38,1.038,0.003967170715332813
SARS-CoV-2-I2K_V153H,10.352007865905762,train,10.37,1.037,0.0179921340942375
SARS-CoV-2-G9D_N120M_N151H,10.554848670959473,train,10.61,1.061,0.055151329040526775
SARS-CoV-2-K114R_L122A,10.545477867126465,train,10.6,1.06,0.0545221328735348
SARS-CoV-2-D97S_Y119S,10.318360328674316,train,10.35,1.035,0.03163967132568324
SARS-CoV-2-V11L_F62W,10.356152534484863,train,10.35,1.035,0.0061525344848636365
SARS-CoV-2-K87T_S147C,10.413368225097656,train,10.43,1.043,0.016631774902343466
SARS-CoV-2-A190T_K198Q,10.479362487792969,train,10.52,1.052,0.040637512207030824
SARS-CoV-2-N151E,10.307650566101074,train,10.333333333333334,1.0333333333333334,0.025682767232259707
SARS-CoV-2-G116H_S129Q,10.393228530883787,train,10.42,1.042,0.026771469116212643
SARS-CoV-2-L5S_A190H,10.47352123260498,train,10.52,1.052,0.046478767395019105
SARS-CoV-2-E154L_T201S,10.46433448791504,train,10.47,1.0470000000000002,0.005665512084959801
SARS-CoV-2-Y35W_I138W,10.399083137512209,train,10.4,1.04,0.0009168624877915477
SARS-CoV-2-C61H,10.326586723327637,train,10.355,1.0355,0.028413276672363708
SARS-CoV-2-R27K_S43C_N157G,10.450482368469238,train,10.49,1.0490000000000002,0.03951763153076193
SARS-CoV-2-T3S_S43E_I138L_K199I,10.569391250610352,train,10.58,1.058,0.010608749389648509
SARS-CoV-2-Y119M,10.3592529296875,train,10.38875,1.038875,0.02949707031249993
SARS-CoV-2-T55Q,10.359105110168455,train,10.38,1.038,0.020894889831545527
SARS-CoV-2-V115H,10.349160194396973,train,10.37,1.037,0.020839805603026562
SARS-CoV-2-K56A_F160D,10.35305881500244,train,10.35,1.035,0.003058815002439985
SARS-CoV-2-L5M_G83N,10.45703411102295,train,10.48,1.048,0.022965888977051208
SARS-CoV-2-R16E_N120L,10.366803169250488,train,10.37,1.037,0.003196830749510937
SARS-CoV-2-Y123K_P197M,10.402427673339844,train,10.43,1.043,0.027572326660155966
SARS-CoV-2-I2W,10.380597114562988,train,10.37,1.037,0.010597114562989063
SARS-CoV-2-R16K_E141I,10.418408393859863,train,10.44,1.044,0.02159160614013622
SARS-CoV-2-S36R_N118D_P197S,10.425162315368652,train,10.46,1.046,0.03483768463134851
SARS-CoV-2-S53L_F156S,10.443686485290527,train,10.43,1.043,0.013686485290527628
SARS-CoV-2-T15S_S53E_F62W_Y119S,10.475359916687012,train,10.49,1.0490000000000002,0.014640083312988494
SARS-CoV-2-K56Q_Y119S,10.384533882141112,train,10.41,1.0410000000000001,0.025466117858888637
SARS-CoV-2-K87I_E141Y,10.307550430297852,train,10.28,1.028,0.027550430297852202
SARS-CoV-2-N1A,10.299126625061035,train,10.35,1.035,0.05087337493896449
SARS-CoV-2-N40K_G172V,10.532719612121582,train,10.55,1.0550000000000002,0.01728038787841868
SARS-CoV-2-T55G_Q168L,10.323246955871582,train,10.35,1.035,0.026753044128417613
SARS-CoV-2-E141N_T201I,10.5134916305542,train,10.55,1.0550000000000002,0.03650836944580149
SARS-CoV-2-F44W_F160H,10.40439224243164,train,10.41,1.0410000000000001,0.005607757568359517
SARS-CoV-2-A145R,10.376293182373049,train,10.39,1.0390000000000001,0.013706817626951917
SARS-CoV-2-N1G_Q163E,10.45781707763672,train,10.51,1.051,0.05218292236327926
SARS-CoV-2-Y39L_F126I_E141V,10.418299674987791,train,10.46,1.046,0.04170032501220966
SARS-CoV-2-D98N_F160T,10.466598510742188,train,10.45,1.045,0.01659851074218821
SARS-CoV-2-T140N_N171L,10.506566047668455,train,10.54,1.054,0.03343395233154389
SARS-CoV-2-P54H_K87L,10.410147666931152,train,10.43,1.043,0.019852333068847372
SARS-CoV-2-I104L_N130L,10.329390525817873,train,10.36,1.036,0.03060947418212656
SARS-CoV-2-V37P_S53D,10.481759071350098,train,10.52,1.052,0.03824092864990192
SARS-CoV-2-I2D_K87T_G117P,10.4823579788208,train,10.49,1.0490000000000002,0.007642021179199432
SARS-CoV-2-F8W_T100H,10.346565246582031,train,10.34,1.034,0.006565246582031392
SARS-CoV-2-D59R_L122H,10.458375930786133,train,10.5,1.05,0.04162406921386719
SARS-CoV-2-K56S,10.38969612121582,train,10.431052631578948,1.043105263157895,0.04135651036312815
SARS-CoV-2-V37N_A105S,10.345015525817873,train,10.364999999999998,1.0365,0.019984474182125567
SARS-CoV-2-Y35L_D98F_K198E,10.41968822479248,train,10.42,1.042,0.0003117752075194602
SARS-CoV-2-L122G_T140S,10.461636543273926,train,10.49,1.0490000000000002,0.028363456726074432
SARS-CoV-2-G9W_P197T,10.539466857910156,train,10.55,1.0550000000000002,0.01053314208984446
SARS-CoV-2-S43K_P149I_G155T_G166C_T201Y,10.375136375427246,train,10.38,1.038,0.004863624572754688
SARS-CoV-2-L60H_L125S,10.334389686584473,train,10.365,1.0365,0.030610313415527557
SARS-CoV-2-V153K,10.423066139221191,train,10.47,1.0470000000000002,0.04693386077880923
SARS-CoV-2-L5W_S41T,10.454628944396973,train,10.48,1.048,0.02537105560302777
SARS-CoV-2-I2M_T201R,10.45101547241211,train,10.49,1.0490000000000002,0.03898452758789084
SARS-CoV-2-L5V_V37N,10.378607749938965,train,10.41,1.0410000000000001,0.0313922500610353
SARS-CoV-2-S43E_T85Y,10.299569129943848,train,10.3,1.03,0.0004308700561530543
SARS-CoV-2-Q163R,10.43032455444336,train,10.424285714285714,1.0424285714285715,0.006038840157644998
SARS-CoV-2-P191S,10.421712875366213,train,10.465,1.0465,0.043287124633787144
SARS-CoV-2-Y123R,10.468428611755373,train,10.5,1.05,0.03157138824462713
SARS-CoV-2-Y119N_S129H,10.450977325439451,train,10.45,1.045,0.0009773254394520592
SARS-CoV-2-I142H_Y175E,10.323064804077148,train,10.395,1.0395,0.07193519592285114
SARS-CoV-2-S43T_K87Q,10.385062217712402,train,10.45,1.045,0.06493778228759695
SARS-CoV-2-T55A_N64A,10.400592803955078,train,10.4,1.04,0.0005928039550777697
SARS-CoV-2-S43D,10.29394817352295,train,10.325,1.0325,0.03105182647705007
SARS-CoV-2-F8I_T46H,10.340197563171388,train,10.36,1.036,0.019802436828610936
SARS-CoV-2-V37E_I138M,10.613177299499512,train,10.6,1.06,0.013177299499512074
SARS-CoV-2-L122M_T148V_G166D,10.459746360778809,train,10.46,1.046,0.0002536392211922589
SARS-CoV-2-I2H_A192T,10.500304222106934,train,10.53,1.053,0.029695777893065767
SARS-CoV-2-K87T_T170H,10.500353813171388,train,10.51,1.051,0.009646186828611292
SARS-CoV-2-T55Q_I138N,10.407505989074709,train,10.45,1.045,0.04249401092529048
SARS-CoV-2-R78Q_S129M,10.385485649108888,train,10.4,1.04,0.01451435089111186
SARS-CoV-2-K87T_Y178C,10.537574768066406,train,10.54,1.054,0.0024252319335928973
SARS-CoV-2-R27Y_S36N,10.42543125152588,train,10.46,1.046,0.03456874847412017
SARS-CoV-2-Y39N_T46I,10.512158393859863,train,10.51,1.051,0.0021583938598634944
SARS-CoV-2-F160W,10.413593292236328,train,10.41,1.0410000000000001,0.003593292236327983
SARS-CoV-2-Y39K_T55R,10.383607864379885,train,10.36,1.036,0.023607864379885157
SARS-CoV-2-C61S_E76Q,10.325469970703123,train,10.38,1.038,0.05453002929687756
SARS-CoV-2-V32D_S129Q,10.347760200500488,train,10.38,1.038,0.0322397994995125
SARS-CoV-2-G9S_F126G_Q144A,10.629152297973633,train,10.63,1.0630000000000002,0.0008477020263679691
SARS-CoV-2-S36E_T100V,10.626172065734863,train,10.645,1.0645,0.018827934265136292
SARS-CoV-2-E141G_F156S,10.42506980895996,train,10.45,1.045,0.02493019104004013
SARS-CoV-2-V11L_F160N,10.459195137023926,train,10.48,1.048,0.020804862976074645
SARS-CoV-2-F44Y_K87M,10.41043186187744,train,10.45,1.045,0.03956813812255966
SARS-CoV-2-S164P,10.352251052856444,train,10.385,1.0385,0.03274894714355625
SARS-CoV-2-V37E_F62L_K87I_L187M,10.614068984985352,train,10.62,1.062,0.005931015014647656
SARS-CoV-2-T55N_T170L,10.494524002075195,train,10.51,1.051,0.015475997924804474
SARS-CoV-2-T55A_K199R,10.501997947692873,train,10.56,1.056,0.05800205230712763
SARS-CoV-2-L5S_V153Y,10.361430168151855,train,10.39,1.0390000000000001,0.0285698318481451
SARS-CoV-2-K87Q_Y119F,10.430890083312988,train,10.43,1.043,0.0008900833129885655
SARS-CoV-2-L5Q_Y175S,10.64012050628662,train,10.67,1.067,0.02987949371338061
SARS-CoV-2-V37D_G155T,10.503233909606934,train,10.53,1.053,0.026766090393065767
SARS-CoV-2-K48E_G166R,10.509156227111816,train,10.55,1.0550000000000002,0.040843772888184304
SARS-CoV-2-S36R_P149A,10.689024925231934,train,10.69,1.069,0.0009750747680659089
SARS-CoV-2-I2N_V37I_N157G_T201R,10.46497631072998,train,10.465,1.0465,2.368927001938914e-05
SARS-CoV-2-L125R_E141Y,10.33375644683838,train,10.35,1.035,0.016243553161618962
SARS-CoV-2-Q84V_Y121F,10.339975357055664,train,10.35,1.035,0.010024642944335582
SARS-CoV-2-K114S_Q163S,10.342900276184082,train,10.37,1.037,0.027099723815917187
SARS-CoV-2-Y35L_Q84G,10.476874351501465,train,10.5,1.05,0.023125648498535156
SARS-CoV-2-V37L_L60V_N64A_P197V,10.405963897705078,train,10.44,1.044,0.03403610229492138
SARS-CoV-2-S53T_K132G,10.355910301208496,train,10.38,1.038,0.024089698791504688
SARS-CoV-2-F8L_S164L,10.356741905212402,train,10.38,1.038,0.023258094787598438
SARS-CoV-2-R27T_D98N_Y119K_P169L,10.359660148620604,train,10.35,1.035,0.009660148620604048
SARS-CoV-2-D90S_F156S,10.354941368103027,train,10.36,1.036,0.005058631896972088
SARS-CoV-2-R78Y_N118T,10.367724418640137,train,10.375,1.0375,0.007275581359863281
SARS-CoV-2-D59R_S147K,10.324639320373535,train,10.35,1.035,0.02536067962646449
SARS-CoV-2-N151L_P197I,10.614217758178713,train,10.65,1.0650000000000002,0.03578224182128764
SARS-CoV-2-L5A_I28F_L122T_P169M,10.410174369812012,train,10.42,1.042,0.00982563018798821
SARS-CoV-2-S43L_N120P_V153S,10.318222999572754,train,10.32,1.032,0.001777000427246378
SARS-CoV-2-S41T_P149S,10.349085807800291,train,10.36,1.036,0.01091419219970824
SARS-CoV-2-N4R_N64A_Y119R,10.489790916442873,train,10.52,1.052,0.030209083557126704
SARS-CoV-2-T100F_L122Q_A192S,10.400012969970703,train,10.43,1.043,0.02998703002929659
SARS-CoV-2-F44L_D59N_P197L,10.360918045043944,train,10.41,1.0410000000000001,0.049081954956056606
SARS-CoV-2-T170W_Y175S,10.46824073791504,train,10.49,1.0490000000000002,0.021759262084959374
SARS-CoV-2-L122Q_T201I,10.31363296508789,train,10.35,1.035,0.03636703491210902
SARS-CoV-2-T100R_N120S,10.485815048217772,train,10.49,1.0490000000000002,0.004184951782228552
SARS-CoV-2-P149D_K198V,10.37887477874756,train,10.43,1.043,0.051125221252439346
SARS-CoV-2-T3S_L122S,10.358132362365724,train,10.39,1.0390000000000001,0.031867637634276136
SARS-CoV-2-G9E_T63D_S139T,10.4127779006958,train,10.45,1.045,0.03722209930419851
SARS-CoV-2-N130L,10.335951805114746,train,10.369411764705882,1.0369411764705883,0.03345995959113601
SARS-CoV-2-L5M_K56M_G172N,10.362956047058104,train,10.38,1.038,0.01704395294189709
SARS-CoV-2-T55W_N130S,10.409893035888672,train,10.39,1.0390000000000001,0.019893035888671307
SARS-CoV-2-P149V_G172R,10.490525245666504,train,10.5,1.05,0.009474754333496094
SARS-CoV-2-K48E_D75E,10.34593105316162,train,10.4,1.04,0.05406894683838104
SARS-CoV-2-S184Y_S200L,10.377902030944824,train,10.36,1.036,0.017902030944824787
SARS-CoV-2-C61K_F156M,10.364657402038574,train,10.4,1.04,0.035342597961426137
SARS-CoV-2-I2N_Q168T,10.294607162475586,train,10.32,1.032,0.025392837524414347
SARS-CoV-2-Y35L_K132R_P149M,10.364468574523926,train,10.37,1.037,0.005531425476073437
SARS-CoV-2-L5S,10.321954727172852,train,10.3915,1.03915,0.06954527282714906
SARS-CoV-2-L5M_T201C,10.372530937194824,train,10.41,1.0410000000000001,0.03746906280517592
SARS-CoV-2-S41G_L125M_E154V,10.4973726272583,train,10.52,1.052,0.022627372741698792
SARS-CoV-2-L125S_G155D,10.345276832580566,train,10.34,1.034,0.005276832580566548
SARS-CoV-2-S36R_V153S,10.309520721435549,train,10.34,1.034,0.030479278564451207
SARS-CoV-2-I138V,10.395184516906738,train,10.485,1.0485,0.08981548309326115
SARS-CoV-2-S129V_P197Q_T201D,10.4107027053833,train,10.42,1.042,0.009297294616699148
SARS-CoV-2-G83M_Y159S,10.501002311706545,train,10.52,1.052,0.01899768829345483
SARS-CoV-2-T63S_L122R_K128I,10.337218284606934,train,10.37,1.037,0.032781715393065625
SARS-CoV-2-S43D_R73Q_T100F_T201K,10.371089935302734,train,10.41,1.0410000000000001,0.03891006469726577
SARS-CoV-2-L122I_P191H,10.2968111038208,train,10.35,1.035,0.053188896179198863
SARS-CoV-2-T55M_T201V,10.495586395263672,train,10.5,1.05,0.004413604736328125
SARS-CoV-2-T55C_Y119N,10.372973442077637,train,10.405,1.0405,0.03202655792236264
SARS-CoV-2-L122W_Y175A,10.32474422454834,train,10.37,1.037,0.045255775451659375
SARS-CoV-2-T100R_K198L,10.376202583312988,train,10.38,1.038,0.0037974166870125003
SARS-CoV-2-I2L_P7N,10.557439804077148,train,10.6,1.06,0.04256019592285121
SARS-CoV-2-I2R_T55L,10.459537506103516,train,10.48,1.048,0.0204624938964848
SARS-CoV-2-V37Q_I104M,10.528403282165527,train,10.51,1.051,0.018403282165527557
SARS-CoV-2-N118E,10.389490127563477,train,10.4325,1.04325,0.043009872436522656
SARS-CoV-2-C61N_V173S,10.47954273223877,train,10.51,1.051,0.030457267761230256
SARS-CoV-2-T140S_G174D_T201S,10.431946754455566,train,10.45,1.045,0.018053245544432883
SARS-CoV-2-N4K_T46Q,10.591718673706056,train,10.61,1.061,0.018281326293942968
SARS-CoV-2-H189S,10.436129570007324,train,10.464285714285714,1.0464285714285715,0.028156144278389306
SARS-CoV-2-L5S_V37F_K114L,10.574670791625977,train,10.58,1.058,0.0053292083740235086
SARS-CoV-2-P54Q_G172V_P197H,10.65338897705078,train,10.67,1.067,0.016611022949220455
SARS-CoV-2-I138S_T201W,10.299473762512209,train,10.34,1.034,0.04052623748779105
SARS-CoV-2-F62W_Y121L_P149G,10.524903297424316,train,10.57,1.0570000000000002,0.04509670257568388
SARS-CoV-2-Y39L_K56S,10.35705852508545,train,10.38,1.038,0.022941474914551563
SARS-CoV-2-K114L_L122V,10.404752731323242,train,10.4,1.04,0.004752731323241832
SARS-CoV-2-Y39T_G83N_I138S_F156W,10.380101203918455,train,10.42,1.042,0.039898796081544674
SARS-CoV-2-P7A_V37K_V115R_P197K,10.309590339660645,train,10.31,1.0310000000000001,0.00040966033935596613
SARS-CoV-2-D59R_I142V,10.304685592651367,train,10.33,1.0330000000000001,0.025314407348632884
SARS-CoV-2-T63K_V173W,10.31002712249756,train,10.33,1.0330000000000001,0.0199728775024397
SARS-CoV-2-V37I_K132R_T201G,10.37966537475586,train,10.41,1.0410000000000001,0.030334625244140767
SARS-CoV-2-Q144A,10.430291175842283,train,10.458571428571428,1.0458571428571428,0.028280252729144806
SARS-CoV-2-L122K_I142F,10.483247756958008,train,10.51,1.051,0.026752243041991974
SARS-CoV-2-S129T_T201R,10.50929355621338,train,10.55,1.0550000000000002,0.04070644378662003
SARS-CoV-2-R78H_T201Y,10.52795696258545,train,10.57,1.0570000000000002,0.042043037414551065
SARS-CoV-2-L122H_G172V_S184L,10.31516170501709,train,10.32,1.032,0.0048382949829104405
SARS-CoV-2-L5R_P197L,10.468058586120604,train,10.5,1.05,0.03194141387939631
SARS-CoV-2-L125E_F160R,10.497316360473633,train,10.54,1.054,0.042683639526366335
SARS-CoV-2-F156M_A192V_K198V,10.368304252624512,train,10.37,1.037,0.0016957473754874997
SARS-CoV-2-T55N,10.392291069030762,train,10.405833333333334,1.0405833333333334,0.013542264302571994
SARS-CoV-2-N130D,10.475910186767578,train,10.5,1.05,0.024089813232421875
SARS-CoV-2-G155S_T201P,10.339268684387209,train,10.34,1.034,0.0007313156127910503
SARS-CoV-2-T85R,10.371160507202148,train,10.371111111111112,1.0371111111111113,4.939609103615794e-05
SARS-CoV-2-L5N_Y119K_Y175L,10.51359748840332,train,10.54,1.054,0.026402511596678835
SARS-CoV-2-S139R_P197N,10.41138744354248,train,10.44,1.044,0.028612556457519034
SARS-CoV-2-N130A_T140L,10.378584861755373,train,10.4,1.04,0.021415138244627485
SARS-CoV-2-P54K_D90A,10.368478775024414,train,10.39,1.0390000000000001,0.021521224975586506
SARS-CoV-2-I2N_V37T_T63H_P197W,10.403218269348145,train,10.45,1.045,0.04678173065185476
SARS-CoV-2-D59N_S129R,10.55557346343994,train,10.6,1.06,0.044426536560060015
SARS-CoV-2-Q84M_D98T_T201V,10.322142601013184,train,10.34,1.034,0.017857398986816264
SARS-CoV-2-N4Y_C61K,10.628361701965332,train,10.69,1.069,0.06163829803466747
SARS-CoV-2-L5W_V37E,10.542564392089844,train,10.55,1.0550000000000002,0.0074356079101569605
SARS-CoV-2-N120R_G146S,10.458056449890137,train,10.49,1.0490000000000002,0.031943550109863494
SARS-CoV-2-I104W_K199E,10.396693229675291,train,10.42,1.042,0.023306770324708737
SARS-CoV-2-V173L_T201L,10.374818801879885,train,10.39,1.0390000000000001,0.01518119812011598
SARS-CoV-2-Y119M_G152S,10.312759399414062,train,10.32,1.032,0.007240600585937784
SARS-CoV-2-N157D,10.409324645996094,train,10.43,1.043,0.020675354003905966
SARS-CoV-2-T55L_N110Q,10.532949447631836,train,10.54,1.054,0.00705055236816321
SARS-CoV-2-Y178F_T201D,10.374285697937012,train,10.38,1.038,0.005714302062989063
SARS-CoV-2-Y35W_N64I_L122Q_T201A,10.759581565856934,train,10.79,1.079,0.030418434143065554
SARS-CoV-2-L5K_L60V,10.511343955993652,train,10.55,1.0550000000000002,0.03865604400634837
SARS-CoV-2-A192K,10.429126739501951,train,10.45,1.045,0.02087326049804794
SARS-CoV-2-F62W_D97F,10.415371894836426,train,10.4,1.04,0.015371894836425426
SARS-CoV-2-C61D_T201A,10.311553001403809,train,10.32,1.032,0.00844699859619169
SARS-CoV-2-V37R_G51N_G146D,10.413905143737791,train,10.41,1.0410000000000001,0.0039051437377910503
SARS-CoV-2-V37S_S129A,10.798062324523926,train,10.83,1.083,0.03193767547607429
SARS-CoV-2-I2T_T63M,10.378935813903809,train,10.39,1.0390000000000001,0.011064186096191975
SARS-CoV-2-L5T_N157S,10.389154434204102,train,10.41,1.0410000000000001,0.02084556579589858
SARS-CoV-2-T148G_N171L_A192G,10.447999954223633,train,10.46,1.046,0.01200004577636804
SARS-CoV-2-R16T_L60Q,10.384464263916016,train,10.42,1.042,0.035535736083984304
SARS-CoV-2-G172F,10.361542701721191,train,10.345,1.0345000000000002,0.016542701721190767
SARS-CoV-2-K87T_E154Y,10.511337280273438,train,10.53,1.053,0.01866271972656186
SARS-CoV-2-F62I_S129K,10.343920707702637,train,10.35,1.035,0.006079292297362926
SARS-CoV-2-I2R_P54W_E154K,10.37597370147705,train,10.4,1.04,0.024026298522949574
SARS-CoV-2-N4T_A33L,10.295881271362305,train,10.32,1.032,0.024118728637695597
SARS-CoV-2-Y39W_Y121L,10.492687225341797,train,10.53,1.053,0.037312774658202486
SARS-CoV-2-Y119D_E186D,10.496295928955078,train,10.54,1.054,0.04370407104492102
SARS-CoV-2-P7N_S36K,10.682740211486816,train,10.71,1.0710000000000002,0.027259788513184446
SARS-CoV-2-E154L_Q168I,10.376961708068848,train,10.37,1.037,0.006961708068848438
SARS-CoV-2-V153T,10.360360145568848,train,10.38,1.038,0.019639854431153125
SARS-CoV-2-N64M_N120T,10.415607452392578,train,10.41,1.0410000000000001,0.005607452392577983
SARS-CoV-2-S29K_K87V_L122I,10.55256462097168,train,10.58,1.058,0.027435379028320384
SARS-CoV-2-E76W_F160N,10.362509727478027,train,10.38,1.038,0.017490272521973438
SARS-CoV-2-V37S_Y119K,10.580994606018066,train,10.6,1.06,0.01900539398193324
SARS-CoV-2-I2H_G9S,10.332587242126465,train,10.38,1.038,0.04741275787353594
SARS-CoV-2-L5K_D98N_F126W_F160H,10.36682415008545,train,10.4,1.04,0.033175849914551137
SARS-CoV-2-T55G_T100I,10.53871726989746,train,10.59,1.059,0.0512827301025407
SARS-CoV-2-K48N,10.341900825500488,train,10.351111111111113,1.0351111111111113,0.009210285610624425
SARS-CoV-2-G83M,10.296271324157717,train,10.305,1.0305,0.008728675842283096
SARS-CoV-2-G9S,10.325287818908691,train,10.371428571428572,1.0371428571428571,0.04614075251988048
SARS-CoV-2-N40K_G146S_N151T_T201A,10.52444839477539,train,10.53,1.053,0.0055516052246087355
SARS-CoV-2-N4S_K56L,10.428895950317385,train,10.45,1.045,0.0211040496826147
SARS-CoV-2-C61R_Y178H,10.343892097473145,train,10.36,1.036,0.0161079025268549
SARS-CoV-2-G116Q_T148D,10.322141647338867,train,10.34,1.034,0.01785835266113267
SARS-CoV-2-N64V,10.327356338500977,train,10.343636363636364,1.0343636363636364,0.016280025135387177
SARS-CoV-2-Y39G_L122Q,10.67923069000244,train,10.68,1.068,0.0007693099975600859
SARS-CoV-2-L125I_L188V,10.435643196105955,train,10.47,1.0470000000000002,0.034356803894045385
SARS-CoV-2-N130P_E141D_Q168E,10.2985258102417,train,10.32,1.032,0.021474189758301065
SARS-CoV-2-R78Y_A145V_N171Q,10.367504119873049,train,10.4,1.04,0.032495880126951704
SARS-CoV-2-N58G_R78S,10.435627937316896,train,10.46,1.046,0.024372062683104545
SARS-CoV-2-I28L_Q84T,10.435503959655762,train,10.45,1.045,0.01449604034423757
SARS-CoV-2-G83H_N171I,10.364977836608888,train,10.39,1.0390000000000001,0.025022163391112073
SARS-CoV-2-Q168A,10.402308464050291,train,10.426666666666668,1.0426666666666669,0.024358202616376445
SARS-CoV-2-N40D,10.38054370880127,train,10.371428571428572,1.0371428571428571,0.009115137372697646
SARS-CoV-2-N120H_F126L,10.309402465820312,train,10.32,1.032,0.010597534179687784
SARS-CoV-2-Y119S_E141T,10.562261581420898,train,10.58,1.058,0.017738418579101634
SARS-CoV-2-Y39F_D59S_L122V,10.400711059570312,train,10.415,1.0414999999999999,0.014288940429686647
SARS-CoV-2-K114I_L122N,10.45796012878418,train,10.46,1.046,0.002039871215821165
SARS-CoV-2-C61K_T201P,10.439491271972656,train,10.44,1.044,0.0005087280273432526
SARS-CoV-2-N24S_T170V,10.377240180969238,train,10.4,1.04,0.022759819030762074
SARS-CoV-2-I138M_S200I,10.40567111968994,train,10.43,1.043,0.024328880310060086
SARS-CoV-2-S41W_N151R,10.557969093322754,train,10.6,1.06,0.04203090667724574
SARS-CoV-2-L5H_G155T_K199H,10.517486572265623,train,10.53,1.053,0.012513427734376137
SARS-CoV-2-N118F_L125Q,10.42446517944336,train,10.46,1.046,0.03553482055664148
SARS-CoV-2-L5Q_V37L,10.470897674560549,train,10.45,1.045,0.020897674560549362
SARS-CoV-2-N118E_G174R,10.512455940246582,train,10.56,1.056,0.047544059753418466
SARS-CoV-2-P149L_G155S,10.4182710647583,train,10.43,1.043,0.011728935241698935
SARS-CoV-2-T15K_L122R,10.483511924743652,train,10.53,1.053,0.04648807525634702
SARS-CoV-2-Q168L_S200C,10.314867973327637,train,10.32,1.032,0.0051320266723635655
SARS-CoV-2-A33P_F156S_T193N,10.37632179260254,train,10.39,1.0390000000000001,0.01367820739745973
SARS-CoV-2-L5R_T100V,10.582036972045898,train,10.61,1.061,0.027963027954100994
SARS-CoV-2-Y119V_F156V,10.379111289978027,train,10.41,1.0410000000000001,0.0308887100219728
SARS-CoV-2-V37I_K87T,10.36974048614502,train,10.34,1.034,0.029740486145019673
SARS-CoV-2-L188W,10.299078941345217,train,10.34,1.034,0.04092105865478324
SARS-CoV-2-D75S_G117L_L125K,10.345812797546388,train,10.37,1.037,0.024187202453610723
SARS-CoV-2-T55N_L122F_S129N,10.42897891998291,train,10.45,1.045,0.021021080017089133
SARS-CoV-2-N171I_P191G,10.339102745056152,train,10.36,1.036,0.020897254943847088
SARS-CoV-2-D59A_K199F,10.342562675476074,train,10.38,1.038,0.03743732452392656
SARS-CoV-2-Y39N_G51N,10.45681381225586,train,10.48,1.048,0.02318618774414105
SARS-CoV-2-V32H,10.427411079406738,train,10.45,1.045,0.022588920593261008
SARS-CoV-2-G174N,10.353570938110352,train,10.336666666666666,1.0336666666666667,0.01690427144368556
SARS-CoV-2-N110K_N120S,10.621222496032717,train,10.66,1.066,0.03877750396728352
SARS-CoV-2-T55L_G83N_V115Q_K198A,10.626679420471191,train,10.66,1.066,0.033320579528808736
SARS-CoV-2-F8L_V37F_A81E,10.52498722076416,train,10.52,1.052,0.004987220764160583
SARS-CoV-2-L5W,10.40086841583252,train,10.389,1.0389,0.011868415832520185
SARS-CoV-2-A42R_Q163N,10.529202461242676,train,10.58,1.058,0.05079753875732429
SARS-CoV-2-F62M_P149K,10.404534339904783,train,10.39,1.0390000000000001,0.014534339904782811
SARS-CoV-2-N120E_F126M,10.547794342041016,train,10.59,1.059,0.04220565795898423
SARS-CoV-2-R16M_S129K,10.405893325805664,train,10.43,1.043,0.024106674194335653
SARS-CoV-2-K87H_T140F_T201R,10.35073947906494,train,10.38,1.038,0.02926052093506115
SARS-CoV-2-C61G_T170K,10.348441123962402,train,10.4,1.04,0.05155887603759801
SARS-CoV-2-S43F_G174L,10.308878898620604,train,10.32,1.032,0.011121101379396592
SARS-CoV-2-N40E_K87R,10.365134239196776,train,10.4,1.04,0.03486576080322479
SARS-CoV-2-Y119V_A145I_F160Y,10.33114528656006,train,10.37,1.037,0.03885471343993885
SARS-CoV-2-L5S_G117V_Y119D,10.414301872253418,train,10.45,1.045,0.03569812774658132
SARS-CoV-2-T140I_G155T_P197T,10.381024360656738,train,10.39,1.0390000000000001,0.008975639343262287
SARS-CoV-2-E154H_G174N,10.486384391784668,train,10.525,1.0525,0.038615608215332387
SARS-CoV-2-K87L_K198M,10.564379692077637,train,10.56,1.056,0.004379692077636221
SARS-CoV-2-I2S_N64L,10.334301948547363,train,10.36,1.036,0.02569805145263615
SARS-CoV-2-D90Q,10.34704875946045,train,10.37,1.037,0.02295124053955
SARS-CoV-2-V37S_P149S,10.609138488769531,train,10.61,1.061,0.0008615112304681816
SARS-CoV-2-T55L_F134G,10.386544227600098,train,10.39,1.0390000000000001,0.003455772399902912
SARS-CoV-2-S43Y,10.421875953674316,train,10.401428571428571,1.0401428571428573,0.02044738224574516
SARS-CoV-2-R16F_K94R_L122Q,10.422746658325195,train,10.43,1.043,0.007253341674804403
SARS-CoV-2-E10S_L125G,10.513245582580566,train,10.53,1.053,0.016754417419432954
SARS-CoV-2-Y35I_V115P,10.53135585784912,train,10.53,1.053,0.0013558578491199569
SARS-CoV-2-T3D,10.313899040222168,train,10.316,1.0316,0.002100959777832756
SARS-CoV-2-Y119E_E154D,10.393338203430176,train,10.42,1.042,0.026661796569824148
SARS-CoV-2-E10L_K87H_L122Y,10.32331371307373,train,10.35,1.035,0.026686286926269176
SARS-CoV-2-K87A_K132M_G196E,10.301974296569824,train,10.28,1.028,0.021974296569824858
SARS-CoV-2-L5Q_V37W_G83Y,10.338822364807127,train,10.38,1.038,0.04117763519287365
SARS-CoV-2-V37K_N110G_N118E,10.313410758972168,train,10.32,1.032,0.0065892410278323155
SARS-CoV-2-G117T_G152D,10.490386962890623,train,10.51,1.051,0.019613037109376563
SARS-CoV-2-V37K_K128R_T201W,10.33813762664795,train,10.35,1.035,0.011862373352050426
SARS-CoV-2-A22H_S200I,10.353188514709473,train,10.37,1.037,0.016811485290526562
SARS-CoV-2-S43A_K132R,10.48842716217041,train,10.53,1.053,0.041572837829589204
SARS-CoV-2-N64C_K114I,10.501147270202637,train,10.5,1.05,0.0011472702026367188
SARS-CoV-2-G9W_T55S_G172L_T201L,10.408432960510254,train,10.425,1.0425000000000002,0.016567039489746804
SARS-CoV-2-Q84L_A190G,10.37977123260498,train,10.39,1.0390000000000001,0.0102287673950201
SARS-CoV-2-I2Q_G9M,10.43073558807373,train,10.45,1.045,0.01926441192626882
SARS-CoV-2-I2Q_K114S,10.683794021606444,train,10.7,1.07,0.016205978393555753
SARS-CoV-2-G9W_G174E,10.469500541687012,train,10.47,1.0470000000000002,0.0004994583129889207
SARS-CoV-2-G9E_N120K,10.462926864624023,train,10.51,1.051,0.04707313537597635
SARS-CoV-2-I138L_V153T_T170V,10.45173168182373,train,10.48,1.048,0.028268318176269958
SARS-CoV-2-V37R_N64T,10.454769134521484,train,10.43,1.043,0.02476913452148466
SARS-CoV-2-D59S,10.412612915039062,train,10.439,1.0439,0.026387084960937557
SARS-CoV-2-S29V_S43K_K114I,10.472834587097168,train,10.48,1.048,0.007165412902832458
SARS-CoV-2-T148N_F160A_G166S,10.301383018493652,train,10.31,1.0310000000000001,0.008616981506348154
SARS-CoV-2-D59E_Q84R,10.594499588012695,train,10.58,1.058,0.014499588012695241
SARS-CoV-2-N151I_S200V,10.36158275604248,train,10.36,1.036,0.0015827560424810372
SARS-CoV-2-K56D_L122E_T148N,10.612296104431152,train,10.63,1.0630000000000002,0.017703895568848438
SARS-CoV-2-V115Y_L122W,10.34397029876709,train,10.36,1.036,0.016029701232909588
SARS-CoV-2-V37W_P191T,10.443778038024902,train,10.43,1.043,0.013778038024902628
SARS-CoV-2-I2T_L111S_V173I,10.367677688598633,train,10.37,1.037,0.002322311401366406
SARS-CoV-2-V37C_F156Y,10.414316177368164,train,10.42,1.042,0.0056838226318358664
SARS-CoV-2-Q163A,10.348435401916504,train,10.39,1.0390000000000001,0.04156459808349666
SARS-CoV-2-F8L_K87I_V173H,10.410222053527832,train,10.42,1.042,0.009777946472167898
SARS-CoV-2-N64D_G174L,10.444189071655272,train,10.42,1.042,0.024189071655271732
SARS-CoV-2-A190P,10.41181755065918,train,10.41,1.0410000000000001,0.0018175506591795454
SARS-CoV-2-I138V_K199W,10.52048683166504,train,10.55,1.0550000000000002,0.02951316833495987
SARS-CoV-2-V37L_Y143W,10.31116008758545,train,10.31,1.0310000000000001,0.0011600875854487214
SARS-CoV-2-G9F_Y119V,10.368002891540527,train,10.36,1.036,0.008002891540527912
SARS-CoV-2-N64Y,10.32248878479004,train,10.335,1.0335,0.012511215209960014
SARS-CoV-2-K87I_T100L_G152Q,10.54320240020752,train,10.56,1.056,0.016797599792480966
SARS-CoV-2-K128E,10.35569667816162,train,10.355,1.0355,0.0006966781616188911
SARS-CoV-2-S43Q_K48M,10.392165184020996,train,10.4,1.04,0.007834815979004262
SARS-CoV-2-S43R_S129T,10.557168006896973,train,10.58,1.058,0.022831993103027415
SARS-CoV-2-Y39L_L60N,10.386725425720217,train,10.4,1.04,0.013274574279783735
SARS-CoV-2-R16F_N171M,10.470139503479004,train,10.48,1.048,0.00986049652099652
SARS-CoV-2-I2S_S129K,10.552780151367188,train,10.57,1.0570000000000002,0.017219848632812784
SARS-CoV-2-D97I_Y119R,10.487174034118652,train,10.51,1.051,0.022825965881347443
SARS-CoV-2-K87S_T148F_G172C,10.364760398864746,train,10.36,1.036,0.004760398864746662
SARS-CoV-2-T55N_S129G_T170F,10.345569610595703,train,10.33,1.0330000000000001,0.015569610595703054
SARS-CoV-2-G116Y_S129R,10.328022956848145,train,10.36,1.036,0.0319770431518549
SARS-CoV-2-A42K_S113Q_Y119T_S129K,10.493097305297852,train,10.53,1.053,0.0369026947021478
SARS-CoV-2-Y119I,10.2999906539917,train,10.28125,1.028125,0.01874065399169922
SARS-CoV-2-E141T_K199N,10.309718132019045,train,10.34,1.034,0.030281867980955113
SARS-CoV-2-I2V_T55S_Y123S_V173L,10.410588264465332,train,10.44,1.044,0.02941173553466747
SARS-CoV-2-I2S_I28F,10.506250381469728,train,10.52,1.052,0.013749618530271235
SARS-CoV-2-T55N_K87G,10.440787315368652,train,10.44,1.044,0.0007873153686528411
SARS-CoV-2-I28W_S129I_N171Y,10.6211519241333,train,10.62,1.062,0.0011519241333015628
SARS-CoV-2-V37Q_L111Q,10.316010475158691,train,10.29,1.029,0.02601047515869226
SARS-CoV-2-Y91M_N130A_Y175G,10.312118530273438,train,10.35,1.035,0.037881469726562145
SARS-CoV-2-Y39F_C61T_T201C,10.575997352600098,train,10.6,1.06,0.02400264739990199
SARS-CoV-2-D59A_F160R,10.304540634155272,train,10.33,1.0330000000000001,0.02545936584472841
SARS-CoV-2-R78A_A192T,10.460551261901855,train,10.49,1.0490000000000002,0.029448738098144744
SARS-CoV-2-S43D_Y119Q,10.527388572692873,train,10.55,1.0550000000000002,0.02261142730712784
SARS-CoV-2-V11I_R27M_I104M,10.35835075378418,train,10.37,1.037,0.011649246215819531
SARS-CoV-2-D97T_Y119G_K128D,10.306544303894045,train,10.33,1.0330000000000001,0.023455696105955326
SARS-CoV-2-S43Y_L122H_G174T,10.492140769958496,train,10.51,1.051,0.017859230041503693
SARS-CoV-2-Y35L_T55E,10.432753562927246,train,10.43,1.043,0.002753562927246378
SARS-CoV-2-Y143I_Y175C,10.3110933303833,train,10.31,1.0310000000000001,0.0010933303833002839
SARS-CoV-2-N4G_Y119F_I138T_Q163A,10.351765632629396,train,10.38,1.038,0.028234367370604474
SARS-CoV-2-K87F,10.317266464233398,train,10.337142857142856,1.0337142857142856,0.019876392909457863
SARS-CoV-2-K87T_T148F,10.445666313171388,train,10.42,1.042,0.025666313171388566
SARS-CoV-2-K114D_S147V,10.3220853805542,train,10.31,1.0310000000000001,0.012085380554198721
SARS-CoV-2-K87V_I142F,10.5098237991333,train,10.52,1.052,0.010176200866698792
SARS-CoV-2-G117S_L187Q_T201L,10.404860496520996,train,10.44,1.044,0.03513950347900341
SARS-CoV-2-V37L_N171I,10.533849716186523,train,10.53,1.053,0.003849716186524077
SARS-CoV-2-I2V_C61K,10.489548683166504,train,10.52,1.052,0.030451316833495667
SARS-CoV-2-C61R_Y143F,10.343111038208008,train,10.36,1.036,0.01688896179199162
SARS-CoV-2-G9D_F62Q,10.331275939941406,train,10.33,1.0330000000000001,0.001275939941406179
SARS-CoV-2-T85Y_F134Y_N171S,10.393231391906738,train,10.41,1.0410000000000001,0.01676860809326186
SARS-CoV-2-Q144M_G172E,10.440873146057127,train,10.47,1.0470000000000002,0.02912685394287351
SARS-CoV-2-R27S_Y175S,10.59982204437256,train,10.63,1.0630000000000002,0.03017795562744041
SARS-CoV-2-D98E_H189P,10.318081855773926,train,10.35,1.035,0.031918144226073863
SARS-CoV-2-L60E_S129A,10.539765357971191,train,10.55,1.0550000000000002,0.010234642028809304
SARS-CoV-2-V37I_N120M,10.408989906311035,train,10.43,1.043,0.02101009368896456
SARS-CoV-2-G9H_I104M,10.532882690429688,train,10.56,1.056,0.027117309570312997
SARS-CoV-2-G117V_K128T,10.35445499420166,train,10.38,1.038,0.025545005798340625
SARS-CoV-2-S36K_G166Q,10.409369468688965,train,10.43,1.043,0.020630531311034872
SARS-CoV-2-G9N_S29R_G166M,10.603346824645996,train,10.63,1.0630000000000002,0.026653175354004688
SARS-CoV-2-T55E_T201R,10.407395362854004,train,10.42,1.042,0.012604637145996023
SARS-CoV-2-G172L,10.358942985534668,train,10.336666666666666,1.0336666666666667,0.022276318868001965
SARS-CoV-2-Y121F,10.297053337097168,train,10.314285714285717,1.0314285714285718,0.017232377188548753
SARS-CoV-2-I2H_A192E,10.536495208740234,train,10.56,1.056,0.023504791259766122
SARS-CoV-2-T55C_V115A,10.621235847473145,train,10.62,1.062,0.0012358474731453128
SARS-CoV-2-P54R_G152T,10.514994621276855,train,10.51,1.051,0.004994621276855682
SARS-CoV-2-G9E_V37D_N64C,10.419816970825195,train,10.43,1.043,0.010183029174804403
SARS-CoV-2-K128R,10.315163612365724,train,10.330714285714285,1.0330714285714284,0.015550673348560196
SARS-CoV-2-I2Q_S29F,10.455604553222656,train,10.45,1.045,0.0056045532226569605
SARS-CoV-2-L5A_Y39W_V65A_S200N,10.403429985046388,train,10.4,1.04,0.00342998504638814
SARS-CoV-2-P191T,10.328051567077637,train,10.351428571428572,1.0351428571428574,0.023377004350935593
SARS-CoV-2-K56H_N120T_N151F,10.349177360534668,train,10.36,1.036,0.010822639465331463
SARS-CoV-2-N1I_V37Q_D59T_T100L_L125H_T170L,10.470215797424316,train,10.49,1.0490000000000002,0.019784202575683807
SARS-CoV-2-R78V_G146S,10.459046363830566,train,10.48,1.048,0.02095363616943402
SARS-CoV-2-L5F_D97T,10.364991188049316,train,10.37,1.037,0.005008811950682812
SARS-CoV-2-F62L_T170K,10.32997226715088,train,10.31,1.0310000000000001,0.019972267150880185
SARS-CoV-2-V37I_K128H,10.444550514221191,train,10.44,1.044,0.004550514221191904
SARS-CoV-2-L188N_P197E,10.364218711853027,train,10.4,1.04,0.03578128814697301
SARS-CoV-2-I2Y_K132V,10.316011428833008,train,10.31,1.0310000000000001,0.006011428833007315
SARS-CoV-2-L5I_T85S,10.358454704284668,train,10.41,1.0410000000000001,0.05154529571533217
SARS-CoV-2-Y35F_A89S_G155S,10.370068550109863,train,10.41,1.0410000000000001,0.03993144989013686
SARS-CoV-2-N120T_K199V,10.63356876373291,train,10.66,1.066,0.026431236267089986
SARS-CoV-2-N110E_N130C,10.335780143737791,train,10.335,1.0335,0.0007801437377903397
SARS-CoV-2-K87R_P149I,10.465664863586426,train,10.48,1.048,0.014335136413574645
SARS-CoV-2-K56E_L95V,10.494881629943848,train,10.51,1.051,0.01511837005615213
SARS-CoV-2-G9W_Y35F_T100V_G152S,10.418745994567873,train,10.43,1.043,0.011254005432126846
SARS-CoV-2-S53E_T85K,10.396672248840332,train,10.385,1.0385,0.011672248840332244
SARS-CoV-2-N40S_Y175Q,10.380931854248049,train,10.42,1.042,0.03906814575195128
SARS-CoV-2-K56M,10.338262557983398,train,10.3305,1.03305,0.007762557983397755
SARS-CoV-2-I2M_N130M,10.296771049499512,train,10.31,1.0310000000000001,0.013228950500488779
SARS-CoV-2-L122R_A145I,10.49036693572998,train,10.5,1.05,0.009633064270019531
SARS-CoV-2-K56G_Y119L,10.314827919006348,train,10.35,1.035,0.03517208099365199
SARS-CoV-2-V37W_D97Q,10.513097763061523,train,10.54,1.054,0.02690223693847571
SARS-CoV-2-V32Y_N151K,10.44434928894043,train,10.45,1.045,0.005650711059569602
SARS-CoV-2-I28L_N64A_I138D,10.396159172058104,train,10.420000000000002,1.0420000000000003,0.023840827941898013
SARS-CoV-2-N40H_P197K,10.429696083068848,train,10.47,1.0470000000000002,0.04030391693115298
SARS-CoV-2-A145F_T170N,10.441686630249023,train,10.48,1.048,0.03831336975097699
SARS-CoV-2-V37G_T140R,10.536434173583984,train,10.57,1.0570000000000002,0.03356582641601591
SARS-CoV-2-K56D_N120K_T201H,10.606810569763184,train,10.62,1.062,0.013189430236815625
SARS-CoV-2-L122F_H189S,10.336640357971191,train,10.36,1.036,0.023359642028808025
SARS-CoV-2-Y119D_K128I,10.614596366882324,train,10.63,1.0630000000000002,0.015403633117676563
SARS-CoV-2-R16F_F44W,10.318957328796388,train,10.31,1.0310000000000001,0.008957328796387998
SARS-CoV-2-T85M_L125S_K132T_T201I,10.497220039367676,train,10.52,1.052,0.022779960632323792
SARS-CoV-2-F156S_L187N,10.363314628601074,train,10.38,1.038,0.016685371398926563
SARS-CoV-2-Y119V_V153D,10.431325912475586,train,10.46,1.046,0.028674087524414915
SARS-CoV-2-I138L_P197A,10.51965618133545,train,10.51,1.051,0.009656181335449432
SARS-CoV-2-Y39L_C61E,10.615195274353027,train,10.65,1.0650000000000002,0.03480472564697301
SARS-CoV-2-V37Y_K128A_G174K,10.530191421508787,train,10.53,1.053,0.00019142150878792563
SARS-CoV-2-D59T_L122M_S200L,10.35135269165039,train,10.35,1.035,0.0013526916503909803
SARS-CoV-2-I2C_V37S_G152N,10.67750358581543,train,10.71,1.0710000000000002,0.032496414184571165
SARS-CoV-2-P7L_V37F_K56E,10.450392723083496,train,10.47,1.0470000000000002,0.019607276916504546
SARS-CoV-2-S53L_C61E,10.47665786743164,train,10.51,1.051,0.03334213256835916
SARS-CoV-2-L5Y_K87I,10.43074893951416,train,10.46,1.046,0.029251060485840696
SARS-CoV-2-T85R_I142P_Q168K,10.3712797164917,train,10.41,1.0410000000000001,0.03872028350830092
SARS-CoV-2-V52Y_Y119P,10.467425346374512,train,10.53,1.053,0.06257465362548764
SARS-CoV-2-F134G,10.316887855529783,train,10.312857142857142,1.0312857142857144,0.004030712672641101
SARS-CoV-2-V65I_N151R,10.320631980895996,train,10.37,1.037,0.049368019104003125
SARS-CoV-2-Y35F_T55L_D90C,10.30426788330078,train,10.3,1.03,0.004267883300778763
SARS-CoV-2-C61D_T148K,10.476861000061035,train,10.51,1.051,0.03313899993896463
SARS-CoV-2-A42E_K87Q,10.693861961364746,train,10.71,1.0710000000000002,0.01613803863525476
SARS-CoV-2-Y39F_K198G,10.530227661132812,train,10.53,1.053,0.0002276611328131395
SARS-CoV-2-A67L_Y143W,10.39397144317627,train,10.38,1.038,0.01397144317626875
SARS-CoV-2-S53I_A145V,10.36699390411377,train,10.36,1.036,0.0069939041137701
SARS-CoV-2-G172E,10.312490463256836,train,10.33,1.0330000000000001,0.017509536743164134
SARS-CoV-2-S113G_S200Q,10.370800971984863,train,10.4,1.04,0.029199028015137074
SARS-CoV-2-Y35L_S184A,10.428403854370115,train,10.45,1.045,0.02159614562988388
SARS-CoV-2-K87T_Y119A,10.56908893585205,train,10.55,1.0550000000000002,0.01908893585205007
SARS-CoV-2-N118E_L188T,10.300432205200195,train,10.34,1.034,0.039567794799804545
SARS-CoV-2-T148R,10.360697746276855,train,10.369,1.0369,0.008302253723144304
SARS-CoV-2-G9N_L122T_P149M,10.599677085876465,train,10.63,1.0630000000000002,0.030322914123535938
SARS-CoV-2-K48N_T201M,10.486910820007324,train,10.57,1.0570000000000002,0.08308917999267607
SARS-CoV-2-K56S_L122N,10.569515228271484,train,10.62,1.062,0.05048477172851484
SARS-CoV-2-N4K_Y119G_T148I,10.318036079406738,train,10.31,1.0310000000000001,0.008036079406737784
SARS-CoV-2-N1V_G9Q,10.457475662231444,train,10.5,1.05,0.042524337768556464
SARS-CoV-2-S129K,10.516550064086914,train,10.5575,1.05575,0.040949935913085156
SARS-CoV-2-A42G_K114D_N171D,10.317880630493164,train,10.35,1.035,0.03211936950683558
SARS-CoV-2-I2N_V37L,10.43144702911377,train,10.45,1.045,0.018552970886229758
SARS-CoV-2-V32H_P149E,10.390446662902832,train,10.39,1.0390000000000001,0.0004466629028314628
SARS-CoV-2-K26E_N64S_Y119T_G166Q_K199V,10.348969459533691,train,10.37,1.037,0.021030540466307812
SARS-CoV-2-G9D_T140D_V153A,10.300286293029783,train,10.31,1.0310000000000001,0.009713706970217117
SARS-CoV-2-K56D,10.453293800354004,train,10.4675,1.04675,0.014206199645995454
SARS-CoV-2-S129N,10.365370750427246,train,10.40857142857143,1.040857142857143,0.04320067814418316
SARS-CoV-2-A18P_C61G_G116V_Y119R,10.470775604248049,train,10.48,1.048,0.009224395751951775
SARS-CoV-2-Q84R_L125E,10.314295768737791,train,10.34,1.034,0.025704231262208665
SARS-CoV-2-K128N_G155A,10.34596347808838,train,10.35,1.035,0.004036521911618962
SARS-CoV-2-R16K_K128L_P197L,10.540206909179688,train,10.555,1.0555,0.014793090820312216
SARS-CoV-2-I28L_P149S,10.38033962249756,train,10.44,1.044,0.05966037750243913
SARS-CoV-2-T140E,10.31589412689209,train,10.363333333333332,1.036333333333333,0.047439206441241666
SARS-CoV-2-I2S_E154G,10.297684669494627,train,10.31,1.0310000000000001,0.012315330505373367
SARS-CoV-2-K114I_F156T,10.378180503845217,train,10.4,1.04,0.021819496154783735
SARS-CoV-2-K56Q_L122G,10.438871383666992,train,10.43,1.043,0.008871383666992472
SARS-CoV-2-L38I_V52C_N157D_Y175A,10.712215423583984,train,10.72,1.072,0.0077845764160162645
SARS-CoV-2-K114A_Y121F_Q168H,10.34199047088623,train,10.37,1.037,0.02800952911376875
SARS-CoV-2-V37F_G174E,10.722166061401367,train,10.73,1.0730000000000002,0.007833938598633239
SARS-CoV-2-R27E_I138V_G152D,10.466168403625488,train,10.49,1.0490000000000002,0.023831596374511932
SARS-CoV-2-A22K_G117T,10.30365753173828,train,10.33,1.0330000000000001,0.026342468261720597
SARS-CoV-2-I2N_F62T_Q168R,10.366583824157717,train,10.41,1.0410000000000001,0.04341617584228352
SARS-CoV-2-N58A_F156I,10.335345268249512,train,10.36,1.036,0.024654731750487713
SARS-CoV-2-G9A_S43V_Y175A,10.491765022277832,train,10.52,1.052,0.028234977722167542
SARS-CoV-2-D90R_F156N,10.385422706604004,train,10.39,1.0390000000000001,0.004577293395996662
SARS-CoV-2-S129E_V153N_K198S,10.600041389465332,train,10.65,1.0650000000000002,0.049958610534668324
SARS-CoV-2-K87G_P197G,10.343424797058104,train,10.355,1.0355,0.011575202941896734
SARS-CoV-2-Y35V_L60K,10.51879596710205,train,10.53,1.053,0.01120403289794858
SARS-CoV-2-A14R_K87I,10.371533393859863,train,10.4,1.04,0.028466606140137074
SARS-CoV-2-V37M_N118A,10.671586036682127,train,10.7,1.07,0.02841396331787216
SARS-CoV-2-N4H,10.392518043518066,train,10.414,1.0414,0.021481956481933295
SARS-CoV-2-Y39I_N157Y_G166V,10.550995826721191,train,10.56,1.056,0.009004173278809091
SARS-CoV-2-I2L_T100K_G174K,10.539326667785645,train,10.57,1.0570000000000002,0.030673332214355753
SARS-CoV-2-G9R_V37W,10.452576637268066,train,10.48,1.048,0.02742336273193402
SARS-CoV-2-P54R,10.302547454833984,train,10.357142857142858,1.0357142857142858,0.054595402308873275
SARS-CoV-2-P54I_N64W_L122M,10.345839500427246,train,10.39,1.0390000000000001,0.044160499572754475
SARS-CoV-2-P149I_L187M_K198N,10.505104064941406,train,10.51,1.051,0.004895935058593537
SARS-CoV-2-V37A_T170Y,10.40850830078125,train,10.44,1.044,0.0314916992187495
SARS-CoV-2-Y66L_F156V,10.462721824645996,train,10.5,1.05,0.037278175354003906
SARS-CoV-2-I2N_N118D,10.454458236694336,train,10.5,1.05,0.04554176330566406
SARS-CoV-2-P197Y,10.489832878112791,train,10.555,1.0555,0.06516712188720852
SARS-CoV-2-N4Q_K48R,10.54446506500244,train,10.59,1.059,0.04553493499756023
SARS-CoV-2-T85A_T170S,10.3196439743042,train,10.36,1.036,0.04035602569580021
SARS-CoV-2-L5R_T140H,10.343067169189451,train,10.4,1.04,0.05693283081054901
SARS-CoV-2-R27I_D59T,10.33058738708496,train,10.36,1.036,0.02941261291504027
SARS-CoV-2-N64H_K132S,10.302388191223145,train,10.32,1.032,0.017611808776855753
SARS-CoV-2-V37R_L122M_P149S,10.528847694396973,train,10.53,1.053,0.0011523056030267043
SARS-CoV-2-V37T_K128S_T140L,10.38780117034912,train,10.385,1.0385,0.0028011703491195306
SARS-CoV-2-V37R_N118A,10.310162544250488,train,10.25,1.0250000000000001,0.06016254425048828
SARS-CoV-2-S129T,10.43380069732666,train,10.46125,1.046125,0.02744930267333956
SARS-CoV-2-N1D_K87M,10.40248966217041,train,10.47,1.0470000000000002,0.06751033782959048
SARS-CoV-2-G116D_S147T,10.32899284362793,train,10.34,1.034,0.01100715637207017
SARS-CoV-2-S29Q,10.685185432434082,train,10.7,1.07,0.014814567565917258
SARS-CoV-2-F44R_P197L,10.347529411315918,train,10.37,1.037,0.02247058868408125
SARS-CoV-2-T100I_G166F,10.3385009765625,train,10.35,1.035,0.011499023437499645
SARS-CoV-2-R16K_K56G_K87S,10.367445945739746,train,10.38,1.038,0.012554054260254688
SARS-CoV-2-Y39V_T63Y_I138N_F160R_G166V_K198S,10.419039726257324,train,10.425,1.0425000000000002,0.005960273742676492
SARS-CoV-2-I2Q_S45T_D97I_T170D,10.422606468200684,train,10.45,1.045,0.027393531799315696
SARS-CoV-2-Y175W,10.434508323669434,train,10.445,1.0445,0.01049167633056669
SARS-CoV-2-K87S_Y123S,10.315320014953612,train,10.315,1.0315,0.0003200149536120023
SARS-CoV-2-I2P_G146S,10.611702919006348,train,10.65,1.0650000000000002,0.0382970809936527
SARS-CoV-2-G146S_F156L,10.441100120544434,train,10.47,1.0470000000000002,0.028899879455567046
SARS-CoV-2-L122A_P149T,10.459019660949709,train,10.47,1.0470000000000002,0.010980339050291832
SARS-CoV-2-K198D,10.439732551574709,train,10.46,1.046,0.020267448425292045
SARS-CoV-2-L125K_E141F,10.54055404663086,train,10.565,1.0565,0.024445953369140128
SARS-CoV-2-N171Y,10.35831356048584,train,10.3675,1.03675,0.009186439514159872
SARS-CoV-2-C61K_Q168L,10.34433650970459,train,10.35,1.035,0.005663490295409801
SARS-CoV-2-L122V_T201M,10.359423637390137,train,10.39,1.0390000000000001,0.03057636260986385
SARS-CoV-2-N118A_N171G,10.3864164352417,train,10.37,1.037,0.0164164352417
SARS-CoV-2-Y39S_A190T,10.388245582580566,train,10.37,1.037,0.018245582580567188
SARS-CoV-2-V153E,10.338335037231444,train,10.4125,1.04125,0.07416496276855611
SARS-CoV-2-S139T_A192R,10.387774467468262,train,10.43,1.043,0.042225532531738
SARS-CoV-2-T15P_S36D_K87T_Q168I,10.503997802734377,train,10.53,1.053,0.026002197265622584
SARS-CoV-2-L5H_V173M,10.302823066711426,train,10.32,1.032,0.017176933288574503
SARS-CoV-2-G166Y,10.301352500915527,train,10.32125,1.032125,0.019897499084471804
SARS-CoV-2-K128S_V173L,10.521031379699709,train,10.53,1.053,0.008968620300290553
SARS-CoV-2-G116I_F156I,10.526898384094238,train,10.52,1.052,0.006898384094238708
SARS-CoV-2-S53D_I104T,10.379546165466309,train,10.39,1.0390000000000001,0.010453834533691975
SARS-CoV-2-R16V_T63I,10.319972038269045,train,10.33,1.0330000000000001,0.010027961730955326
SARS-CoV-2-N4S_Q168Y,10.538474082946776,train,10.575,1.0574999999999999,0.03652591705322372
SARS-CoV-2-S139N,10.3316011428833,train,10.342941176470587,1.0342941176470588,0.011340033587286413
SARS-CoV-2-F156K_P169A_S200R,10.385668754577637,train,10.39,1.0390000000000001,0.00433124542236385
SARS-CoV-2-N64Y_L122C,10.413044929504396,train,10.42,1.042,0.006955070495603621
SARS-CoV-2-P7S_N157K,10.411734580993652,train,10.42,1.042,0.008265419006347585
SARS-CoV-2-P149A,10.354187965393066,train,10.36,1.036,0.005812034606933025
SARS-CoV-2-I2R_P149N,10.46232795715332,train,10.49,1.0490000000000002,0.0276720428466799
SARS-CoV-2-P7T_V37F_T148V,10.395902633666992,train,10.4,1.04,0.004097366333008168
SARS-CoV-2-E186D,10.3925142288208,train,10.41,1.0410000000000001,0.01748577117919936
SARS-CoV-2-T148A,10.31307888031006,train,10.328181818181818,1.0328181818181819,0.01510293787175776
SARS-CoV-2-S29T,10.389259338378906,train,10.415,1.0414999999999999,0.025740661621092897
SARS-CoV-2-E154N_T201V,10.324551582336426,train,10.345,1.0345000000000002,0.020448417663574858
SARS-CoV-2-S129E_I142Y,10.360283851623535,train,10.4,1.04,0.0397161483764652
SARS-CoV-2-T63K_L122F_T201L,10.351871490478516,train,10.37,1.037,0.018128509521483593
SARS-CoV-2-G83Y_T201A,10.324240684509276,train,10.34,1.034,0.01575931549072429
SARS-CoV-2-Y123R_T201N,10.335881233215332,train,10.37,1.037,0.03411876678466719
SARS-CoV-2-C61Y_D98K_L122Q_F156E,10.371304512023926,train,10.38,1.038,0.008695487976075
SARS-CoV-2-S43A,10.39710521697998,train,10.444545454545455,1.0444545454545455,0.047440237565474774
SARS-CoV-2-K132L_F160Q,10.395174980163574,train,10.41,1.0410000000000001,0.014825019836425923
SARS-CoV-2-Y175Q,10.393790245056152,train,10.423333333333334,1.0423333333333333,0.02954308827718144
SARS-CoV-2-T100Y_L122V_P149R,10.385355949401855,train,10.41,1.0410000000000001,0.024644050598144673
SARS-CoV-2-I142L_Y159H,10.348980903625488,train,10.36,1.036,0.01101909637451115
SARS-CoV-2-I2D_S43G_F126T,10.435242652893066,train,10.43,1.043,0.0052426528930666905
SARS-CoV-2-C61R_D90R,10.344736099243164,train,10.42,1.042,0.07526390075683587
SARS-CoV-2-F62T_G174Q,10.393542289733888,train,10.43,1.043,0.03645771026611122
SARS-CoV-2-A22T_L125S,10.48588752746582,train,10.47,1.0470000000000002,0.015887527465819673
SARS-CoV-2-D97L_F160S,10.349665641784668,train,10.36,1.036,0.010334358215331463
SARS-CoV-2-I142M_G172K,10.412679672241213,train,10.44,1.044,0.02732032775878679
SARS-CoV-2-C61G_T85K,10.322233200073242,train,10.37,1.037,0.04776679992675703
SARS-CoV-2-R16Y,10.343806266784668,train,10.387272727272729,1.038727272727273,0.043466460488060576
SARS-CoV-2-T85K_N120A,10.332748413085938,train,10.36,1.036,0.02725158691406193
SARS-CoV-2-G9K_V37K,10.470707893371582,train,10.51,1.051,0.039292106628417756
SARS-CoV-2-L5E_V37R,10.298892974853516,train,10.31,1.0310000000000001,0.011107025146484872
SARS-CoV-2-G83D_L125G,10.314833641052246,train,10.35,1.035,0.03516635894775355
SARS-CoV-2-V37L_Y91F,10.31264591217041,train,10.33,1.0330000000000001,0.017354087829589915
SARS-CoV-2-K199C,10.38479995727539,train,10.43,1.043,0.04520004272460909
SARS-CoV-2-K199Q,10.373046875,train,10.405,1.0405,0.03195312499999936
SARS-CoV-2-K56T_Y119M,10.408673286437988,train,10.47,1.0470000000000002,0.06132671356201236
SARS-CoV-2-V32D_T85R_T201G,10.311036109924316,train,10.32,1.032,0.008963890075683878
SARS-CoV-2-E141D_L188I,10.355462074279783,train,10.38,1.038,0.0245379257202174
SARS-CoV-2-P7Q_Y119E_T170I,10.459637641906738,train,10.48,1.048,0.020362358093262145
SARS-CoV-2-N64I_D97E_P197L,10.295958518981934,train,10.29,1.029,0.005958518981934446
SARS-CoV-2-F160N_V173L,10.55055332183838,train,10.56,1.056,0.009446678161619815
SARS-CoV-2-L60S_Y175F,10.375475883483888,train,10.39,1.0390000000000001,0.014524116516112073
SARS-CoV-2-I2L_T55Y,10.53901195526123,train,10.54,1.054,0.0009880447387686786
SARS-CoV-2-K87R_D98A_L122K_Q168I_A190V,10.301885604858398,train,10.33,1.0330000000000001,0.028114395141601634
SARS-CoV-2-S43Y_V173I_A190V,10.486801147460938,train,10.54,1.054,0.05319885253906165
SARS-CoV-2-A145Q_K199G,10.4000825881958,train,10.42,1.042,0.019917411804199148
SARS-CoV-2-I2G_L188F,10.637621879577637,train,10.66,1.066,0.022378120422363423
SARS-CoV-2-P7E,10.409310340881348,train,10.416,1.0416,0.006689659118652713
SARS-CoV-2-V52L_F160V,10.310283660888672,train,10.33,1.0330000000000001,0.019716339111328196
SARS-CoV-2-Q84M_P169V,10.470484733581545,train,10.5,1.05,0.029515266418455255
SARS-CoV-2-L5R_V37G,10.484179496765137,train,10.495,1.0494999999999999,0.0108205032348625
SARS-CoV-2-P197V,10.460850715637209,train,10.484285714285717,1.0484285714285717,0.023434998648507843
SARS-CoV-2-S43W,10.35716724395752,train,10.37,1.037,0.012832756042479687
SARS-CoV-2-S19H_K198N,10.38634204864502,train,10.42,1.042,0.0336579513549804
SARS-CoV-2-L5Y_Y119F,10.445701599121094,train,10.48,1.048,0.034298400878906676
SARS-CoV-2-S139N_T201M,10.415331840515137,train,10.45,1.045,0.03466815948486257
SARS-CoV-2-V37K_Y119D_K132C_A190S,10.47351360321045,train,10.49,1.0490000000000002,0.016486396789550994
SARS-CoV-2-V37E_G174V,10.49353313446045,train,10.49,1.0490000000000002,0.0035331344604490056
SARS-CoV-2-N110H,10.520256996154783,train,10.53,1.053,0.00974300384521598
SARS-CoV-2-K26R_S53L_L60Y_E154R_T201Q,10.459589958190918,train,10.49,1.0490000000000002,0.030410041809082244
SARS-CoV-2-L188Y,10.349430084228516,train,10.365,1.0365,0.015569915771484588
SARS-CoV-2-V37N_K56S_L122T_S147N,10.5181245803833,train,10.54,1.054,0.021875419616698366
SARS-CoV-2-K87Y_Y159W,10.482100486755373,train,10.49,1.0490000000000002,0.007899513244627343
SARS-CoV-2-P7D_E141V_K198M,10.436911582946776,train,10.44,1.044,0.0030884170532239352
SARS-CoV-2-L5V_N40H,10.483704566955566,train,10.5,1.05,0.016295433044433594
SARS-CoV-2-K87I_V115G_F126L,10.465886116027832,train,10.47,1.0470000000000002,0.004113883972168608
SARS-CoV-2-Y119H_E141P,10.323596000671388,train,10.34,1.034,0.016403999328611363
SARS-CoV-2-I88V_Y119Q_T201M,10.415864944458008,train,10.45,1.045,0.03413505554199148
SARS-CoV-2-S36K_S43G,10.293521881103516,train,10.32,1.032,0.02647811889648466
SARS-CoV-2-I2E,10.365750312805176,train,10.356666666666667,1.0356666666666667,0.009083646138508428
SARS-CoV-2-N64T_Q163M,10.337117195129396,train,10.34,1.034,0.0028828048706035503
SARS-CoV-2-K56V_F156L,10.297863006591797,train,10.3,1.03,0.0021369934082038355
SARS-CoV-2-T63S_S129N_N151S_F156S,10.417241096496582,train,10.44,1.044,0.02275890350341747
SARS-CoV-2-K56D_V153I_T170R,10.313289642333984,train,10.35,1.035,0.03671035766601527
SARS-CoV-2-I28V_Y35V,10.47823429107666,train,10.51,1.051,0.03176570892333963
SARS-CoV-2-T3K,10.298151016235352,train,10.3325,1.03325,0.03434898376464801
SARS-CoV-2-T3H_T100Y,10.320781707763672,train,10.35,1.035,0.02921829223632777
SARS-CoV-2-E10A_K56Q,10.309657096862791,train,10.3,1.03,0.009657096862790482
SARS-CoV-2-L122K_G146D,10.40874195098877,train,10.44,1.044,0.03125804901122997
SARS-CoV-2-F8L_N120T_S129Y_G174R,10.664982795715332,train,10.67,1.067,0.005017204284667898
SARS-CoV-2-G9S_L122S_F134H,10.593191146850586,train,10.6,1.06,0.006808853149413707
SARS-CoV-2-C61D_V173T,10.318480491638184,train,10.31,1.0310000000000001,0.008480491638183096
SARS-CoV-2-I2N_N64S,10.349984169006348,train,10.36,1.036,0.010015830993651775
SARS-CoV-2-Y159K,10.361324310302734,train,10.38,1.038,0.018675689697266407
SARS-CoV-2-L60S_T100V,10.361568450927734,train,10.39,1.0390000000000001,0.028431549072266193
SARS-CoV-2-T55W,10.3418607711792,train,10.316,1.0316,0.025860771179198494
SARS-CoV-2-N4H_E154A_G166S,10.31904125213623,train,10.34,1.034,0.02095874786376939
SARS-CoV-2-K56Q_G83R,10.317309379577637,train,10.32,1.032,0.0026906204223635655
SARS-CoV-2-K87H_L122M,10.334178924560549,train,10.325,1.0325,0.009178924560549362
SARS-CoV-2-I138V_T148D_F156L,10.592977523803713,train,10.64,1.064,0.047022476196287855
SARS-CoV-2-F134Y,10.45968532562256,train,10.49,1.0490000000000002,0.030314674377439843
SARS-CoV-2-N40K_D59S_N130I,10.364502906799316,train,10.36,1.036,0.004502906799316975
SARS-CoV-2-N64S_L122K,10.504647254943848,train,10.56,1.056,0.05535274505615284
SARS-CoV-2-V37D_T201Y,10.330759048461914,train,10.36,1.036,0.02924095153808537
SARS-CoV-2-I2F_V37W,10.50143051147461,train,10.51,1.051,0.008569488525390412
SARS-CoV-2-Y159R,10.350570678710938,train,10.35888888888889,1.035888888888889,0.008318210177952423
SARS-CoV-2-I2L_K87R_L111H_G155D,10.345301628112791,train,10.37,1.037,0.024698371887208026
SARS-CoV-2-D59E_Q144D,10.3163480758667,train,10.34,1.034,0.02365192413330064
SARS-CoV-2-T201D,10.353838920593262,train,10.384444444444446,1.0384444444444447,0.030605523851184202
SARS-CoV-2-L122N,10.37712287902832,train,10.38714285714286,1.0387142857142861,0.010019978114540251
SARS-CoV-2-F160Y_Y175V,10.440329551696776,train,10.46,1.046,0.019670448303225285
SARS-CoV-2-A33W_T201H,10.453557968139648,train,10.48,1.048,0.02644203186035199
SARS-CoV-2-T63K_T170Q,10.469752311706545,train,10.51,1.051,0.04024768829345504
SARS-CoV-2-V173Q,10.34755516052246,train,10.388,1.0388,0.04044483947754074
SARS-CoV-2-Y39V_F126V,10.55372142791748,train,10.58,1.058,0.026278572082519602
SARS-CoV-2-E141V_F160Y,10.508089065551758,train,10.53,1.053,0.021910934448241548
SARS-CoV-2-N110M,10.376191139221191,train,10.387142857142855,1.0387142857142855,0.010951717921663828
SARS-CoV-2-V37G_R78S,10.445372581481934,train,10.48,1.048,0.03462741851806683
SARS-CoV-2-Y35L_N40S_V173D,10.451790809631348,train,10.49,1.0490000000000002,0.03820919036865256
SARS-CoV-2-P7A_S184T,10.660991668701172,train,10.69,1.069,0.029008331298827628
SARS-CoV-2-K132G_T148S,10.315916061401367,train,10.315,1.0315,0.0009160614013676849
SARS-CoV-2-E10A_K48R_G83F_S200I,10.422015190124512,train,10.44,1.044,0.017984809875487784
SARS-CoV-2-A22H_Y35M_L60I_K198N_S200I,10.355791091918944,train,10.39,1.0390000000000001,0.03420890808105703
SARS-CoV-2-Y35L_S43I_G174S_A192R_T201C,10.404151916503906,train,10.44,1.044,0.03584808349609325
SARS-CoV-2-V32E_S41N_G116A,10.52126407623291,train,10.55,1.0550000000000002,0.028735923767090554
SARS-CoV-2-C61P,10.327714920043944,train,10.34909090909091,1.034909090909091,0.021375989046966026
SARS-CoV-2-R78C_T148S,10.544936180114746,train,10.59,1.059,0.045063819885253764
SARS-CoV-2-N64V_G172T,10.361559867858888,train,10.4,1.04,0.03844013214111186
SARS-CoV-2-V37L_K56N_K199M,10.6731595993042,train,10.68,1.068,0.006840400695800497
SARS-CoV-2-S43I_K114N_N130K,10.422057151794434,train,10.46,1.046,0.03794284820556726
SARS-CoV-2-G83K_S139N,10.359615325927734,train,10.38,1.038,0.020384674072266407
SARS-CoV-2-G166N,10.340383529663086,train,10.37,1.037,0.02961647033691328
SARS-CoV-2-K56R_F62I,10.335238456726074,train,10.34,1.034,0.004761543273925639
SARS-CoV-2-A18E_D90R_L125R_Y175R,10.559906959533691,train,10.57,1.0570000000000002,0.010093040466308878
SARS-CoV-2-S43G_Y175M,10.478710174560549,train,10.5,1.05,0.02128982543945135
SARS-CoV-2-P54L_N118D_G172E_S200D,10.639914512634276,train,10.66,1.066,0.020085487365724575
SARS-CoV-2-L122I_T201M,10.303828239440918,train,10.3,1.03,0.003828239440917258
SARS-CoV-2-G9E,10.41610622406006,train,10.454166666666667,1.0454166666666669,0.038060442606607126
SARS-CoV-2-V65I_S147L,10.606574058532717,train,10.64,1.064,0.03342594146728395
SARS-CoV-2-I2E_G9T,10.456836700439451,train,10.45,1.045,0.006836700439452059
SARS-CoV-2-N24T_D97S,10.347613334655762,train,10.37,1.037,0.0223866653442375
SARS-CoV-2-T3S_S43L,10.435202598571776,train,10.48,1.048,0.04479740142822486
SARS-CoV-2-D97T_Y175S_K199M,10.484296798706056,train,10.51,1.051,0.025703201293943323
SARS-CoV-2-C61K_Y119P_S129H_N171L,10.342168807983398,train,10.37,1.037,0.02783119201660078
SARS-CoV-2-N4R_S129N_T201F,10.370146751403809,train,10.39,1.0390000000000001,0.019853248596191975
SARS-CoV-2-I2E_A42G,10.299389839172363,train,10.31,1.0310000000000001,0.010610160827637216
SARS-CoV-2-K87I_T100L,10.651558876037598,train,10.68,1.068,0.02844112396240206
SARS-CoV-2-L60H_N120L,10.347851753234863,train,10.42,1.042,0.07214824676513665
SARS-CoV-2-A81K_T100L_L122R_F156H,10.478078842163086,train,10.49,1.0490000000000002,0.011921157836914276
SARS-CoV-2-F126N_G166V,10.333433151245115,train,10.35,1.035,0.016566848754884234
SARS-CoV-2-L125H_Y175T,10.702590942382812,train,10.72,1.072,0.01740905761718814
SARS-CoV-2-Q144E,10.330058097839355,train,10.375,1.0375,0.04494190216064453
SARS-CoV-2-S36K_F160G_S200C,10.499014854431152,train,10.53,1.053,0.030985145568847017
SARS-CoV-2-D98N_L122G_I142L,10.453965187072754,train,10.48,1.048,0.02603481292724652
SARS-CoV-2-L60Y_V115I,10.413901329040527,train,10.45,1.045,0.036098670959471946
SARS-CoV-2-S36N_N118T,10.43024730682373,train,10.46,1.046,0.029752693176270384
SARS-CoV-2-K56E_Q163R,10.51877784729004,train,10.55,1.0550000000000002,0.03122215270995987
SARS-CoV-2-R16I_T201P,10.462672233581545,train,10.46,1.046,0.0026722335815438925
SARS-CoV-2-L122Y_K132R,10.508946418762209,train,10.55,1.0550000000000002,0.0410535812377919
SARS-CoV-2-I2Q,10.448548316955566,train,10.463333333333331,1.0463333333333331,0.014785016377764748
SARS-CoV-2-D97N_N130D_Q168R,10.466310501098633,train,10.47,1.0470000000000002,0.003689498901367827
SARS-CoV-2-R27K_T170N,10.384747505187988,train,10.44,1.044,0.05525249481201122
SARS-CoV-2-S129G_T140E,10.36209201812744,train,10.37,1.037,0.007907981872559589
SARS-CoV-2-G9H_K26L,10.34924030303955,train,10.345,1.0345000000000002,0.004240303039550142
SARS-CoV-2-R16V,10.34128475189209,train,10.364285714285714,1.0364285714285715,0.023000962393624036
SARS-CoV-2-F134Y_T201K,10.448204040527344,train,10.47,1.0470000000000002,0.02179595947265689
SARS-CoV-2-F156A_T201G,10.420037269592283,train,10.45,1.045,0.02996273040771591
SARS-CoV-2-S53A_Q163T,10.458799362182615,train,10.45,1.045,0.008799362182616122
SARS-CoV-2-L187N,10.438705444335938,train,10.43,1.043,0.008705444335937784
SARS-CoV-2-N24T,10.517951011657717,train,10.5525,1.05525,0.03454898834228359
SARS-CoV-2-F62M_K198M,10.600390434265137,train,10.61,1.061,0.009609565734862713
SARS-CoV-2-T55K_C61T_K114L,10.367146492004396,train,10.39,1.0390000000000001,0.02285350799560426
SARS-CoV-2-G9M_V37A,10.410696983337402,train,10.45,1.045,0.039303016662596946
SARS-CoV-2-L5E_N171D,10.549870491027832,train,10.56,1.056,0.010129508972168466
SARS-CoV-2-P54A,10.342299461364746,train,10.3725,1.03725,0.030200538635254404
SARS-CoV-2-S43K_G83K_Y119S,10.408770561218262,train,10.45,1.045,0.04122943878173757
SARS-CoV-2-K132A_T201Q,10.342294692993164,train,10.37,1.037,0.027705307006835156
SARS-CoV-2-I2H_E154R,10.405619621276855,train,10.44,1.044,0.034380378723144034
SARS-CoV-2-T3P_N171F_T201R,10.326918601989746,train,10.35,1.035,0.02308139801025355
SARS-CoV-2-L5K_T63S_P149K,10.408181190490724,train,10.4,1.04,0.008181190490724077
SARS-CoV-2-Y119N_E141T,10.41594409942627,train,10.42,1.042,0.004055900573730398
SARS-CoV-2-V37R_T201S,10.489023208618164,train,10.51,1.051,0.020976791381835724
SARS-CoV-2-I2D_T140A,10.310492515563965,train,10.33,1.0330000000000001,0.019507484436035227
SARS-CoV-2-E10D_K114A_K198N,10.767951965332031,train,10.78,1.078,0.01204803466796811
SARS-CoV-2-E141G_G166Y,10.302454948425291,train,10.32,1.032,0.017545051574709092
SARS-CoV-2-N24T_L122N,10.371875762939451,train,10.38,1.038,0.008124237060549433
SARS-CoV-2-N24A_T100I,10.418438911437988,train,10.45,1.045,0.03156108856201101
SARS-CoV-2-T63E_Y175S,10.560263633728027,train,10.56,1.056,0.00026363372802684637
SARS-CoV-2-S129K_T201Y,10.421788215637209,train,10.46,1.046,0.038211784362792045
SARS-CoV-2-S129Y_S200L,10.301129341125488,train,10.33,1.0330000000000001,0.02887065887451179
SARS-CoV-2-N109L_F156P_T201E,10.368866920471191,train,10.39,1.0390000000000001,0.021133079528809162
SARS-CoV-2-Y175E,10.435364723205566,train,10.456,1.0456,0.02063527679443311
SARS-CoV-2-N64V_T100M,10.4126615524292,train,10.44,1.044,0.027338447570800284
SARS-CoV-2-A42R_L122K,10.294405937194824,train,10.34,1.034,0.04559406280517564
SARS-CoV-2-Y39F,10.40549373626709,train,10.416,1.0416,0.010506263732910526
SARS-CoV-2-L125V_H189Y,10.636548042297363,train,10.655,1.0655,0.01845195770263608
SARS-CoV-2-N120S_G152D,10.474465370178224,train,10.51,1.051,0.035534629821775354
SARS-CoV-2-N40H_P197T,10.634974479675291,train,10.68,1.068,0.04502552032470852
SARS-CoV-2-R78E,10.537301063537598,train,10.56,1.056,0.02269893646240284
SARS-CoV-2-Y119T_T148I,10.480374336242676,train,10.475,1.0475,0.0053743362426761365
SARS-CoV-2-S200P,10.44339656829834,train,10.448333333333332,1.0448333333333333,0.0049367650349925185
SARS-CoV-2-S36D_Y119C,10.456652641296388,train,10.46,1.046,0.0033473587036123575
SARS-CoV-2-L5E_V37L_L60Q,10.518444061279297,train,10.51,1.051,0.008444061279297088
SARS-CoV-2-V37E_C61P,10.56936740875244,train,10.59,1.059,0.020632591247560228
SARS-CoV-2-N30D,10.397231101989746,train,10.446666666666667,1.0446666666666669,0.04943556467692112
SARS-CoV-2-I142L_Y175E,10.44796371459961,train,10.49,1.0490000000000002,0.04203628540039084
SARS-CoV-2-I2R_N118E_L125F,10.380122184753418,train,10.41,1.0410000000000001,0.029877815246582173
SARS-CoV-2-P54L_P149I,10.346094131469728,train,10.37,1.037,0.02390586853027088
SARS-CoV-2-N64H_Y178F,10.367724418640137,train,10.38,1.038,0.012275581359864063
SARS-CoV-2-Y119D_S147Y,10.295791625976562,train,10.31,1.0310000000000001,0.014208374023437997
SARS-CoV-2-V37I_K114Q,10.550215721130373,train,10.57,1.0570000000000002,0.019784278869627414
SARS-CoV-2-N130L_G152D_G172V,10.397708892822266,train,10.4,1.04,0.0022911071777347303
SARS-CoV-2-G9D_L188H_A192S,10.414463996887209,train,10.46,1.046,0.045536003112792045
SARS-CoV-2-L125T_F156I,10.686640739440918,train,10.7,1.07,0.01335926055908132
SARS-CoV-2-N40T_D98N,10.38251781463623,train,10.38,1.038,0.002517814636229687
SARS-CoV-2-K114D_N120T_N151F,10.45931911468506,train,10.46,1.046,0.0006808853149404825
SARS-CoV-2-K128S_T201R,10.543522834777832,train,10.6,1.06,0.056477165222167613
SARS-CoV-2-I28M_S41Q_G155T_S200L,10.5105619430542,train,10.54,1.054,0.02943805694579993
SARS-CoV-2-T15K_N24R_N58K,10.319916725158691,train,10.35,1.035,0.03008327484130824
SARS-CoV-2-S41T_F160Y,10.312373161315918,train,10.32,1.032,0.0076268386840823155
SARS-CoV-2-K56E_K128T,10.328216552734377,train,10.33,1.0330000000000001,0.0017834472656232947
SARS-CoV-2-S53H_S200Y,10.387993812561035,train,10.43,1.043,0.04200618743896456
SARS-CoV-2-K87D_F126S,10.421977043151855,train,10.41,1.0410000000000001,0.011977043151855327
SARS-CoV-2-N120S,10.31403350830078,train,10.339565217391304,1.0339565217391304,0.025531709090524046
SARS-CoV-2-C61G_K87P_D97R,10.46389865875244,train,10.48,1.048,0.016101341247560796
SARS-CoV-2-Y91F_T170E,10.564818382263184,train,10.56,1.056,0.004818382263183096
SARS-CoV-2-L122V_F156W_Y175M_K199S,10.615222930908203,train,10.6,1.06,0.01522293090820348
SARS-CoV-2-L125K_N151L,10.465545654296877,train,10.51,1.051,0.04445434570312301
SARS-CoV-2-N110A,10.334517478942873,train,10.333333333333334,1.0333333333333334,0.0011841456095389447
SARS-CoV-2-T148S_F156S,10.506566047668455,train,10.56,1.056,0.05343395233154524
SARS-CoV-2-N40P_Y119G_K199N,10.490788459777832,train,10.49,1.0490000000000002,0.0007884597778318181
SARS-CoV-2-L5M_P169Y,10.295574188232422,train,10.29,1.029,0.005574188232422728
SARS-CoV-2-K56L_G152D,10.34530544281006,train,10.38,1.038,0.03469455718994041
SARS-CoV-2-G9S_N120R_S129Q,10.574578285217283,train,10.6,1.06,0.025421714782716265
SARS-CoV-2-S139K_F160R_G166E_L188M,10.527185440063477,train,10.55,1.0550000000000002,0.022814559936524148
SARS-CoV-2-K56R_Y119M,10.31408977508545,train,10.32,1.032,0.0059102249145510655
SARS-CoV-2-Y35M_G116P,10.523457527160645,train,10.54,1.054,0.016542472839354616
SARS-CoV-2-L125H_F156A,10.4717435836792,train,10.5,1.05,0.02825641632080078
SARS-CoV-2-I2R_Y35L_F156D,10.376432418823242,train,10.38,1.038,0.003567581176758594
SARS-CoV-2-N24R,10.466666221618652,train,10.4825,1.0482500000000001,0.015833778381347585
SARS-CoV-2-S41T_A192F,10.518962860107422,train,10.54,1.054,0.021037139892577272
SARS-CoV-2-V32Q_N64E,10.521209716796877,train,10.56,1.056,0.03879028320312372
SARS-CoV-2-S36Q_P149Q,10.516968727111816,train,10.54,1.054,0.02303127288818274
SARS-CoV-2-R16I_G174R,10.334129333496094,train,10.35,1.035,0.015870666503905895
SARS-CoV-2-L122V_T148V,10.447060585021973,train,10.44,1.044,0.007060585021973154
SARS-CoV-2-T55H_T63N_G146T,10.41926383972168,train,10.45,1.045,0.030736160278319602
SARS-CoV-2-T140N,10.30198574066162,train,10.365384615384617,1.0365384615384616,0.06339887472299743
SARS-CoV-2-N4A_G172T,10.340069770812988,train,10.33,1.0330000000000001,0.01006977081298821
SARS-CoV-2-Y35F_S164F,10.440170288085938,train,10.47,1.0470000000000002,0.02982971191406314
SARS-CoV-2-K128R_E141S,10.39145565032959,train,10.39,1.0390000000000001,0.0014556503295892753
SARS-CoV-2-L5H_K56M,10.306285858154297,train,10.33,1.0330000000000001,0.023714141845703196
SARS-CoV-2-Q168K_T201V,10.355252265930176,train,10.37,1.037,0.014747734069823437
SARS-CoV-2-I28M_S139T,10.736555099487305,train,10.76,1.076,0.0234449005126951
SARS-CoV-2-V37F_F62S,10.712288856506348,train,10.71,1.0710000000000002,0.0022888565063468036
SARS-CoV-2-F47I_K56E,10.30630874633789,train,10.32,1.032,0.01369125366210966
SARS-CoV-2-L60K_F134Y,10.485527992248535,train,10.51,1.051,0.02447200775146463
SARS-CoV-2-A33L_L125P,10.362109184265137,train,10.37,1.037,0.0078908157348625
SARS-CoV-2-K87T_N120S_V173D,10.401047706604004,train,10.41,1.0410000000000001,0.008952293395996236
SARS-CoV-2-N4A_G155D,10.356207847595217,train,10.36,1.036,0.0037921524047828115
SARS-CoV-2-Y119K_P149S,10.374707221984863,train,10.38,1.038,0.0052927780151375
SARS-CoV-2-K198V,10.3550443649292,train,10.368888888888888,1.0368888888888887,0.013844523959688715
SARS-CoV-2-T140I_K198R,10.482247352600098,train,10.51,1.051,0.02775264739990213
SARS-CoV-2-I2D_T201W,10.352978706359863,train,10.37,1.037,0.017021293640135937
SARS-CoV-2-A14S_T170S,10.393141746520996,train,10.42,1.042,0.026858253479003835
SARS-CoV-2-A18S_S43V_T201N,10.465340614318848,train,10.49,1.0490000000000002,0.024659385681152557
SARS-CoV-2-C61K_T140R,10.43165683746338,train,10.44,1.044,0.00834316253661882
SARS-CoV-2-V32I_Y121L_Y159M_T170S,10.367172241210938,train,10.38,1.038,0.012827758789063282
SARS-CoV-2-V37C,10.332219123840332,train,10.343636363636364,1.0343636363636364,0.011417239796031708
SARS-CoV-2-Y119E_P149L,10.435836791992188,train,10.45,1.045,0.01416320800781179
SARS-CoV-2-L122S_T201P,10.479843139648438,train,10.49,1.0490000000000002,0.010156860351562713
SARS-CoV-2-Y39K_H189Y,10.313525199890137,train,10.28,1.028,0.03352519989013736
SARS-CoV-2-I88V_L125V_A190T,10.383452415466309,train,10.37,1.037,0.013452415466309375
SARS-CoV-2-G155N,10.441102981567385,train,10.495,1.0494999999999999,0.05389701843261463
SARS-CoV-2-L5S_G166I,10.385363578796388,train,10.44,1.044,0.05463642120361101
SARS-CoV-2-V37T_K87Q,10.420275688171388,train,10.45,1.045,0.029724311828610794
SARS-CoV-2-V37T_N120P,10.505763053894045,train,10.52,1.052,0.014236946105954829
SARS-CoV-2-G9D_L111D,10.440210342407228,train,10.48,1.048,0.03978965759277209
SARS-CoV-2-V37F_N130R_G172F_T201L,10.549498558044434,train,10.53,1.053,0.019498558044434233
SARS-CoV-2-V37N_N118D_N130S,10.471701622009276,train,10.47,1.0470000000000002,0.001701622009274928
SARS-CoV-2-T55L_L111V,10.583271980285645,train,10.6,1.06,0.016728019714355113
SARS-CoV-2-K198H,10.413989067077637,train,10.43,1.043,0.016010932922362997
SARS-CoV-2-N118S_T201E,10.388367652893066,train,10.4,1.04,0.011632347106933949
SARS-CoV-2-K87L_Y119N_P149S,10.530592918395996,train,10.53,1.053,0.0005929183959967332
SARS-CoV-2-N4Q_Y175L,10.574427604675291,train,10.6,1.06,0.025572395324708452
SARS-CoV-2-Y39L_T201M,10.629460334777832,train,10.68,1.068,0.050539665222167685
SARS-CoV-2-Q168E,10.322432518005373,train,10.354,1.0353999999999999,0.031567481994626334
SARS-CoV-2-I2V_S36K,10.479229927062988,train,10.51,1.051,0.030770072937011506
SARS-CoV-2-I142V,10.293542861938477,train,10.321428571428571,1.0321428571428573,0.027885709490094612
SARS-CoV-2-D59E_K132M,10.452621459960938,train,10.44,1.044,0.012621459960937997
SARS-CoV-2-N130L_T148Q_L187S,10.421948432922363,train,10.44,1.044,0.01805156707763622
SARS-CoV-2-I2Y_V37Q_K48I_Y119E,10.532163619995115,train,10.55,1.0550000000000002,0.0178363800048853
SARS-CoV-2-L60A_Q168H,10.351810455322266,train,10.37,1.037,0.018189544677733593
SARS-CoV-2-S53E,10.48756980895996,train,10.49,1.0490000000000002,0.002430191040041052
SARS-CoV-2-K114D_N120D,10.55490016937256,train,10.54,1.054,0.014900169372561223
SARS-CoV-2-Y39L_Y175K,10.435065269470217,train,10.45,1.045,0.01493473052978267
SARS-CoV-2-G9A_N58M,10.415716171264648,train,10.42,1.042,0.0042838287353514914
SARS-CoV-2-A42K,10.454548835754396,train,10.4775,1.04775,0.02295116424560284
SARS-CoV-2-N64K_Y119K,10.377683639526367,train,10.39,1.0390000000000001,0.012316360473633381
SARS-CoV-2-L122S,10.34778881072998,train,10.385625,1.0385625,0.03783618927001875
SARS-CoV-2-I2F_Q163S_L187M,10.330378532409668,train,10.345,1.0345000000000002,0.01462146759033267
SARS-CoV-2-T3P_P54S,10.318203926086426,train,10.34,1.034,0.021796073913574077
SARS-CoV-2-K56N_G166D_P191N_S200V,10.360212326049805,train,10.37,1.037,0.009787673950194531
SARS-CoV-2-L125R_I138L,10.662812232971191,train,10.69,1.069,0.027187767028808096
SARS-CoV-2-S53Q_N151F,10.354449272155762,train,10.38,1.038,0.025550727844239063
SARS-CoV-2-I2V_K128T,10.362419128417969,train,10.37,1.037,0.007580871582030468
SARS-CoV-2-I142V_N157D,10.517958641052246,train,10.55,1.0550000000000002,0.03204135894775462
SARS-CoV-2-Y119S_G166F,10.512938499450684,train,10.54,1.054,0.027061500549315554
SARS-CoV-2-K87Y_K114R,10.416193962097168,train,10.39,1.0390000000000001,0.0261939620971674
SARS-CoV-2-R27P_Y35L_V173D,10.390473365783691,train,10.39,1.0390000000000001,0.0004733657836908378
SARS-CoV-2-D97H_Y119A,10.498841285705566,train,10.54,1.054,0.04115871429443274
SARS-CoV-2-K87L_G116W,10.48045539855957,train,10.48,1.048,0.0004553985595698862
SARS-CoV-2-T55S_L122T,10.445584297180176,train,10.47,1.0470000000000002,0.024415702819824858
SARS-CoV-2-S43I,10.348848342895508,train,10.408,1.0408,0.05915165710449166
SARS-CoV-2-G174L_A190R,10.341552734375,train,10.38,1.038,0.03844726562500078
SARS-CoV-2-N120A_K128P_T201Y,10.398788452148438,train,10.41,1.0410000000000001,0.011211547851562642
SARS-CoV-2-G9Q_C61P,10.414288520812988,train,10.41,1.0410000000000001,0.004288520812988139
SARS-CoV-2-S36E_S129K,10.566961288452148,train,10.57,1.0570000000000002,0.0030387115478518467
SARS-CoV-2-R27S_N130R,10.348095893859863,train,10.36,1.036,0.01190410614013615
SARS-CoV-2-V153A,10.373539924621582,train,10.43,1.043,0.056460075378417685
SARS-CoV-2-S36N_K87T,10.715587615966797,train,10.71,1.0710000000000002,0.005587615966796022
SARS-CoV-2-N171S,10.303996086120604,train,10.34769230769231,1.0347692307692309,0.04369622157170561
SARS-CoV-2-D59S_N130L,10.310189247131348,train,10.32,1.032,0.009810752868652628
SARS-CoV-2-T85Q_N130T,10.508835792541504,train,10.52,1.052,0.011164207458495667
SARS-CoV-2-Y39F_G117M,10.417436599731444,train,10.44,1.044,0.022563400268555966
SARS-CoV-2-T201N,10.439516067504885,train,10.455,1.0455,0.015483932495115482
SARS-CoV-2-S45D_D59E,10.657578468322754,train,10.69,1.069,0.032421531677245596
SARS-CoV-2-S36G_D98N,10.492496490478516,train,10.51,1.051,0.017503509521484162
SARS-CoV-2-N151A_K199E,10.36877155303955,train,10.38,1.038,0.01122844696045
SARS-CoV-2-L122K_Q163S,10.538875579833984,train,10.59,1.059,0.05112442016601548
SARS-CoV-2-G9S_S29R_P169T,10.354559898376465,train,10.34,1.034,0.014559898376464986
SARS-CoV-2-F8L_N64A,10.599305152893066,train,10.62,1.062,0.020694847106932812
SARS-CoV-2-V37S_K128P,10.569171905517578,train,10.56,1.056,0.009171905517577628
SARS-CoV-2-V11I_S41T_S200Y,10.383767127990724,train,10.4,1.04,0.016232872009275923
SARS-CoV-2-L5Y_T140Y_V173E,10.350479125976562,train,10.38,1.038,0.02952087402343828
SARS-CoV-2-G172A_T201H,10.336431503295898,train,10.37,1.037,0.03356849670410078
SARS-CoV-2-L125E_N171F_G196E,10.477717399597168,train,10.5,1.05,0.02228260040283203
SARS-CoV-2-I104F_N157Y,10.327795028686523,train,10.37,1.037,0.04220497131347578
SARS-CoV-2-Y39N_L122E,10.449517250061035,train,10.47,1.0470000000000002,0.020482749938965483
SARS-CoV-2-L5S_Y35M,10.34102725982666,train,10.39,1.0390000000000001,0.04897274017334041
SARS-CoV-2-T46Q_Y119S,10.429035186767578,train,10.46,1.046,0.030964813232422728
SARS-CoV-2-T55A_N64A_Y143I,10.42725658416748,train,10.45,1.045,0.02274341583251882
SARS-CoV-2-I28F_T100C,10.583163261413574,train,10.62,1.062,0.036836738586425
SARS-CoV-2-I2C_V77L,10.372559547424316,train,10.4,1.04,0.02744045257568395
SARS-CoV-2-L5P_S129C_I138K,10.473029136657717,train,10.49,1.0490000000000002,0.016970863342283593
SARS-CoV-2-K87T_N107S_Y119T,10.45845890045166,train,10.48,1.048,0.02154109954834027
SARS-CoV-2-T3L_P54I,10.452533721923828,train,10.46,1.046,0.007466278076172728
SARS-CoV-2-P169T_P197L,10.539034843444824,train,10.55,1.0550000000000002,0.010965156555176492
SARS-CoV-2-D90E_P191S,10.338648796081545,train,10.34,1.034,0.0013512039184551128
SARS-CoV-2-T3L_S129A,10.377285957336426,train,10.41,1.0410000000000001,0.03271404266357436
SARS-CoV-2-P54H_T201N,10.382189750671388,train,10.4,1.04,0.01781024932861186
SARS-CoV-2-L5H_K87C_K132L,10.498108863830566,train,10.52,1.052,0.021891136169433167
SARS-CoV-2-E10S_V32Y_S43F,10.34830379486084,train,10.37,1.037,0.021696205139159375
SARS-CoV-2-K87L_E141L,10.360595703125,train,10.35,1.035,0.010595703125000355
SARS-CoV-2-R16L_K198P,10.3384370803833,train,10.33,1.0330000000000001,0.00843708038330071
SARS-CoV-2-L5N_K87P,10.66026210784912,train,10.69,1.069,0.029737892150880185
SARS-CoV-2-T55E_G146E,10.45876693725586,train,10.47,1.0470000000000002,0.011233062744141264
SARS-CoV-2-T55D_L60V_K114R,10.398244857788086,train,10.41,1.0410000000000001,0.011755142211914205
SARS-CoV-2-V37D,10.48496913909912,train,10.485714285714286,1.0485714285714287,0.0007451466151664476
SARS-CoV-2-L122H_S147T,10.419034004211426,train,10.46,1.046,0.04096599578857507
SARS-CoV-2-V37F_A42F_F62E_T140S,10.30980110168457,train,10.31,1.0310000000000001,0.00019889831543018488
SARS-CoV-2-L5D_T100Y_S139T_G174R,10.442057609558104,train,10.46,1.046,0.01794239044189716
SARS-CoV-2-T3R_Y119R,10.294763565063477,train,10.31,1.0310000000000001,0.015236434936523935
SARS-CoV-2-Y119H_L125M,10.30565071105957,train,10.32,1.032,0.014349288940429972
SARS-CoV-2-R16N_Y39A_F62L,10.389592170715332,train,10.4,1.04,0.010407829284668324
SARS-CoV-2-G174A_T201R,10.431318283081056,train,10.47,1.0470000000000002,0.038681716918944176
SARS-CoV-2-L5D_S43Y,10.54429817199707,train,10.56,1.056,0.015701828002930185
SARS-CoV-2-C61T_G116N,10.411456108093262,train,10.46,1.046,0.048543891906739134
SARS-CoV-2-I2T_G166L,10.338862419128418,train,10.36,1.036,0.021137580871581463
SARS-CoV-2-E10S_G174K,10.32660961151123,train,10.35,1.035,0.023390388488769176
SARS-CoV-2-F44V_T100Y_L188T,10.366148948669434,train,10.4,1.04,0.03385105133056676
SARS-CoV-2-S69T_K87N,10.515052795410156,train,10.52,1.052,0.004947204589843324
SARS-CoV-2-P7E_K198Q,10.5472993850708,train,10.55,1.0550000000000002,0.0027006149291999293
SARS-CoV-2-V37R_Y119M,10.437262535095217,train,10.44,1.044,0.0027374649047828825
SARS-CoV-2-G155E_P197V,10.460536003112791,train,10.5,1.05,0.03946399688720881
SARS-CoV-2-I104M_G155S,10.33364963531494,train,10.38,1.038,0.04635036468506115
SARS-CoV-2-T3A_N40D_Y119S,10.336265563964844,train,10.36,1.036,0.02373443603515568
SARS-CoV-2-G83N_S129H_A145V,10.454142570495604,train,10.49,1.0490000000000002,0.03585742950439652
SARS-CoV-2-T55S_L122Y,10.508142471313477,train,10.53,1.053,0.021857528686522798
SARS-CoV-2-K132L_Y143F_P197W,10.552734375,train,10.6,1.06,0.047265624999999645
SARS-CoV-2-N1E_F126Q,10.325313568115234,train,10.35,1.035,0.02468643188476527
SARS-CoV-2-T3Q_P54R,10.349472999572754,train,10.39,1.0390000000000001,0.04052700042724666
SARS-CoV-2-L5E_F156I,10.493379592895508,train,10.51,1.051,0.016620407104491974
SARS-CoV-2-N130P_N151C,10.392736434936523,train,10.4,1.04,0.007263565063476918
SARS-CoV-2-S53L_S139G_F156S,10.33417797088623,train,10.38,1.038,0.04582202911377031
SARS-CoV-2-P149K_G174R,10.324369430541992,train,10.35,1.035,0.025630569458007457
SARS-CoV-2-I2D_L122Q_A190V,10.527365684509276,train,10.54,1.054,0.01263431549072358
SARS-CoV-2-L5S_L122W,10.32735538482666,train,10.35,1.035,0.02264461517333949
SARS-CoV-2-I28W_T201V,10.438434600830078,train,10.46,1.046,0.021565399169922728
SARS-CoV-2-T148P_Y175D,10.339412689208984,train,10.36,1.036,0.020587310791015057
SARS-CoV-2-T85M_D98S_H189D,10.37041187286377,train,10.42,1.042,0.0495881271362304
SARS-CoV-2-H189V,10.30268383026123,train,10.333333333333334,1.0333333333333334,0.030649503072103457
SARS-CoV-2-L5S_S129T,10.429482460021973,train,10.48,1.048,0.05051753997802777
SARS-CoV-2-C61M_S147P,10.360801696777344,train,10.42,1.042,0.05919830322265618
SARS-CoV-2-K87I_V115G,10.649613380432127,train,10.66,1.066,0.010386619567873012
SARS-CoV-2-V37M_K48N_N151Q,10.419346809387209,train,10.45,1.045,0.030653190612790482
SARS-CoV-2-D59N_Y123R,10.317020416259766,train,10.33,1.0330000000000001,0.012979583740234446
SARS-CoV-2-Q168G,10.414076805114746,train,10.445,1.0445,0.03092319488525419
SARS-CoV-2-V37L_S113N_L122W_P169T,10.569466590881348,train,10.6,1.06,0.03053340911865199
SARS-CoV-2-N120Q_K199S,10.536483764648438,train,10.6,1.06,0.06351623535156214
SARS-CoV-2-V37R_T148K_G172I,10.358842849731444,train,10.36,1.036,0.0011571502685558954
SARS-CoV-2-F156S_G174F,10.509865760803224,train,10.52,1.052,0.010134239196775141
SARS-CoV-2-P54E,10.440309524536133,train,10.464,1.0464,0.0236904754638676
SARS-CoV-2-Y35W_T63I_P149T,10.350075721740724,train,10.39,1.0390000000000001,0.039924278259276136
SARS-CoV-2-T140N_Q168D,10.478682518005373,train,10.49,1.0490000000000002,0.011317481994627343
SARS-CoV-2-V37L_Y119G,10.68017578125,train,10.68,1.068,0.00017578125000028422
SARS-CoV-2-K26R_V173T,10.49447536468506,train,10.5,1.05,0.00552463531493963
SARS-CoV-2-N4T_V37I_K56G,10.374957084655762,train,10.37,1.037,0.0049570846557625
SARS-CoV-2-S29N_C61S_K87R_Q168V,10.373564720153809,train,10.42,1.042,0.046435279846191335
SARS-CoV-2-R16F_T46R_L125A,10.45544147491455,train,10.49,1.0490000000000002,0.03455852508544943
SARS-CoV-2-L60V_K114R,10.318031311035156,train,10.34,1.034,0.021968688964843608
SARS-CoV-2-Q163S_T201Y,10.365386009216309,train,10.37,1.037,0.004613990783690625
SARS-CoV-2-G166V,10.397696495056152,train,10.426666666666668,1.0426666666666669,0.028970171610515294
SARS-CoV-2-G155H_P197H,10.301297187805176,train,10.29,1.029,0.011297187805176634
SARS-CoV-2-G83R_F156N,10.40910816192627,train,10.43,1.043,0.020891838073730185
SARS-CoV-2-V37D_Q163L,10.33236312866211,train,10.31,1.0310000000000001,0.022363128662108878
SARS-CoV-2-I2F_D98N,10.549298286437988,train,10.56,1.056,0.010701713562012216
SARS-CoV-2-T55L_T148L,10.475388526916504,train,10.48,1.048,0.00461147308349652
SARS-CoV-2-Y35I_P149T_A190V,10.415281295776367,train,10.44,1.044,0.024718704223632315
SARS-CoV-2-C61Y_K87V,10.320286750793455,train,10.35,1.035,0.02971324920654439
SARS-CoV-2-T170Q,10.460925102233888,train,10.516666666666667,1.0516666666666667,0.055741564432779
SARS-CoV-2-Y159V_G166H,10.40304183959961,train,10.44,1.044,0.03695816040039013
SARS-CoV-2-S36K,10.329527854919434,train,10.391818181818184,1.0391818181818184,0.06229032689875069
SARS-CoV-2-V194A,10.392145156860352,train,10.415,1.0414999999999999,0.022854843139647585
SARS-CoV-2-L5P_T170V_K198N,10.36634635925293,train,10.41,1.0410000000000001,0.043653640747070455
SARS-CoV-2-I138S_G172Q,10.434562683105469,train,10.54,1.054,0.1054373168945304
SARS-CoV-2-S139R_T201D,10.359396934509276,train,10.4,1.04,0.04060306549072479
SARS-CoV-2-Y159K_T201R,10.464351654052734,train,10.49,1.0490000000000002,0.025648345947265838
SARS-CoV-2-S113N,10.330401420593262,train,10.342,1.0342,0.011598579406738807
SARS-CoV-2-V77L_Y119F_E141G,10.294243812561035,train,10.27,1.027,0.024243812561035583
SARS-CoV-2-V37N_T46S_V115D,10.309439659118652,train,10.34,1.034,0.030560340881347514
SARS-CoV-2-L122R_P197T,10.478582382202148,train,10.52,1.052,0.041417617797851136
SARS-CoV-2-R16D_G172S,10.31166172027588,train,10.33,1.0330000000000001,0.01833827972411939
SARS-CoV-2-K26V_Y159F,10.373095512390137,train,10.37,1.037,0.0030955123901375003
SARS-CoV-2-Y119S,10.341678619384766,train,10.34888888888889,1.034888888888889,0.007210269504124511
SARS-CoV-2-I2P_K48V_K87T_T170L_S200V,10.304574012756348,train,10.32,1.032,0.015425987243652628
SARS-CoV-2-Y39V_C61M,10.433696746826172,train,10.47,1.0470000000000002,0.036303253173828764
SARS-CoV-2-Y119T_N130K_P197L,10.524194717407228,train,10.54,1.054,0.01580528259277081
SARS-CoV-2-N4D_S41E,10.383915901184082,train,10.39,1.0390000000000001,0.006084098815918537
SARS-CoV-2-K87L_S113A_S200W,10.31588077545166,train,10.33,1.0330000000000001,0.014119224548339915
SARS-CoV-2-D97L_F126G,10.49548053741455,train,10.5,1.05,0.004519462585449219
SARS-CoV-2-T55S_N64T,10.41464138031006,train,10.41,1.0410000000000001,0.004641380310060228
SARS-CoV-2-S129T_Y143F_A190H,10.550787925720217,train,10.58,1.058,0.02921207427978345
SARS-CoV-2-T148V,10.391185760498049,train,10.415555555555557,1.0415555555555558,0.024369795057507915
SARS-CoV-2-S43P_K56R,10.299256324768066,train,10.3,1.03,0.0007436752319343043
SARS-CoV-2-L5R_L125Y,10.57768726348877,train,10.58,1.058,0.00231273651123054
SARS-CoV-2-C6T_K87I_T201P,10.450835227966309,train,10.45,1.045,0.0008352279663093043
SARS-CoV-2-S129T_T201L,10.568058013916016,train,10.6,1.06,0.03194198608398402
SARS-CoV-2-N58K_I138L,10.296826362609863,train,10.34,1.034,0.04317363739013658
SARS-CoV-2-K56D_F62Y_N110G_K132L_F160D_N171D,10.433893203735352,train,10.45,1.045,0.016106796264647727
SARS-CoV-2-N110L_Y175N,10.50731372833252,train,10.52,1.052,0.012686271667480042
SARS-CoV-2-S45Y_K87T,10.336588859558104,train,10.35,1.035,0.013411140441895952
SARS-CoV-2-I2Y_S139D,10.432743072509766,train,10.43,1.043,0.0027430725097659092
SARS-CoV-2-G116R_S139T_F156V,10.306045532226562,train,10.33,1.0330000000000001,0.02395446777343757
SARS-CoV-2-N157S_S200V,10.377028465270996,train,10.41,1.0410000000000001,0.03297153472900405
SARS-CoV-2-G9Q_C61H,10.450834274291992,train,10.47,1.0470000000000002,0.019165725708008452
SARS-CoV-2-N1K_Y119T_K199D,10.325542449951172,train,10.33,1.0330000000000001,0.004457550048828196
SARS-CoV-2-L95V_D98N,10.439552307128906,train,10.44,1.044,0.0004476928710932526
SARS-CoV-2-N40R_T140A,10.47677230834961,train,10.5,1.05,0.023227691650390625
SARS-CoV-2-F8L_K56R,10.556366920471191,train,10.59,1.059,0.03363307952880845
SARS-CoV-2-Y35I_C61L,10.328530311584473,train,10.34,1.034,0.011469688415527202
SARS-CoV-2-I2Q_Y175F,10.56284999847412,train,10.59,1.059,0.02715000152588054
SARS-CoV-2-G83C_F126Q_V173K,10.31031894683838,train,10.34,1.034,0.029681053161619175
SARS-CoV-2-R16K_N58S_F134Y_N151F,10.721434593200684,train,10.74,1.074,0.01856540679931662
SARS-CoV-2-A190T,10.34020709991455,train,10.36,1.036,0.01979290008544865
SARS-CoV-2-V32Q_L122F_T201A,10.475491523742676,train,10.48,1.048,0.004508476257324645
SARS-CoV-2-Y143L_S200N,10.340063095092772,train,10.37,1.037,0.029936904907227557
SARS-CoV-2-V37K_N120L,10.321240425109863,train,10.36,1.036,0.03875957489013615
SARS-CoV-2-P149R_F156S,10.59340763092041,train,10.6,1.06,0.0065923690795894885
SARS-CoV-2-L125G_G155Q_Y159S,10.511921882629396,train,10.53,1.053,0.018078117370603053
SARS-CoV-2-L5D_T63K_G174A,10.431946754455566,train,10.46,1.046,0.028053245544434446
SARS-CoV-2-N110K_F126G_T201M,10.408843040466309,train,10.43,1.043,0.021156959533691122
SARS-CoV-2-D97N_A145N,10.470663070678713,train,10.51,1.051,0.03933692932128707
SARS-CoV-2-T170D,10.379716873168944,train,10.395,1.0395,0.015283126831056038
SARS-CoV-2-L5N_P54M,10.379725456237791,train,10.37,1.037,0.009725456237791974
SARS-CoV-2-V37S_P169H,10.323205947875977,train,10.35,1.035,0.026794052124023082
SARS-CoV-2-V37F_D97N_T140F_H189Y,10.51386547088623,train,10.51,1.051,0.003865470886230682
SARS-CoV-2-T100L_N118P_S129A,10.358821868896484,train,10.37,1.037,0.011178131103514843
SARS-CoV-2-Y143I_G174E_A192K,10.426684379577637,train,10.47,1.0470000000000002,0.04331562042236392
SARS-CoV-2-D59E_N171I,10.498554229736328,train,10.52,1.052,0.02144577026367145
SARS-CoV-2-F126L_F156Q_G174R,10.37343978881836,train,10.38,1.038,0.006560211181641407
SARS-CoV-2-E141K_T201K,10.391949653625488,train,10.43,1.043,0.038050346374511435
SARS-CoV-2-L122T_F160R,10.346043586730955,train,10.375,1.0375,0.028956413269044745
SARS-CoV-2-Y39E,10.318102836608888,train,10.261666666666668,1.026166666666667,0.056436169942220005
SARS-CoV-2-V37W_F44V_Y121L,10.410025596618652,train,10.44,1.044,0.02997440338134716
SARS-CoV-2-L125M_T201A,10.397771835327148,train,10.44,1.044,0.042228164672851065
SARS-CoV-2-Q163M,10.437666893005373,train,10.42,1.042,0.01766689300537294
SARS-CoV-2-T46I,10.29782009124756,train,10.32,1.032,0.022179908752439914
SARS-CoV-2-G9Y_T63S_L122A,10.316142082214355,train,10.36,1.036,0.04385791778564396
SARS-CoV-2-T55K_S184T,10.386677742004396,train,10.38,1.038,0.006677742004395526
SARS-CoV-2-V37F_P54A,10.525605201721191,train,10.51,1.051,0.01560520172119162
SARS-CoV-2-R78P,10.483294486999512,train,10.496666666666668,1.0496666666666667,0.013372179667156203
SARS-CoV-2-T100R_T201G,10.370461463928224,train,10.38,1.038,0.009538536071776349
SARS-CoV-2-Y39R_R78D,10.570879936218262,train,10.57,1.0570000000000002,0.0008799362182614345
SARS-CoV-2-T46Y_L122W,10.501717567443848,train,10.51,1.051,0.00828243255615213
SARS-CoV-2-P54K_L122D_N130A,10.310983657836914,train,10.33,1.0330000000000001,0.01901634216308601
SARS-CoV-2-G152A_P197V,10.586385726928713,train,10.6,1.06,0.013614273071286931
SARS-CoV-2-E141A_A190S,10.46901035308838,train,10.52,1.052,0.05098964691161889
SARS-CoV-2-K48N_Y178H,10.396885871887209,train,10.41,1.0410000000000001,0.013114128112791335
SARS-CoV-2-K132E_S200N,10.448264122009276,train,10.48,1.048,0.03173587799072486
SARS-CoV-2-R27T_D59N,10.499526023864746,train,10.53,1.053,0.030473976135253267
SARS-CoV-2-P149G_N171Y,10.325690269470217,train,10.35,1.035,0.024309730529783025
SARS-CoV-2-G51N_Y119P,10.582262992858888,train,10.6,1.06,0.01773700714111115
SARS-CoV-2-L60H_K114E,10.396778106689451,train,10.41,1.0410000000000001,0.013221893310548793
SARS-CoV-2-S147A_V173C,10.365778923034668,train,10.4,1.04,0.034221076965332387
SARS-CoV-2-A42G_K48E,10.384337425231934,train,10.43,1.043,0.04566257476806612
SARS-CoV-2-A190S,10.352524757385254,train,10.379090909090907,1.0379090909090907,0.02656615170565324
SARS-CoV-2-I2V_S41R,10.4927396774292,train,10.5,1.05,0.007260322570800781
SARS-CoV-2-V37A_S45E_L60S,10.383191108703612,train,10.43,1.043,0.04680889129638821
SARS-CoV-2-A42G_E141T,10.37840747833252,train,10.4,1.04,0.021592521667480824
SARS-CoV-2-K56M_T170N,10.415432929992676,train,10.44,1.044,0.02456707000732372
SARS-CoV-2-K48L_S200I,10.3119478225708,train,10.29,1.029,0.021947822570801634
SARS-CoV-2-K132E_K198M,10.36703872680664,train,10.38,1.038,0.012961273193360157
SARS-CoV-2-V32R_N120D,10.582846641540527,train,10.6,1.06,0.0171533584594723
SARS-CoV-2-V37Q,10.421056747436523,train,10.41,1.0410000000000001,0.011056747436523295
SARS-CoV-2-L122K_Q168C,10.38455295562744,train,10.41,1.0410000000000001,0.025447044372560512
SARS-CoV-2-N40R_L122K_E154Q,10.380553245544434,train,10.41,1.0410000000000001,0.02944675445556655
SARS-CoV-2-F44Y_Y119P_S139G_Q168D,10.4854154586792,train,10.53,1.053,0.04458454132080014
SARS-CoV-2-R16D_S129K_P149Y,10.413250923156738,train,10.47,1.0470000000000002,0.05674907684326236
SARS-CoV-2-K87N_S200Q,10.674556732177734,train,10.72,1.072,0.045443267822266264
SARS-CoV-2-Y50W_Y119G,10.46852684020996,train,10.49,1.0490000000000002,0.021473159790041052
SARS-CoV-2-T15S_Y39L,10.593534469604492,train,10.64,1.064,0.04646553039550838
SARS-CoV-2-S139T_T201E,10.402390480041504,train,10.41,1.0410000000000001,0.007609519958496236
SARS-CoV-2-K87A_D97R,10.299650192260742,train,10.305,1.0305,0.005349807739257528
SARS-CoV-2-R78G_Y121L_K128S,10.428791046142578,train,10.45,1.045,0.021208953857421164
SARS-CoV-2-T46F_K114S_L122A_G174D,10.369763374328612,train,10.37,1.037,0.0002366256713877135
SARS-CoV-2-F156C_T170G,10.435364723205566,train,10.47,1.0470000000000002,0.03463527679443423
SARS-CoV-2-Y119I_S129G_K199E,10.514687538146973,train,10.54,1.054,0.02531246185302649
SARS-CoV-2-T55L_Y159S,10.687915802001951,train,10.71,1.0710000000000002,0.022084197998049504
SARS-CoV-2-I2C_K87S_G152S_F156R,10.437703132629396,train,10.47,1.0470000000000002,0.03229686737060433
SARS-CoV-2-K48T_G174Q,10.437851905822754,train,10.46,1.046,0.022148094177246946
SARS-CoV-2-S200Q,10.434927940368652,train,10.4375,1.04375,0.0025720596313476562
SARS-CoV-2-L122M_Q163R,10.55714511871338,train,10.585,1.0585000000000002,0.02785488128662017
SARS-CoV-2-K56N,10.322054862976074,train,10.365,1.0365,0.042945137023925994
SARS-CoV-2-K56H_T201K,10.349068641662598,train,10.38,1.038,0.030931358337403125
SARS-CoV-2-N118S_N130R,10.678414344787598,train,10.71,1.0710000000000002,0.031585655212403196
SARS-CoV-2-S36I_S43P_L122S,10.391549110412598,train,10.41,1.0410000000000001,0.018450889587402486
SARS-CoV-2-K48I_L122E,10.473553657531738,train,10.47,1.0470000000000002,0.0035536575317376418
SARS-CoV-2-Q84M_Y175D_T201M,10.421305656433104,train,10.45,1.045,0.028694343566895597
SARS-CoV-2-K48D,10.370280265808104,train,10.364285714285714,1.0364285714285715,0.005994551522389813
SARS-CoV-2-S41N_E135H,10.323080062866213,train,10.36,1.036,0.03691993713378672
SARS-CoV-2-T148I,10.352992057800291,train,10.37,1.037,0.017007942199708026
SARS-CoV-2-D97G_K128P,10.311843872070312,train,10.32,1.032,0.008156127929687784
SARS-CoV-2-K128T,10.42979335784912,train,10.46,1.046,0.030206642150881535
SARS-CoV-2-N4D_C61T,10.362360954284668,train,10.39,1.0390000000000001,0.0276390457153326
SARS-CoV-2-G9L_A33V_V37K,10.48597812652588,train,10.51,1.051,0.024021873474119104
SARS-CoV-2-S36M_A42T_S129R,10.41293239593506,train,10.44,1.044,0.027067604064939133
SARS-CoV-2-N4T_L122N,10.326395988464355,train,10.33,1.0330000000000001,0.0036040115356446023
SARS-CoV-2-P149L_K198Q,10.39100456237793,train,10.44,1.044,0.048995437622069815
SARS-CoV-2-L60Y_N130K,10.559353828430176,train,10.57,1.0570000000000002,0.010646171569824503
SARS-CoV-2-L122S_S147K,10.297370910644531,train,10.32,1.032,0.022629089355469034
SARS-CoV-2-I2H_N58S,10.601059913635254,train,10.63,1.0630000000000002,0.028940086364746875
SARS-CoV-2-L5E_N130L,10.366661071777344,train,10.39,1.0390000000000001,0.02333892822265682
SARS-CoV-2-N40R_P197A,10.558354377746582,train,10.56,1.056,0.0016456222534184661
SARS-CoV-2-N4R_K87H,10.350678443908691,train,10.39,1.0390000000000001,0.03932155609130916
SARS-CoV-2-L60Y_G117D,10.54592227935791,train,10.55,1.0550000000000002,0.004077720642090554
SARS-CoV-2-S45T_N171R,10.317089080810549,train,10.37,1.037,0.05291091918945057
SARS-CoV-2-T3D_Q163M,10.336274147033691,train,10.34,1.034,0.0037258529663084516
SARS-CoV-2-N109T_Y175A_T201R,10.554695129394531,train,10.57,1.0570000000000002,0.015304870605469034
SARS-CoV-2-I2G_Y66L_H189S,10.31786060333252,train,10.34,1.034,0.022139396667480327
SARS-CoV-2-N64Y_N110L,10.32011890411377,train,10.31,1.0310000000000001,0.010118904113769034
SARS-CoV-2-K87T_I138M,10.51064682006836,train,10.52,1.052,0.009353179931640199
SARS-CoV-2-C61A_S164T_T201L,10.492020606994627,train,10.53,1.053,0.03797939300537223
SARS-CoV-2-V37S_I138L_G172W,10.397247314453123,train,10.42,1.042,0.022752685546876705
SARS-CoV-2-N1P_E154L,10.324997901916504,train,10.28,1.028,0.044997901916504546
SARS-CoV-2-R78A,10.365560531616213,train,10.395,1.0395,0.02943946838378686
SARS-CoV-2-G172R_K198H,10.379073143005373,train,10.4,1.04,0.020926856994627485
SARS-CoV-2-F62I_Y175H,10.358630180358888,train,10.36,1.036,0.0013698196411109365
SARS-CoV-2-G83R_T201Y,10.535576820373535,train,10.56,1.056,0.02442317962646534
SARS-CoV-2-V37S_K56A_F126A_N171R_S200F,10.450369834899902,train,10.47,1.0470000000000002,0.019630165100098296
SARS-CoV-2-N58M_G166M,10.357222557067873,train,10.37,1.037,0.012777442932126348
SARS-CoV-2-S36D_T140S,10.417075157165527,train,10.435,1.0435,0.017924842834473154
SARS-CoV-2-I2T_R16K,10.589706420898438,train,10.63,1.0630000000000002,0.04029357910156328
SARS-CoV-2-I2P_F156I,10.350796699523926,train,10.39,1.0390000000000001,0.03920330047607479
SARS-CoV-2-V37G_P54W,10.42454433441162,train,10.43,1.043,0.005455665588380398
SARS-CoV-2-T170F_K198R,10.47682285308838,train,10.5,1.05,0.023177146911619317
SARS-CoV-2-I28L_K114L_Y119I,10.370203971862791,train,10.39,1.0390000000000001,0.019796028137209376
SARS-CoV-2-Y66N,10.30162239074707,train,10.328571428571427,1.0328571428571427,0.02694903782435709
SARS-CoV-2-K87N_S164Y,10.684943199157717,train,10.7,1.07,0.01505680084228267
SARS-CoV-2-L60Y_G83L_Q168K,10.387301445007324,train,10.39,1.0390000000000001,0.0026985549926763497
SARS-CoV-2-I2V_G9S,10.437294960021973,train,10.47,1.0470000000000002,0.03270503997802798
SARS-CoV-2-T15S_S36A,10.409700393676758,train,10.41,1.0410000000000001,0.0002996063232423296
SARS-CoV-2-V37T_F156A,10.519070625305176,train,10.54,1.054,0.020929374694823366
SARS-CoV-2-S53K_K87Q,10.456995964050291,train,10.47,1.0470000000000002,0.013004035949709447
SARS-CoV-2-V37S_T201R,10.60463809967041,train,10.64,1.064,0.03536190032959041
SARS-CoV-2-K87R_S129R,10.342653274536133,train,10.365,1.0365,0.0223467254638674
SARS-CoV-2-F62Y_N157C,10.356741905212402,train,10.37,1.037,0.013258094787596875
SARS-CoV-2-Y35F_G152S,10.313005447387695,train,10.36,1.036,0.04699455261230412
SARS-CoV-2-I28L_T55G_G166K,10.740848541259766,train,10.75,1.075,0.009151458740234375
SARS-CoV-2-L5V_Y119M,10.345974922180176,train,10.37,1.037,0.024025077819823437
SARS-CoV-2-K87Q_L122Y,10.385231018066406,train,10.41,1.0410000000000001,0.024768981933593892
SARS-CoV-2-T55L_A192L,10.439486503601074,train,10.44,1.044,0.0005134963989252839
SARS-CoV-2-C61M_L125E,10.474472045898438,train,10.52,1.052,0.045527954101562074
SARS-CoV-2-T63L_K87R,10.30749797821045,train,10.33,1.0330000000000001,0.022502021789550852
SARS-CoV-2-Y119I_G166M_H189R,10.51540470123291,train,10.56,1.056,0.04459529876709034
SARS-CoV-2-R16N_F160T,10.461980819702148,train,10.49,1.0490000000000002,0.028019180297851776
SARS-CoV-2-V37R_G172M_T201N,10.31767749786377,train,10.335,1.0335,0.01732250213623132
SARS-CoV-2-I2V_V37G_Q163E,10.48640251159668,train,10.5,1.05,0.013597488403320312
SARS-CoV-2-N40R_S129Q_E154S_K199R,10.432713508605955,train,10.47,1.0470000000000002,0.037286491394045385
SARS-CoV-2-R78T,10.330002784729004,train,10.37,1.037,0.03999721527099531
SARS-CoV-2-K87V_K128A,10.309429168701172,train,10.33,1.0330000000000001,0.020570831298828196
SARS-CoV-2-K56L_G172V_T201G,10.311439514160156,train,10.32,1.032,0.008560485839844034
SARS-CoV-2-S29V_Y119T,10.54705810546875,train,10.56,1.056,0.012941894531250497
SARS-CoV-2-P54M_T85Q,10.38609504699707,train,10.43,1.043,0.0439049530029294
SARS-CoV-2-T63A_L122Y,10.37941837310791,train,10.415,1.0414999999999999,0.03558162689208899
SARS-CoV-2-K26T,10.361477851867676,train,10.39,1.0390000000000001,0.028522148132324787
SARS-CoV-2-Q84E_T170E_Y175K,10.480067253112791,train,10.49,1.0490000000000002,0.00993274688720902
SARS-CoV-2-G9N_F62Y_I104V_N151T,10.409911155700684,train,10.42,1.042,0.010088844299316335
SARS-CoV-2-N4S_G172R,10.309203147888184,train,10.33,1.0330000000000001,0.020796852111816477
SARS-CoV-2-S139K_K199S,10.364084243774414,train,10.34,1.034,0.024084243774414205
SARS-CoV-2-Y119K_Y159S,10.48051643371582,train,10.49,1.0490000000000002,0.0094835662841799
SARS-CoV-2-S29G_T201R,10.306827545166016,train,10.37,1.037,0.0631724548339836
SARS-CoV-2-P54I_P149S_F156S,10.451373100280762,train,10.46,1.046,0.008626899719239134
SARS-CoV-2-N110E_K132H_A145Q,10.474562644958496,train,10.49,1.0490000000000002,0.01543735504150412
SARS-CoV-2-T15S_V37F_G83A_C195F,10.308160781860352,train,10.32,1.032,0.011839218139648722
SARS-CoV-2-F156N,10.478059768676758,train,10.495454545454546,1.0495454545454546,0.017394776777788223
SARS-CoV-2-K132E_A145I,10.39761734008789,train,10.37,1.037,0.027617340087891407
SARS-CoV-2-A192N_T201N,10.323368072509766,train,10.34,1.034,0.016631927490234233
SARS-CoV-2-R16S_K56S_G83N,10.353215217590332,train,10.36,1.036,0.0067847824096674
SARS-CoV-2-I2K_Q84S,10.352490425109863,train,10.37,1.037,0.017509574890135937
SARS-CoV-2-T100N_Q168E,10.325335502624512,train,10.34,1.034,0.01466449737548814
SARS-CoV-2-A42G_N110M,10.402424812316896,train,10.43,1.043,0.027575187683103408
SARS-CoV-2-A42G_T55A_D97L_K199Q,10.516386032104492,train,10.54,1.054,0.02361396789550696
SARS-CoV-2-T55S_N171S_T201V,10.449763298034668,train,10.47,1.0470000000000002,0.02023670196533267
SARS-CoV-2-G117P,10.372822761535645,train,10.42,1.042,0.0471772384643554
SARS-CoV-2-N64A_K87W,10.295973777770996,train,10.32,1.032,0.02402622222900419
SARS-CoV-2-Y119R_T148E,10.39040184020996,train,10.39,1.0390000000000001,0.0004018402099585927
SARS-CoV-2-S43M_D98N_N151L,10.36893367767334,train,10.39,1.0390000000000001,0.021066322326660725
SARS-CoV-2-V37R_T170S,10.484356880187988,train,10.5,1.05,0.01564311981201172
SARS-CoV-2-Y119L_S184T,10.361252784729004,train,10.39,1.0390000000000001,0.028747215270996662
SARS-CoV-2-K87I_T201P,10.537867546081545,train,10.55,1.0550000000000002,0.012132453918455965
SARS-CoV-2-G117Y_L125N_T148F,10.423036575317385,train,10.44,1.044,0.016963424682614914
SARS-CoV-2-K48Q_N120S,10.352486610412598,train,10.38,1.038,0.027513389587403125
SARS-CoV-2-V173F_K199W,10.518301010131836,train,10.53,1.053,0.011698989868163423
SARS-CoV-2-K114V_G174P,10.384053230285645,train,10.4,1.04,0.015946769714355824
SARS-CoV-2-T140E_F160C,10.356156349182127,train,10.37,1.037,0.013843650817872089
SARS-CoV-2-L122M_T201F,10.456700325012209,train,10.49,1.0490000000000002,0.033299674987791406
SARS-CoV-2-L5M_G9S_Y119K,10.293307304382324,train,10.34,1.034,0.04669269561767564
SARS-CoV-2-N1V_Y35I_T55D_C61R_L122F,10.29588508605957,train,10.31,1.0310000000000001,0.014114913940430185
SARS-CoV-2-K128P_A145K,10.51298713684082,train,10.52,1.052,0.007012863159179261
SARS-CoV-2-R78V_T148N,10.399895668029783,train,10.4,1.04,0.00010433197021697538
SARS-CoV-2-A18P,10.4983491897583,train,10.54,1.054,0.041650810241698366
SARS-CoV-2-D75S_S129T,10.418307304382324,train,10.45,1.045,0.03169269561767507
SARS-CoV-2-D97E_K198R,10.610082626342772,train,10.66,1.066,0.04991737365722848
SARS-CoV-2-Y123R_P149H,10.335489273071287,train,10.37,1.037,0.03451072692871193
SARS-CoV-2-V37G_G51N_Q168T,10.541817665100098,train,10.56,1.056,0.01818233489990284
SARS-CoV-2-V37G_K199D,10.53860092163086,train,10.54,1.054,0.0013990783691397723
SARS-CoV-2-Y123F_K199S,10.558913230895996,train,10.58,1.058,0.021086769104003977
SARS-CoV-2-I28Y_Y39K_N157H_P197Y,10.674590110778809,train,10.71,1.0710000000000002,0.03540988922119226
SARS-CoV-2-L38F_Q84K_F156R,10.30918025970459,train,10.3,1.03,0.009180259704589133
SARS-CoV-2-D97K_L187S,10.362353324890137,train,10.38,1.038,0.017646675109864063
SARS-CoV-2-F44D_N120D_F156P,10.3798189163208,train,10.42,1.042,0.04018108367919915
SARS-CoV-2-R27K_S53M_Y175G,10.444751739501951,train,10.46,1.046,0.015248260498049504
SARS-CoV-2-T15E_A33W_G146T,10.383617401123049,train,10.41,1.0410000000000001,0.02638259887695149
SARS-CoV-2-F126H_E141N,10.344326972961426,train,10.38,1.038,0.035673027038575
SARS-CoV-2-N24T_E154G,10.299017906188965,train,10.32,1.032,0.02098209381103544
SARS-CoV-2-V37F_K114A_G155N,10.612446784973145,train,10.62,1.062,0.007553215026854687
SARS-CoV-2-Q168A_A192R,10.342808723449709,train,10.36,1.036,0.017191276550290624
SARS-CoV-2-K56A_F156L,10.500327110290527,train,10.52,1.052,0.01967288970947223
SARS-CoV-2-D59Y_K199D,10.329575538635254,train,10.37,1.037,0.04042446136474531
SARS-CoV-2-I2R_N24R,10.332332611083984,train,10.37,1.037,0.03766738891601484
SARS-CoV-2-P149D_T201S,10.42274570465088,train,10.475,1.0475,0.05225429534911896
SARS-CoV-2-D97L_Y119H,10.473257064819336,train,10.51,1.051,0.03674293518066385
SARS-CoV-2-G146S_F160W,10.369207382202148,train,10.42,1.042,0.05079261779785149
SARS-CoV-2-P149I_K199I,10.381765365600586,train,10.42,1.042,0.03823463439941399
SARS-CoV-2-L5V_T55H_N157S_A190G,10.500587463378906,train,10.57,1.0570000000000002,0.06941253662109403
SARS-CoV-2-L5W_N40S,10.47088623046875,train,10.49,1.0490000000000002,0.019113769531250213
SARS-CoV-2-C61D_K199I,10.305815696716309,train,10.31,1.0310000000000001,0.004184303283691904
SARS-CoV-2-V37G_K114I,10.339349746704102,train,10.37,1.037,0.030650253295897656
SARS-CoV-2-K128P,10.314020156860352,train,10.325,1.0325,0.010979843139647727
SARS-CoV-2-V37I_A145S,10.504742622375488,train,10.55,1.0550000000000002,0.04525737762451243
SARS-CoV-2-T140R_F156L,10.409526824951172,train,10.46,1.046,0.05047317504882898
SARS-CoV-2-G83R_T201A,10.451545715332031,train,10.47,1.0470000000000002,0.01845428466796939
SARS-CoV-2-N4T_A190Q_K198F,10.386102676391602,train,10.44,1.044,0.05389732360839794
SARS-CoV-2-F62A_Y119T,10.54931926727295,train,10.56,1.056,0.010680732727051279
SARS-CoV-2-V37E_D98N,10.417461395263672,train,10.42,1.042,0.002538604736328054
SARS-CoV-2-Y119V_E154V,10.462733268737791,train,10.48,1.048,0.017266731262209234
SARS-CoV-2-L60Q_T100R,10.559033393859863,train,10.59,1.059,0.030966606140136577
SARS-CoV-2-L122K_A145S_Y175R,10.56913948059082,train,10.6,1.06,0.030860519409179332
SARS-CoV-2-L188V,10.399760246276855,train,10.415,1.0414999999999999,0.015239753723143679
SARS-CoV-2-E10D_N40S,10.421005249023438,train,10.42,1.042,0.001005249023437571
SARS-CoV-2-V173T_P197F,10.483242988586426,train,10.53,1.053,0.04675701141357358
SARS-CoV-2-K48R_K114N_G174T,10.466134071350098,train,10.49,1.0490000000000002,0.023865928649902557
SARS-CoV-2-A190V_K198M,10.306526184082031,train,10.32,1.032,0.013473815917969034
SARS-CoV-2-V37F_D97L_N120F,10.602478981018066,train,10.6,1.06,0.0024789810180667615
SARS-CoV-2-V37L_L125F,10.44222927093506,train,10.46,1.046,0.017770729064940483
SARS-CoV-2-L60A_N157R,10.30414867401123,train,10.31,1.0310000000000001,0.005851325988770029
SARS-CoV-2-K26R_R78S_K87D_T201L,10.35470485687256,train,10.35,1.035,0.004704856872560725
SARS-CoV-2-I2S,10.407898902893066,train,10.386060606060608,1.038606060606061,0.02183829683245797
SARS-CoV-2-A33G_Y178H,10.412407875061035,train,10.46,1.046,0.047592124938965696
SARS-CoV-2-A14T_V37F_K128G_Y159S,10.428525924682615,train,10.46,1.046,0.03147407531738544
SARS-CoV-2-I2G_P54L_Y175R,10.483210563659668,train,10.51,1.051,0.026789436340331818
SARS-CoV-2-K87F_F126R,10.403037071228027,train,10.4,1.04,0.0030370712280269885
SARS-CoV-2-N1L_F8L_S43H_Y175M_K199L,10.368638038635254,train,10.38,1.038,0.011361961364746875
SARS-CoV-2-Y39W,10.38429355621338,train,10.405,1.0405,0.020706443786618678
SARS-CoV-2-I28L,10.495038032531738,train,10.55,1.0550000000000002,0.05496196746826243
SARS-CoV-2-I104F_P149M,10.298165321350098,train,10.33,1.0330000000000001,0.031834678649902415
SARS-CoV-2-T148F_T201K,10.471844673156738,train,10.46,1.046,0.011844673156737429
SARS-CoV-2-T85S_Y119S_P149R_T201N,10.459517478942873,train,10.46,1.046,0.00048252105712798254
SARS-CoV-2-K87S_G155A,10.313376426696776,train,10.34,1.034,0.02662357330322429
SARS-CoV-2-V37Y_G166E,10.454776763916016,train,10.45,1.045,0.0047767639160163355
SARS-CoV-2-Y35L_F62S_T170N,10.454318046569824,train,10.49,1.0490000000000002,0.035681953430175994
SARS-CoV-2-S43A_G83M,10.47036838531494,train,10.47,1.0470000000000002,0.0003683853149389904
SARS-CoV-2-T46E,10.54769802093506,train,10.57,1.0570000000000002,0.022301979064939914
SARS-CoV-2-L111A_T201R,10.42566204071045,train,10.45,1.045,0.02433795928955007
SARS-CoV-2-I28L_L187T,10.454856872558594,train,10.5,1.05,0.04514312744140625
SARS-CoV-2-G9Y_R78C,10.354548454284668,train,10.345,1.0345000000000002,0.00954845428466733
SARS-CoV-2-D90F_L122Q_Y175S,10.313420295715332,train,10.33,1.0330000000000001,0.01657970428466804
SARS-CoV-2-V115H_L188V,10.309613227844238,train,10.33,1.0330000000000001,0.02038677215576179
SARS-CoV-2-V37L_S43F,10.36745548248291,train,10.36,1.036,0.007455482482910725
SARS-CoV-2-R27E,10.400705337524414,train,10.428,1.0428000000000002,0.02729466247558676
SARS-CoV-2-V37S_S45A,10.4888334274292,train,10.515,1.0515,0.02616657257080135
SARS-CoV-2-N130I,10.313952445983888,train,10.34,1.034,0.026047554016111363
SARS-CoV-2-F185L_P197A,10.50295352935791,train,10.51,1.051,0.007046470642089631
SARS-CoV-2-T46F,10.29665756225586,train,10.343333333333334,1.0343333333333333,0.04667577107747434
SARS-CoV-2-R27K_G83M,10.45141887664795,train,10.46,1.046,0.008581123352051634
SARS-CoV-2-T201G,10.332879066467283,train,10.365555555555554,1.0365555555555555,0.0326764890882707
SARS-CoV-2-L5T_R73K,10.314435958862305,train,10.34,1.034,0.02556404113769517
SARS-CoV-2-P197A,10.502273559570312,train,10.52125,1.052125,0.018976440429687713
SARS-CoV-2-K128N_K198A,10.369673728942873,train,10.39,1.0390000000000001,0.0203262710571277
SARS-CoV-2-V37Y_I142L,10.491393089294434,train,10.54,1.054,0.048606910705565554
SARS-CoV-2-G116S_L125Y,10.397772789001465,train,10.4,1.04,0.0022272109985355115
SARS-CoV-2-Y119L_T201I,10.42581844329834,train,10.44,1.044,0.014181556701659659
SARS-CoV-2-A145V_G174D,10.405247688293455,train,10.4,1.04,0.0052476882934549
SARS-CoV-2-T3S_N64E,10.51255702972412,train,10.545,1.0545,0.03244297027588061
SARS-CoV-2-F62V_N120P,10.44297218322754,train,10.49,1.0490000000000002,0.047027816772459374
SARS-CoV-2-L187E,10.394808769226074,train,10.41,1.0410000000000001,0.015191230773925923
SARS-CoV-2-S41T_P149K,10.473158836364746,train,10.48,1.048,0.006841163635254333
SARS-CoV-2-N120L_G172I_T201M,10.348515510559082,train,10.36,1.036,0.0114844894409174
SARS-CoV-2-E10T_R27V_G166S,10.31938934326172,train,10.35,1.035,0.03061065673827912
SARS-CoV-2-T55N_L122A,10.481966972351074,train,10.53,1.053,0.04803302764892514
SARS-CoV-2-F62L_V173S,10.342521667480469,train,10.35,1.035,0.007478332519530895
SARS-CoV-2-P54F_K87L,10.427310943603516,train,10.45,1.045,0.022689056396483664
SARS-CoV-2-S164T,10.356263160705566,train,10.392,1.0392,0.035736839294433054
SARS-CoV-2-F44Y_C61R,10.43640422821045,train,10.45,1.045,0.01359577178955007
SARS-CoV-2-I28M_L125R_N157C,10.299545288085938,train,10.32,1.032,0.020454711914062784
SARS-CoV-2-T85Q,10.309449195861816,train,10.335,1.0335,0.025550804138184446
SARS-CoV-2-G146S_K198M,10.401658058166504,train,10.39,1.0390000000000001,0.011658058166503338
SARS-CoV-2-S43A_F160L,10.335205078125,train,10.345,1.0345000000000002,0.00979492187500064
SARS-CoV-2-Y91F,10.415243148803713,train,10.395454545454546,1.0395454545454548,0.019788603349166323
SARS-CoV-2-E10S_L122M,10.420520782470703,train,10.44,1.044,0.019479217529296378
SARS-CoV-2-S129R_V173W_P197L,10.5303373336792,train,10.53,1.053,0.00033733367919985824
SARS-CoV-2-K87T_N118S,10.44560718536377,train,10.48,1.048,0.034392814636230895
SARS-CoV-2-A145S,10.3451566696167,train,10.389285714285714,1.0389285714285714,0.044129044669015016
SARS-CoV-2-N24T_Y175S,10.531390190124512,train,10.55,1.0550000000000002,0.018609809875488992
SARS-CoV-2-T55P_F62W_K114F,10.296075820922852,train,10.3,1.03,0.003924179077149148
SARS-CoV-2-F47M_F156M_Q168E,10.309161186218262,train,10.33,1.0330000000000001,0.020838813781738352
SARS-CoV-2-N4S_S29K,10.403188705444336,train,10.44,1.044,0.036811294555663565
SARS-CoV-2-K56M_K199M,10.467172622680664,train,10.46,1.046,0.00717262268066321
SARS-CoV-2-I2V_L38F_L122R_T140V_T170N_L188N_T201G,10.555596351623535,train,10.58,1.058,0.024403648376464915
SARS-CoV-2-K114N_T201H,10.456826210021973,train,10.48,1.048,0.02317378997802777
SARS-CoV-2-T3Q_V173L,10.4564790725708,train,10.47,1.0470000000000002,0.013520927429199858
SARS-CoV-2-Y119S_R136Q,10.472590446472168,train,10.51,1.051,0.03740955352783182
SARS-CoV-2-G9N_N64S_K114G_N120S,10.297673225402832,train,10.3,1.03,0.0023267745971686793
SARS-CoV-2-K132Q_L187S,10.56857967376709,train,10.64,1.064,0.07142032623291072
SARS-CoV-2-K56H_Y119Q,10.375531196594238,train,10.41,1.0410000000000001,0.03446880340576186
SARS-CoV-2-C61T_C195F,10.34967803955078,train,10.38,1.038,0.030321960449221308
SARS-CoV-2-L5T_G83N_T100Y,10.372639656066896,train,10.42,1.042,0.04736034393310362
SARS-CoV-2-I72V_D97M,10.30271053314209,train,10.3,1.03,0.002710533142089133
SARS-CoV-2-V37I_T201C,10.519009590148926,train,10.54,1.054,0.020990409851073366
SARS-CoV-2-N120S_F126Y,10.50059986114502,train,10.51,1.051,0.009400138854980256
SARS-CoV-2-L5Q_V37W,10.546235084533691,train,10.55,1.0550000000000002,0.0037649154663093043
SARS-CoV-2-Y35W_K87D_S200V,10.463578224182127,train,10.49,1.0490000000000002,0.026421775817873083
SARS-CoV-2-Y39T_N120A,10.56048583984375,train,10.58,1.058,0.01951416015625007
SARS-CoV-2-N151A_G166K_V173F_T201A,10.342016220092772,train,10.33,1.0330000000000001,0.01201622009277159
SARS-CoV-2-R73N_Y119S,10.321494102478027,train,10.35,1.035,0.0285058975219723
SARS-CoV-2-S41E_K199T,10.389145851135254,train,10.42,1.042,0.030854148864746023
SARS-CoV-2-L5H_T55S,10.520458221435549,train,10.56,1.056,0.039541778564451846
SARS-CoV-2-N157L_G174R,10.518138885498049,train,10.55,1.0550000000000002,0.03186111450195206
SARS-CoV-2-V115M_S200V,10.375893592834473,train,10.41,1.0410000000000001,0.034106407165527486
SARS-CoV-2-T55G_Y66W,10.365452766418455,train,10.38,1.038,0.014547233581545527
SARS-CoV-2-V37G_N130K,10.616950035095217,train,10.64,1.064,0.02304996490478395
SARS-CoV-2-V37A_A145R,10.50156021118164,train,10.535,1.0535,0.03343978881835952
SARS-CoV-2-Y39A_D59G_Q168M,10.369318008422852,train,10.37,1.037,0.0006819915771476559
SARS-CoV-2-V37L_T148V,10.551093101501465,train,10.53,1.053,0.021093101501465483
SARS-CoV-2-K87N_N130A,10.56173324584961,train,10.6,1.06,0.03826675415039027
SARS-CoV-2-I28L_C61N_S129A,10.73742961883545,train,10.74,1.074,0.0025703811645509944
SARS-CoV-2-T46H_I104F,10.537453651428224,train,10.56,1.056,0.022546348571776065
SARS-CoV-2-T55G_G166R_T201S,10.476527214050291,train,10.47,1.0470000000000002,0.006527214050290553
SARS-CoV-2-N120K,10.313246726989746,train,10.31875,1.031875,0.005503273010253551
SARS-CoV-2-T140D,10.30650806427002,train,10.335,1.0335,0.02849193572998132
SARS-CoV-2-T63K_G196S,10.479002952575684,train,10.49,1.0490000000000002,0.01099704742431662
SARS-CoV-2-S45H_I138V,10.383341789245604,train,10.4,1.04,0.016658210754396663
SARS-CoV-2-L125G_G155F,10.403423309326172,train,10.4,1.04,0.0034233093261715197
SARS-CoV-2-S129D_E141Q,10.33653736114502,train,10.35,1.035,0.013462638854980113
SARS-CoV-2-V32M_Y39M,10.338454246520996,train,10.37,1.037,0.031545753479003125
SARS-CoV-2-N1L_Q84A_G172R,10.355015754699709,train,10.4,1.04,0.04498424530029155
SARS-CoV-2-G146D,10.327642440795898,train,10.354545454545455,1.0354545454545456,0.026903013749556948
SARS-CoV-2-P197G,10.344389915466309,train,10.376,1.0376,0.03161008453369085
SARS-CoV-2-N24K,10.369525909423828,train,10.381666666666668,1.038166666666667,0.012140757242839584
SARS-CoV-2-Q163M_T201Y,10.384305953979492,train,10.44,1.044,0.055694046020507315
SARS-CoV-2-E10D_T55H,10.323603630065918,train,10.35,1.035,0.026396369934081676
SARS-CoV-2-C61R_N120K,10.476890563964844,train,10.48,1.048,0.0031094360351566763
SARS-CoV-2-G9A_G116N,10.496908187866213,train,10.54,1.054,0.043091812133786433
SARS-CoV-2-E154A_T170L,10.435347557067873,train,10.45,1.045,0.01465244293212642
SARS-CoV-2-N109Y_L125W,10.365138053894045,train,10.37,1.037,0.004861946105954473
SARS-CoV-2-Q163T,10.303471565246582,train,10.312857142857142,1.0312857142857144,0.009385577610560247
SARS-CoV-2-A14S_F126H,10.389483451843262,train,10.41,1.0410000000000001,0.020516548156738423
SARS-CoV-2-S53K_K128N_P197D,10.558907508850098,train,10.59,1.059,0.0310924911499022
SARS-CoV-2-A42E_K87C,10.527503967285156,train,10.52,1.052,0.007503967285156676
SARS-CoV-2-T170V_H189S,10.425536155700684,train,10.45,1.045,0.024463844299315696
SARS-CoV-2-T55S_D98Y_F126H,10.320902824401855,train,10.34,1.034,0.01909717559814439
SARS-CoV-2-Y39F_T55M_L122H_I142V_G174L,10.689074516296388,train,10.68,1.068,0.00907451629638878
SARS-CoV-2-Y123F,10.330166816711426,train,10.321428571428571,1.0321428571428573,0.008738245282854606
SARS-CoV-2-T85Q_L111V_P149K,10.406624794006348,train,10.39,1.0390000000000001,0.016624794006347088
SARS-CoV-2-S29N_S43Y,10.351029396057127,train,10.34,1.034,0.011029396057127272
SARS-CoV-2-I2P_K56T_G166T,10.312823295593262,train,10.35,1.035,0.037176704406737926
SARS-CoV-2-N24R_L122V,10.37635898590088,train,10.36,1.036,0.01635898590088125
SARS-CoV-2-G9E_T55H_T63S,10.43349552154541,train,10.45,1.045,0.016504478454589133
SARS-CoV-2-V37Q_L187V,10.389281272888184,train,10.34,1.034,0.049281272888183736
SARS-CoV-2-L60S_Y175C,10.306493759155272,train,10.33,1.0330000000000001,0.02350624084472841
SARS-CoV-2-R16S_V32L_Y119G,10.441994667053224,train,10.44,1.044,0.00199466705322493
SARS-CoV-2-N130P_V173G_K198I,10.462170600891112,train,10.47,1.0470000000000002,0.007829399108889135
SARS-CoV-2-T55C_C61A,10.399192810058594,train,10.44,1.044,0.04080718994140575
SARS-CoV-2-C61E_E141N,10.493962287902832,train,10.54,1.054,0.046037712097167116
SARS-CoV-2-L122W_Q168S_G174L,10.486431121826172,train,10.49,1.0490000000000002,0.003568878173828338
SARS-CoV-2-V37M_F160N,10.523504257202148,train,10.52,1.052,0.003504257202148864
SARS-CoV-2-F160S_S200Q,10.416565895080566,train,10.45,1.045,0.03343410491943288
SARS-CoV-2-T55L_G83H,10.3427095413208,train,10.34,1.034,0.0027095413208009234
SARS-CoV-2-S36T_V173D,10.309440612792969,train,10.32,1.032,0.010559387207031534
SARS-CoV-2-P7N_Q163H,10.418988227844238,train,10.44,1.044,0.02101177215576122
SARS-CoV-2-I2S_T170S,10.545377731323242,train,10.56,1.056,0.01462226867675831
SARS-CoV-2-S147L_G172F,10.40897274017334,train,10.41,1.0410000000000001,0.0010272598266602984
SARS-CoV-2-P7D_P82V_K87I,10.459635734558104,train,10.46,1.046,0.00036426544189716026
SARS-CoV-2-N1D_I28F_P54E,10.466326713562012,train,10.48,1.048,0.013673286437988708
SARS-CoV-2-Y35V_T55F,10.323376655578612,train,10.36,1.036,0.03662334442138793
SARS-CoV-2-N64T_K114G_F156Y,10.390166282653809,train,10.43,1.043,0.03983371734619112
SARS-CoV-2-S139G_Y143F,10.50306510925293,train,10.52,1.052,0.016934890747069886
SARS-CoV-2-L122S_K128C_G174Q_P197M,10.682761192321776,train,10.71,1.0710000000000002,0.027238807678225285
SARS-CoV-2-I2W_L122S_K198R,10.386293411254885,train,10.42,1.042,0.03370658874511534
SARS-CoV-2-N1I_Y39L_F126V,10.46562385559082,train,10.48,1.048,0.014376144409180114
SARS-CoV-2-P54F_T201Q,10.395781517028809,train,10.43,1.043,0.03421848297119112
SARS-CoV-2-F62C,10.430460929870604,train,10.443,1.0443,0.012539070129395924
SARS-CoV-2-R16W_C61E,10.363468170166016,train,10.42,1.042,0.056531829833984304
SARS-CoV-2-F160S_K198T,10.57668399810791,train,10.61,1.061,0.033316001892089275
SARS-CoV-2-K26T_R136K,10.46884822845459,train,10.49,1.0490000000000002,0.02115177154541037
SARS-CoV-2-L5N_P149E_K199F,10.422688484191896,train,10.43,1.043,0.007311515808103408
SARS-CoV-2-V37L_G116I_K199I,10.367867469787598,train,10.38,1.038,0.012132530212403125
SARS-CoV-2-D98S_T201I,10.476378440856934,train,10.52,1.052,0.04362155914306598
SARS-CoV-2-Y39S,10.454736709594728,train,10.48125,1.048125,0.02651329040527095
SARS-CoV-2-S41T_L122V_Y175K,10.350241661071776,train,10.36,1.036,0.009758338928223864
SARS-CoV-2-I138R_P197L,10.57786750793457,train,10.59,1.059,0.012132492065429545
SARS-CoV-2-I2W_V32K_T85R,10.630813598632812,train,10.63,1.0630000000000002,0.0008135986328117184
SARS-CoV-2-V37M_A42H_N120S,10.521964073181152,train,10.53,1.053,0.008035926818847017
SARS-CoV-2-N120H_T170Q,10.29775333404541,train,10.31,1.0310000000000001,0.012246665954590341
SARS-CoV-2-Q176S_A190G_T201D,10.292932510375977,train,10.31,1.0310000000000001,0.017067489624023935
SARS-CoV-2-Y35L_T201R,10.488494873046877,train,10.5,1.05,0.011505126953123224
SARS-CoV-2-Y39N,10.497859001159668,train,10.4875,1.04875,0.010359001159667258
SARS-CoV-2-S43P_D90R,10.4307222366333,train,10.43,1.043,0.0007222366333010655
SARS-CoV-2-S43Q_T140S,10.36122989654541,train,10.38,1.038,0.018770103454590625
SARS-CoV-2-G9S_V37L_F156S,10.4810209274292,train,10.47,1.0470000000000002,0.01102092742919858
SARS-CoV-2-G116D_S129A,10.47040557861328,train,10.5,1.05,0.029594421386720526
SARS-CoV-2-T15K_K26T,10.29666519165039,train,10.33,1.0330000000000001,0.033334808349609446
SARS-CoV-2-L5K_N40K,10.692484855651855,train,10.72,1.072,0.02751514434814517
SARS-CoV-2-G9T_V37Q,10.455453872680664,train,10.46,1.046,0.00454612731933679
SARS-CoV-2-L122K_T140L_G172R,10.411840438842772,train,10.42,1.042,0.008159561157228268
SARS-CoV-2-G166I_L188R,10.37288761138916,train,10.38,1.038,0.007112388610840625
SARS-CoV-2-L125G_G155A,10.431561470031738,train,10.45,1.045,0.018438529968261008
SARS-CoV-2-I28L_K199E,10.53437328338623,train,10.57,1.0570000000000002,0.035626716613769815
SARS-CoV-2-V11I_Y35W_P54L,10.294955253601074,train,10.32,1.032,0.025044746398926065
SARS-CoV-2-T63N_F156L,10.447632789611816,train,10.47,1.0470000000000002,0.022367210388184233
SARS-CoV-2-N118H,10.421452522277832,train,10.425,1.0425000000000002,0.0035474777221686793
SARS-CoV-2-T3W_Y35I,10.487950325012209,train,10.53,1.053,0.04204967498779055
SARS-CoV-2-G116M_L125V,10.546896934509276,train,10.55,1.0550000000000002,0.003103065490725143
SARS-CoV-2-L122R_I138T,10.680773735046388,train,10.72,1.072,0.039226264953612144
SARS-CoV-2-L5V_V32K_Y119N,10.48978328704834,train,10.49,1.0490000000000002,0.0002167129516603694
SARS-CoV-2-K87L_K132M,10.50572109222412,train,10.52,1.052,0.014278907775880256
SARS-CoV-2-T63S,10.374770164489746,train,10.41,1.0410000000000001,0.03522983551025405
SARS-CoV-2-D97N_T170S,10.349828720092772,train,10.39,1.0390000000000001,0.04017127990722891
SARS-CoV-2-G51R_P197S,10.292643547058104,train,10.28,1.028,0.012643547058104332
SARS-CoV-2-S139D_F160A,10.321345329284668,train,10.35,1.035,0.028654670715331676
SARS-CoV-2-I2N_D59Q_K87M_V173I,10.643421173095703,train,10.66,1.066,0.016578826904297017
SARS-CoV-2-N120K_G155T,10.489876747131348,train,10.53,1.053,0.040123252868651704
SARS-CoV-2-Y119S_F126K,10.295571327209473,train,10.31,1.0310000000000001,0.014428672790527841
SARS-CoV-2-N118A_T201N,10.308893203735352,train,10.3,1.03,0.008893203735350852
SARS-CoV-2-Y39Q_K48E_S164H,10.330524444580078,train,10.335,1.0335,0.004475555419922728
SARS-CoV-2-L5E_Q176D,10.43189525604248,train,10.44,1.044,0.008104743957519034
SARS-CoV-2-I28L_K128Y,10.411514282226562,train,10.39,1.0390000000000001,0.02151428222656193
SARS-CoV-2-I2K_R16Y,10.490034103393556,train,10.52,1.052,0.02996589660644311
SARS-CoV-2-V37L_Q168E,10.428765296936035,train,10.45,1.045,0.021234703063964133
SARS-CoV-2-S43I_T201R,10.630221366882324,train,10.68,1.068,0.0497786331176755
SARS-CoV-2-G166S_G172W,10.521563529968262,train,10.55,1.0550000000000002,0.028436470031738992
SARS-CoV-2-L5H_T193N,10.367613792419434,train,10.37,1.037,0.0023862075805656247
SARS-CoV-2-I104F_Y159R,10.44471263885498,train,10.44,1.044,0.004712638854980966
SARS-CoV-2-T148V_F156C_S200G,10.332066535949709,train,10.34,1.034,0.00793346405029105
SARS-CoV-2-I104M_T148R_V153S,10.364048957824709,train,10.37,1.037,0.005951042175290411
SARS-CoV-2-A33Q_P54V,10.353135108947754,train,10.36,1.036,0.006864891052245525
SARS-CoV-2-S41V_Y119P_T201M,10.362008094787598,train,10.4,1.04,0.0379919052124027
SARS-CoV-2-E154V,10.338053703308104,train,10.342,1.0342,0.003946296691896833
SARS-CoV-2-G9Q_T170V,10.381755828857422,train,10.39,1.0390000000000001,0.008244171142578693
SARS-CoV-2-S36E_L122M,10.743330955505373,train,10.78,1.078,0.03666904449462649
SARS-CoV-2-D97T_L131I,10.308910369873049,train,10.32,1.032,0.011089630126951633
SARS-CoV-2-I2H_V52L,10.39950942993164,train,10.41,1.0410000000000001,0.010490570068359517
SARS-CoV-2-N24E_T55A_E141R,10.380133628845217,train,10.41,1.0410000000000001,0.029866371154783522
SARS-CoV-2-T55A_C61S_Y119C_F156T,10.415518760681152,train,10.435,1.0435,0.019481239318848154
SARS-CoV-2-D90Q_T201K,10.334498405456545,train,10.37,1.037,0.03550159454345447
SARS-CoV-2-K26I_F156L_G174E_A190N,10.422913551330566,train,10.43,1.043,0.0070864486694333095
SARS-CoV-2-G174E_K198L,10.34054470062256,train,10.34,1.034,0.0005447006225605122
SARS-CoV-2-V37F_F156L,10.382678985595703,train,10.38,1.038,0.0026789855957023434
SARS-CoV-2-D98S_T201D,10.43768310546875,train,10.46,1.046,0.022316894531250853
SARS-CoV-2-K56T_K87N_Y175S,10.4719820022583,train,10.5,1.05,0.02801799774169922
SARS-CoV-2-Y35M_K87Q_T170N,10.296646118164062,train,10.32,1.032,0.023353881835937784
SARS-CoV-2-K87S_T100C,10.601909637451172,train,10.63,1.0630000000000002,0.028090362548828907
SARS-CoV-2-P54L_F160T,10.340103149414062,train,10.37,1.037,0.02989685058593672
SARS-CoV-2-R78P_V153S_L188Y,10.525452613830566,train,10.53,1.053,0.004547386169432954
SARS-CoV-2-V37K_G174E,10.522274017333984,train,10.53,1.053,0.0077259826660149855
SARS-CoV-2-F126D,10.353470802307127,train,10.35,1.035,0.003470802307127485
SARS-CoV-2-A145T,10.35551929473877,train,10.377142857142855,1.0377142857142856,0.021623562404085916
SARS-CoV-2-K56R_K87N,10.347530364990234,train,10.39,1.0390000000000001,0.04246963500976619
SARS-CoV-2-N64S_K114A,10.359740257263184,train,10.38,1.038,0.020259742736817188
SARS-CoV-2-N171K,10.380049705505373,train,10.4325,1.04325,0.05245029449462635
SARS-CoV-2-V32Q_Y35L_N171G,10.59732723236084,train,10.62,1.062,0.022672767639159375
SARS-CoV-2-Q168V_V173I,10.582783699035645,train,10.6,1.06,0.017216300964355113
SARS-CoV-2-N24E_V37K_T55H_S139N_F156N_T170F,10.540486335754396,train,10.54,1.054,0.00048633575439716026
SARS-CoV-2-R16I_E154Q_S200A,10.419373512268066,train,10.44,1.044,0.020626487731933096
SARS-CoV-2-I2L_K87I,10.375638008117676,train,10.38,1.038,0.004361991882325
SARS-CoV-2-N4D_N157D,10.370984077453612,train,10.35,1.035,0.02098407745361186
SARS-CoV-2-N30E_T170R,10.394171714782717,train,10.45,1.045,0.05582828521728267
SARS-CoV-2-S53E_F62P_L122R,10.535361289978027,train,10.57,1.0570000000000002,0.03463871002197294
SARS-CoV-2-P169T,10.294633865356444,train,10.288,1.0288000000000002,0.00663386535644328
SARS-CoV-2-S36T_K87W_I138E,10.338183403015137,train,10.34,1.034,0.0018165969848631391
SARS-CoV-2-T85S_T140I,10.451388359069824,train,10.47,1.0470000000000002,0.01861164093017642
SARS-CoV-2-N64S_K87N_N157R,10.447320938110352,train,10.43,1.043,0.017320938110351847
SARS-CoV-2-N24S_Y39R_T201R,10.627422332763672,train,10.66,1.066,0.03257766723632827
SARS-CoV-2-A42R_V115M,10.36992359161377,train,10.41,1.0410000000000001,0.04007640838623061
SARS-CoV-2-G83R_P191T,10.468295097351074,train,10.48,1.048,0.011704902648926208
SARS-CoV-2-Y123F_I138L_T170N,10.325509071350098,train,10.33,1.0330000000000001,0.004490928649902415
SARS-CoV-2-V32R_P149Q,10.50101375579834,train,10.5,1.05,0.0010137557983398438
SARS-CoV-2-K87R_I142T,10.469820976257324,train,10.47,1.0470000000000002,0.00017902374267642074
SARS-CoV-2-N64Y_N110S_Q168H,10.333775520324709,train,10.345,1.0345000000000002,0.011224479675291832
SARS-CoV-2-V37E,10.4985990524292,train,10.46,1.046,0.038599052429198366
SARS-CoV-2-I28L_Y175S,10.592450141906738,train,10.61,1.061,0.01754985809326115
SARS-CoV-2-Y143W_A192S,10.38429069519043,train,10.39,1.0390000000000001,0.005709304809570881
SARS-CoV-2-I2V_I28F_G146A,10.749696731567385,train,10.76,1.076,0.010303268432615198
SARS-CoV-2-Y119F_N151K,10.358359336853027,train,10.38,1.038,0.021640663146973438
SARS-CoV-2-T100L_L125M,10.717496871948242,train,10.75,1.075,0.03250312805175781
SARS-CoV-2-N4R_K56H_K87L_L122V,10.42039966583252,train,10.45,1.045,0.029600334167479758
SARS-CoV-2-Q163L_K199G,10.295804977416992,train,10.28,1.028,0.015804977416992827
SARS-CoV-2-T3M_P197L,10.593409538269045,train,10.62,1.062,0.026590461730954473
SARS-CoV-2-K56Q_N120I,10.34479808807373,train,10.36,1.036,0.015201911926268963
SARS-CoV-2-Y175F,10.399849891662598,train,10.403076923076924,1.0403076923076924,0.0032270314143261203
SARS-CoV-2-S147A,10.46654224395752,train,10.47888888888889,1.0478888888888889,0.01234664493136961
SARS-CoV-2-V32L_V173T_S200Q,10.37678050994873,train,10.39,1.0390000000000001,0.0132194900512701
SARS-CoV-2-Y35M_T55K,10.471887588500977,train,10.46,1.046,0.01188758850097571
SARS-CoV-2-K87W,10.315524101257324,train,10.297,1.0297,0.018524101257323622
SARS-CoV-2-D97V_G166S,10.501346588134766,train,10.52,1.052,0.01865341186523395
SARS-CoV-2-V115G,10.3307466506958,train,10.33,1.0330000000000001,0.0007466506958007102
SARS-CoV-2-N4H_A190T,10.532222747802734,train,10.56,1.056,0.027777252197266122
SARS-CoV-2-G174K_S184H,10.394511222839355,train,10.39,1.0390000000000001,0.0045112228393549
SARS-CoV-2-N171L,10.39897632598877,train,10.4075,1.04075,0.008523674011231108
SARS-CoV-2-T100R,10.361313819885254,train,10.373333333333331,1.0373333333333332,0.01201951344807739
SARS-CoV-2-P149F_G172R,10.297905921936035,train,10.31,1.0310000000000001,0.012094078063965341
SARS-CoV-2-K198M,10.305206298828123,train,10.32888888888889,1.0328888888888892,0.02368259006076734
SARS-CoV-2-V37A_L122M_P149L_Y175A,10.53075122833252,train,10.53,1.053,0.0007512283325201707
SARS-CoV-2-V37F_G166D,10.590897560119627,train,10.6,1.06,0.009102439880372515
SARS-CoV-2-T85E_L122H,10.32896327972412,train,10.34,1.034,0.01103672027588054
SARS-CoV-2-N171L_T201D,10.43398380279541,train,10.47,1.0470000000000002,0.03601619720459048
SARS-CoV-2-S129G_V173M,10.311817169189451,train,10.3,1.03,0.011817169189450638
SARS-CoV-2-T55N_P149M,10.308534622192385,train,10.34,1.034,0.03146537780761527
SARS-CoV-2-R16T_N157L,10.396427154541016,train,10.46,1.046,0.06357284545898523
SARS-CoV-2-V37L_P149T,10.401043891906738,train,10.4,1.04,0.001043891906737926
SARS-CoV-2-Q84S_D90S,10.394917488098145,train,10.39,1.0390000000000001,0.004917488098143963
SARS-CoV-2-K56H_F156M,10.389267921447754,train,10.39,1.0390000000000001,0.0007320785522466622
SARS-CoV-2-V37S_N64Y_L122S_T148V_L187I,10.472481727600098,train,10.48,1.048,0.00751827239990277
SARS-CoV-2-L131I_T170S_K199E,10.390074729919434,train,10.41,1.0410000000000001,0.01992527008056655
SARS-CoV-2-S43I_L122C_K199Y,10.312984466552734,train,10.33,1.0330000000000001,0.017015533447265696
SARS-CoV-2-T55A_N120E_L187R,10.32645320892334,train,10.38,1.038,0.05354679107666094
SARS-CoV-2-K56T_V77L,10.34585952758789,train,10.38,1.038,0.03414047241211016
SARS-CoV-2-K199N,10.323107719421388,train,10.35888888888889,1.035888888888889,0.03578116946750143
SARS-CoV-2-I2G_K87R_T201S,10.655766487121582,train,10.68,1.068,0.024233512878417685
SARS-CoV-2-V37L_N151C,10.424105644226074,train,10.39,1.0390000000000001,0.03410564422607365
SARS-CoV-2-T55D_Y175K,10.61847972869873,train,10.63,1.0630000000000002,0.011520271301270313
SARS-CoV-2-S129Q_V173A,10.6287260055542,train,10.68,1.068,0.0512739944458005
SARS-CoV-2-G9S_P191T,10.461398124694824,train,10.51,1.051,0.04860187530517557
SARS-CoV-2-G9Y_Y66V_Y175F,10.427457809448242,train,10.41,1.0410000000000001,0.017457809448242045
SARS-CoV-2-V37F_P149I,10.3350248336792,train,10.35,1.035,0.014975166320800426
SARS-CoV-2-A18H_Y39V,10.39350128173828,train,10.4,1.04,0.006498718261720882
SARS-CoV-2-K56M_G174D,10.43214511871338,train,10.45,1.045,0.017854881286618607
SARS-CoV-2-F126R,10.366368293762209,train,10.34625,1.034625,0.020118293762209305
SARS-CoV-2-R78S_S184V,10.491836547851562,train,10.53,1.053,0.03816345214843686
SARS-CoV-2-V37S_Y178W,10.48503589630127,train,10.48,1.048,0.005035896301269105
SARS-CoV-2-I2F_P169Q_T201Y,10.327046394348145,train,10.32,1.032,0.007046394348144247
SARS-CoV-2-Y35L_V65I_D98P_V173N_P197T,10.310783386230469,train,10.28,1.028,0.03078338623046939
SARS-CoV-2-N58Q_G155T_G172R,10.33164882659912,train,10.33,1.0330000000000001,0.0016488265991192463
SARS-CoV-2-Y119K_E141Q,10.310189247131348,train,10.36,1.036,0.049810752868651775
SARS-CoV-2-R16T_N58H,10.404001235961914,train,10.435,1.0435,0.030998764038086435
SARS-CoV-2-Y119H_Y143H,10.459517478942873,train,10.5,1.05,0.04048252105712713
SARS-CoV-2-Y66N_N171I,10.433760643005373,train,10.44,1.044,0.0062393569946266325
SARS-CoV-2-V153E_G174K,10.41281509399414,train,10.43,1.043,0.01718490600585909
SARS-CoV-2-N1L_Y39F_C61K,10.4379301071167,train,10.47,1.0470000000000002,0.03206989288330142
SARS-CoV-2-D90S_L111I_N171M_T201L,10.324880599975586,train,10.35,1.035,0.025119400024413707
SARS-CoV-2-R78S,10.328912734985352,train,10.363333333333332,1.036333333333333,0.03442059834797995
SARS-CoV-2-F156A_V173Y,10.52029800415039,train,10.55,1.0550000000000002,0.029701995849610086
SARS-CoV-2-G83C_S184H,10.299885749816896,train,10.28,1.028,0.019885749816896947
SARS-CoV-2-C61K_T85R_N130R,10.298872947692873,train,10.32,1.032,0.021127052307127414
SARS-CoV-2-K48R,10.42506217956543,train,10.413,1.0413000000000001,0.012062179565429432
SARS-CoV-2-Y35M_G83M,10.38247013092041,train,10.38,1.038,0.0024701309204093747
SARS-CoV-2-L125V,10.415392875671388,train,10.455,1.0455,0.039607124328611576
SARS-CoV-2-T3D_S36A,10.373790740966797,train,10.385000000000002,1.0385000000000002,0.011209259033204688
SARS-CoV-2-V37L_S147P,10.53754711151123,train,10.54,1.054,0.0024528884887686786
SARS-CoV-2-G9P_V77L,10.342317581176758,train,10.37,1.037,0.027682418823241406
SARS-CoV-2-I138T_V153S,10.42227840423584,train,10.5,1.05,0.07772159576416016
SARS-CoV-2-Y121L_T201M,10.34557056427002,train,10.35,1.035,0.0044294357299801135
SARS-CoV-2-L38F_Y119S_V153G_T201W,10.301543235778809,train,10.34,1.034,0.038456764221191264
SARS-CoV-2-N120I_S200V,10.29256534576416,train,10.28,1.028,0.012565345764160796
SARS-CoV-2-S45E_P54V_S147Y,10.32664394378662,train,10.34,1.034,0.01335605621338054
SARS-CoV-2-T85R_D97L,10.510782241821287,train,10.495,1.0494999999999999,0.015782241821288068
SARS-CoV-2-A42G_T140M,10.320195198059082,train,10.34,1.034,0.019804801940917827
SARS-CoV-2-G9H,10.355587005615234,train,10.366,1.0366,0.010412994384765284
SARS-CoV-2-V11I_S43K,10.43304443359375,train,10.45,1.045,0.01695556640624929
SARS-CoV-2-V173M_S184T,10.501598358154297,train,10.56,1.056,0.05840164184570362
SARS-CoV-2-N64A_A192T,10.547513008117676,train,10.57,1.0570000000000002,0.022486991882324503
SARS-CoV-2-D98N_N120S,10.487196922302246,train,10.5,1.05,0.012803077697753906
SARS-CoV-2-K26S_Y39E_Y119H_N130K,10.293695449829102,train,10.32,1.032,0.02630455017089872
SARS-CoV-2-D59S_V153S,10.35097312927246,train,10.38,1.038,0.02902687072754162
SARS-CoV-2-L122K_S129P_G174A,10.657374382019045,train,10.68,1.068,0.02262561798095497
SARS-CoV-2-L5N,10.403185844421388,train,10.407142857142857,1.0407142857142857,0.0039570127214680895
SARS-CoV-2-G9D_R27V,10.51799774169922,train,10.57,1.0570000000000002,0.05200225830077976
SARS-CoV-2-G174K,10.392409324645996,train,10.37857142857143,1.037857142857143,0.013837896074566203
SARS-CoV-2-V11I_Q168C,10.541669845581056,train,10.54,1.054,0.0016698455810573165
SARS-CoV-2-Y175N_A190R,10.5204496383667,train,10.57,1.0570000000000002,0.049550361633301065
SARS-CoV-2-R78K,10.369611740112305,train,10.42,1.042,0.05038825988769524
SARS-CoV-2-D98H_K114A_Y175L,10.402917861938477,train,10.43,1.043,0.027082138061523153
SARS-CoV-2-P169H,10.366410255432127,train,10.37,1.037,0.0035897445678720885
SARS-CoV-2-L5W_T55S,10.326069831848145,train,10.34,1.034,0.013930168151855327
SARS-CoV-2-V37G_T55S,10.419854164123535,train,10.42,1.042,0.0001458358764647727
SARS-CoV-2-L5D_N64F,10.371638298034668,train,10.42,1.042,0.04836170196533196
SARS-CoV-2-I2E_V37D_N110G,10.54398250579834,train,10.55,1.0550000000000002,0.006017494201660867
SARS-CoV-2-F134H_Y175K,10.372403144836426,train,10.39,1.0390000000000001,0.017596855163574787
SARS-CoV-2-R27T_Q163K,10.465859413146973,train,10.48,1.048,0.01414058685302777
SARS-CoV-2-Y119M_N157Q,10.41222858428955,train,10.44,1.044,0.02777141571044872
SARS-CoV-2-P197Q,10.378206253051758,train,10.405,1.0405,0.026793746948241548
SARS-CoV-2-A42E_L122R_G174Q,10.648037910461426,train,10.67,1.067,0.021962089538574148
SARS-CoV-2-P54W_C61S,10.29684829711914,train,10.37,1.037,0.0731517028808586
SARS-CoV-2-G83L_S129V,10.483596801757812,train,10.54,1.054,0.05640319824218665
SARS-CoV-2-Y119T_F156R,10.361791610717772,train,10.38,1.038,0.01820838928222912
SARS-CoV-2-S200D,10.358814239501951,train,10.3925,1.03925,0.03368576049804872
SARS-CoV-2-F62M_G117H,10.466961860656738,train,10.45,1.045,0.016961860656738992
SARS-CoV-2-T3D_N171T,10.330214500427246,train,10.32,1.032,0.01021450042724581
SARS-CoV-2-S129R_G155D,10.388224601745604,train,10.43,1.043,0.04177539825439602
SARS-CoV-2-V37F_L122M,10.528990745544434,train,10.55,1.0550000000000002,0.021009254455567117
SARS-CoV-2-C61M_G174K,10.42888355255127,train,10.47,1.0470000000000002,0.04111644744873111
SARS-CoV-2-P149Q_G174Q,10.472573280334473,train,10.5,1.05,0.027426719665527344
SARS-CoV-2-Y39A,10.38095760345459,train,10.41,1.0410000000000001,0.0290423965454103
SARS-CoV-2-L5S_N171S,10.310829162597656,train,10.36,1.036,0.04917083740234318
SARS-CoV-2-A18S_V37L,10.344382286071776,train,10.35,1.035,0.005617713928224077
SARS-CoV-2-Y39I_G83F_Y175L_S200G,10.633896827697754,train,10.64,1.064,0.006103172302246662
SARS-CoV-2-L5K_Y39S,10.563923835754396,train,10.58,1.058,0.016076164245603763
SARS-CoV-2-N120R_K128A,10.444189071655272,train,10.47,1.0470000000000002,0.02581092834472898
SARS-CoV-2-E141D_G174W,10.41392421722412,train,10.41,1.0410000000000001,0.003924217224119175
SARS-CoV-2-S53K,10.336960792541504,train,10.36,1.036,0.023039207458495525
SARS-CoV-2-V37K_F160R,10.362881660461426,train,10.38,1.038,0.017118339538575
SARS-CoV-2-Y119E_I138P,10.407647132873535,train,10.43,1.043,0.02235286712646456
SARS-CoV-2-Y39F_S139T,10.394667625427246,train,10.44,1.044,0.04533237457275341
SARS-CoV-2-L188A,10.458616256713867,train,10.485,1.0485,0.026383743286132244
SARS-CoV-2-P54M_K132N,10.346063613891602,train,10.35,1.035,0.003936386108398082
SARS-CoV-2-D90N_T100I_L187M,10.325331687927246,train,10.31,1.0310000000000001,0.015331687927245596
SARS-CoV-2-I142V_V153M,10.40063190460205,train,10.44,1.044,0.03936809539794872
SARS-CoV-2-F44W_G146A,10.366339683532717,train,10.36,1.036,0.0063396835327171885
SARS-CoV-2-G9E_P54T,10.347278594970703,train,10.4,1.04,0.05272140502929723
SARS-CoV-2-D59T_Y119S,10.550396919250488,train,10.56,1.056,0.009603080749512216
SARS-CoV-2-I2H,10.31721019744873,train,10.34,1.034,0.02278980255126939
SARS-CoV-2-T55S_R78A,10.59141445159912,train,10.59,1.059,0.0014144515991194595
SARS-CoV-2-Y35L_F156H,10.57535457611084,train,10.58,1.058,0.004645423889160227
SARS-CoV-2-Y35W_K114W_G174R,10.590023040771484,train,10.62,1.062,0.029976959228514843
SARS-CoV-2-Y35I_S43I,10.35965633392334,train,10.38,1.038,0.020343666076660938
SARS-CoV-2-D90S_Y119M,10.36078929901123,train,10.37,1.037,0.00921070098876875
SARS-CoV-2-A42R_N151T,10.401867866516112,train,10.44,1.044,0.038132133483888
SARS-CoV-2-T55L_N120E,10.457467079162598,train,10.48,1.048,0.02253292083740277
SARS-CoV-2-Q84M_Y119N,10.5023775100708,train,10.53,1.053,0.02762248992919858
SARS-CoV-2-I80L_L122S_P197Y,10.419508934020996,train,10.44,1.044,0.02049106597900341
SARS-CoV-2-R78N_Q168N,10.427663803100586,train,10.44,1.044,0.012336196899413565
SARS-CoV-2-G9F_L122F,10.578307151794434,train,10.58,1.058,0.0016928482055664773
SARS-CoV-2-A190E_K198Y,10.314345359802246,train,10.33,1.0330000000000001,0.015654640197753977
SARS-CoV-2-N120D_I138P,10.444896697998049,train,10.49,1.0490000000000002,0.04510330200195156
SARS-CoV-2-L5E_S29D,10.389896392822266,train,10.4,1.04,0.01010360717773473
SARS-CoV-2-G9K_L122F,10.451136589050291,train,10.47,1.0470000000000002,0.018863410949709447
SARS-CoV-2-V115A_A145L_G152N,10.29438304901123,train,10.32,1.032,0.025616950988769815
SARS-CoV-2-S36R_Y119G_G155D,10.51511287689209,train,10.53,1.053,0.014887123107909517
SARS-CoV-2-S184V,10.354935646057127,train,10.37,1.037,0.015064353942872089
SARS-CoV-2-G166N_T201V,10.602364540100098,train,10.64,1.064,0.03763545989990291
SARS-CoV-2-F17W_K87L,10.48043727874756,train,10.5,1.05,0.01956272125243963
SARS-CoV-2-V32R_Y119D_Q144P,10.53987979888916,train,10.54,1.054,0.0001202011108389911
SARS-CoV-2-V37F_K128S,10.776339530944824,train,10.79,1.079,0.013660469055174929
SARS-CoV-2-S29V,10.346016883850098,train,10.365,1.0365,0.018983116149902557
SARS-CoV-2-N1E_P54M_P197A,10.479300498962402,train,10.49,1.0490000000000002,0.01069950103759787
SARS-CoV-2-K128S_Q163K,10.429966926574709,train,10.43,1.043,3.3073425290908176e-05
SARS-CoV-2-L5S_N157L,10.56553554534912,train,10.6,1.06,0.03446445465088033
SARS-CoV-2-Y119V_N130A_T148S,10.551137924194336,train,10.58,1.058,0.028862075805664134
SARS-CoV-2-R78T_P197Q,10.345393180847168,train,10.37,1.037,0.02460681915283125
SARS-CoV-2-T201K,10.351988792419434,train,10.383030303030305,1.0383030303030305,0.031041510610871015
SARS-CoV-2-T148V_T201N,10.484115600585938,train,10.51,1.051,0.025884399414062287
SARS-CoV-2-V37P_D59S_T201Q,10.362927436828612,train,10.36,1.036,0.0029274368286120733
SARS-CoV-2-S53T_G155R,10.363673210144045,train,10.42,1.042,0.056326789855955184
SARS-CoV-2-I2L_G9T,10.402935981750488,train,10.41,1.0410000000000001,0.007064018249511861
SARS-CoV-2-S53N,10.368555068969728,train,10.395,1.0395,0.026444931030271235
SARS-CoV-2-G196E,10.371739387512209,train,10.393333333333333,1.0393333333333332,0.02159394582112384
SARS-CoV-2-S41A_L122S_G155P_A190E,10.300278663635254,train,10.3,1.03,0.0002786636352531957
SARS-CoV-2-R16K_G117D,10.403968811035156,train,10.42,1.042,0.01603118896484368
SARS-CoV-2-T55K_G166W,10.337894439697266,train,10.35,1.035,0.01210556030273402
SARS-CoV-2-Y119T_T140D,10.504636764526367,train,10.54,1.054,0.03536323547363196
SARS-CoV-2-N120Q,10.394159317016602,train,10.415833333333332,1.0415833333333333,0.02167401631673016
SARS-CoV-2-L122M_T201V,10.49733066558838,train,10.545,1.0545,0.047669334411619246
SARS-CoV-2-I28L_L125D_H189Y,10.692880630493164,train,10.69,1.069,0.00288063049316456
SARS-CoV-2-I28M_T201L,10.606494903564451,train,10.65,1.0650000000000002,0.04350509643554901
SARS-CoV-2-L5Q,10.393582344055176,train,10.408181818181818,1.0408181818181819,0.01459947412664242
SARS-CoV-2-V37L_K56N_N120H,10.383337020874023,train,10.36,1.036,0.023337020874024006
SARS-CoV-2-T46M,10.324228286743164,train,10.345,1.0345000000000002,0.020771713256836577
SARS-CoV-2-F134G_A192K,10.356308937072754,train,10.4,1.04,0.04369106292724645
SARS-CoV-2-F44W_D59S,10.464218139648438,train,10.485,1.0485,0.02078186035156193
SARS-CoV-2-V115T_S147P,10.43012523651123,train,10.46,1.046,0.029874763488770384
SARS-CoV-2-N1Q_P197R,10.420804023742676,train,10.47,1.0470000000000002,0.04919597625732486
SARS-CoV-2-T63R_F126A,10.32080078125,train,10.32,1.032,0.0008007812499997158
SARS-CoV-2-V37A_V77L,10.638010025024414,train,10.65,1.0650000000000002,0.011989974975586293
SARS-CoV-2-I2S_T170H,10.35347843170166,train,10.37,1.037,0.016521568298339062
SARS-CoV-2-N58E_T201G,10.325051307678224,train,10.35,1.035,0.024948692321775212
SARS-CoV-2-T55F_E141Q_S147N_P197Q,10.383715629577637,train,10.43,1.043,0.046284370422363
SARS-CoV-2-H189E,10.37353229522705,train,10.39,1.0390000000000001,0.016467704772949787
SARS-CoV-2-K48I_C61R,10.34937858581543,train,10.37,1.037,0.02062141418456953
SARS-CoV-2-F126Y_F134G_N157V_P197I,10.301966667175291,train,10.32,1.032,0.018033332824709092
SARS-CoV-2-S184T_S200Y,10.371258735656738,train,10.38,1.038,0.0087412643432625
SARS-CoV-2-V32W_A42P_P149A,10.361783981323242,train,10.39,1.0390000000000001,0.02821601867675838
SARS-CoV-2-L5P_T140K,10.375839233398438,train,10.39,1.0390000000000001,0.014160766601563068
SARS-CoV-2-R16I_A42H,10.47120761871338,train,10.44,1.044,0.03120761871338118
SARS-CoV-2-T100V_S184N,10.466031074523926,train,10.46,1.046,0.006031074523924929
SARS-CoV-2-F156M,10.412437438964844,train,10.44090909090909,1.044090909090909,0.028471651944245835
SARS-CoV-2-L187D,10.337712287902832,train,10.32,1.032,0.017712287902831747
SARS-CoV-2-Y39M_K128L,10.370747566223145,train,10.38,1.038,0.00925243377685625
SARS-CoV-2-L5E_S29C,10.3650484085083,train,10.39,1.0390000000000001,0.024951591491699787
SARS-CoV-2-L125R,10.318629264831545,train,10.36,1.036,0.041370735168454686
SARS-CoV-2-G9N_Y39L,10.419655799865724,train,10.45,1.045,0.030344200134274857
SARS-CoV-2-S147T,10.34174633026123,train,10.37,1.037,0.02825366973876875
SARS-CoV-2-I2D_S164H,10.543330192565918,train,10.55,1.0550000000000002,0.006669807434082742
SARS-CoV-2-K114R_G166D,10.51696491241455,train,10.55,1.0550000000000002,0.03303508758544993
SARS-CoV-2-V37F_K56W_D97V_V153K,10.325058937072754,train,10.35,1.035,0.02494106292724574
SARS-CoV-2-P191H,10.403851509094238,train,10.428,1.0428000000000002,0.024148490905762543
SARS-CoV-2-I2V_G9T,10.33565616607666,train,10.35,1.035,0.014343833923339488
SARS-CoV-2-S29P_G172S,10.49403190612793,train,10.48,1.048,0.014031906127929261
SARS-CoV-2-R16N_K132S,10.333295822143556,train,10.35,1.035,0.01670417785644318
SARS-CoV-2-T170H_K198H,10.459012031555176,train,10.46,1.046,0.0009879684448250714
SARS-CoV-2-N1R_P7S_Y175S,10.427334785461426,train,10.46,1.046,0.03266521453857507
SARS-CoV-2-N1E_T170M,10.4808931350708,train,10.49,1.0490000000000002,0.009106864929199432
SARS-CoV-2-I2R_P191G,10.41179656982422,train,10.4,1.04,0.011796569824220171
SARS-CoV-2-S41T_Y119K_K199C,10.451705932617188,train,10.51,1.051,0.05829406738281229
SARS-CoV-2-L122G_N157C,10.423893928527832,train,10.47,1.0470000000000002,0.04610607147216861
SARS-CoV-2-I28L_D97L_V115W,10.348093032836914,train,10.35,1.035,0.0019069671630855822
SARS-CoV-2-P149R_F156L,10.315740585327148,train,10.33,1.0330000000000001,0.014259414672851634
SARS-CoV-2-T170N_K198R,10.320022583007812,train,10.365,1.0365,0.04497741699218771
SARS-CoV-2-L60Q_F126D,10.294501304626465,train,10.3,1.03,0.005498695373535867
SARS-CoV-2-I138S_T201S,10.408522605895996,train,10.49,1.0490000000000002,0.08147739410400412
SARS-CoV-2-K128N_E141D,10.463706016540527,train,10.475,1.0475,0.011293983459472301
SARS-CoV-2-C61V_S129V_F156L,10.329560279846191,train,10.36,1.036,0.030439720153808025
SARS-CoV-2-D98R_L122S,10.312353134155272,train,10.34,1.034,0.027646865844728197
SARS-CoV-2-K114N_A190V,10.396934509277344,train,10.43,1.043,0.033065490722655966
SARS-CoV-2-L122Y_G166S_A190D,10.527666091918944,train,10.55,1.0550000000000002,0.022333908081057174
SARS-CoV-2-R78N,10.511723518371582,train,10.54,1.054,0.028276481628417116
SARS-CoV-2-Y35W_L60Y,10.490056991577148,train,10.52,1.052,0.029943008422851136
SARS-CoV-2-T3S_N109K,10.444555282592772,train,10.47,1.0470000000000002,0.02544471740722898
SARS-CoV-2-F8L_D98T,10.338420867919922,train,10.33,1.0330000000000001,0.008420867919921804
SARS-CoV-2-F44Y_T63A_Y159S,10.46334457397461,train,10.48,1.048,0.01665542602539105
SARS-CoV-2-A33S_L122E,10.31155490875244,train,10.34,1.034,0.028445091247560228
SARS-CoV-2-V32L_C61I_Y175H_A192T,10.478496551513672,train,10.52,1.052,0.0415034484863277
SARS-CoV-2-L125S,10.556796073913574,train,10.56,1.056,0.0032039260864262786
SARS-CoV-2-I28F_N118S_T148K,10.7133207321167,train,10.72,1.072,0.006679267883301421
SARS-CoV-2-G117K_T201N,10.297659873962402,train,10.33,1.0330000000000001,0.03234012603759773
SARS-CoV-2-N130P,10.497264862060549,train,10.5175,1.05175,0.02023513793945142
SARS-CoV-2-N64T_K114W_T201G,10.426514625549316,train,10.45,1.045,0.023485374450682883
SARS-CoV-2-K87I_T140I,10.497272491455078,train,10.5,1.05,0.002727508544921875
SARS-CoV-2-P7D_N171S,10.635069847106934,train,10.64,1.064,0.004930152893066975
SARS-CoV-2-V32F_N110K,10.434832572937012,train,10.46,1.046,0.025167427062989134
SARS-CoV-2-L5Q_R16Y_S164T,10.34675407409668,train,10.39,1.0390000000000001,0.04324592590332088
SARS-CoV-2-N157R_N171S,10.340798377990724,train,10.38,1.038,0.03920162200927635
SARS-CoV-2-N4M_C61R_Y175G,10.30161952972412,train,10.3,1.03,0.0016195297241186069
SARS-CoV-2-V37T_T148V,10.61782932281494,train,10.63,1.0630000000000002,0.012170677185061152
SARS-CoV-2-G83Q_Y175S_T201Y,10.45328426361084,train,10.48,1.048,0.026715736389160583
SARS-CoV-2-A145V_T201R,10.350979804992676,train,10.37,1.037,0.019020195007323437
SARS-CoV-2-K87M_G116V,10.39913272857666,train,10.43,1.043,0.03086727142333956
SARS-CoV-2-V37K_F160T_P197Q,10.403904914855955,train,10.42,1.042,0.016095085144044674
SARS-CoV-2-I2M_Y39T,10.51707935333252,train,10.55,1.0550000000000002,0.03292064666748118
SARS-CoV-2-E154N_Y159T,10.34140968322754,train,10.345,1.0345000000000002,0.0035903167724598006
SARS-CoV-2-S164H,10.352767944335938,train,10.385,1.0385,0.03223205566406229
SARS-CoV-2-T100R_H189N,10.433403968811035,train,10.43,1.043,0.0034039688110354405
SARS-CoV-2-G174Q,10.437610626220703,train,10.455714285714285,1.0455714285714286,0.018103659493581503
SARS-CoV-2-R27I_V37R_P149L,10.350992202758787,train,10.34,1.034,0.010992202758787428
SARS-CoV-2-V37I,10.398598670959473,train,10.416315789473684,1.0416315789473685,0.017717118514211094
SARS-CoV-2-T3M_Q168A,10.320191383361816,train,10.37,1.037,0.04980861663818281
SARS-CoV-2-V37L_T148L_T170L,10.40977668762207,train,10.39,1.0390000000000001,0.019776687622069744
SARS-CoV-2-I2K_V37L,10.615595817565918,train,10.65,1.0650000000000002,0.034404182434082387
SARS-CoV-2-T63R_T85R,10.383906364440918,train,10.35,1.035,0.033906364440918324
SARS-CoV-2-N118S_G174M,10.470789909362791,train,10.46,1.046,0.01078990936279034
SARS-CoV-2-L60R_F156L,10.411126136779783,train,10.43,1.043,0.018873863220216336
SARS-CoV-2-S53P_Y119E,10.333014488220217,train,10.34,1.034,0.006985511779783238
SARS-CoV-2-I28M_Y119M_I138V,10.462554931640623,train,10.48,1.048,0.017445068359377203
SARS-CoV-2-D97L_K132N,10.370716094970703,train,10.38,1.038,0.009283905029297657
SARS-CoV-2-Y39F_T85R,10.455660820007324,train,10.48,1.048,0.024339179992676208
SARS-CoV-2-I2Q_G174T,10.466971397399902,train,10.47,1.0470000000000002,0.0030286026000982957
SARS-CoV-2-Y175R_T201S,10.313523292541504,train,10.31,1.0310000000000001,0.003523292541503409
SARS-CoV-2-C6G_Y35L,10.424256324768066,train,10.445,1.0445,0.020743675231933878
SARS-CoV-2-K87L,10.370826721191406,train,10.314117647058824,1.0314117647058825,0.056709074132582415
SARS-CoV-2-K26Q_V173T,10.347908973693848,train,10.36,1.036,0.012091026306151775
SARS-CoV-2-L5H_R16V_N110Q,10.299704551696776,train,10.3,1.03,0.00029544830322514315
SARS-CoV-2-G174N_H189N,10.46457290649414,train,10.48,1.048,0.015427093505859801
SARS-CoV-2-N109Q,10.366846084594728,train,10.4,1.04,0.033153915405272016
SARS-CoV-2-P7S_Y39V_N120V_Y175K,10.34447956085205,train,10.33,1.0330000000000001,0.01447956085205071
SARS-CoV-2-I2M_I28M_Q163N,10.307122230529783,train,10.34,1.034,0.03287776947021648
SARS-CoV-2-F62M_L122F,10.615574836730955,train,10.61,1.061,0.005574836730955823
SARS-CoV-2-Y119T_F156S_V173E,10.580389976501465,train,10.59,1.059,0.009610023498535014
SARS-CoV-2-Y119H_G155Q,10.43161678314209,train,10.46,1.046,0.02838321685791101
SARS-CoV-2-Y35F_K87C_N157R_Q168C,10.296195030212402,train,10.33,1.0330000000000001,0.03380496978759773
SARS-CoV-2-F8L_V37P,10.346275329589844,train,10.39,1.0390000000000001,0.04372467041015682
SARS-CoV-2-S129G_F156M,10.499615669250488,train,10.52,1.052,0.020384330749511292
SARS-CoV-2-V37F_Q168T,10.487616539001465,train,10.49,1.0490000000000002,0.0023834609985353694
SARS-CoV-2-L5N_T148V,10.35913372039795,train,10.385,1.0385,0.025866279602050568
SARS-CoV-2-Y119S_P149S,10.392128944396973,train,10.41,1.0410000000000001,0.017871055603027486
SARS-CoV-2-Y121L_Q163E,10.38290309906006,train,10.42,1.042,0.03709690093993956
SARS-CoV-2-N109Q_Y123F,10.420855522155762,train,10.43,1.043,0.009144477844237997
SARS-CoV-2-I28Y_T201R,10.564613342285156,train,10.62,1.062,0.05538665771484297
SARS-CoV-2-C61S_P149R,10.332642555236816,train,10.36,1.036,0.027357444763183025
SARS-CoV-2-S36R_C61Q,10.62376308441162,train,10.65,1.0650000000000002,0.026236915588381038
SARS-CoV-2-A190R_K198R,10.415593147277832,train,10.44,1.044,0.02440685272216747
SARS-CoV-2-Y66W_T201Q,10.47449016571045,train,10.52,1.052,0.045509834289550355
SARS-CoV-2-K48E_T148N,10.347885131835938,train,10.38,1.038,0.03211486816406328
SARS-CoV-2-Y143S_G174D_P197L,10.329195976257324,train,10.35,1.035,0.020804023742675426
SARS-CoV-2-L125G,10.358819007873535,train,10.374,1.0374,0.015180992126465398
SARS-CoV-2-C61Q_S147D,10.49751091003418,train,10.52,1.052,0.022489089965819886
SARS-CoV-2-K87L_S164N,10.459839820861816,train,10.44,1.044,0.019839820861816904
SARS-CoV-2-G9A_V32S_K56T_K87T_G116N_K132R,10.48402500152588,train,10.51,1.051,0.025974998474119104
SARS-CoV-2-G9H_C61L,10.322745323181152,train,10.35,1.035,0.0272546768188473
SARS-CoV-2-V153C_F160Y,10.417304039001465,train,10.43,1.043,0.012695960998534872
SARS-CoV-2-N40S_N64S_V153S,10.351466178894045,train,10.39,1.0390000000000001,0.03853382110595582
SARS-CoV-2-L5S_T201C,10.366377830505373,train,10.45,1.045,0.08362216949462642
SARS-CoV-2-K114V,10.3218412399292,train,10.341,1.0341,0.019158760070800085
SARS-CoV-2-L5R_N120K,10.386908531188965,train,10.43,1.043,0.04309146881103487
SARS-CoV-2-I2V_K198M,10.69932460784912,train,10.73,1.0730000000000002,0.03067539215088111
SARS-CoV-2-V37W_G116E_G174L,10.5255765914917,train,10.54,1.054,0.014423408508299929
SARS-CoV-2-D97E_S113A_L122T_G166K,10.454058647155762,train,10.49,1.0490000000000002,0.035941352844238494
SARS-CoV-2-G196C_K198N,10.348549842834473,train,10.37,1.037,0.021450157165526562
SARS-CoV-2-Y39V_F156V,10.71092414855957,train,10.74,1.074,0.0290758514404299
SARS-CoV-2-P149Q_G166E_T201S,10.616936683654783,train,10.63,1.0630000000000002,0.013063316345217402
SARS-CoV-2-N64T_T140N,10.339285850524902,train,10.37,1.037,0.030714149475096875
SARS-CoV-2-C61T_Y119N,10.33213710784912,train,10.4,1.04,0.06786289215088104
SARS-CoV-2-Y35L_G155D,10.377668380737305,train,10.4,1.04,0.022331619262695668
SARS-CoV-2-K56Y_L122R,10.406757354736328,train,10.45,1.045,0.043242645263671164
SARS-CoV-2-N4K_T55G_K56N,10.467442512512209,train,10.49,1.0490000000000002,0.022557487487791406
SARS-CoV-2-N64T,10.31572437286377,train,10.35,1.035,0.034275627136230113
SARS-CoV-2-L5S_K132S,10.351136207580566,train,10.38,1.038,0.028863792419434375
SARS-CoV-2-K87P,10.330525398254396,train,10.363333333333337,1.0363333333333338,0.03280793507894053
SARS-CoV-2-S41Q_K198R,10.296820640563965,train,10.34,1.034,0.043179359436035014
SARS-CoV-2-Y119R_E141K,10.391533851623535,train,10.37,1.037,0.021533851623535938
SARS-CoV-2-K56N_L122W,10.442049026489258,train,10.48,1.048,0.037950973510742614
SARS-CoV-2-P54I_F156R_K198L,10.467020988464355,train,10.47,1.0470000000000002,0.0029790115356451707
SARS-CoV-2-K87R_P197V,10.578781127929688,train,10.61,1.061,0.03121887207031193
SARS-CoV-2-L5K_N120K,10.365206718444824,train,10.4,1.04,0.034793281555176137
SARS-CoV-2-L125V_K199I,10.389382362365724,train,10.42,1.042,0.030617637634275496
SARS-CoV-2-L60Y_P149Q,10.516569137573242,train,10.54,1.054,0.02343086242675696
SARS-CoV-2-P7N_E141G_G166I,10.362114906311035,train,10.39,1.0390000000000001,0.027885093688965412
SARS-CoV-2-S200A,10.520419120788574,train,10.54,1.054,0.01958087921142493
SARS-CoV-2-E141Q_P197T,10.488447189331056,train,10.52,1.052,0.03155281066894311
SARS-CoV-2-A192E,10.389338493347168,train,10.411,1.0411,0.02166150665283162
SARS-CoV-2-Y121F_T201L,10.29819679260254,train,10.37,1.037,0.07180320739745838
SARS-CoV-2-N24E_L60V_L125T_G146K,10.301817893981934,train,10.32,1.032,0.01818210601806669
SARS-CoV-2-I2A_Y39K_S45H,10.412354469299316,train,10.43,1.043,0.01764553070068331
SARS-CoV-2-Y39K_L125K_G146Y_V153M,10.327223777770996,train,10.35,1.035,0.02277622222900355
SARS-CoV-2-E10S_I138L,10.348739624023438,train,10.4,1.04,0.051260375976562855
SARS-CoV-2-I2S_P149A,10.446820259094238,train,10.48,1.048,0.033179740905762145
SARS-CoV-2-T201A,10.360822677612305,train,10.387857142857143,1.0387857142857144,0.027034465244838657
SARS-CoV-2-S36E_F160A_K198R,10.36198616027832,train,10.39,1.0390000000000001,0.028013839721680256
SARS-CoV-2-V37L_K114G_S129Q,10.604742050170898,train,10.59,1.059,0.01474205017089858
SARS-CoV-2-S36M_F156G,10.433989524841309,train,10.44,1.044,0.006010475158690909
SARS-CoV-2-V115A,10.340441703796388,train,10.354285714285714,1.0354285714285714,0.013844010489325598
SARS-CoV-2-I138S_G174L,10.367997169494627,train,10.39,1.0390000000000001,0.02200283050537344
SARS-CoV-2-T46L_K128H,10.35427474975586,train,10.36,1.036,0.0057252502441400566
SARS-CoV-2-D59E_K198A,10.540163040161133,train,10.58,1.058,0.03983695983886726
SARS-CoV-2-N110E_S129Y,10.367472648620604,train,10.37,1.037,0.002527351379395526
SARS-CoV-2-S43N_K56S_N157T,10.323010444641112,train,10.33,1.0330000000000001,0.006989555358888566
SARS-CoV-2-D98N_K199I,10.45695972442627,train,10.48,1.048,0.023040275573730895
SARS-CoV-2-V115Y,10.36406707763672,train,10.374,1.0374,0.009932922363280028
SARS-CoV-2-P197S,10.450654029846191,train,10.492857142857144,1.0492857142857144,0.042203113010952364
SARS-CoV-2-S36D_Y175D,10.617445945739746,train,10.63,1.0630000000000002,0.012554054260254688
SARS-CoV-2-R16S_K128T_V153S,10.455419540405272,train,10.47,1.0470000000000002,0.014580459594728978
SARS-CoV-2-P149I_T170G,10.312433242797852,train,10.325,1.0325,0.012566757202147727
SARS-CoV-2-F160A,10.355786323547363,train,10.36,1.036,0.00421367645263615
SARS-CoV-2-C61I_K87S,10.39691162109375,train,10.4,1.04,0.0030883789062503553
SARS-CoV-2-K128N,10.316015243530272,train,10.338888888888889,1.0338888888888889,0.022873645358616912
SARS-CoV-2-P169N,10.338420867919922,train,10.36,1.036,0.021579132080077557
SARS-CoV-2-K48R_T55F,10.499917030334473,train,10.5,1.05,8.296966552734375e-05
SARS-CoV-2-V37T_N64S_S147E,10.642256736755373,train,10.64,1.064,0.0022567367553723017
SARS-CoV-2-S43T_Y175L,10.499276161193848,train,10.49,1.0490000000000002,0.009276161193847443
SARS-CoV-2-K199P,10.541949272155762,train,10.55,1.0550000000000002,0.008050727844238992
SARS-CoV-2-K114N_Y175S,10.38624095916748,train,10.43,1.043,0.04375904083251925
SARS-CoV-2-Q168R_K199M,10.4646635055542,train,10.48,1.048,0.015336494445801208
SARS-CoV-2-G83N_S164Q,10.511576652526855,train,10.52,1.052,0.008423347473144105
SARS-CoV-2-S29G_N171Y,10.317062377929688,train,10.36,1.036,0.04293762207031193
SARS-CoV-2-T55Y_E76H_F160S_K198R,10.303739547729492,train,10.34,1.034,0.03626045227050767
SARS-CoV-2-S36A_N120E_Y143V,10.336345672607422,train,10.33,1.0330000000000001,0.006345672607421804
SARS-CoV-2-N24S_A89S,10.363924980163574,train,10.41,1.0410000000000001,0.04607501983642592
SARS-CoV-2-S36D_Q163Y,10.379080772399902,train,10.42,1.042,0.040919227600097585
SARS-CoV-2-N64M_Y119N_S129R_N171M,10.33627223968506,train,10.38,1.038,0.04372776031494041
SARS-CoV-2-G9R_N40K_T201H,10.379090309143066,train,10.43,1.043,0.05090969085693331
SARS-CoV-2-F62T_A192I,10.433690071105955,train,10.47,1.0470000000000002,0.036309928894045385
SARS-CoV-2-N110L_T148L,10.31393337249756,train,10.33,1.0330000000000001,0.0160666275024397
SARS-CoV-2-T100Y_T148Y,10.529884338378906,train,10.52,1.052,0.009884338378906676
SARS-CoV-2-A192V,10.325140953063965,train,10.353333333333332,1.0353333333333332,0.02819238026936688
SARS-CoV-2-Y35W_D90Y,10.498774528503418,train,10.51,1.051,0.011225471496581818
SARS-CoV-2-L122K_N151A_F156K,10.482361793518066,train,10.52,1.052,0.03763820648193317
SARS-CoV-2-N4T,10.363936424255373,train,10.4175,1.0417500000000002,0.053563575744627556
SARS-CoV-2-K87V_N120Q_E141D,10.307700157165527,train,10.31,1.0310000000000001,0.0022998428344731536
SARS-CoV-2-S19P_L122Y,10.468168258666992,train,10.5,1.05,0.03183174133300781
SARS-CoV-2-I2K_G166T,10.360424041748049,train,10.39,1.0390000000000001,0.029575958251951917
SARS-CoV-2-T85K_Q163R,10.3473482131958,train,10.33,1.0330000000000001,0.01734821319580071
SARS-CoV-2-N130V_T140D,10.33337688446045,train,10.37,1.037,0.03662311553955
SARS-CoV-2-T63K_K199W,10.453533172607422,train,10.46,1.046,0.006466827392578978
SARS-CoV-2-N171C_P197H,10.534445762634276,train,10.56,1.056,0.02555423736572493
SARS-CoV-2-Y91F_Y123F,10.3729887008667,train,10.38,1.038,0.007011299133301563
SARS-CoV-2-G172L_L187Q,10.45985984802246,train,10.47,1.0470000000000002,0.010140151977541478
SARS-CoV-2-T85S_E154C,10.439217567443848,train,10.44,1.044,0.0007824325561518464
SARS-CoV-2-T55F_K87I_L125G,10.566689491271973,train,10.59,1.059,0.0233105087280272
SARS-CoV-2-R27K_L60C,10.347869873046877,train,10.35,1.035,0.0021301269531228684
SARS-CoV-2-V37S_K87R_Y121L,10.362802505493164,train,10.39,1.0390000000000001,0.027197494506836506
SARS-CoV-2-P7K_Y35V,10.340319633483888,train,10.365,1.0365,0.024680366516111718
SARS-CoV-2-G116A_G166H,10.365689277648926,train,10.34,1.034,0.025689277648925923
SARS-CoV-2-R16Y_N151R,10.360403060913086,train,10.41,1.0410000000000001,0.049596939086914205
SARS-CoV-2-Q144S_L187Q,10.462870597839355,train,10.52,1.052,0.057129402160644105
SARS-CoV-2-V65L_P149R,10.346893310546877,train,10.37,1.037,0.023106689453122442
SARS-CoV-2-I142V_P197T,10.342728614807127,train,10.38,1.038,0.03727138519287365
SARS-CoV-2-T3N_P54R_C61R_K199Q,10.400918960571287,train,10.44,1.044,0.039081039428712216
SARS-CoV-2-V37K_C61H_K87G_N110T_L122S,10.425312995910645,train,10.43,1.043,0.0046870040893551845
SARS-CoV-2-D97I_S129T,10.383755683898926,train,10.37,1.037,0.013755683898926563
SARS-CoV-2-T46M_F156W,10.32901096343994,train,10.35,1.035,0.020989036560060015
SARS-CoV-2-V37A_S53L_F160R,10.662463188171388,train,10.68,1.068,0.01753681182861122
SARS-CoV-2-R16S_T148L,10.344587326049805,train,10.35,1.035,0.005412673950194957
SARS-CoV-2-Y123H,10.29572582244873,train,10.315,1.0315,0.019274177551269034
SARS-CoV-2-Y39A_T201H,10.463961601257324,train,10.52,1.052,0.056038398742675355
SARS-CoV-2-F156H_T170S,10.467828750610352,train,10.5,1.05,0.03217124938964844
SARS-CoV-2-Y175S,10.440839767456056,train,10.466470588235294,1.0466470588235295,0.02563082077923795
SARS-CoV-2-Y159Q,10.393335342407228,train,10.4,1.04,0.006664657592772016
SARS-CoV-2-F126V_P149L,10.371010780334473,train,10.39,1.0390000000000001,0.018989219665527912
SARS-CoV-2-A42Q_L60Y_Q84E,10.45323371887207,train,10.48,1.048,0.026766281127930114
SARS-CoV-2-K56R,10.353764533996582,train,10.372941176470588,1.037294117647059,0.0191766424740063
SARS-CoV-2-S29H_N110A,10.351397514343262,train,10.35,1.035,0.001397514343262074
SARS-CoV-2-T55E_Y119L,10.399624824523926,train,10.4,1.04,0.000375175476074574
SARS-CoV-2-T55L_Q168M_K198N,10.533604621887209,train,10.55,1.0550000000000002,0.016395378112791903
SARS-CoV-2-P7E_N120S,10.48993682861328,train,10.51,1.051,0.020063171386720313
SARS-CoV-2-Q84C_K87N,10.335479736328123,train,10.31,1.0310000000000001,0.025479736328122726
SARS-CoV-2-F62L_K87M,10.43926239013672,train,10.47,1.0470000000000002,0.030737609863280113
SARS-CoV-2-L60Q_Q84T,10.39805030822754,train,10.39,1.0390000000000001,0.00805030822754027
SARS-CoV-2-T15P_K87V_G166R_V173S,10.654532432556152,train,10.68,1.068,0.025467567443847372
SARS-CoV-2-V37S_L125C_T148G,10.540419578552246,train,10.57,1.0570000000000002,0.02958042144775419
SARS-CoV-2-K114T_F160R_G172F,10.479695320129396,train,10.44,1.044,0.039695320129396805
SARS-CoV-2-Y119G_L188V,10.458826065063477,train,10.47,1.0470000000000002,0.011173934936524077
SARS-CoV-2-I2S_F62C,10.412900924682615,train,10.42,1.042,0.007099075317384518
SARS-CoV-2-V37S_S147Y,10.470946311950684,train,10.45,1.045,0.020946311950684304
SARS-CoV-2-T3L_G9A,10.34353733062744,train,10.34,1.034,0.003537330627439772
SARS-CoV-2-G116K,10.317816734313965,train,10.356,1.0356,0.03818326568603503
SARS-CoV-2-D90N_Y175S,10.412718772888184,train,10.42,1.042,0.007281227111816335
SARS-CoV-2-A18Q_L125T,10.547529220581056,train,10.55,1.0550000000000002,0.0024707794189442467
SARS-CoV-2-V32Q_T55D,10.647924423217772,train,10.67,1.067,0.022075576782228268
SARS-CoV-2-R16F_V37S_K114L_G166R,10.636091232299805,train,10.64,1.064,0.003908767700195881
SARS-CoV-2-A190K,10.319448471069336,train,10.32,1.032,0.0005515289306643467
SARS-CoV-2-K56S_Y119D,10.349738121032717,train,10.39,1.0390000000000001,0.04026187896728395
SARS-CoV-2-K26Q_K128P,10.35159969329834,train,10.35,1.035,0.001599693298340199
SARS-CoV-2-N1G_V37K,10.589848518371582,train,10.59,1.059,0.00015148162841782664
SARS-CoV-2-Y35W_L60E_G83R,10.4647798538208,train,10.48,1.048,0.015220146179199645
SARS-CoV-2-L60A_Y119R,10.333170890808104,train,10.32,1.032,0.013170890808103408
SARS-CoV-2-S41A_F126A,10.297991752624512,train,10.33,1.0330000000000001,0.03200824737548835
SARS-CoV-2-V37S_T63S_E141M,10.336821556091309,train,10.35,1.035,0.013178443908691051
SARS-CoV-2-T63E_G166R,10.368752479553224,train,10.38,1.038,0.011247520446776349
SARS-CoV-2-I2E_K198R,10.566094398498535,train,10.59,1.059,0.0239056015014647
SARS-CoV-2-F126C,10.408940315246582,train,10.4475,1.04475,0.038559684753417756
SARS-CoV-2-L5E_F160K,10.329123497009276,train,10.34,1.034,0.01087650299072429
SARS-CoV-2-S129T_E141S_K198T,10.39168930053711,train,10.38,1.038,0.011689300537108593
SARS-CoV-2-P54Q_F62Y,10.368098258972168,train,10.4,1.04,0.031901741027832387
SARS-CoV-2-G9H_L95V,10.439595222473145,train,10.47,1.0470000000000002,0.030404777526856108
SARS-CoV-2-V37L_L125V,10.575413703918455,train,10.59,1.059,0.014586296081544603
SARS-CoV-2-P149A_Y159I,10.35097599029541,train,10.36,1.036,0.009024009704589275
SARS-CoV-2-N40D_Y143Q_F160L_P197I,10.484431266784668,train,10.53,1.053,0.04556873321533139
SARS-CoV-2-K114G_V173Q,10.392998695373535,train,10.4,1.04,0.007001304626465199
SARS-CoV-2-T100H_I104F,10.44194507598877,train,10.46,1.046,0.01805492401123132
SARS-CoV-2-A18S_K87I,10.330071449279783,train,10.33,1.0330000000000001,7.144927978330884e-05
SARS-CoV-2-F62L_L122G_G196L,10.44994068145752,train,10.44,1.044,0.009940681457520029
SARS-CoV-2-T55A_V153E_T201Y,10.557275772094728,train,10.61,1.061,0.05272422790527109
SARS-CoV-2-Q168A_Y175D,10.489826202392578,train,10.53,1.053,0.040173797607421236
SARS-CoV-2-Y119L_T201M,10.395462989807127,train,10.44,1.044,0.04453701019287237
SARS-CoV-2-N24S_P197L,10.404860496520996,train,10.42,1.042,0.015139503479003835
SARS-CoV-2-D98T_P197V,10.56808376312256,train,10.6,1.06,0.031916236877439275
SARS-CoV-2-G83M_V115I,10.463144302368164,train,10.5,1.05,0.03685569763183594
SARS-CoV-2-P149S_G152N,10.464776039123535,train,10.48,1.048,0.01522396087646527
SARS-CoV-2-C61S_A192E,10.392739295959473,train,10.44,1.044,0.047260704040526846
SARS-CoV-2-Y35C_L125A,10.317337989807127,train,10.34,1.034,0.022662010192872728
SARS-CoV-2-G9S_E154V,10.359440803527832,train,10.4,1.04,0.040559196472168324
SARS-CoV-2-T55K_Q84A,10.358476638793944,train,10.38,1.038,0.021523361206057245
SARS-CoV-2-A89S_P191S,10.57701587677002,train,10.59,1.059,0.012984123229980327
SARS-CoV-2-A145H_F156S_Y178H,10.614265441894531,train,10.65,1.0650000000000002,0.035734558105469105
SARS-CoV-2-L5Q_V37E,10.578303337097168,train,10.56,1.056,0.01830333709716747
SARS-CoV-2-P54A_V173C,10.361702919006348,train,10.38,1.038,0.018297080993653125
SARS-CoV-2-G174M,10.452007293701172,train,10.419230769230769,1.041923076923077,0.032776524470403245
SARS-CoV-2-K128L_F160A_P197V,10.43298625946045,train,10.47,1.0470000000000002,0.03701374053955142
SARS-CoV-2-N120E_N171D,10.296875,train,10.34,1.034,0.04312499999999986
SARS-CoV-2-K87T_P197T,10.51901149749756,train,10.52,1.052,0.0009885025024392036
SARS-CoV-2-V37S_T201S,10.695338249206545,train,10.71,1.0710000000000002,0.014661750793456108
SARS-CoV-2-F156A_S184N,10.451862335205078,train,10.48,1.048,0.0281376647949223
SARS-CoV-2-K87M_S129V_Y175R,10.41922092437744,train,10.43,1.043,0.010779075622560086
SARS-CoV-2-I104V_V115F_Q168K,10.299756050109863,train,10.29,1.029,0.009756050109864134
SARS-CoV-2-N1S_G9H,10.39559841156006,train,10.42,1.042,0.02440158843993956
SARS-CoV-2-K26I,10.464163780212402,train,10.49,1.0490000000000002,0.02583621978759787
SARS-CoV-2-I2C,10.377999305725098,train,10.388571428571428,1.038857142857143,0.010572122846330245
SARS-CoV-2-T100R_S129N,10.597312927246094,train,10.63,1.0630000000000002,0.03268707275390703
SARS-CoV-2-Y119L_G174V_P197T,10.517498970031738,train,10.54,1.054,0.022501029968260866
SARS-CoV-2-L5P_E141R,10.413020133972168,train,10.44,1.044,0.026979866027831534
SARS-CoV-2-C61R_I142L_Q163C,10.37283420562744,train,10.4,1.04,0.027165794372560725
SARS-CoV-2-L5M,10.356995582580566,train,10.385,1.0385,0.02800441741943338
SARS-CoV-2-E141T_A192M,10.439654350280762,train,10.48,1.048,0.04034564971923871
SARS-CoV-2-S45Q_L125K,10.34093189239502,train,10.43,1.043,0.08906810760498018
SARS-CoV-2-L5F_Y39T,10.4942045211792,train,10.52,1.052,0.025795478820800355
SARS-CoV-2-Y35L_G51R_Y119M_F156T_P169I,10.309016227722168,train,10.35,1.035,0.040983772277831676
SARS-CoV-2-N151A_G174R,10.37399959564209,train,10.4,1.04,0.02600040435791051
SARS-CoV-2-F12L_Y35L_T55F,10.329707145690918,train,10.345,1.0345000000000002,0.01529285430908267
SARS-CoV-2-A190E,10.37302589416504,train,10.378,1.0378,0.004974105834959275
SARS-CoV-2-R16S_V37W_F134Y_K199I,10.753417015075684,train,10.76,1.076,0.006582984924316193
SARS-CoV-2-Y35I_A42G_T55H,10.292961120605469,train,10.34,1.034,0.04703887939453111
SARS-CoV-2-N64W_L125T,10.504464149475098,train,10.53,1.053,0.025535850524901704
SARS-CoV-2-N64E_G174R,10.365245819091797,train,10.38,1.038,0.014754180908203907
SARS-CoV-2-R78H_L125G_G174P,10.489981651306152,train,10.49,1.0490000000000002,1.8348693847869413e-05
SARS-CoV-2-Y39V_G117S,10.297706604003906,train,10.32,1.032,0.022293395996094034
SARS-CoV-2-G117C_F126Y,10.47287940979004,train,10.49,1.0490000000000002,0.017120590209959374
SARS-CoV-2-T15P_F44W,10.364960670471191,train,10.38,1.038,0.015039329528809375
SARS-CoV-2-N171W,10.507121086120604,train,10.525,1.0525,0.017878913879396663
SARS-CoV-2-T55S_V173L_T201M,10.45213508605957,train,10.43,1.043,0.022135086059570597
SARS-CoV-2-G9M_Y175G,10.432129859924316,train,10.47,1.0470000000000002,0.03787014007568423
SARS-CoV-2-Y35W_N64F_D90S,10.560298919677734,train,10.55,1.0550000000000002,0.010298919677733664
SARS-CoV-2-T170M_A190E,10.550921440124512,train,10.59,1.059,0.03907855987548814
SARS-CoV-2-N118T_E154S_K199H,10.34280490875244,train,10.35,1.035,0.007195091247560015
SARS-CoV-2-N171V,10.373104095458984,train,10.405,1.0405,0.031895904541014986
SARS-CoV-2-V32S_H189K,10.410881996154783,train,10.41,1.0410000000000001,0.0008819961547832378
SARS-CoV-2-N130I_P149V,10.30866527557373,train,10.31,1.0310000000000001,0.0013347244262700286
SARS-CoV-2-K132H,10.373648643493652,train,10.38,1.038,0.006351356506348438
SARS-CoV-2-V11I_S129R_Q144P,10.40983772277832,train,10.42,1.042,0.010162277221679616
SARS-CoV-2-N58R_T85R_L122K,10.31752586364746,train,10.32,1.032,0.002474136352541123
SARS-CoV-2-K48R_F156K,10.59437084197998,train,10.62,1.062,0.02562915802001875
SARS-CoV-2-E76Q,10.490578651428224,train,10.483333333333333,1.0483333333333333,0.007245318094891928
SARS-CoV-2-K87M,10.352534294128418,train,10.397222222222222,1.0397222222222222,0.044687928093804175
SARS-CoV-2-K56L_K87T,10.485396385192873,train,10.49,1.0490000000000002,0.004603614807127343
SARS-CoV-2-C61E_E154C,10.359402656555176,train,10.37,1.037,0.010597343444823437
SARS-CoV-2-V37M,10.545427322387695,train,10.549375,1.0549375,0.00394767761230419
SARS-CoV-2-I138M_S200V,10.491944313049316,train,10.53,1.053,0.038055686950682954
SARS-CoV-2-S29G_S43A,10.436251640319824,train,10.48,1.048,0.04374835968017621
SARS-CoV-2-G9A_A42E,10.425090789794922,train,10.46,1.046,0.03490921020507898
SARS-CoV-2-N130H_S147A,10.378289222717283,train,10.37,1.037,0.008289222717284161
SARS-CoV-2-V115E_S164D,10.45814037322998,train,10.46,1.046,0.001859626770020384
SARS-CoV-2-K26R_S139N,10.38734531402588,train,10.4,1.04,0.012654685974119673
SARS-CoV-2-V37A_G172Q,10.661664009094238,train,10.645,1.0645,0.016664009094238708
SARS-CoV-2-K87H_N120T,10.494133949279783,train,10.52,1.052,0.025866050720216194
SARS-CoV-2-V115Q_S147N,10.471758842468262,train,10.5,1.05,0.02824115753173828
SARS-CoV-2-L131I,10.412615776062012,train,10.443333333333332,1.0443333333333331,0.030717557271319862
SARS-CoV-2-D97A_F160Y,10.335335731506348,train,10.35,1.035,0.014664268493651988
SARS-CoV-2-R16T_P149Y,10.415017127990724,train,10.42,1.042,0.004982872009275496
SARS-CoV-2-T100M_L122R,10.474898338317873,train,10.51,1.051,0.03510166168212692
SARS-CoV-2-V37L_D97R,10.547422409057615,train,10.56,1.056,0.012577590942385086
SARS-CoV-2-F156I,10.321024894714355,train,10.36,1.036,0.03897510528564396
SARS-CoV-2-G9T_N151A_G166N,10.44878101348877,train,10.49,1.0490000000000002,0.04121898651123068
SARS-CoV-2-R78A_D97K_T201R,10.354813575744627,train,10.38,1.038,0.02518642425537365
SARS-CoV-2-V37N_P54L,10.543410301208496,train,10.55,1.0550000000000002,0.006589698791504617
SARS-CoV-2-T170S_P197N,10.454585075378418,train,10.47,1.0470000000000002,0.01541492462158267
SARS-CoV-2-F156Q,10.480742454528809,train,10.515,1.0515,0.034257545471191975
SARS-CoV-2-S29G_Y159R_G166D,10.449076652526855,train,10.44,1.044,0.009076652526855966
SARS-CoV-2-K198W,10.431641578674316,train,10.445714285714288,1.044571428571429,0.014072707039971988
SARS-CoV-2-Y119R_S200M,10.451245307922363,train,10.49,1.0490000000000002,0.03875469207763693
SARS-CoV-2-T3D_G174M,10.326445579528809,train,10.33,1.0330000000000001,0.0035544204711914773
SARS-CoV-2-K56E_I142G,10.47129249572754,train,10.5,1.05,0.02870750427245916
SARS-CoV-2-R16T_T55G_S200R,10.33169937133789,train,10.335,1.0335,0.0033006286621102277
SARS-CoV-2-F62W_T170K_P197S_T201L,10.642733573913574,train,10.65,1.0650000000000002,0.0072664260864261365
SARS-CoV-2-F156H_T201Q,10.468680381774902,train,10.505,1.0505000000000002,0.03631961822509844
SARS-CoV-2-P7S_N118S,10.326799392700195,train,10.33,1.0330000000000001,0.0032006072998047586
SARS-CoV-2-A42M_Q84A_K198Q,10.392045021057127,train,10.38,1.038,0.012045021057126348
SARS-CoV-2-K87M_Y143I,10.43114185333252,train,10.46,1.046,0.02885814666748132
SARS-CoV-2-I142L_G166A,10.419537544250488,train,10.46,1.046,0.04046245574951257
SARS-CoV-2-G9A_V65L,10.309046745300291,train,10.365,1.0365,0.05595325469970902
SARS-CoV-2-K87R_P96H_L122K_K198G,10.396258354187012,train,10.45,1.045,0.05374164581298757
SARS-CoV-2-N40K,10.312336921691896,train,10.333333333333334,1.0333333333333334,0.020996411641437618
SARS-CoV-2-A145V_G172Q,10.394723892211914,train,10.44,1.044,0.04527610778808544
SARS-CoV-2-Y66M_V153M,10.30247974395752,train,10.32,1.032,0.017520256042480753
SARS-CoV-2-R16T_S113C_S129R,10.459044456481934,train,10.46,1.046,0.0009555435180672589
SARS-CoV-2-N120P_Q168E_T201Y,10.596896171569824,train,10.62,1.062,0.023103828430175
SARS-CoV-2-L125C_G166K,10.491939544677734,train,10.52,1.052,0.0280604553222652
SARS-CoV-2-T3H_I28Y,10.47478485107422,train,10.52,1.052,0.04521514892577905
SARS-CoV-2-V37I_T148N,10.45731258392334,train,10.44,1.044,0.01731258392334034
SARS-CoV-2-T46Y_P54V,10.360326766967772,train,10.39,1.0390000000000001,0.029673233032228907
SARS-CoV-2-V115I_Y119F_Y159C,10.438031196594238,train,10.47,1.0470000000000002,0.03196880340576236
SARS-CoV-2-I2G_D59E_V65M,10.364073753356934,train,10.4,1.04,0.03592624664306676
SARS-CoV-2-K114F,10.405566215515137,train,10.402,1.0402,0.003566215515137472
SARS-CoV-2-G51N_P149F_T201P,10.390894889831545,train,10.43,1.043,0.03910511016845497
SARS-CoV-2-C6D_C61R_L125Q,10.342992782592772,train,10.38,1.038,0.03700721740722912
SARS-CoV-2-T100Y_A190F,10.327618598937988,train,10.32,1.032,0.007618598937987997
SARS-CoV-2-Y119A,10.413861274719238,train,10.435,1.0435,0.021138725280762216
SARS-CoV-2-T140R_T148R,10.341736793518066,train,10.33,1.0330000000000001,0.011736793518066335
SARS-CoV-2-T3S_N171S,10.396066665649414,train,10.425,1.0425000000000002,0.028933334350586648
SARS-CoV-2-L5E_G83L_Y123R_I138L,10.381847381591797,train,10.39,1.0390000000000001,0.008152618408203693
SARS-CoV-2-T100H_Y175S,10.433403968811035,train,10.46,1.046,0.026596031188965696
SARS-CoV-2-K26L_L60Y,10.412604331970217,train,10.45,1.045,0.03739566802978267
SARS-CoV-2-E154R,10.34896469116211,train,10.3775,1.03775,0.028535308837890128
SARS-CoV-2-D97L_Y119M_E141D,10.447046279907228,train,10.47,1.0470000000000002,0.0229537200927723
SARS-CoV-2-G9E_V37S_K48S_K87Y_N120T_K199Y,10.558228492736816,train,10.57,1.0570000000000002,0.011771507263183878
SARS-CoV-2-G117H_F156T,10.456276893615724,train,10.46,1.046,0.00372310638427642
SARS-CoV-2-N118K_S200I,10.399409294128418,train,10.45,1.045,0.05059070587158132
SARS-CoV-2-L5D_Y119V,10.301652908325195,train,10.27,1.027,0.03165290832519574
SARS-CoV-2-L122R_V173A_T201S,10.591805458068848,train,10.61,1.061,0.018194541931151775
SARS-CoV-2-D97M,10.293707847595217,train,10.294,1.0294,0.00029215240478386306
SARS-CoV-2-L5E_G172V,10.358254432678224,train,10.35,1.035,0.008254432678224788
SARS-CoV-2-L60Q_S184T,10.526652336120604,train,10.55,1.0550000000000002,0.023347663879397018
SARS-CoV-2-S43L_K199V,10.496853828430176,train,10.56,1.056,0.06314617156982472
SARS-CoV-2-S53V,10.397494316101074,train,10.42,1.042,0.02250568389892571
SARS-CoV-2-S129Q,10.423528671264648,train,10.45,1.045,0.026471328735350852
SARS-CoV-2-L5W_V37F,10.499346733093262,train,10.49,1.0490000000000002,0.009346733093261506
SARS-CoV-2-T46H_G172L,10.382182121276855,train,10.4,1.04,0.017817878723144887
SARS-CoV-2-G9L_K87M_E141T,10.310236930847168,train,10.33,1.0330000000000001,0.019763069152832102
SARS-CoV-2-S139N_F160L_Y175D,10.426556587219238,train,10.47,1.0470000000000002,0.04344341278076236
SARS-CoV-2-L60Y_P197E,10.413827896118164,train,10.45,1.045,0.03617210388183523
SARS-CoV-2-V37R_I138C,10.534558296203612,train,10.55,1.0550000000000002,0.015441703796389206
SARS-CoV-2-I2S_K87M,10.597908973693848,train,10.62,1.062,0.022091026306151562
SARS-CoV-2-S43T_N151E_T201H,10.372889518737791,train,10.42,1.042,0.04711048126220874
SARS-CoV-2-T100W_S200T,10.35208797454834,train,10.35,1.035,0.002087974548340199
SARS-CoV-2-K48S_Y175S,10.4710054397583,train,10.51,1.051,0.038994560241699006
SARS-CoV-2-G152R_P197L,10.452287673950195,train,10.45,1.045,0.002287673950196023
SARS-CoV-2-P149A_G174N,10.50158405303955,train,10.515,1.0515,0.013415946960449787
SARS-CoV-2-K114C_Y119R,10.5686616897583,train,10.58,1.058,0.01133831024169929
SARS-CoV-2-V37R_A145S,10.400376319885254,train,10.39,1.0390000000000001,0.010376319885253338
SARS-CoV-2-F156E,10.476426124572754,train,10.51,1.051,0.03357387542724588
SARS-CoV-2-S43Y_L60I,10.45622444152832,train,10.5,1.05,0.04377555847167969
SARS-CoV-2-K114M_K198Q,10.568819999694824,train,10.61,1.061,0.04118000030517521
SARS-CoV-2-V37Q_T55V_G146S_Q168M,10.529046058654783,train,10.53,1.053,0.0009539413452159806
SARS-CoV-2-L60G_Y119H,10.539440155029297,train,10.54,1.054,0.0005598449707022723
SARS-CoV-2-V37W_C61E,10.655282020568848,train,10.67,1.067,0.014717979431152273
SARS-CoV-2-G172A,10.479405403137209,train,10.51,1.051,0.03059459686279098
SARS-CoV-2-G9S_L125A,10.54236125946045,train,10.6,1.06,0.057638740539550426
SARS-CoV-2-F62I_G152S,10.2931547164917,train,10.27,1.027,0.023154716491699645
SARS-CoV-2-T55Q_E141Q,10.37213897705078,train,10.38,1.038,0.007861022949221308
SARS-CoV-2-P7D_N157A,10.52704906463623,train,10.54,1.054,0.012950935363768679
SARS-CoV-2-G172H,10.624099731445312,train,10.65,1.0650000000000002,0.025900268554687855
SARS-CoV-2-R78C,10.40134048461914,train,10.415,1.0414999999999999,0.013659515380858522
SARS-CoV-2-S29V_Y119D_P149L,10.349870681762695,train,10.36,1.036,0.010129318237304119
SARS-CoV-2-F156S_Q163L,10.457304000854492,train,10.51,1.051,0.0526959991455076
SARS-CoV-2-N1P_K87V_T100I_N118S_Y175K,10.457650184631348,train,10.47,1.0470000000000002,0.012349815368652983
SARS-CoV-2-V37F_G83H_I142S,10.451363563537598,train,10.45,1.045,0.0013635635375983668
SARS-CoV-2-L125P,10.345166206359863,train,10.335714285714284,1.0335714285714284,0.009451920645579648
SARS-CoV-2-N64F_T201F,10.342751502990724,train,10.365,1.0365,0.02224849700927578
SARS-CoV-2-T3Q,10.308029174804688,train,10.328181818181818,1.0328181818181819,0.02015264337713063
SARS-CoV-2-D90S_Y119S,10.356703758239746,train,10.38,1.038,0.023296241760254688
SARS-CoV-2-A33V_K199I,10.305989265441896,train,10.31,1.0310000000000001,0.00401073455810419
SARS-CoV-2-V11I,10.364384651184082,train,10.3925,1.03925,0.02811534881591804
SARS-CoV-2-C61L_K198N,10.423678398132324,train,10.46,1.046,0.036321601867676634
SARS-CoV-2-Y119N,10.36778163909912,train,10.411363636363635,1.0411363636363635,0.04358199726451595
SARS-CoV-2-S43D_L125S,10.508831977844238,train,10.53,1.053,0.02116802215576108
SARS-CoV-2-Y35I_Q163I,10.2926664352417,train,10.3,1.03,0.007333564758301492
SARS-CoV-2-A81S_G166D,10.33909034729004,train,10.36,1.036,0.020909652709958593
SARS-CoV-2-V37F_Q84L_K199Y,10.502938270568848,train,10.49,1.0490000000000002,0.012938270568847443
SARS-CoV-2-T55F_R136K_P197V,10.34880256652832,train,10.38,1.038,0.03119743347168047
SARS-CoV-2-D90N_Y119S,10.314702033996582,train,10.34,1.034,0.025297966003417827
SARS-CoV-2-T100F_G166A,10.409768104553224,train,10.43,1.043,0.020231895446775283
SARS-CoV-2-I2S_A18S,10.320271492004396,train,10.33,1.0330000000000001,0.009728507995603763
SARS-CoV-2-K87P_N120L,10.383404731750488,train,10.41,1.0410000000000001,0.02659526824951186
SARS-CoV-2-P54R_Y175M,10.487107276916504,train,10.53,1.053,0.042892723083495454
SARS-CoV-2-K114R_N130L,10.30883502960205,train,10.32,1.032,0.011164970397949503
SARS-CoV-2-I2V_Y119M,10.356757164001465,train,10.38,1.038,0.023242835998535938
SARS-CoV-2-I2R_P169A_S200C,10.30445671081543,train,10.35,1.035,0.04554328918456996
SARS-CoV-2-T55E_K132A_V173G_A190E,10.452056884765623,train,10.45,1.045,0.002056884765623934
SARS-CoV-2-L122M_F160C_G166A,10.37528133392334,train,10.37,1.037,0.005281333923340625
SARS-CoV-2-G83F_K198M,10.31040859222412,train,10.32,1.032,0.009591407775880967
SARS-CoV-2-D90N_L122K,10.460186004638672,train,10.49,1.0490000000000002,0.029813995361328338
SARS-CoV-2-I28M_N40R_T63R,10.468022346496582,train,10.47,1.0470000000000002,0.0019776535034186082
SARS-CoV-2-A18P_Y123F,10.34078311920166,train,10.38,1.038,0.039216880798340625
SARS-CoV-2-S41M_K87I,10.555768966674805,train,10.61,1.061,0.054231033325194744
SARS-CoV-2-I2Y_S41T,10.30067539215088,train,10.3,1.03,0.0006753921508799721
SARS-CoV-2-R78S_E141R_T201W,10.299330711364746,train,10.33,1.0330000000000001,0.030669288635253977
SARS-CoV-2-N58K_V115W_Y175E,10.43104362487793,train,10.44,1.044,0.008956375122069815
SARS-CoV-2-N24R_S36K_S200Y,10.449576377868652,train,10.48,1.048,0.030423622131348083
SARS-CoV-2-T85R_G155S,10.339083671569824,train,10.34,1.034,0.0009163284301756391
SARS-CoV-2-G83N_K128R,10.33204174041748,train,10.35,1.035,0.017958259582519176
SARS-CoV-2-V37L_E141C,10.423972129821776,train,10.4,1.04,0.023972129821775212
SARS-CoV-2-A33L_V115T,10.29457187652588,train,10.34,1.034,0.045428123474119175
SARS-CoV-2-K87I,10.43054485321045,train,10.41375,1.0413750000000002,0.016794853210448935
SARS-CoV-2-A105S_Q168N,10.31938648223877,train,10.36,1.036,0.0406135177612299
SARS-CoV-2-T100I_E154T_G174V,10.378518104553224,train,10.38,1.038,0.001481895446776349
SARS-CoV-2-Y121L_T170S,10.333003044128418,train,10.35,1.035,0.016996955871581676
SARS-CoV-2-E141K_E154V,10.326312065124512,train,10.32,1.032,0.0063120651245114345
SARS-CoV-2-Y35L_A67L,10.372255325317385,train,10.4,1.04,0.027744674682615766
SARS-CoV-2-S36G_G174Q,10.350150108337402,train,10.38,1.038,0.029849891662598438
SARS-CoV-2-N1P_V37I_Y39V_N130S,10.361483573913574,train,10.38,1.038,0.018516426086426563
SARS-CoV-2-S43I_D59G,10.34201717376709,train,10.36,1.036,0.017982826232909588
SARS-CoV-2-R73K,10.300518989562988,train,10.31,1.0310000000000001,0.009481010437012216
SARS-CoV-2-G83F_N130T,10.441781044006348,train,10.47,1.0470000000000002,0.028218955993652983
SARS-CoV-2-Y39A_N130V,10.33907699584961,train,10.38,1.038,0.04092300415039141
SARS-CoV-2-V37S_L122N_K128D,10.689838409423828,train,10.7,1.07,0.010161590576171164
SARS-CoV-2-G83C_Q84M_K87N,10.37291431427002,train,10.39,1.0390000000000001,0.017085685729981037
SARS-CoV-2-E154D,10.37618350982666,train,10.395714285714286,1.0395714285714286,0.01953077588762575
SARS-CoV-2-F62Y_G166L,10.382281303405762,train,10.39,1.0390000000000001,0.00771869659423885
SARS-CoV-2-L122K_S129L,10.36949062347412,train,10.39,1.0390000000000001,0.02050937652588125
SARS-CoV-2-K114E_A145T,10.537867546081545,train,10.54,1.054,0.0021324539184544022
SARS-CoV-2-Y39V_P197G,10.403449058532717,train,10.42,1.042,0.01655094146728331
SARS-CoV-2-T3V_Y119S,10.369665145874023,train,10.4,1.04,0.030334854125976918
SARS-CoV-2-K87E_F160W,10.52687168121338,train,10.54,1.054,0.013128318786618465
SARS-CoV-2-N4D,10.36500644683838,train,10.34375,1.034375,0.021256446838380683
SARS-CoV-2-G9V_S200I,10.43453884124756,train,10.45,1.045,0.01546115875243892
SARS-CoV-2-R27V_V37L_I138L_T201P,10.539353370666504,train,10.51,1.051,0.02935337066650412
SARS-CoV-2-G155K_P197V,10.434029579162598,train,10.47,1.0470000000000002,0.03597042083740298
SARS-CoV-2-G152N_Y159V,10.360081672668455,train,10.37,1.037,0.009918327331543964
SARS-CoV-2-D97E,10.36733341217041,train,10.414,1.0414,0.046666587829589545
SARS-CoV-2-V37T_T140R_G174E,10.50936222076416,train,10.53,1.053,0.020637779235839204
SARS-CoV-2-N120S_S129N_T201M,10.324163436889648,train,10.37,1.037,0.04583656311035078
SARS-CoV-2-Y39F_F156L,10.411299705505373,train,10.43,1.043,0.018700294494626846
SARS-CoV-2-I142V_G166E,10.348139762878418,train,10.36,1.036,0.011860237121581463
SARS-CoV-2-N4T_T55Y,10.299120903015137,train,10.31,1.0310000000000001,0.010879096984863779
SARS-CoV-2-G83F_T201S,10.494815826416016,train,10.53,1.053,0.035184173583983736
SARS-CoV-2-G166D,10.529759407043455,train,10.536666666666669,1.053666666666667,0.006907259623213591
SARS-CoV-2-V37L_C61R,10.525727272033691,train,10.55,1.0550000000000002,0.024272727966309304
SARS-CoV-2-I2A_Y119N_A190T,10.471012115478516,train,10.5,1.05,0.028987884521484375
SARS-CoV-2-Y159L_T201V,10.311037063598633,train,10.34,1.034,0.028962936401367045
SARS-CoV-2-N4S_T201G,10.474128723144531,train,10.51,1.051,0.03587127685546854
SARS-CoV-2-G172W,10.356080055236816,train,10.353333333333332,1.0353333333333332,0.0027467219034846835
SARS-CoV-2-C61H_Y119S_S200H,10.438342094421388,train,10.47,1.0470000000000002,0.031657905578612144
SARS-CoV-2-L5N_K114D,10.438297271728516,train,10.47,1.0470000000000002,0.031702728271485014
SARS-CoV-2-I28L_N157Y,10.345966339111328,train,10.36,1.036,0.014033660888671307
SARS-CoV-2-T148L_A192V,10.354779243469238,train,10.365,1.0365,0.010220756530761932
SARS-CoV-2-K87T_T140L,10.549602508544922,train,10.56,1.056,0.010397491455078622
SARS-CoV-2-N64A,10.359042167663574,train,10.368181818181816,1.0368181818181816,0.009139650518241282
SARS-CoV-2-K128N_Q168K,10.562227249145508,train,10.59,1.059,0.027772750854492045
SARS-CoV-2-T55F_P191S,10.400805473327637,train,10.45,1.045,0.04919452667236257
SARS-CoV-2-V32S_A192I,10.432745933532717,train,10.4,1.04,0.032745933532716265
SARS-CoV-2-G9E_Y121F_I142V_P197T,10.445300102233888,train,10.48,1.048,0.03469989776611193
SARS-CoV-2-V37S_N64P,10.460976600646973,train,10.48,1.048,0.01902339935302777
SARS-CoV-2-F62A_A145T,10.317947387695312,train,10.37,1.037,0.05205261230468672
SARS-CoV-2-C61S_V153Q,10.437965393066406,train,10.49,1.0490000000000002,0.05203460693359396
SARS-CoV-2-N130H_T148V,10.33387279510498,train,10.34,1.034,0.006127204895019389
SARS-CoV-2-L5N_C61V_Y119H,10.428836822509766,train,10.47,1.0470000000000002,0.041163177490235014
SARS-CoV-2-K114A_G166W,10.357949256896973,train,10.4,1.04,0.0420507431030277
SARS-CoV-2-N130A,10.40975284576416,train,10.455,1.0455,0.045247154235839915
SARS-CoV-2-S43Q_T100V_N157S,10.550775527954102,train,10.56,1.056,0.009224472045898935
SARS-CoV-2-Q168Y,10.336909294128418,train,10.342,1.0342,0.005090705871582557
SARS-CoV-2-G9W_T201A,10.437212944030762,train,10.44,1.044,0.002787055969237784
SARS-CoV-2-V37Y_F156P,10.568042755126951,train,10.62,1.062,0.05195724487304787
SARS-CoV-2-G9D_N64K_F126V,10.428093910217283,train,10.48,1.048,0.051906089782717046
SARS-CoV-2-T55L_V153S,10.369325637817385,train,10.38,1.038,0.010674362182616193
SARS-CoV-2-T3R_G166I_G172S,10.385042190551758,train,10.4,1.04,0.014957809448242543
SARS-CoV-2-A42R_G174I,10.318450927734377,train,10.295,1.0295,0.023450927734376847
SARS-CoV-2-Y39L_C61R,10.44748592376709,train,10.48,1.048,0.03251407623291058
SARS-CoV-2-Y119P_K132L,10.588151931762695,train,10.6,1.06,0.011848068237304332
SARS-CoV-2-T55Y_N64K_N110T_Y119S,10.384190559387209,train,10.4,1.04,0.015809440612791548
SARS-CoV-2-T170N_Y175L_T201S,10.373276710510254,train,10.4,1.04,0.02672328948974645
SARS-CoV-2-N120L_Q163R,10.330333709716797,train,10.32,1.032,0.01033370971679659
SARS-CoV-2-T100M_N171S_S200P,10.30224895477295,train,10.3,1.03,0.002248954772948508
SARS-CoV-2-S43V_V153I,10.557616233825684,train,10.59,1.059,0.032383766174316264
SARS-CoV-2-Y119I_T148Q_V173I,10.413538932800291,train,10.41,1.0410000000000001,0.0035389328002910503
SARS-CoV-2-G9R_Q163I,10.298144340515137,train,10.31,1.0310000000000001,0.011855659484863779
SARS-CoV-2-F12I_T55D_N120K,10.349136352539062,train,10.37,1.037,0.02086364746093672
SARS-CoV-2-A42K_G166P,10.402542114257812,train,10.44,1.044,0.037457885742187
SARS-CoV-2-V37D_S200D,10.549098014831545,train,10.54,1.054,0.009098014831545598
SARS-CoV-2-K26R_K56S_D97V,10.40823459625244,train,10.42,1.042,0.011765403747560299
SARS-CoV-2-F8L_N151T,10.452528953552246,train,10.48,1.048,0.027471046447754333
SARS-CoV-2-N157H_T201A,10.637700080871582,train,10.66,1.066,0.02229991912841811
SARS-CoV-2-T55M_K87C,10.486244201660156,train,10.49,1.0490000000000002,0.003755798339843963
SARS-CoV-2-Y39M_A105S_T140N,10.375811576843262,train,10.39,1.0390000000000001,0.01418842315673885
SARS-CoV-2-L5S_L125Y,10.293903350830078,train,10.33,1.0330000000000001,0.036096649169921946
SARS-CoV-2-G116D,10.42605686187744,train,10.456666666666663,1.0456666666666663,0.030609804789223816
SARS-CoV-2-R73Q,10.309907913208008,train,10.32,1.032,0.010092086791992472
SARS-CoV-2-Y119A_K128T,10.342960357666016,train,10.36,1.036,0.017039642333983807
SARS-CoV-2-Y35L_K87T_Y121M,10.498106002807615,train,10.5,1.05,0.0018939971923845889
SARS-CoV-2-Y35L_K87D,10.5017671585083,train,10.52,1.052,0.018232841491698792
SARS-CoV-2-N64V_A192M,10.425226211547852,train,10.45,1.045,0.024773788452147727
SARS-CoV-2-R27A,10.304572105407717,train,10.3475,1.03475,0.04292789459228352
SARS-CoV-2-E154L,10.349905967712402,train,10.337,1.0337,0.0129059677124026
SARS-CoV-2-D59T_N110R_K128G_L188S,10.36729621887207,train,10.38,1.038,0.012703781127930469
SARS-CoV-2-F8W_G116A,10.36770725250244,train,10.4,1.04,0.032292747497560725
SARS-CoV-2-D59Y_K198M,10.309925079345703,train,10.29,1.029,0.019925079345703978
SARS-CoV-2-Y39V_V173A,10.671494483947754,train,10.71,1.0710000000000002,0.038505516052246946
SARS-CoV-2-P54R_N120T,10.292688369750977,train,10.35,1.035,0.05731163024902308
SARS-CoV-2-S43R_K87P,10.398951530456545,train,10.425,1.0425000000000002,0.026048469543455965
SARS-CoV-2-G83N,10.380659103393556,train,10.38,1.038,0.0006591033935556823
SARS-CoV-2-Q163G_V173L,10.429770469665527,train,10.43,1.043,0.00022953033447237203
SARS-CoV-2-T55S_S147R,10.32268238067627,train,10.33,1.0330000000000001,0.00731761932373054
SARS-CoV-2-V11I_S36N_F62Y,10.412671089172363,train,10.39,1.0390000000000001,0.022671089172362713
SARS-CoV-2-I2E_S129R,10.374874114990234,train,10.38,1.038,0.005125885009766407
SARS-CoV-2-N120S_F126G_K199Q,10.296802520751951,train,10.28,1.028,0.016802520751951988
SARS-CoV-2-I72V_N120L,10.34213924407959,train,10.37,1.037,0.027860755920409375
SARS-CoV-2-K56Q_Y119K,10.359055519104004,train,10.405,1.0405,0.045944480895995454
SARS-CoV-2-S41R_H189N,10.37631607055664,train,10.38,1.038,0.0036839294433601566
SARS-CoV-2-T55N_V77I,10.510383605957031,train,10.56,1.056,0.04961639404296925
SARS-CoV-2-L38I_G174R,10.38597011566162,train,10.4,1.04,0.014029884338381038
SARS-CoV-2-S43R_D90N,10.34023094177246,train,10.33,1.0330000000000001,0.01023094177245909
SARS-CoV-2-K87I_T201K,10.29938507080078,train,10.32,1.032,0.02061492919922081
SARS-CoV-2-A190V_P197I,10.488198280334473,train,10.51,1.051,0.02180171966552713
SARS-CoV-2-Q84T_N171S_A190G,10.4937162399292,train,10.51,1.051,0.016283760070800568
SARS-CoV-2-K87T_K128N,10.522141456604004,train,10.54,1.054,0.01785854339599524
SARS-CoV-2-S29E_T170M,10.296379089355469,train,10.31,1.0310000000000001,0.013620910644531747
SARS-CoV-2-V37H,10.334664344787598,train,10.368,1.0368000000000002,0.03333565521240267
SARS-CoV-2-F134E_P197L,10.35764980316162,train,10.38,1.038,0.022350196838381464
SARS-CoV-2-I2A_Y39F,10.621338844299316,train,10.67,1.067,0.04866115570068352
SARS-CoV-2-G172L_L188I,10.433947563171388,train,10.41,1.0410000000000001,0.023947563171388353
SARS-CoV-2-L5R_S53D,10.446675300598145,train,10.47,1.0470000000000002,0.023324699401856108
SARS-CoV-2-R78C_V173I,10.407605171203612,train,10.43,1.043,0.02239482879638821
SARS-CoV-2-I2W_Y39E,10.435725212097168,train,10.41,1.0410000000000001,0.025725212097167827
SARS-CoV-2-Y39F_F44L_F47Y,10.454449653625488,train,10.47,1.0470000000000002,0.015550346374512358
SARS-CoV-2-I2H_N40P,10.301003456115724,train,10.3,1.03,0.001003456115723722
SARS-CoV-2-N4T_K128P_P197N,10.402493476867676,train,10.41,1.0410000000000001,0.007506523132324361
SARS-CoV-2-Y39T_Y175L,10.474900245666504,train,10.49,1.0490000000000002,0.015099754333496307
SARS-CoV-2-T148G_T201G,10.33996295928955,train,10.33,1.0330000000000001,0.00996295928955071
SARS-CoV-2-K87C_K132F,10.348994255065918,train,10.38,1.038,0.031005744934082813
SARS-CoV-2-I28Y_T55N,10.55910873413086,train,10.59,1.059,0.030891265869140483
SARS-CoV-2-S113V_G172T,10.456189155578612,train,10.47,1.0470000000000002,0.013810844421389135
SARS-CoV-2-N130K_V153L,10.395264625549316,train,10.43,1.043,0.03473537445068331
SARS-CoV-2-V37Q_N64S,10.718756675720217,train,10.73,1.0730000000000002,0.011243324279783806
SARS-CoV-2-P197R,10.393568992614746,train,10.418571428571427,1.0418571428571428,0.025002435956681168
SARS-CoV-2-V37P_T55Q,10.356802940368652,train,10.37,1.037,0.013197059631346875
SARS-CoV-2-R16E,10.41847324371338,train,10.4375,1.04375,0.019026756286619317
SARS-CoV-2-T85R_G172D,10.34067726135254,train,10.35,1.035,0.009322738647458806
SARS-CoV-2-Y35M,10.460261344909668,train,10.498571428571427,1.0498571428571428,0.038310083661759364
SARS-CoV-2-S43Q_Y119V_K132N_Y175G,10.613280296325684,train,10.6,1.06,0.013280296325683949
SARS-CoV-2-V37I_N64H,10.30930995941162,train,10.35,1.035,0.04069004058838033
SARS-CoV-2-S43A_D59Y,10.462986946105955,train,10.47,1.0470000000000002,0.007013053894045385
SARS-CoV-2-F156T_A190V,10.397001266479492,train,10.43,1.043,0.03299873352050753
SARS-CoV-2-K56M_A145S_F156L,10.48604965209961,train,10.51,1.051,0.023950347900390412
SARS-CoV-2-L5Q_S36N,10.659716606140137,train,10.69,1.069,0.030283393859862784
SARS-CoV-2-T55N_S129K,10.31932258605957,train,10.35,1.035,0.030677413940429332
SARS-CoV-2-S43R_P197Y,10.361807823181152,train,10.4,1.04,0.03819217681884801
SARS-CoV-2-R73A_N120L_P197L,10.374592781066896,train,10.4,1.04,0.025407218933104048
SARS-CoV-2-V32Q_F126R,10.55474853515625,train,10.54,1.054,0.014748535156250853
SARS-CoV-2-N4K_Y119N,10.490983963012695,train,10.53,1.053,0.03901603698730405
SARS-CoV-2-K56E_G116E,10.475953102111816,train,10.5,1.05,0.024046897888183594
SARS-CoV-2-L5C_Y119R,10.32341194152832,train,10.34,1.034,0.016588058471679545
SARS-CoV-2-S41T_L122W_G155S,10.30671501159668,train,10.33,1.0330000000000001,0.023284988403320384
SARS-CoV-2-D59G_G172I_T201N,10.389359474182127,train,10.41,1.0410000000000001,0.020640525817873012
SARS-CoV-2-L188S,10.50979995727539,train,10.543333333333331,1.0543333333333331,0.0335333760579406
SARS-CoV-2-S29K,10.327507972717283,train,10.345,1.0345000000000002,0.01749202728271726
SARS-CoV-2-K87E_G172S,10.30482006072998,train,10.32,1.032,0.015179939270019815
SARS-CoV-2-R27I_T100K,10.366278648376465,train,10.38,1.038,0.013721351623535938
SARS-CoV-2-S53D_G152K,10.53119659423828,train,10.56,1.056,0.028803405761721024
SARS-CoV-2-G155S_K199D,10.311569213867188,train,10.35,1.035,0.038430786132812145
SARS-CoV-2-L122T_Y143V,10.410901069641112,train,10.44,1.044,0.029098930358887998
SARS-CoV-2-K48S_Y91W_P197M,10.369479179382324,train,10.38,1.038,0.010520820617676563
SARS-CoV-2-P149L_H189A,10.294759750366213,train,10.32,1.032,0.02524024963378757
SARS-CoV-2-K87I_L122F_S129L_N171D,10.365073204040527,train,10.36,1.036,0.005073204040527912
SARS-CoV-2-F156M_Q168W,10.358003616333008,train,10.36,1.036,0.001996383666991619
SARS-CoV-2-F126K,10.325966835021973,train,10.323333333333332,1.0323333333333333,0.002633501688640294
SARS-CoV-2-S129T_Y143V,10.443257331848145,train,10.46,1.046,0.01674266815185632
SARS-CoV-2-T140R_Y175T,10.482892036437988,train,10.47,1.0470000000000002,0.012892036437987642
SARS-CoV-2-G9N_F44Y,10.615853309631348,train,10.67,1.067,0.05414669036865227
SARS-CoV-2-N151S,10.31175708770752,train,10.354166666666666,1.0354166666666667,0.04240957895914654
SARS-CoV-2-N4K_S45D,10.54686450958252,train,10.59,1.059,0.04313549041748033
SARS-CoV-2-T63D_F156L,10.331820487976074,train,10.36,1.036,0.028179512023925213
SARS-CoV-2-K56S_Y119N,10.492460250854492,train,10.51,1.051,0.0175397491455076
SARS-CoV-2-P54L_L125M_Y159I,10.561635971069336,train,10.58,1.058,0.018364028930664134
SARS-CoV-2-D97R_G166T,10.5411958694458,train,10.54,1.054,0.001195869445801634
SARS-CoV-2-K48I_S200R,10.531937599182127,train,10.56,1.056,0.028062400817873367
SARS-CoV-2-V37W_T63K,10.50254726409912,train,10.5,1.05,0.0025472640991193174
SARS-CoV-2-D59E_N120S_Y175V,10.38535213470459,train,10.39,1.0390000000000001,0.004647865295410725
SARS-CoV-2-I2F_L60H_Y119Q,10.375813484191896,train,10.38,1.038,0.004186515808104474
SARS-CoV-2-T55Y_T201S,10.529706001281738,train,10.54,1.054,0.010293998718260866
SARS-CoV-2-I28L_T100F,10.445443153381348,train,10.45,1.045,0.004556846618651633
SARS-CoV-2-Y66T_K114F,10.429906845092772,train,10.45,1.045,0.02009315490722763
SARS-CoV-2-C61S_G172V,10.34207820892334,train,10.33,1.0330000000000001,0.012078208923339773
SARS-CoV-2-S53I_K87N_S184Q,10.31304168701172,train,10.32,1.032,0.006958312988279758
SARS-CoV-2-K87T_H189G,10.506865501403809,train,10.52,1.052,0.01313449859619098
SARS-CoV-2-S53V_G83N,10.425421714782717,train,10.44,1.044,0.014578285217282883
SARS-CoV-2-N118G_T201V,10.56153392791748,train,10.57,1.0570000000000002,0.008466072082519815
SARS-CoV-2-V52I_L60T,10.37787914276123,train,10.4,1.04,0.022120857238769887
SARS-CoV-2-V32I_V37E_K87R_L188H,10.689637184143066,train,10.67,1.067,0.019637184143066477
SARS-CoV-2-L60F_V173D,10.671148300170898,train,10.69,1.069,0.018851699829101065
SARS-CoV-2-I2L_S36A,10.375462532043455,train,10.4,1.04,0.0245374679565451
SARS-CoV-2-V37G_K87S_G166L,10.316011428833008,train,10.31,1.0310000000000001,0.006011428833007315
SARS-CoV-2-S43T_S53V_A190S,10.43808937072754,train,10.47,1.0470000000000002,0.0319106292724598
SARS-CoV-2-Y39S_K132L,10.299729347229004,train,10.295,1.0295,0.004729347229003977
SARS-CoV-2-L5I_L122T_K199N,10.492785453796388,train,10.55,1.0550000000000002,0.057214546203612215
SARS-CoV-2-L125N,10.358304977416992,train,10.39,1.0390000000000001,0.03169502258300838
SARS-CoV-2-G117R_S200A,10.369744300842283,train,10.38,1.038,0.010255699157717402
SARS-CoV-2-Y39L_T201L,10.440581321716309,train,10.45,1.045,0.009418678283690696
SARS-CoV-2-V37R_Q84S,10.33423900604248,train,10.37,1.037,0.03576099395751875
SARS-CoV-2-K56A_T148R,10.35617733001709,train,10.38,1.038,0.023822669982910938
SARS-CoV-2-S36D_K56Y_K87I_N157G,10.539124488830566,train,10.56,1.056,0.02087551116943409
SARS-CoV-2-V32S_G152T,10.37608242034912,train,10.35,1.035,0.026082420349119673
SARS-CoV-2-R78A_S129T_F160L,10.386099815368652,train,10.4,1.04,0.013900184631348012
SARS-CoV-2-D59E_K198N,10.389487266540527,train,10.44,1.044,0.05051273345947216
SARS-CoV-2-N151A_V173L,10.513344764709473,train,10.55,1.0550000000000002,0.036655235290528054
SARS-CoV-2-K87A_N171T,10.296242713928224,train,10.33,1.0330000000000001,0.03375728607177564
SARS-CoV-2-L122F_A190Q,10.589988708496094,train,10.64,1.064,0.05001129150390682
SARS-CoV-2-G117E_T201M,10.329182624816896,train,10.33,1.0330000000000001,0.0008173751831037634
SARS-CoV-2-N1E_L60Y_F126W_G146S,10.39060115814209,train,10.41,1.0410000000000001,0.0193988418579103
SARS-CoV-2-T3S_K48D,10.3178129196167,train,10.33,1.0330000000000001,0.012187080383300852
SARS-CoV-2-V77L_T140E,10.479300498962402,train,10.5,1.05,0.020699501037597656
SARS-CoV-2-C61E_G174D,10.472013473510742,train,10.51,1.051,0.0379865264892576
SARS-CoV-2-K114Y,10.31997299194336,train,10.316,1.0316,0.00397299194335865
SARS-CoV-2-P7K_P197I,10.564696311950684,train,10.56,1.056,0.004696311950683096
SARS-CoV-2-N130G_N157D,10.351579666137695,train,10.36,1.036,0.008420333862304119
SARS-CoV-2-K87R_Y119H,10.515507698059082,train,10.52,1.052,0.004492301940917542
SARS-CoV-2-L5D_R27Q,10.337992668151855,train,10.35,1.035,0.012007331848144176
SARS-CoV-2-Y119R_N171A,10.374720573425291,train,10.41,1.0410000000000001,0.03527942657470895
SARS-CoV-2-V37I_L125A,10.625104904174805,train,10.64,1.064,0.014895095825195881
SARS-CoV-2-S53I_N110K,10.338700294494627,train,10.33,1.0330000000000001,0.008700294494627059
SARS-CoV-2-P54K,10.534746170043944,train,10.57,1.0570000000000002,0.03525382995605675
SARS-CoV-2-D59E_L122R,10.486992835998535,train,10.52,1.052,0.03300716400146442
SARS-CoV-2-K198S,10.433889389038086,train,10.455454545454543,1.0455454545454543,0.0215651564164574
SARS-CoV-2-V37W,10.485762596130373,train,10.485555555555557,1.0485555555555557,0.00020704057481601978
SARS-CoV-2-A190N,10.328981399536133,train,10.342222222222222,1.0342222222222224,0.013240822686089615
SARS-CoV-2-C61S_K199W,10.35533046722412,train,10.39,1.0390000000000001,0.03466953277588125
SARS-CoV-2-T100K_G174H,10.380023956298828,train,10.4,1.04,0.01997604370117223
SARS-CoV-2-P7S_C61R_P149N,10.346299171447754,train,10.36,1.036,0.013700828552245525
SARS-CoV-2-V37N_P197V_T201L,10.594061851501465,train,10.61,1.061,0.015938148498534588
SARS-CoV-2-Y175A_T201D,10.660562515258787,train,10.69,1.069,0.029437484741212216
SARS-CoV-2-I2L_K48Q,10.416825294494627,train,10.43,1.043,0.013174705505372586
SARS-CoV-2-F8Y_C61Q_F156L_T201L,10.48854637145996,train,10.51,1.051,0.021453628540040626
SARS-CoV-2-K26M,10.294684410095217,train,10.336666666666666,1.0336666666666667,0.04198225657144938
SARS-CoV-2-I2G_G172L,10.437039375305176,train,10.44,1.044,0.0029606246948237214
SARS-CoV-2-F160K_N171C,10.29786205291748,train,10.34,1.034,0.04213794708251939
SARS-CoV-2-T55A_K199S,10.536200523376465,train,10.58,1.058,0.04379947662353523
SARS-CoV-2-G9A_N64S_K132R_Q163N,10.350571632385254,train,10.4,1.04,0.04942836761474645
SARS-CoV-2-Y119K_T201C,10.447466850280762,train,10.49,1.0490000000000002,0.042533149719238494
SARS-CoV-2-G116H_P197A,10.539332389831545,train,10.55,1.0550000000000002,0.010667610168455965
SARS-CoV-2-F8L_T63E,10.413954734802246,train,10.43,1.043,0.016045265197753622
SARS-CoV-2-Y35I_T170N,10.469408988952637,train,10.52,1.052,0.050591011047362855
SARS-CoV-2-S43L_T85I_T201P,10.381446838378906,train,10.39,1.0390000000000001,0.008553161621094318
SARS-CoV-2-S129R,10.35948657989502,train,10.38904761904762,1.038904761904762,0.029561039152600443
SARS-CoV-2-D97R_L122F,10.315011978149414,train,10.34,1.034,0.024988021850585795
SARS-CoV-2-L5S_Y119C,10.525772094726562,train,10.56,1.056,0.034227905273438
SARS-CoV-2-G9Q_C61N_V77L,10.294840812683104,train,10.34,1.034,0.045159187316896165
SARS-CoV-2-N64E_V115S_K198C,10.35132122039795,train,10.39,1.0390000000000001,0.03867877960205135
SARS-CoV-2-K48V_F156S,10.367260932922363,train,10.36,1.036,0.00726093292236385
SARS-CoV-2-R27C_N64H_N130C,10.401591300964355,train,10.44,1.044,0.038408699035644034
SARS-CoV-2-F160L_N171D,10.346562385559082,train,10.38,1.038,0.03343761444091875
SARS-CoV-2-V37M_F44N_P149N,10.430693626403809,train,10.49,1.0490000000000002,0.05930637359619162
SARS-CoV-2-V37C_K56A,10.32027816772461,train,10.36,1.036,0.03972183227539006
SARS-CoV-2-T100C_L125Y,10.342127799987791,train,10.35,1.035,0.007872200012208452
SARS-CoV-2-Y119K_L183F_P197I,10.346315383911133,train,10.36,1.036,0.013684616088866619
SARS-CoV-2-L38I_S43T,10.531193733215332,train,10.58,1.058,0.04880626678466804
SARS-CoV-2-Y119K_K128R,10.331168174743652,train,10.35,1.035,0.0188318252563473
SARS-CoV-2-F126R_P149A,10.34260082244873,train,10.33,1.0330000000000001,0.012600822448730398
SARS-CoV-2-I2T_Q163A,10.471034049987791,train,10.49,1.0490000000000002,0.01896595001220902
SARS-CoV-2-L38M_P197S,10.332295417785645,train,10.32,1.032,0.012295417785644247
SARS-CoV-2-T100R_L125M,10.442553520202637,train,10.45,1.045,0.007446479797362571
SARS-CoV-2-P197T_T201S,10.530373573303224,train,10.57,1.0570000000000002,0.03962642669677585
SARS-CoV-2-V37I_Y119R,10.559796333312988,train,10.62,1.062,0.06020366668701094
SARS-CoV-2-I2A_F126R,10.477242469787598,train,10.47,1.0470000000000002,0.007242469787597017
SARS-CoV-2-L5K_F160S_L187T,10.56878662109375,train,10.58,1.058,0.011213378906250071
SARS-CoV-2-V37S_T201L,10.583355903625488,train,10.6,1.06,0.016644096374511363
SARS-CoV-2-Y39E_P197S,10.751608848571776,train,10.76,1.076,0.00839115142822422
SARS-CoV-2-F44Y_L131I,10.35506820678711,train,10.39,1.0390000000000001,0.03493179321289119
SARS-CoV-2-G9D_L60N_K87G,10.302701950073242,train,10.31,1.0310000000000001,0.00729804992675831
SARS-CoV-2-F160R_A190H,10.32259750366211,train,10.33,1.0330000000000001,0.007402496337890696
SARS-CoV-2-K128Q_Y175S_S200T,10.44402027130127,train,10.47,1.0470000000000002,0.025979728698731108
SARS-CoV-2-I2S_A192L_G196I,10.331353187561035,train,10.34,1.034,0.008646812438964702
SARS-CoV-2-N58D_F160N,10.38758373260498,train,10.39,1.0390000000000001,0.0024162673950200997
SARS-CoV-2-R16Q_V37S_P169T,10.401278495788574,train,10.43,1.043,0.028721504211425497
SARS-CoV-2-N64S,10.362787246704102,train,10.405,1.0405,0.0422127532958978
SARS-CoV-2-S113I_L125G,10.460492134094238,train,10.46,1.046,0.0004921340942374286
SARS-CoV-2-L5A_P149I,10.448107719421388,train,10.48,1.048,0.03189228057861193
SARS-CoV-2-N40R_F160S,10.388863563537598,train,10.39,1.0390000000000001,0.0011364364624029122
SARS-CoV-2-N64T_T201R,10.479276657104492,train,10.56,1.056,0.08072334289550831
SARS-CoV-2-V37G_K114Q_T201N,10.505306243896484,train,10.5,1.05,0.005306243896484375
SARS-CoV-2-S43V_G117D_Y175F,10.33759593963623,train,10.35,1.035,0.012404060363769176
SARS-CoV-2-F156K,10.410094261169434,train,10.444166666666666,1.0444166666666665,0.03407240549723234
SARS-CoV-2-T55H_S139T,10.71660327911377,train,10.75,1.075,0.03339672088623047
SARS-CoV-2-I2E_G9S,10.55505084991455,train,10.58,1.058,0.02494915008544929
SARS-CoV-2-S53T_Y119D,10.386238098144531,train,10.46,1.046,0.0737619018554696
SARS-CoV-2-I2V_I104V_L122A,10.39976978302002,train,10.41,1.0410000000000001,0.01023021697998061
SARS-CoV-2-L188Q,10.44507122039795,train,10.458,1.0458,0.012928779602050966
SARS-CoV-2-T140E_T201S,10.434182167053224,train,10.48,1.048,0.045817832946775994
SARS-CoV-2-K87M_Y175L,10.50222110748291,train,10.51,1.051,0.007778892517089631
SARS-CoV-2-L60Y_N64E_T201S,10.316786766052246,train,10.32,1.032,0.0032132339477541905
SARS-CoV-2-T15S_P149M_P197R,10.36447048187256,train,10.42,1.042,0.05552951812743956
SARS-CoV-2-N171Q,10.478318214416504,train,10.496666666666668,1.0496666666666667,0.018348452250164016
SARS-CoV-2-V173D_L188H,10.537238121032717,train,10.55,1.0550000000000002,0.01276187896728409
SARS-CoV-2-Y119R_T201M,10.347563743591309,train,10.37,1.037,0.022436256408690625
SARS-CoV-2-G9S_A33F,10.440045356750488,train,10.47,1.0470000000000002,0.029954643249512358
SARS-CoV-2-P7N_N110Q,10.375707626342772,train,10.41,1.0410000000000001,0.03429237365722848
SARS-CoV-2-F156E_T170S_K199I,10.482340812683104,train,10.49,1.0490000000000002,0.007659187316896521
SARS-CoV-2-T3S_Q144N,10.460149765014648,train,10.49,1.0490000000000002,0.029850234985351776
SARS-CoV-2-C61Q_L122F_K128S,10.324590682983398,train,10.32,1.032,0.004590682983398153
SARS-CoV-2-L38F_L122T_G172W,10.307929039001465,train,10.355,1.0355,0.04707096099853558
SARS-CoV-2-V37G_K56L,10.421719551086426,train,10.46,1.046,0.03828044891357507
SARS-CoV-2-T55M_G174M,10.392186164855955,train,10.38,1.038,0.012186164855954473
SARS-CoV-2-R16F_G83R_Y119S_K198G,10.454154014587402,train,10.45,1.045,0.004154014587403054
SARS-CoV-2-T85R_G116E,10.36886501312256,train,10.39,1.0390000000000001,0.0211349868774402
SARS-CoV-2-N24V_K87I,10.42019748687744,train,10.425,1.0425000000000002,0.004802513122561081
SARS-CoV-2-T148M,10.298104286193848,train,10.305,1.0305,0.0068957138061520595
SARS-CoV-2-S36M_N171S,10.371779441833496,train,10.38,1.038,0.008220558166504688
SARS-CoV-2-V65M_K198S,10.388677597045898,train,10.37,1.037,0.01867759704589922
SARS-CoV-2-I2S_K26R_T100L,10.515949249267578,train,10.56,1.056,0.04405075073242237
SARS-CoV-2-G51N_Y119S_P197L,10.426884651184082,train,10.45,1.045,0.023115348815917258
SARS-CoV-2-N130Q,10.440231323242188,train,10.466,1.0466,0.025768676757811804
SARS-CoV-2-T55R,10.333975791931152,train,10.346666666666666,1.0346666666666666,0.012690874735513447
SARS-CoV-2-V37A_G166L,10.63086986541748,train,10.66,1.066,0.029130134582519673
SARS-CoV-2-A18S,10.342680931091309,train,10.38818181818182,1.038818181818182,0.04550088709051181
SARS-CoV-2-P54V_T63K,10.507760047912598,train,10.51,1.051,0.0022399520874021306
SARS-CoV-2-Y39I,10.416404724121094,train,10.44,1.044,0.023595275878905753
SARS-CoV-2-Y35M_T63K_P149K,10.31180477142334,train,10.33,1.0330000000000001,0.018195228576660227
SARS-CoV-2-N40E_A145E,10.349771499633787,train,10.4,1.04,0.05022850036621307
SARS-CoV-2-V37W_K114L_V153I_N157S,10.43774127960205,train,10.45,1.045,0.012258720397948508
SARS-CoV-2-N171Y_K198Q,10.309966087341309,train,10.31,1.0310000000000001,3.391265869190363e-05
SARS-CoV-2-I2S_F160I,10.29854679107666,train,10.33,1.0330000000000001,0.031453208923339915
SARS-CoV-2-G9D_S147P,10.540626525878906,train,10.58,1.058,0.03937347412109382
SARS-CoV-2-G9D_Q144S_P149S,10.51998519897461,train,10.56,1.056,0.04001480102539112
SARS-CoV-2-N157H_P197Q,10.320398330688477,train,10.35,1.035,0.029601669311523082
SARS-CoV-2-Y119N_F156R,10.419699668884276,train,10.47,1.0470000000000002,0.05030033111572507
SARS-CoV-2-Y91L_N120T,10.405230522155762,train,10.405,1.0405,0.00023052215576235824
SARS-CoV-2-N120D,10.370741844177246,train,10.365714285714288,1.036571428571429,0.005027558462957771
SARS-CoV-2-E141D_K199E,10.40895175933838,train,10.43,1.043,0.021048240661619033
SARS-CoV-2-F160S_G174K,10.398897171020508,train,10.42,1.042,0.021102828979492116
SARS-CoV-2-E10H_I28F,10.550185203552246,train,10.58,1.058,0.029814796447753977
SARS-CoV-2-Y35F_N151Q,10.41818904876709,train,10.41,1.0410000000000001,0.008189048767089702
SARS-CoV-2-R27I_P149S,10.38688850402832,train,10.4,1.04,0.013111495971680043
SARS-CoV-2-T100L_F156A,10.48388957977295,train,10.51,1.051,0.026110420227050568
SARS-CoV-2-I2R_K87A_T100M,10.538997650146484,train,10.56,1.056,0.021002349853516122
SARS-CoV-2-Y50F_V65L,10.328776359558104,train,10.37,1.037,0.041223640441895526
SARS-CoV-2-I2L_T85H,10.442484855651855,train,10.47,1.0470000000000002,0.02751514434814517
SARS-CoV-2-N4Q_T140S,10.405572891235352,train,10.42,1.042,0.014427108764648366
SARS-CoV-2-F62I_K87P_N171L,10.470376014709473,train,10.5,1.05,0.029623985290527344
SARS-CoV-2-T140R_A145N,10.417102813720703,train,10.44,1.044,0.022897186279296378
SARS-CoV-2-T100V_Q163S,10.387349128723145,train,10.39,1.0390000000000001,0.002650871276856037
SARS-CoV-2-P149L_K199P,10.313840866088867,train,10.35,1.035,0.03615913391113246
SARS-CoV-2-Y39T_L122M,10.531327247619627,train,10.55,1.0550000000000002,0.01867275238037358
SARS-CoV-2-N4T_S41G_Y175E_P197D,10.336807250976562,train,10.37,1.037,0.03319274902343672
SARS-CoV-2-K87R_Y143V,10.320857048034668,train,10.34,1.034,0.01914295196533189
SARS-CoV-2-P149F_G166A,10.349005699157717,train,10.37,1.037,0.0209943008422826
SARS-CoV-2-F160E,10.378849983215332,train,10.3925,1.03925,0.01365001678466804
SARS-CoV-2-V37M_D98S,10.427657127380373,train,10.45,1.045,0.02234287261962642
SARS-CoV-2-S43L_Q163T_A192I,10.343705177307127,train,10.39,1.0390000000000001,0.04629482269287344
SARS-CoV-2-L111D,10.459115982055664,train,10.48,1.048,0.020884017944336364
SARS-CoV-2-I88V_S129E_G174R,10.304701805114746,train,10.33,1.0330000000000001,0.025298194885253977
SARS-CoV-2-F8L_V37I,10.441522598266602,train,10.46,1.046,0.01847740173339929
SARS-CoV-2-G9S_T55N_F156W_T201D,10.397757530212402,train,10.41,1.0410000000000001,0.012242469787597798
SARS-CoV-2-V37A_K56T_T201Q,10.563785552978516,train,10.6,1.06,0.03621444702148402
SARS-CoV-2-S29R_N120S,10.351384162902832,train,10.38,1.038,0.02861583709716875
SARS-CoV-2-G9D_S139T,10.40546703338623,train,10.48,1.048,0.07453296661376996
SARS-CoV-2-Y123F_F156N,10.437091827392578,train,10.45,1.045,0.012908172607421164
SARS-CoV-2-V37W_L111S_V173A,10.40303897857666,train,10.44,1.044,0.036961021423339346
SARS-CoV-2-L5N_V37G_F44W,10.41837215423584,train,10.41,1.0410000000000001,0.008372154235839702
SARS-CoV-2-Y91F_G116Q,10.325350761413574,train,10.33,1.0330000000000001,0.004649238586425852
SARS-CoV-2-I2R_Y39N_G166T,10.740710258483888,train,10.8,1.08,0.059289741516112215
SARS-CoV-2-L5K_Y39V_Y119L,10.292739868164062,train,10.3,1.03,0.0072601318359382105
SARS-CoV-2-V37R_K199M,10.54792308807373,train,10.55,1.0550000000000002,0.002076911926270242
SARS-CoV-2-K87I_P149S_Q168T,10.44677734375,train,10.48,1.048,0.033222656250000426
SARS-CoV-2-P7R_K87T_T100L,10.45903778076172,train,10.45,1.045,0.009037780761721237
SARS-CoV-2-G9W_Y39S,10.457929611206056,train,10.45,1.045,0.007929611206057174
SARS-CoV-2-Y39V_V173S,10.416914939880373,train,10.43,1.043,0.013085060119626846
SARS-CoV-2-V37F_L60R_E141G,10.57986068725586,train,10.58,1.058,0.00013931274414069605
SARS-CoV-2-T85V_N130K,10.481791496276855,train,10.51,1.051,0.028208503723144318
SARS-CoV-2-R78G,10.33642292022705,train,10.37,1.037,0.03357707977294844
SARS-CoV-2-P7E_I72L_K87T,10.474233627319336,train,10.49,1.0490000000000002,0.015766372680664276
SARS-CoV-2-F160Y_T201N,10.29284381866455,train,10.33,1.0330000000000001,0.03715618133544929
SARS-CoV-2-V32R,10.386427879333496,train,10.43090909090909,1.043090909090909,0.044481211575593704
SARS-CoV-2-I2P_P149R,10.322529792785645,train,10.35,1.035,0.027470207214355113
SARS-CoV-2-L122S_F156T,10.512551307678224,train,10.55,1.0550000000000002,0.03744869232177628
SARS-CoV-2-N120I_P197Y,10.484192848205566,train,10.5,1.05,0.015807151794433594
SARS-CoV-2-T100L_V153D,10.482523918151855,train,10.51,1.051,0.027476081848144318
SARS-CoV-2-N4T_V37R_L60Y,10.677145957946776,train,10.68,1.068,0.0028540420532241484
SARS-CoV-2-T170Q_K198T,10.54356861114502,train,10.55,1.0550000000000002,0.006431388854981179
SARS-CoV-2-Q144S_P197A,10.458391189575195,train,10.47,1.0470000000000002,0.011608810424805327
SARS-CoV-2-K198L,10.425012588500977,train,10.403,1.0403,0.022012588500976094
SARS-CoV-2-V37T_Q84T,10.60267162322998,train,10.64,1.064,0.0373283767700201
SARS-CoV-2-L5W_E154T,10.359790802001951,train,10.36,1.036,0.00020919799804808292
SARS-CoV-2-G117K_Q168H,10.359896659851074,train,10.38,1.038,0.020103340148926563
SARS-CoV-2-G152D_G172R,10.44711971282959,train,10.46,1.046,0.012880287170411009
SARS-CoV-2-Y35V_A42S_I138E,10.345710754394531,train,10.39,1.0390000000000001,0.04428924560546932
SARS-CoV-2-I28C_N40H_K87N_Y175E,10.385774612426758,train,10.38,1.038,0.005774612426757031
SARS-CoV-2-S113A_L122R,10.44177532196045,train,10.48,1.048,0.03822467803955121
SARS-CoV-2-T100C_Y119N_Y175A,10.360311508178713,train,10.38,1.038,0.019688491821288068
SARS-CoV-2-N1G_F17W,10.387057304382324,train,10.42,1.042,0.03294269561767571
SARS-CoV-2-R27Q_Y35W_Y143L,10.329495429992676,train,10.34,1.034,0.010504570007324077
SARS-CoV-2-V37N_S200R,10.405217170715332,train,10.44,1.044,0.03478282928466747
SARS-CoV-2-K87Y_F156V,10.446850776672363,train,10.46,1.046,0.013149223327637571
SARS-CoV-2-I2L_Y39G_P197A,10.66196632385254,train,10.66,1.066,0.0019663238525406967
SARS-CoV-2-I2F_P54A_P197R,10.515305519104004,train,10.53,1.053,0.014694480895995454
SARS-CoV-2-G9R_K198H,10.648896217346191,train,10.65,1.0650000000000002,0.001103782653808949
SARS-CoV-2-V37T_K56S_S129V,10.459589958190918,train,10.46,1.046,0.0004100418090828839
SARS-CoV-2-S29G_K199H,10.443853378295898,train,10.48,1.048,0.03614662170410199
SARS-CoV-2-Y119R_P197D,10.563462257385254,train,10.58,1.058,0.016537742614746165
SARS-CoV-2-A33W_V65C,10.466464042663574,train,10.5,1.05,0.03353595733642578
SARS-CoV-2-Y35W_S200L,10.635087966918944,train,10.65,1.0650000000000002,0.014912033081056819
SARS-CoV-2-K87L_L122Y_F160R,10.4319429397583,train,10.45,1.045,0.018057060241698508
SARS-CoV-2-T55G_G174A,10.325369834899902,train,10.33,1.0330000000000001,0.004630165100097727
SARS-CoV-2-T55K_Y175K,10.34205722808838,train,10.33,1.0330000000000001,0.012057228088380612
SARS-CoV-2-P149E_G166S,10.29489040374756,train,10.32,1.032,0.025109596252439914
SARS-CoV-2-D59Q,10.43088722229004,train,10.46,1.046,0.029112777709960014
SARS-CoV-2-R16L_Y39D_I142M,10.32026195526123,train,10.31,1.0310000000000001,0.010261955261229971
SARS-CoV-2-R16T_T100K,10.500832557678224,train,10.485,1.0485,0.015832557678225
SARS-CoV-2-G51R_T148S,10.381226539611816,train,10.37,1.037,0.011226539611817188
SARS-CoV-2-S43H_Q144R,10.384514808654783,train,10.415,1.0414999999999999,0.030485191345215767
SARS-CoV-2-P197E,10.35716152191162,train,10.373333333333331,1.0373333333333332,0.01617181142171198
SARS-CoV-2-I2E_G9M_D90R_L125K,10.409825325012209,train,10.42,1.042,0.010174674987791121
SARS-CoV-2-K199E,10.367594718933104,train,10.4025,1.0402500000000001,0.034905281066896165
SARS-CoV-2-T55L_R73S,10.39955711364746,train,10.43,1.043,0.030442886352540555
SARS-CoV-2-K87E_V115K_G172T,10.463854789733888,train,10.465,1.0465,0.0011452102661113628
SARS-CoV-2-G9L_Y39M_P197R,10.48723316192627,train,10.47,1.0470000000000002,0.017233161926268892
SARS-CoV-2-R16D_L122T,10.472400665283203,train,10.49,1.0490000000000002,0.017599334716797088
SARS-CoV-2-N1Q_G51R_F62W_T201S,10.559182167053224,train,10.56,1.056,0.0008178329467760648
SARS-CoV-2-D90N_K114A_T170W,10.345940589904783,train,10.34,1.034,0.005940589904783522
SARS-CoV-2-V37I_K56Q,10.354330062866213,train,10.36,1.036,0.005669937133786718
SARS-CoV-2-Q168F,10.493456840515137,train,10.51,1.051,0.016543159484863068
SARS-CoV-2-R27S_E141D,10.382512092590332,train,10.395,1.0395,0.012487907409667542
SARS-CoV-2-I2G_N110R,10.343719482421877,train,10.37,1.037,0.026280517578122442
SARS-CoV-2-R27S_S45D,10.43700885772705,train,10.47,1.0470000000000002,0.03299114227294986
SARS-CoV-2-N151G,10.308850288391112,train,10.356666666666667,1.0356666666666667,0.04781637827555585
SARS-CoV-2-I2R_V37I_K87W,10.569437980651855,train,10.6,1.06,0.030562019348144176
SARS-CoV-2-S41N_F62V_D98E,10.46529483795166,train,10.48,1.048,0.01470516204834027
SARS-CoV-2-V37S_E154I,10.358352661132812,train,10.35,1.035,0.008352661132812855
SARS-CoV-2-P54R_Y123K,10.464486122131348,train,10.48,1.048,0.01551387786865277
SARS-CoV-2-G9K_N151Y_V153L_G172N,10.429115295410156,train,10.44,1.044,0.010884704589843253
SARS-CoV-2-P149S_Q168Y,10.584879875183104,train,10.63,1.0630000000000002,0.04512012481689709
SARS-CoV-2-Y119M_K132N,10.322075843811035,train,10.33,1.0330000000000001,0.007924156188964915
SARS-CoV-2-P7A_F47I,10.49129867553711,train,10.49,1.0490000000000002,0.0012986755371091618
SARS-CoV-2-T3D_F156S_K198W,10.54736614227295,train,10.56,1.056,0.012633857727051279
SARS-CoV-2-Y119S_G166N,10.560108184814451,train,10.56,1.056,0.00010818481445085126
SARS-CoV-2-T3H_F156Q,10.502806663513184,train,10.56,1.056,0.057193336486816904
SARS-CoV-2-Y39N_S129H_T170E,10.42507266998291,train,10.43,1.043,0.0049273300170895595
SARS-CoV-2-R16Q,10.548152923583984,train,10.62,1.062,0.07184707641601484
SARS-CoV-2-V37T_N120H,10.308618545532228,train,10.3,1.03,0.008618545532227628
SARS-CoV-2-L5E_F44Y,10.553776741027832,train,10.58,1.058,0.02622325897216804
SARS-CoV-2-A190R,10.328078269958496,train,10.35,1.035,0.02192173004150355
SARS-CoV-2-V37F,10.478864669799805,train,10.47625,1.047625,0.0026146697998044033
SARS-CoV-2-V37F_L183V,10.421272277832031,train,10.41,1.0410000000000001,0.011272277832031108
SARS-CoV-2-L111A,10.36592960357666,train,10.39,1.0390000000000001,0.024070396423340412
SARS-CoV-2-K26T_L125S_K198T,10.531807899475098,train,10.56,1.056,0.02819210052490284
SARS-CoV-2-A18S_Y39N,10.30205249786377,train,10.3,1.03,0.0020524978637688207
SARS-CoV-2-N64A_T100V_S129P,10.42505931854248,train,10.4,1.04,0.025059318542480113
SARS-CoV-2-V37W_T140A,10.588811874389648,train,10.62,1.062,0.03118812561035078
SARS-CoV-2-R78D_I104A,10.364598274230955,train,10.4,1.04,0.0354017257690451
SARS-CoV-2-Y50F_F156V_T201W,10.315689086914062,train,10.37,1.037,0.05431091308593672
SARS-CoV-2-Y119V_T140C,10.410274505615234,train,10.4,1.04,0.01027450561523402
SARS-CoV-2-Y39M_T170H,10.628511428833008,train,10.65,1.0650000000000002,0.021488571166992543
SARS-CoV-2-S43Y_Q168N,10.513907432556152,train,10.56,1.056,0.046092567443848154
SARS-CoV-2-L5N_R16N,10.459931373596191,train,10.46,1.046,6.86264038094464e-05
SARS-CoV-2-N120T_Y143F_T201S,10.36093807220459,train,10.36,1.036,0.0009380722045904122
SARS-CoV-2-T63Y_K87L_G172K_S184H,10.475787162780762,train,10.49,1.0490000000000002,0.014212837219238494
SARS-CoV-2-C61E_D97M_E141R,10.441397666931152,train,10.45,1.045,0.008602333068846946
SARS-CoV-2-K114E,10.320635795593262,train,10.352857142857143,1.0352857142857144,0.032221347263881484
SARS-CoV-2-A145N_T201C,10.445395469665527,train,10.48,1.048,0.03460453033447308
SARS-CoV-2-K56M_G117E,10.34744930267334,train,10.38,1.038,0.03255069732666094
SARS-CoV-2-G9E_K132D_K198L,10.427373886108398,train,10.42,1.042,0.0073738861083985086
SARS-CoV-2-A89P_T201S,10.446352005004885,train,10.48,1.048,0.03364799499511584
SARS-CoV-2-T55C_T201K,10.306639671325684,train,10.35,1.035,0.04336032867431605
SARS-CoV-2-K114R_S129V_Q168T,10.438612937927246,train,10.46,1.046,0.02138706207275476
SARS-CoV-2-K87M_T140A,10.45481014251709,train,10.49,1.0490000000000002,0.03518985748291037
SARS-CoV-2-N1P_F156S,10.41596508026123,train,10.42,1.042,0.00403491973876946
SARS-CoV-2-F126V,10.328465461730955,train,10.37625,1.037625,0.047784538269045385
SARS-CoV-2-G9D_T201K,10.413538932800291,train,10.47,1.0470000000000002,0.05646106719970945
SARS-CoV-2-K56Q_R78T_T140L,10.462297439575195,train,10.49,1.0490000000000002,0.0277025604248049
SARS-CoV-2-A33W_G166V,10.584637641906738,train,10.58,1.058,0.00463764190673821
SARS-CoV-2-F156N_G166A,10.327467918395996,train,10.36,1.036,0.03253208160400334
SARS-CoV-2-T3S_T100C,10.425803184509276,train,10.44,1.044,0.014196815490723935
SARS-CoV-2-L38I_P54A,10.435702323913574,train,10.5,1.05,0.06429767608642578
SARS-CoV-2-G83R_E141S,10.309078216552734,train,10.32,1.032,0.01092178344726591
SARS-CoV-2-D98T_S147T,10.48217487335205,train,10.5,1.05,0.01782512664794922
SARS-CoV-2-Y175M,10.32748317718506,train,10.367142857142856,1.0367142857142857,0.03965967995779529
SARS-CoV-2-F8L_G83F,10.365679740905762,train,10.36,1.036,0.005679740905762287
SARS-CoV-2-L38I_Y119G,10.519288063049316,train,10.52,1.052,0.0007119369506831674
SARS-CoV-2-R16T_T201R,10.47236156463623,train,10.55,1.0550000000000002,0.07763843536377024
SARS-CoV-2-Y119H_T170M,10.43614387512207,train,10.48,1.048,0.043856124877930114
SARS-CoV-2-T63A,10.375357627868652,train,10.39375,1.0393750000000002,0.018392372131348367
SARS-CoV-2-L187I_K198L,10.54474925994873,train,10.55,1.0550000000000002,0.005250740051270242
SARS-CoV-2-F156L_Q163S,10.304882049560549,train,10.36,1.036,0.05511795043945078
SARS-CoV-2-Y35L_P149H,10.405879020690918,train,10.41,1.0410000000000001,0.004120979309082173
SARS-CoV-2-K87N_K199L,10.453125,train,10.48,1.048,0.026875000000000426
SARS-CoV-2-T100L,10.416386604309082,train,10.419,1.0419,0.002613395690918452
SARS-CoV-2-L38I_L122Y,10.342192649841309,train,10.395,1.0395,0.05280735015869098
SARS-CoV-2-Y39H,10.346144676208496,train,10.361428571428572,1.0361428571428573,0.015283895220076005
SARS-CoV-2-K87H,10.420835494995115,train,10.444,1.0444000000000002,0.023164505004885427
SARS-CoV-2-V37F_P177A_K198C,10.653355598449709,train,10.66,1.066,0.0066444015502913345
SARS-CoV-2-A14S_V37L,10.29648494720459,train,10.28,1.028,0.016484947204590483
SARS-CoV-2-T15E_I28W_N110Q_G146N,10.3563814163208,train,10.38,1.038,0.0236185836792
SARS-CoV-2-T55G_R78H,10.371542930603027,train,10.41,1.0410000000000001,0.0384570693969728
SARS-CoV-2-K87N_F160A,10.403470039367676,train,10.4,1.04,0.003470039367675426
SARS-CoV-2-Y175N,10.427346229553224,train,10.4525,1.04525,0.025153770446776136
SARS-CoV-2-N40G_S45D_V71I,10.330328941345217,train,10.36,1.036,0.02967105865478281
SARS-CoV-2-C61N_T100F,10.40735149383545,train,10.41,1.0410000000000001,0.0026485061645509234
SARS-CoV-2-G9P_S43V_T63A_Y175G,10.36793327331543,train,10.4,1.04,0.03206672668457067
SARS-CoV-2-N24V_Y35F,10.49823760986328,train,10.51,1.051,0.011762390136720313
SARS-CoV-2-F134Y_G196R,10.341485023498535,train,10.35,1.035,0.008514976501464488
SARS-CoV-2-T85C,10.438386917114258,train,10.45,1.045,0.011613082885741477
SARS-CoV-2-T85R_L122Q,10.489184379577637,train,10.51,1.051,0.020815620422363068
SARS-CoV-2-R27K_T63G_F156M,10.635087013244627,train,10.61,1.061,0.0250870132446277
SARS-CoV-2-Y119A_G174V,10.316269874572754,train,10.3,1.03,0.016269874572753196
SARS-CoV-2-K87L_L125Y_L188I,10.297759056091309,train,10.33,1.0330000000000001,0.03224094390869148
SARS-CoV-2-N24S_S147N,10.527043342590332,train,10.58,1.058,0.05295665740966804
SARS-CoV-2-G9D_G117D,10.58916187286377,train,10.625,1.0625,0.03583812713623047
SARS-CoV-2-Y91L_Y175N,10.331188201904297,train,10.34,1.034,0.008811798095702983
SARS-CoV-2-E154S_K198Q,10.298962593078612,train,10.33,1.0330000000000001,0.031037406921388566
SARS-CoV-2-L5W_G166S,10.382731437683104,train,10.38,1.038,0.002731437683102911
SARS-CoV-2-T55I_V173A,10.305191040039062,train,10.33,1.0330000000000001,0.02480895996093757
SARS-CoV-2-Y175L,10.40335178375244,train,10.395714285714286,1.0395714285714286,0.007637498038153723
SARS-CoV-2-T55D_N64P,10.354422569274902,train,10.37,1.037,0.015577430725096875
SARS-CoV-2-C61S_T201S,10.3746976852417,train,10.4,1.04,0.025302314758301137
SARS-CoV-2-N130R_S139R_F156I,10.313017845153809,train,10.31,1.0310000000000001,0.0030178451538080964
SARS-CoV-2-V37W_F44M_L122M,10.55102252960205,train,10.585,1.0585000000000002,0.03397747039795007
SARS-CoV-2-L5P_A190E,10.301068305969238,train,10.29,1.029,0.011068305969239134
SARS-CoV-2-N120E_N151Q,10.428120613098145,train,10.45,1.045,0.021879386901854758
SARS-CoV-2-T100K_Y119K,10.345072746276855,train,10.36,1.036,0.014927253723143963
SARS-CoV-2-A192S_G196E,10.452990531921388,train,10.48,1.048,0.02700946807861193
SARS-CoV-2-G196I,10.2947359085083,train,10.31,1.0310000000000001,0.015264091491699716
SARS-CoV-2-T148Q_Y175H,10.645161628723145,train,10.67,1.067,0.024838371276855398
SARS-CoV-2-V115Y_A190R,10.344033241271973,train,10.38,1.038,0.035966758728028125
SARS-CoV-2-I28M_T85M_L122W_G155E,10.354340553283691,train,10.37,1.037,0.015659446716307812
SARS-CoV-2-F156C,10.39422607421875,train,10.411428571428573,1.0411428571428574,0.01720249720982281
SARS-CoV-2-Y39L_G117K_R136Q,10.293252944946287,train,10.33,1.0330000000000001,0.036747055053712785
SARS-CoV-2-K87W_L187M,10.32645320892334,train,10.33,1.0330000000000001,0.0035467910766602273
SARS-CoV-2-C195Y_S200P,10.377187728881836,train,10.36,1.036,0.017187728881836506
SARS-CoV-2-V37F_G116P_S200C,10.41169261932373,train,10.43,1.043,0.018307380676269247
SARS-CoV-2-Y39H_N171E,10.335282325744627,train,10.35,1.035,0.014717674255372515
SARS-CoV-2-N130H,10.366887092590332,train,10.4,1.04,0.033112907409668324
SARS-CoV-2-T3H_P197T,10.429217338562012,train,10.48,1.048,0.05078266143798871
SARS-CoV-2-I28L_F126Y,10.480021476745604,train,10.52,1.052,0.03997852325439588
SARS-CoV-2-G9S_N157Q,10.469727516174316,train,10.5,1.05,0.030272483825683594
SARS-CoV-2-Y121L_G166L_S200L,10.327733039855955,train,10.33,1.0330000000000001,0.002266960144044816
SARS-CoV-2-G9Q_K198R,10.41165542602539,train,10.43,1.043,0.01834457397460909
SARS-CoV-2-K114E_L122K_K128V_N157S,10.351341247558594,train,10.36,1.036,0.008658752441405682
SARS-CoV-2-F160T,10.312838554382324,train,10.345,1.0345000000000002,0.03216144561767642
SARS-CoV-2-N4G_Y175G,10.364062309265137,train,10.38,1.038,0.015937690734864063
SARS-CoV-2-Y66T_D98N,10.3068208694458,train,10.33,1.0330000000000001,0.02317913055419929
SARS-CoV-2-S43T_S53V,10.473151206970217,train,10.49,1.0490000000000002,0.016848793029783593
SARS-CoV-2-V11I_N120V_Y175F,10.306708335876465,train,10.28,1.028,0.026708335876465483
SARS-CoV-2-Y39K_C61K,10.362363815307615,train,10.38,1.038,0.01763618469238537
SARS-CoV-2-P54H_Y121L,10.430134773254396,train,10.47,1.0470000000000002,0.03986522674560433
SARS-CoV-2-C61D_G166R,10.418814659118652,train,10.43,1.043,0.011185340881347372
SARS-CoV-2-E141F_P197L,10.48313808441162,train,10.49,1.0490000000000002,0.006861915588380896
SARS-CoV-2-V77L_Y121F,10.37267780303955,train,10.37,1.037,0.002677803039551563
SARS-CoV-2-K56M_L125V,10.48894500732422,train,10.52,1.052,0.031054992675779047
SARS-CoV-2-L187G,10.530814170837402,train,10.55,1.0550000000000002,0.019185829162598367
SARS-CoV-2-L5Q_T201S,10.444738388061523,train,10.45,1.045,0.005261611938475852
SARS-CoV-2-I2C_Q168E_T201L,10.408669471740724,train,10.45,1.045,0.04133052825927486
SARS-CoV-2-A190T_K199V,10.430166244506836,train,10.45,1.045,0.019833755493163352
SARS-CoV-2-L122R,10.391759872436523,train,10.456428571428573,1.0456428571428573,0.0646686989920493
SARS-CoV-2-Y35V_N110T_Y119Q,10.3898286819458,train,10.4,1.04,0.010171318054199574
SARS-CoV-2-I2S_N171P,10.30360221862793,train,10.33,1.0330000000000001,0.026397781372070384
SARS-CoV-2-G9S_N40R_P149T,10.43918228149414,train,10.44,1.044,0.0008177185058588776
SARS-CoV-2-V37M_N110P,10.30202579498291,train,10.27,1.027,0.03202579498291058
SARS-CoV-2-R16S_G174L,10.612836837768556,train,10.61,1.061,0.0028368377685570323
SARS-CoV-2-N64P_R78S,10.328883171081545,train,10.37,1.037,0.04111682891845447
SARS-CoV-2-S43L_I104F_P197R,10.401877403259276,train,10.44,1.044,0.038122596740723935
SARS-CoV-2-L5V_T55Y,10.546488761901855,train,10.58,1.058,0.0335112380981446
SARS-CoV-2-L125A,10.382095336914062,train,10.395,1.0395,0.012904663085937074
SARS-CoV-2-S29T_K132I_T201Y,10.29686450958252,train,10.29,1.029,0.006864509582520384
SARS-CoV-2-Y119R_F156N,10.344600677490234,train,10.37,1.037,0.025399322509764843
SARS-CoV-2-L5S_K199W,10.420636177062988,train,10.44,1.044,0.01936382293701122
SARS-CoV-2-K56M_F156P,10.489113807678224,train,10.5,1.05,0.010886192321775567
SARS-CoV-2-C61R_G166V,10.318474769592283,train,10.33,1.0330000000000001,0.011525230407716691
SARS-CoV-2-F126R_P149S,10.303994178771973,train,10.3,1.03,0.003994178771971946
SARS-CoV-2-F99W_F160Y_N171W,10.448840141296388,train,10.47,1.0470000000000002,0.021159858703612144
SARS-CoV-2-G9S_Y35W_E154G,10.337687492370604,train,10.36,1.036,0.02231250762939574
SARS-CoV-2-D97A_S129A,10.4014253616333,train,10.43,1.043,0.028574638366698935
SARS-CoV-2-G9V_N130P,10.352855682373049,train,10.36,1.036,0.00714431762695078
SARS-CoV-2-T85R_L111Y,10.462641716003418,train,10.49,1.0490000000000002,0.027358283996582244
SARS-CoV-2-T55W_F62L_K128S,10.417484283447266,train,10.4,1.04,0.01748428344726527
SARS-CoV-2-R16F_T201R,10.322958946228027,train,10.36,1.036,0.03704105377197209
SARS-CoV-2-S43E_N120E_Q168L_T201V,10.621460914611816,train,10.61,1.061,0.011460914611816975
SARS-CoV-2-Y119S_K128I_F156R,10.319117546081545,train,10.32,1.032,0.0008824539184555391
SARS-CoV-2-G152K_G166A,10.40335750579834,train,10.4,1.04,0.0033575057983394885
SARS-CoV-2-D98N_Y119Q,10.347456932067873,train,10.38,1.038,0.03254306793212791
SARS-CoV-2-N151K,10.32359218597412,train,10.383333333333333,1.0383333333333333,0.05974114735921354
SARS-CoV-2-V37F_T140K,10.647544860839844,train,10.65,1.0650000000000002,0.0024551391601566053
SARS-CoV-2-K56Q_G174D,10.34640884399414,train,10.365,1.0365,0.018591156005859588
SARS-CoV-2-K132T,10.338662147521973,train,10.29875,1.029875,0.039912147521972585
SARS-CoV-2-D59N_F156S,10.432371139526367,train,10.44,1.044,0.007628860473632315
SARS-CoV-2-A190G,10.468890190124512,train,10.465,1.0465,0.003890190124511861
SARS-CoV-2-L5T_S43T_N120S_A190C_P197S,10.471016883850098,train,10.51,1.051,0.03898311614990213
SARS-CoV-2-F126R_F156V,10.464451789855955,train,10.48,1.048,0.015548210144045171
SARS-CoV-2-L5I_V153Q,10.45788860321045,train,10.49,1.0490000000000002,0.032111396789550994
SARS-CoV-2-S113M_P197K,10.457318305969238,train,10.45,1.045,0.007318305969238992
SARS-CoV-2-I28M_G51N_F160L,10.672845840454102,train,10.71,1.0710000000000002,0.03715415954589929
SARS-CoV-2-N1F_G9E_L122M,10.317023277282717,train,10.34,1.034,0.022976722717283238
SARS-CoV-2-V52F_K132R,10.413946151733398,train,10.42,1.042,0.0060538482666014914
SARS-CoV-2-A190Q,10.349736213684082,train,10.37,1.037,0.020263786315917187
SARS-CoV-2-V32T_K114P_E141A_P197A,10.38424015045166,train,10.38,1.038,0.004240150451659375
SARS-CoV-2-V37G_F62V_T140S,10.446772575378418,train,10.45,1.045,0.0032274246215813207
SARS-CoV-2-H189C_T201N,10.4746732711792,train,10.52,1.052,0.045326728820800355
SARS-CoV-2-L5G_V32Y_T63K_T85H,10.501721382141112,train,10.52,1.052,0.01827861785888807
SARS-CoV-2-I2S_K128C_G174A,10.33688259124756,train,10.35,1.035,0.013117408752439275
SARS-CoV-2-K114T_N157K_P197H,10.617754936218262,train,10.63,1.0630000000000002,0.012245063781739063
SARS-CoV-2-R27C_L122M,10.441605567932127,train,10.49,1.0490000000000002,0.04839443206787308
SARS-CoV-2-N4A_P197Q,10.534337997436523,train,10.55,1.0550000000000002,0.015662002563477273
SARS-CoV-2-S29E,10.585911750793455,train,10.62,1.062,0.034088249206543964
SARS-CoV-2-C61A_T100Y,10.40429401397705,train,10.45,1.045,0.04570598602294851
SARS-CoV-2-V37M_A192T,10.449027061462402,train,10.47,1.0470000000000002,0.020972938537598296
SARS-CoV-2-A22R_I104L,10.350032806396484,train,10.35,1.035,3.280639648473027e-05
SARS-CoV-2-P197V_T201D,10.478772163391112,train,10.52,1.052,0.04122783660888807
SARS-CoV-2-D98A_S200G,10.372097969055176,train,10.41,1.0410000000000001,0.03790203094482436
SARS-CoV-2-S53N_E154T_K199Y,10.35948085784912,train,10.38,1.038,0.020519142150881464
SARS-CoV-2-L5T_Y35W_K56R,10.583196640014648,train,10.6,1.06,0.016803359985351207
SARS-CoV-2-G9S_L122K,10.37881565093994,train,10.41,1.0410000000000001,0.031184349060060512
SARS-CoV-2-S43R_I138L,10.343317985534668,train,10.38,1.038,0.03668201446533281
SARS-CoV-2-L131I_F156I,10.4821138381958,train,10.51,1.051,0.027886161804199006
SARS-CoV-2-S53E_R73G,10.35903263092041,train,10.33,1.0330000000000001,0.029032630920410085
SARS-CoV-2-I2G_V173I,10.326119422912598,train,10.35,1.035,0.02388057708740199
SARS-CoV-2-Y39L_N151S_V173E,10.500903129577637,train,10.52,1.052,0.019096870422362855
SARS-CoV-2-K87T_N151L,10.626511573791504,train,10.63,1.0630000000000002,0.0034884262084968753
SARS-CoV-2-T55P_K128A,10.367016792297363,train,10.42,1.042,0.05298320770263665
SARS-CoV-2-D59S_L122Y,10.40967845916748,train,10.45,1.045,0.04032154083251882
SARS-CoV-2-K56N_K114N_L125A,10.554080963134766,train,10.59,1.059,0.03591903686523423
SARS-CoV-2-T63K_S147T,10.379502296447754,train,10.39,1.0390000000000001,0.010497703552246662
SARS-CoV-2-G9D_Y119K,10.47339153289795,train,10.53,1.053,0.05660846710205014
SARS-CoV-2-F62Y_G83N_K87T_P96S,10.31235694885254,train,10.31,1.0310000000000001,0.0023569488525403415
SARS-CoV-2-K87T_D98N_A190G,10.524313926696776,train,10.52,1.052,0.004313926696775994
SARS-CoV-2-I2N_P7K_Y35F,10.429291725158691,train,10.44,1.044,0.010708274841308096
SARS-CoV-2-I2H_F62Y,10.436442375183104,train,10.43,1.043,0.006442375183103977
SARS-CoV-2-V37F_T46H_R73M_T85S_T100V,10.675946235656738,train,10.71,1.0710000000000002,0.03405376434326257
SARS-CoV-2-R16V_N64T,10.46051025390625,train,10.47,1.0470000000000002,0.00948974609375064
SARS-CoV-2-V37W_S53R,10.59608554840088,train,10.62,1.062,0.023914451599118536
SARS-CoV-2-C195I,10.405884742736816,train,10.42,1.042,0.014115257263183523
SARS-CoV-2-S129D_T148K,10.476566314697266,train,10.51,1.051,0.03343368530273416
SARS-CoV-2-L122A,10.36598300933838,train,10.385555555555555,1.0385555555555557,0.019572546217174747
SARS-CoV-2-N157M_G172Q,10.40785026550293,train,10.46,1.046,0.052149734497071165
SARS-CoV-2-G9D_Y21F_I138V,10.680232048034668,train,10.72,1.072,0.03976795196533267
SARS-CoV-2-S113V_L122Y_S129N,10.352314949035645,train,10.4,1.04,0.047685050964355824
SARS-CoV-2-Y39M_K56N_S129I,10.364107131958008,train,10.4,1.04,0.03589286804199254
SARS-CoV-2-I2L_T85V,10.293829917907717,train,10.32,1.032,0.026170082092283664
SARS-CoV-2-G9N_Y121F,10.384265899658203,train,10.41,1.0410000000000001,0.025734100341797017
SARS-CoV-2-N24R_G166C,10.479183197021484,train,10.5,1.05,0.020816802978515625
SARS-CoV-2-N30A_G172D,10.446800231933594,train,10.48,1.048,0.033199768066406676
SARS-CoV-2-N4T_L122T,10.362313270568848,train,10.37,1.037,0.007686729431151562
SARS-CoV-2-R27T_R73S,10.305293083190918,train,10.31,1.0310000000000001,0.004706916809082529
SARS-CoV-2-L122K_T201Y,10.575578689575195,train,10.62,1.062,0.044421310424803906
SARS-CoV-2-A42Q_K87D,10.342317581176758,train,10.32,1.032,0.02231758117675753
SARS-CoV-2-N24D_S129T,10.361461639404297,train,10.39,1.0390000000000001,0.028538360595703693
SARS-CoV-2-Q168W,10.31813144683838,train,10.3,1.03,0.018131446838379972
SARS-CoV-2-T63Y_F156S,10.35527515411377,train,10.35,1.035,0.0052751541137698865
SARS-CoV-2-L122G_V173M,10.405488967895508,train,10.43,1.043,0.024511032104491903
SARS-CoV-2-Y35L_T63G,10.483436584472656,train,10.5,1.05,0.01656341552734375
SARS-CoV-2-V37L_Y119Q_S147M,10.46746063232422,train,10.5,1.05,0.032539367675779474
SARS-CoV-2-V37S_T85S_F126Y_K132P,10.429633140563965,train,10.44,1.044,0.010366859436034659
SARS-CoV-2-V37F_F44A_T201L,10.58787727355957,train,10.625,1.0625,0.03712272644042969
SARS-CoV-2-R27C_Y175G,10.43694019317627,train,10.48,1.048,0.043059806823730895
SARS-CoV-2-T140S_S184V,10.463324546813965,train,10.48,1.048,0.016675453186035583
SARS-CoV-2-Y119C_H189N,10.471196174621582,train,10.47,1.0470000000000002,0.0011961746215813918
SARS-CoV-2-Y35F_A89P_F156R,10.364083290100098,train,10.39,1.0390000000000001,0.025916709899902912
SARS-CoV-2-P149L_G166T,10.320446968078612,train,10.34,1.034,0.019553031921388353
SARS-CoV-2-D59T_L122K_N130F,10.426959037780762,train,10.45,1.045,0.02304096221923757
SARS-CoV-2-K26M_K199V,10.404348373413086,train,10.42,1.042,0.01565162658691399
SARS-CoV-2-T55C_T148D_G174Q,10.345820426940918,train,10.35,1.035,0.004179573059081676
SARS-CoV-2-G83N_G174A,10.4635009765625,train,10.495,1.0494999999999999,0.03149902343749922
SARS-CoV-2-E141Q_T148A,10.406859397888184,train,10.425,1.0425000000000002,0.018140602111817117
SARS-CoV-2-S41R_K87T_G166K,10.519242286682127,train,10.53,1.053,0.01075771331787223
SARS-CoV-2-L5W_G117S_E154T,10.292659759521484,train,10.31,1.0310000000000001,0.017340240478516122
SARS-CoV-2-T15S_Q163S,10.461249351501465,train,10.49,1.0490000000000002,0.02875064849853537
SARS-CoV-2-L5G_S36R,10.294007301330566,train,10.31,1.0310000000000001,0.01599269866943409
SARS-CoV-2-Y119R_G166T_H189R,10.52350902557373,train,10.535,1.0535,0.011490974426269673
SARS-CoV-2-L5Q_G116T_T201G,10.432594299316406,train,10.45,1.045,0.01740570068359304
SARS-CoV-2-T148I_F156T,10.640666961669922,train,10.66,1.066,0.019333038330078267
SARS-CoV-2-T3K_R27V,10.446450233459473,train,10.48,1.048,0.03354976654052777
SARS-CoV-2-Y35W_V115C_K128V,10.514004707336426,train,10.53,1.053,0.01599529266357358
SARS-CoV-2-V37S_F62S,10.400801658630373,train,10.43,1.043,0.029198341369626846
SARS-CoV-2-D98N_P149H_F156L,10.462382316589355,train,10.49,1.0490000000000002,0.027617683410644744
SARS-CoV-2-S36M_I138V,10.417171478271484,train,10.42,1.042,0.002828521728515554
SARS-CoV-2-E10V_L122R,10.301539421081545,train,10.32,1.032,0.01846057891845554
SARS-CoV-2-K87L_G117M,10.555739402770996,train,10.57,1.0570000000000002,0.01426059722900419
SARS-CoV-2-Y39R_I138C,10.484150886535645,train,10.5,1.05,0.01584911346435547
SARS-CoV-2-V37R_F62C,10.420893669128418,train,10.45,1.045,0.02910633087158132
SARS-CoV-2-P54W_S129N,10.468862533569336,train,10.5,1.05,0.031137466430664062
SARS-CoV-2-K199F,10.453024864196776,train,10.4925,1.04925,0.03947513580322415
SARS-CoV-2-T3L_Y39F,10.444734573364258,train,10.48,1.048,0.035265426635742614
SARS-CoV-2-A14K_K87I_Y119N_S200D,10.491829872131348,train,10.515,1.0515,0.023170127868652912
SARS-CoV-2-S36E_T85S,10.43150806427002,train,10.45,1.045,0.018491935729979758
SARS-CoV-2-S53T_Y119F,10.715947151184082,train,10.74,1.074,0.024052848815918182
SARS-CoV-2-Y119Q_G155S_V173A_T201D,10.632411003112791,train,10.65,1.0650000000000002,0.017588996887209163
SARS-CoV-2-G9M_Y35M_L122S,10.517415046691896,train,10.53,1.053,0.012584953308103053
SARS-CoV-2-G51K_T170S,10.355673789978027,train,10.38,1.038,0.024326210021973438
SARS-CoV-2-S41H_K48Q,10.335394859313965,train,10.35,1.035,0.014605140686034801
SARS-CoV-2-R16I_S139D,10.32569408416748,train,10.34,1.034,0.01430591583251939
SARS-CoV-2-D98V_N130K,10.463393211364746,train,10.49,1.0490000000000002,0.02660678863525412
SARS-CoV-2-S36D_D98E,10.363768577575684,train,10.38,1.038,0.016231422424317188
SARS-CoV-2-V32C,10.40274143218994,train,10.45,1.045,0.04725856781005966
SARS-CoV-2-V37T_S41R,10.370617866516112,train,10.39,1.0390000000000001,0.019382133483889064
SARS-CoV-2-T85H_Y121H_Q168L,10.46328830718994,train,10.45,1.045,0.01328830718994034
SARS-CoV-2-A22H_K87I,10.562739372253418,train,10.57,1.0570000000000002,0.0072606277465823155
SARS-CoV-2-D59G,10.353141784667969,train,10.322,1.0322,0.031141784667969574
SARS-CoV-2-V37Y_S53V_K87V_F126L,10.481352806091309,train,10.48,1.048,0.0013528060913081674
SARS-CoV-2-N120S_E141T,10.354537010192873,train,10.37,1.037,0.015462989807126348
SARS-CoV-2-K87N_P149Q_F156G_A190E,10.54549789428711,train,10.56,1.056,0.014502105712891122
SARS-CoV-2-Y39L_T140R_T170L,10.531134605407717,train,10.54,1.054,0.008865394592282527
SARS-CoV-2-G117R_A192G,10.377129554748535,train,10.41,1.0410000000000001,0.032870445251464986
SARS-CoV-2-P149T_F156P_P197L,10.517800331115724,train,10.57,1.0570000000000002,0.05219966888427585
SARS-CoV-2-D75E_K87N,10.389159202575684,train,10.41,1.0410000000000001,0.02084079742431655
SARS-CoV-2-T46V_P197V,10.433019638061523,train,10.46,1.046,0.026980361938477415
SARS-CoV-2-K128G_G174N,10.387283325195312,train,10.43,1.043,0.042716674804687216
SARS-CoV-2-T100Y_P169V,10.30417537689209,train,10.3,1.03,0.004175376892089133
SARS-CoV-2-K56E_K198L,10.511475563049316,train,10.52,1.052,0.008524436950683167
SARS-CoV-2-D97H_N171Q,10.293505668640137,train,10.285,1.0285,0.008505668640136577
SARS-CoV-2-D59R_Y175S_T201M,10.442582130432127,train,10.46,1.046,0.017417869567873723
SARS-CoV-2-L5D_S43G_I138T_N157K,10.328432083129885,train,10.37,1.037,0.04156791687011463
SARS-CoV-2-S53T,10.380999565124512,train,10.39,1.0390000000000001,0.00900043487548885
SARS-CoV-2-T100M_T201M,10.535880088806152,train,10.55,1.0550000000000002,0.014119911193848367
SARS-CoV-2-K56D_K198M,10.518343925476074,train,10.52,1.052,0.001656074523925355
SARS-CoV-2-N130R_G166H,10.527256965637209,train,10.54,1.054,0.01274303436279034
SARS-CoV-2-S147I,10.331664085388184,train,10.33,1.0330000000000001,0.0016640853881835227
SARS-CoV-2-L60V_R78P_L122F,10.324963569641112,train,10.36,1.036,0.03503643035888793
SARS-CoV-2-A192T_S200V,10.55138874053955,train,10.57,1.0570000000000002,0.018611259460449503
SARS-CoV-2-I2R_V37E_T201C,10.571232795715332,train,10.61,1.061,0.0387672042846674
SARS-CoV-2-T100M_N157T,10.34941864013672,train,10.37,1.037,0.020581359863278692
SARS-CoV-2-D59E_T201H,10.413994789123535,train,10.45,1.045,0.03600521087646413
SARS-CoV-2-I2R_N64R_K87V_F156R,10.453020095825195,train,10.48,1.048,0.026979904174805114
SARS-CoV-2-Y119D_Q163N_Y175N,10.460112571716309,train,10.48,1.048,0.019887428283691833
SARS-CoV-2-L125Y_P149S,10.61025047302246,train,10.64,1.064,0.029749526977541407
SARS-CoV-2-T3P_S45D_Q163E,10.445652961730955,train,10.47,1.0470000000000002,0.024347038269045385
SARS-CoV-2-F160H,10.355091094970703,train,10.384444444444446,1.0384444444444447,0.029353349473742796
SARS-CoV-2-C61V_Y91F_V153L,10.43460178375244,train,10.45,1.045,0.01539821624755966
SARS-CoV-2-G9K_K87H_D97C,10.296612739562988,train,10.31,1.0310000000000001,0.013387260437012216
SARS-CoV-2-I2T_G172L,10.317956924438477,train,10.3,1.03,0.017956924438475852
SARS-CoV-2-L125V_K198T,10.43465518951416,train,10.48,1.048,0.04534481048584027
SARS-CoV-2-E186Q,10.406329154968262,train,10.43,1.043,0.023670845031737997
SARS-CoV-2-T63V_K132A,10.330257415771484,train,10.34,1.034,0.009742584228515483
SARS-CoV-2-T148V_N171K,10.318279266357422,train,10.36,1.036,0.04172073364257756
SARS-CoV-2-A42K_N58T,10.359642028808594,train,10.41,1.0410000000000001,0.05035797119140639
SARS-CoV-2-Y119T_V153T_S200E,10.358101844787598,train,10.36,1.036,0.0018981552124017753
SARS-CoV-2-D97S_L122T_N130K,10.371426582336426,train,10.39,1.0390000000000001,0.018573417663574787
SARS-CoV-2-I104Y_Y119K,10.401857376098633,train,10.43,1.043,0.028142623901366903
SARS-CoV-2-R16E_T85S,10.517151832580566,train,10.56,1.056,0.04284816741943409
SARS-CoV-2-G83K_K198E,10.298032760620115,train,10.29,1.029,0.008032760620116264
SARS-CoV-2-T3S_T201K,10.329855918884276,train,10.37,1.037,0.04014408111572365
SARS-CoV-2-L5S_R27L,10.350191116333008,train,10.37,1.037,0.019808883666991406
SARS-CoV-2-S113G_P169H,10.382996559143066,train,10.41,1.0410000000000001,0.027003440856933736
SARS-CoV-2-C61R_G172E,10.48009967803955,train,10.5,1.05,0.01990032196044922
SARS-CoV-2-Y91F_P149M,10.40322208404541,train,10.42,1.042,0.016777915954589773
SARS-CoV-2-Y39R_K198E,10.38382053375244,train,10.39,1.0390000000000001,0.0061794662475609385
SARS-CoV-2-Y66T_Q163S,10.315922737121582,train,10.33,1.0330000000000001,0.01407726287841804
SARS-CoV-2-F8L_S129N,10.486348152160645,train,10.51,1.051,0.023651847839355256
SARS-CoV-2-K56E_P149L_T170R,10.30213451385498,train,10.32,1.032,0.017865486145019815
SARS-CoV-2-G9T_I28Y_C61N_N107A,10.365328788757324,train,10.39,1.0390000000000001,0.02467121124267635
SARS-CoV-2-T3D_K128P,10.327920913696287,train,10.34,1.034,0.012079086303712572
SARS-CoV-2-G83K,10.382755279541016,train,10.385000000000002,1.0385000000000002,0.002244720458985938
SARS-CoV-2-P54K_Y143N_K199M,10.359274864196776,train,10.36,1.036,0.0007251358032238642
SARS-CoV-2-S113C_Q168K,10.36256504058838,train,10.39,1.0390000000000001,0.027434959411619886
SARS-CoV-2-C61Y_L125D,10.422927856445312,train,10.44,1.044,0.017072143554687003
SARS-CoV-2-R27T_S29T_G152S_F156S,10.371482849121094,train,10.41,1.0410000000000001,0.03851715087890639
SARS-CoV-2-Y35F_K56A,10.450597763061523,train,10.49,1.0490000000000002,0.039402236938476776
SARS-CoV-2-I2T_K56E_K128Y,10.529712677001951,train,10.54,1.054,0.010287322998047799
SARS-CoV-2-S36E_F160I_V173I_L187K,10.296603202819824,train,10.37,1.037,0.073396797180175
SARS-CoV-2-Y39F_R78H,10.599895477294922,train,10.61,1.061,0.010104522705077557
SARS-CoV-2-K48N_P197A,10.484947204589844,train,10.52,1.052,0.035052795410155824
SARS-CoV-2-L60Y_F126Y,10.428475379943848,train,10.46,1.046,0.031524620056153196
SARS-CoV-2-T140D_P149I_F160N_P197L,10.422647476196287,train,10.43,1.043,0.00735252380371243
SARS-CoV-2-D90S_K199Y,10.298340797424316,train,10.3,1.03,0.0016592025756843043
SARS-CoV-2-K114L_G174L,10.296756744384766,train,10.31,1.0310000000000001,0.013243255615234872
SARS-CoV-2-S45D_S200N,10.40976619720459,train,10.45,1.045,0.040233802795409446
SARS-CoV-2-T100C_K198E,10.395461082458496,train,10.43,1.043,0.03453891754150362
SARS-CoV-2-V37G,10.351927757263184,train,10.36153846153846,1.036153846153846,0.00961070427527666
SARS-CoV-2-S45A_N118D,10.303305625915527,train,10.32,1.032,0.01669437408447294
SARS-CoV-2-T55A,10.34156608581543,train,10.398823529411764,1.0398823529411765,0.05725744359633467
SARS-CoV-2-K87R_P96S_K128H,10.342987060546877,train,10.36,1.036,0.017012939453122655
SARS-CoV-2-T55S_T201Y,10.381860733032228,train,10.42,1.042,0.03813926696777159
SARS-CoV-2-K128R_Q168L,10.433531761169434,train,10.43,1.043,0.003531761169433878
SARS-CoV-2-K128M_Y175A,10.346378326416016,train,10.37,1.037,0.023621673583983593
SARS-CoV-2-V52M_N171D,10.472993850708008,train,10.5,1.05,0.027006149291992188
SARS-CoV-2-N4R_Y119A,10.459142684936523,train,10.51,1.051,0.05085731506347635
SARS-CoV-2-C61N_I142S_G152S_F160S,10.534751892089844,train,10.59,1.059,0.05524810791015611
SARS-CoV-2-K56S_N64A_H189Y,10.42076587677002,train,10.42,1.042,0.0007658767700196023
SARS-CoV-2-V173R_S200T,10.415133476257324,train,10.42,1.042,0.00486652374267571
SARS-CoV-2-I104C_F160H_Y175L,10.2973051071167,train,10.37,1.037,0.0726948928833
SARS-CoV-2-Q168K,10.38344955444336,train,10.411,1.0411,0.027550445556640213
SARS-CoV-2-N120F_S147Q_K199I,10.74178409576416,train,10.74,1.074,0.001784095764159943
SARS-CoV-2-V37M_C61N_D90K,10.346120834350586,train,10.355,1.0355,0.008879165649414489
SARS-CoV-2-L188I,10.397706985473633,train,10.42,1.042,0.022293014526367116
SARS-CoV-2-P149Q_T201R,10.29368495941162,train,10.32,1.032,0.026315040588380967
SARS-CoV-2-K87A,10.4246187210083,train,10.435,1.0435,0.010381278991699716
SARS-CoV-2-L5G_T201K,10.377808570861816,train,10.43,1.043,0.05219142913818331
SARS-CoV-2-G83R_K132A,10.344114303588867,train,10.34,1.034,0.00411430358886733
SARS-CoV-2-T85M_N120L_Y175A,10.332085609436035,train,10.33,1.0330000000000001,0.002085609436035085
SARS-CoV-2-R27V_I138K,10.373250961303713,train,10.37,1.037,0.0032509613037134955
SARS-CoV-2-V37C_K56Q_Q163S,10.31056308746338,train,10.33,1.0330000000000001,0.01943691253661939
SARS-CoV-2-L5Y,10.321663856506348,train,10.332857142857142,1.0332857142857141,0.011193286350794196
SARS-CoV-2-G166A,10.323039054870604,train,10.32,1.032,0.003039054870603408
SARS-CoV-2-Y175S_T201A,10.601612091064451,train,10.61,1.061,0.008387908935548083
SARS-CoV-2-F62M_F160P,10.345385551452637,train,10.36,1.036,0.014614448547362713
SARS-CoV-2-K198P,10.364925384521484,train,10.384,1.0384,0.019074615478515966
SARS-CoV-2-V115D_F126M,10.465078353881836,train,10.47,1.0470000000000002,0.004921646118164702
SARS-CoV-2-N4G_G152N,10.361493110656738,train,10.35,1.035,0.011493110656738637
SARS-CoV-2-Y39T_I104V,10.32833194732666,train,10.35,1.035,0.02166805267333949
SARS-CoV-2-I142M_Q168M,10.323741912841797,train,10.35,1.035,0.02625808715820277
SARS-CoV-2-K199W,10.37180519104004,train,10.401666666666666,1.0401666666666667,0.029861475626624667
SARS-CoV-2-Y119C_T170Q_V173A,10.376837730407717,train,10.38,1.038,0.0031622695922841615
SARS-CoV-2-N120H,10.437758445739746,train,10.438,1.0438,0.00024155426025451732
SARS-CoV-2-F8L_P149H,10.320162773132324,train,10.33,1.0330000000000001,0.009837226867675852
SARS-CoV-2-G172D_K198V,10.39107894897461,train,10.43,1.043,0.03892105102539034
SARS-CoV-2-D97K_Y143H_F156H,10.314534187316896,train,10.31,1.0310000000000001,0.00453418731689581
SARS-CoV-2-T100M,10.357423782348633,train,10.345714285714283,1.0345714285714285,0.011709496634349392
SARS-CoV-2-L122Q_T148G,10.388833999633787,train,10.41,1.0410000000000001,0.021166000366212856
SARS-CoV-2-K26M_V32F_L122R,10.488959312438965,train,10.46,1.046,0.02895931243896399
SARS-CoV-2-N64L_F126Y,10.344037055969238,train,10.38,1.038,0.0359629440307625
SARS-CoV-2-V37G_D59T,10.393019676208496,train,10.41,1.0410000000000001,0.01698032379150405
SARS-CoV-2-V52M_C61S,10.346285820007324,train,10.4,1.04,0.053714179992676137
SARS-CoV-2-Y119S_T148C_Y159S,10.492401123046877,train,10.5,1.05,0.007598876953123224
SARS-CoV-2-T55R_Q144A,10.454516410827637,train,10.47,1.0470000000000002,0.01548358917236392
SARS-CoV-2-R27E_S41T_K56E,10.325413703918455,train,10.34,1.034,0.014586296081544603
SARS-CoV-2-Y121H,10.31450366973877,train,10.3375,1.0337500000000002,0.022996330261230824
SARS-CoV-2-G9D_T201P,10.473672866821287,train,10.5,1.05,0.026327133178712714
SARS-CoV-2-G116Y_G166Q,10.329384803771973,train,10.38,1.038,0.050615196228028125
SARS-CoV-2-G116E_E154N_L187N,10.40626621246338,train,10.45,1.045,0.04373378753661861
SARS-CoV-2-V37I_F160W_T170K,10.389968872070312,train,10.43,1.043,0.040031127929687216
SARS-CoV-2-Y39G_T201I,10.366015434265137,train,10.4,1.04,0.033984565734863637
SARS-CoV-2-V37F_E141L,10.746994018554688,train,10.75,1.075,0.0030059814453125
SARS-CoV-2-D98N,10.33956813812256,train,10.359375,1.0359375,0.01980686187743963
SARS-CoV-2-Q84A,10.52990436553955,train,10.55,1.0550000000000002,0.02009563446044993
SARS-CoV-2-Y35L_S108T_T201S,10.443245887756348,train,10.49,1.0490000000000002,0.04675411224365256
SARS-CoV-2-H189Q,10.430275917053224,train,10.47,1.0470000000000002,0.03972408294677621
SARS-CoV-2-I28M_Y35S_C61Y,10.571574211120604,train,10.6,1.06,0.028425788879395952
SARS-CoV-2-Y35L_K128S_Y143S,10.478360176086426,train,10.49,1.0490000000000002,0.011639823913574432
SARS-CoV-2-I2G_P149I,10.293704986572266,train,10.29,1.029,0.0037049865722664777
SARS-CoV-2-V37L_K199V,10.520471572875977,train,10.52,1.052,0.0004715728759769888
SARS-CoV-2-F62W_G83F,10.605401992797852,train,10.61,1.061,0.004598007202147869
SARS-CoV-2-N1G_N157G,10.321405410766602,train,10.33,1.0330000000000001,0.008594589233398509
SARS-CoV-2-S36G_G166K,10.39055347442627,train,10.4,1.04,0.009446525573730824
SARS-CoV-2-P7A_V37S_L187Q,10.47129726409912,train,10.49,1.0490000000000002,0.018702735900880896
SARS-CoV-2-G9F_Y35L,10.504399299621582,train,10.52,1.052,0.015600700378417542
SARS-CoV-2-I2Y_F156V_G166R,10.482264518737791,train,10.5,1.05,0.017735481262208808
SARS-CoV-2-G116T_T148M,10.44377326965332,train,10.48,1.048,0.036226730346680114
SARS-CoV-2-Y39M_E154S,10.587047576904297,train,10.63,1.0630000000000002,0.04295242309570391
SARS-CoV-2-R16Y_G172V,10.433682441711426,train,10.42,1.042,0.013682441711425852
SARS-CoV-2-I104F_P149N,10.519108772277832,train,10.54,1.054,0.020891227722167116
SARS-CoV-2-A33W_D59K_T201M,10.57333278656006,train,10.58,1.058,0.006667213439939701
SARS-CoV-2-I2Y,10.294121742248535,train,10.329375,1.0329375,0.03525325775146548
SARS-CoV-2-S29Q_T63K,10.403815269470217,train,10.43,1.043,0.026184730529783096
SARS-CoV-2-T3G_N171Q,10.338187217712402,train,10.37,1.037,0.031812782287596875
SARS-CoV-2-A18P_P149H_N171W,10.672933578491213,train,10.7,1.07,0.027066421508786576
SARS-CoV-2-T55G,10.361201286315918,train,10.403333333333334,1.0403333333333336,0.04213204701741624
SARS-CoV-2-N40G,10.435259819030762,train,10.474444444444444,1.0474444444444444,0.039184625413682284
SARS-CoV-2-V20P_Y35L_K48D,10.497031211853027,train,10.5,1.05,0.0029687881469726562
SARS-CoV-2-V37R_N130V_F156L,10.57951831817627,train,10.57,1.0570000000000002,0.009518318176269247
SARS-CoV-2-I2C_T15E_V37F,10.712129592895508,train,10.71,1.0710000000000002,0.00212959289550696
SARS-CoV-2-I2T_Q168I_K198S,10.39136791229248,train,10.4,1.04,0.008632087707519887
SARS-CoV-2-V37G_S129V,10.372721672058104,train,10.38,1.038,0.007278327941897089
SARS-CoV-2-N171M_L187Y,10.35867977142334,train,10.36,1.036,0.0013202285766595878
SARS-CoV-2-I80V_G116E_F156K,10.355124473571776,train,10.37,1.037,0.014875526428223651
SARS-CoV-2-P54K_T201K,10.414599418640137,train,10.43,1.043,0.015400581359862997
SARS-CoV-2-P149C_N157D,10.349638938903809,train,10.37,1.037,0.020361061096190625
SARS-CoV-2-P149H_P197S,10.421162605285645,train,10.42,1.042,0.0011626052856446023
SARS-CoV-2-K87S_V173R,10.338199615478516,train,10.36,1.036,0.021800384521483807
SARS-CoV-2-N120L_Y175S,10.54311466217041,train,10.56,1.056,0.01688533782959034
SARS-CoV-2-Y175A,10.383130073547363,train,10.426666666666668,1.0426666666666669,0.043536593119304356
SARS-CoV-2-V194I,10.330083847045898,train,10.36,1.036,0.029916152954100994
SARS-CoV-2-Q84S_E186N,10.372498512268066,train,10.4,1.04,0.02750148773193395
SARS-CoV-2-G166T,10.443997383117676,train,10.4575,1.04575,0.013502616882323792
SARS-CoV-2-N4Q_L125S_P197F,10.676129341125488,train,10.69,1.069,0.013870658874511221
SARS-CoV-2-S147V_F160N,10.355072975158691,train,10.37,1.037,0.014927024841307812
SARS-CoV-2-S41P_T55Q_D98N_I104W,10.297889709472656,train,10.32,1.032,0.022110290527344034
SARS-CoV-2-D59E_G116R_Y175C,10.460107803344728,train,10.5,1.05,0.03989219665527166
SARS-CoV-2-G116E,10.297558784484863,train,10.348,1.0348000000000002,0.05044121551513747
SARS-CoV-2-V37F_I142P_G152H,10.502411842346191,train,10.53,1.053,0.027588157653807954
SARS-CoV-2-S53L_R78S_T201Q,10.474724769592283,train,10.51,1.051,0.03527523040771641
SARS-CoV-2-T3G_T201N,10.348429679870604,train,10.36,1.036,0.01157032012939574
SARS-CoV-2-Y119S_T201V,10.296780586242676,train,10.34,1.034,0.04321941375732408
SARS-CoV-2-G9S_Y123F,10.303686141967772,train,10.33,1.0330000000000001,0.02631385803222841
SARS-CoV-2-K48N_L122H_G166A,10.622203826904297,train,10.62,1.062,0.0022038269042976566
SARS-CoV-2-D59G_Q84A_Y119S,10.292585372924805,train,10.33,1.0330000000000001,0.037414627075195384
SARS-CoV-2-L5T_H189Q,10.363669395446776,train,10.37,1.037,0.006330604553223651
SARS-CoV-2-I2T_Y35F_A81E,10.642702102661133,train,10.67,1.067,0.027297897338867116
SARS-CoV-2-V37S_T55F,10.559785842895508,train,10.58,1.058,0.02021415710449226
SARS-CoV-2-K87L_E154D,10.558680534362791,train,10.55,1.0550000000000002,0.008680534362790482
SARS-CoV-2-V37M_F156L,10.62159252166748,train,10.62,1.062,0.0015925216674812503
SARS-CoV-2-R16I_Y39Q,10.42353057861328,train,10.46,1.046,0.03646942138672138
SARS-CoV-2-R16I_Y175C,10.475363731384276,train,10.5,1.05,0.024636268615724433
SARS-CoV-2-D59H,10.360886573791504,train,10.38,1.038,0.019113426208496875
SARS-CoV-2-S129N_G155S,10.493311882019045,train,10.56,1.056,0.06668811798095575
SARS-CoV-2-P54L,10.355679512023926,train,10.36111111111111,1.0361111111111112,0.005431599087184935
SARS-CoV-2-F62S_P149D,10.306591987609863,train,10.31,1.0310000000000001,0.003408012390137216
SARS-CoV-2-S36N_P54I_V173F_T201Y,10.546895027160645,train,10.54,1.054,0.006895027160645384
SARS-CoV-2-R16E_N40R_K56A_P149H,10.330801010131836,train,10.36,1.036,0.029198989868163494
SARS-CoV-2-V37F_N110P_Y175V,10.4519681930542,train,10.45,1.045,0.0019681930541999293
SARS-CoV-2-I2T,10.40466022491455,train,10.40857142857143,1.040857142857143,0.00391120365687847
SARS-CoV-2-A145I_L187S,10.523727416992188,train,10.56,1.056,0.036272583007813
SARS-CoV-2-S36H_Y91F,10.318575859069824,train,10.33,1.0330000000000001,0.011424140930175852
SARS-CoV-2-V32S_Y119K,10.424378395080566,train,10.43,1.043,0.0056216049194333095
SARS-CoV-2-I2N_V37D_T140R_G174P,10.432661056518556,train,10.43,1.043,0.002661056518556748
SARS-CoV-2-V11L_T46H_C61K_T85S,10.322280883789062,train,10.34,1.034,0.017719116210937358
SARS-CoV-2-L5V_P149N,10.306323051452637,train,10.35,1.035,0.043676948547362926
SARS-CoV-2-Y119D_P197L,10.42819118499756,train,10.49,1.0490000000000002,0.06180881500243984
SARS-CoV-2-S41W_F160A,10.364325523376465,train,10.41,1.0410000000000001,0.0456744766235353
SARS-CoV-2-V37N_C61S,10.437529563903809,train,10.48,1.048,0.04247043609619183
SARS-CoV-2-V37Y_G174L,10.387743949890137,train,10.36,1.036,0.027743949890137287
SARS-CoV-2-N64F_N130R_T201M,10.315786361694336,train,10.34,1.034,0.02421363830566392
SARS-CoV-2-S53V_N110L_S147Q,10.307251930236816,train,10.33,1.0330000000000001,0.022748069763183665
SARS-CoV-2-G9W_V173I,10.591241836547852,train,10.59,1.059,0.0012418365478517046
SARS-CoV-2-L5Y_T63R_S129K,10.512555122375488,train,10.56,1.056,0.047444877624512216
SARS-CoV-2-Y35V_C61A_V65I_K87S,10.42965602874756,train,10.45,1.045,0.02034397125243892
SARS-CoV-2-V37R,10.295660018920898,train,10.297368421052632,1.0297368421052633,0.0017084021317330667
SARS-CoV-2-K87T_Y119N,10.439178466796877,train,10.45,1.045,0.010821533203122513
SARS-CoV-2-A18S_L60Y_K198Y,10.293988227844238,train,10.37,1.037,0.07601177215576094
SARS-CoV-2-F47V_L60R_S129K_G155S_P197L,10.559226036071776,train,10.59,1.059,0.03077396392822429
SARS-CoV-2-T55L_F156Q,10.592182159423828,train,10.59,1.059,0.002182159423828267
SARS-CoV-2-I2M_V173I_T201F,10.455199241638184,train,10.48,1.048,0.024800758361816833
SARS-CoV-2-L5I_N40D,10.42023754119873,train,10.47,1.0470000000000002,0.04976245880127017
SARS-CoV-2-F12L_Y119T_P197T,10.333462715148926,train,10.34,1.034,0.006537284851074077
SARS-CoV-2-D97I_T201G,10.419920921325684,train,10.46,1.046,0.04007907867431726
SARS-CoV-2-N40H_S45E,10.684597969055176,train,10.71,1.0710000000000002,0.02540203094482507
SARS-CoV-2-S43M,10.311227798461914,train,10.35,1.035,0.03877220153808558
SARS-CoV-2-I2T_A42E_G174K,10.379847526550291,train,10.39,1.0390000000000001,0.010152473449709376
SARS-CoV-2-I104L,10.345105171203612,train,10.304,1.0304,0.041105171203611235
SARS-CoV-2-Y119S_L125R_K128S_K132F,10.393312454223633,train,10.41,1.0410000000000001,0.01668754577636733
SARS-CoV-2-P7E_N120D,10.320679664611816,train,10.32,1.032,0.000679664611816122
SARS-CoV-2-S36R_T201N,10.546908378601074,train,10.55,1.0550000000000002,0.003091621398926492
SARS-CoV-2-L122S_V153I,10.519761085510254,train,10.57,1.0570000000000002,0.05023891448974638
SARS-CoV-2-S43A_K87Q_G166L,10.433552742004396,train,10.48,1.048,0.04644725799560412
SARS-CoV-2-Y159I_T170K,10.422099113464355,train,10.46,1.046,0.037900886535645384
SARS-CoV-2-S53N_H189S,10.323850631713867,train,10.3,1.03,0.023850631713866477
SARS-CoV-2-Y35L_F47W,10.332314491271973,train,10.37,1.037,0.03768550872802656
SARS-CoV-2-L5A_A42G,10.536118507385254,train,10.52,1.052,0.016118507385254333
SARS-CoV-2-N110P_Y119E,10.54877758026123,train,10.56,1.056,0.011222419738770029
SARS-CoV-2-G9Y_G166K,10.436566352844238,train,10.47,1.0470000000000002,0.03343364715576236
SARS-CoV-2-I72L_F156I,10.401845932006836,train,10.4,1.04,0.0018459320068355822
SARS-CoV-2-G117L_K199S,10.33926486968994,train,10.37,1.037,0.03073513031005959
SARS-CoV-2-Y35L_F62V,10.598877906799316,train,10.63,1.0630000000000002,0.031122093200684375
SARS-CoV-2-A192V_K199L,10.537430763244627,train,10.53,1.053,0.007430763244627769
SARS-CoV-2-T63R_G196V,10.324423789978027,train,10.33,1.0330000000000001,0.005576210021972727
SARS-CoV-2-T170M,10.348410606384276,train,10.36909090909091,1.036909090909091,0.02068030270663357
SARS-CoV-2-Y119C_P149E,10.513011932373049,train,10.54,1.054,0.026988067626950496
SARS-CoV-2-S41T_K128D_Q168N,10.45619773864746,train,10.46,1.046,0.0038022613525416915
SARS-CoV-2-L5A_N157H,10.40195369720459,train,10.47,1.0470000000000002,0.0680463027954108
SARS-CoV-2-P54T,10.324591636657717,train,10.338888888888889,1.0338888888888889,0.014297252231171953
SARS-CoV-2-L5M_K87L,10.667157173156738,train,10.66,1.066,0.007157173156738139
SARS-CoV-2-L95I_K199Y,10.430150032043455,train,10.46,1.046,0.029849967956545598
SARS-CoV-2-K128H_S200Q,10.308731079101562,train,10.295,1.0295,0.013731079101562571
SARS-CoV-2-L125P_P169Q,10.29350471496582,train,10.31,1.0310000000000001,0.016495285034180185
SARS-CoV-2-D98E_L122M_P169E,10.359502792358398,train,10.36,1.036,0.0004972076416009941
SARS-CoV-2-A42K_T85K,10.496418952941896,train,10.53,1.053,0.03358104705810305
SARS-CoV-2-N24K_N130Y,10.333373069763184,train,10.37,1.037,0.036626930236815625
SARS-CoV-2-L125V_S164M,10.416460990905762,train,10.44,1.044,0.023539009094237784
SARS-CoV-2-L5R_V173M,10.295495986938477,train,10.32,1.032,0.02450401306152372
SARS-CoV-2-I2N_N110S_T201V,10.351067543029783,train,10.37,1.037,0.01893245697021584
SARS-CoV-2-A145S_E154Q_G166V,10.294194221496582,train,10.31,1.0310000000000001,0.015805778503418466
SARS-CoV-2-T100F_A190G_T201V,10.522470474243164,train,10.555,1.0555,0.03252952575683565
SARS-CoV-2-K87Y_K198L,10.548768997192385,train,10.54,1.054,0.008768997192385442
SARS-CoV-2-G172R,10.429605484008787,train,10.428181818181818,1.0428181818181819,0.0014236658269695113
SARS-CoV-2-T55L,10.413080215454102,train,10.379473684210527,1.0379473684210527,0.03360653124357427
SARS-CoV-2-C61N_K114L,10.51470947265625,train,10.54,1.054,0.025290527343749147
SARS-CoV-2-F62V_N109K_F156T,10.408035278320312,train,10.44,1.044,0.031964721679687
SARS-CoV-2-A42E_D98K_Y119D,10.568659782409668,train,10.61,1.061,0.04134021759033146
SARS-CoV-2-S129N_G172H,10.34628677368164,train,10.37,1.037,0.023713226318358593
SARS-CoV-2-T100F_E154F,10.400141716003418,train,10.4,1.04,0.00014171600341761348
SARS-CoV-2-I2Q_N64F_A145G_S200A,10.34398078918457,train,10.4,1.04,0.05601921081543004
SARS-CoV-2-L5W_Q168F,10.378548622131348,train,10.35,1.035,0.02854862213134801
SARS-CoV-2-L187I,10.38054656982422,train,10.39,1.0390000000000001,0.009453430175780042
SARS-CoV-2-F156M_G196P,10.466692924499512,train,10.49,1.0490000000000002,0.023307075500488494
SARS-CoV-2-N130A_K199M,10.43676471710205,train,10.47,1.0470000000000002,0.03323528289794986
SARS-CoV-2-S36R_G174K,10.505294799804688,train,10.54,1.054,0.03470520019531165
SARS-CoV-2-K56G,10.391803741455078,train,10.448571428571428,1.044857142857143,0.056767687116350274
SARS-CoV-2-T100I_Y119L_G174R,10.294512748718262,train,10.34,1.034,0.04548725128173814
SARS-CoV-2-Y66T,10.315489768981934,train,10.34,1.034,0.024510231018066264
SARS-CoV-2-P169A,10.364409446716309,train,10.4,1.04,0.03559055328369176
SARS-CoV-2-K48N_N171M,10.362854957580566,train,10.39,1.0390000000000001,0.027145042419434162
SARS-CoV-2-N4D_V37S_F62A_K114H,10.574759483337402,train,10.59,1.059,0.015240516662597514
SARS-CoV-2-G196N,10.356963157653809,train,10.348,1.0348000000000002,0.00896315765380784
SARS-CoV-2-C61R_F160L,10.455520629882812,train,10.48,1.048,0.024479370117187926
SARS-CoV-2-T170S_T201R,10.351232528686523,train,10.4,1.04,0.04876747131347692
SARS-CoV-2-I104F_S164V,10.465267181396484,train,10.46,1.046,0.005267181396483522
SARS-CoV-2-F126W_P149K,10.361239433288574,train,10.37,1.037,0.008760566711425
SARS-CoV-2-D90E_L125A_A145T,10.359283447265623,train,10.36,1.036,0.0007165527343762079
SARS-CoV-2-F8I_F126I_F156Y,10.40042781829834,train,10.39,1.0390000000000001,0.010427818298339275
SARS-CoV-2-Y35F_K87H_S113M,10.315237998962402,train,10.34,1.034,0.024762001037597514
SARS-CoV-2-V37A_S139K,10.564809799194336,train,10.55,1.0550000000000002,0.014809799194335227
SARS-CoV-2-Y119I_P197R,10.384045600891112,train,10.4,1.04,0.01595439910888885
SARS-CoV-2-S36R_Y119N,10.44597339630127,train,10.49,1.0490000000000002,0.04402660369873068
SARS-CoV-2-T63H_F156L,10.617997169494627,train,10.66,1.066,0.04200283050537301
SARS-CoV-2-Y50F_N171L,10.377166748046877,train,10.41,1.0410000000000001,0.032833251953123366
SARS-CoV-2-N120P_G174L,10.383082389831545,train,10.38,1.038,0.0030823898315439635
SARS-CoV-2-I138L,10.313096046447754,train,10.376363636363635,1.0376363636363635,0.06326758991588122
SARS-CoV-2-L125K_T148L_A192V,10.439372062683104,train,10.48,1.048,0.040627937316896734
SARS-CoV-2-F8I_K114M_Y175K_K199T,10.505675315856934,train,10.49,1.0490000000000002,0.01567531585693338
SARS-CoV-2-S41A_L125S_G152S,10.34813404083252,train,10.4,1.04,0.051865959167480824
SARS-CoV-2-I2S_R27Q,10.37501049041748,train,10.39,1.0390000000000001,0.0149895095825201
SARS-CoV-2-I2V_E76Q,10.304282188415527,train,10.3,1.03,0.004282188415526633
SARS-CoV-2-K87M_T201R,10.381396293640137,train,10.4,1.04,0.018603706359863637
SARS-CoV-2-S36E_G166D,10.60908031463623,train,10.62,1.062,0.01091968536376875
SARS-CoV-2-N120P_Q168I,10.460854530334473,train,10.47,1.0470000000000002,0.009145469665527983
SARS-CoV-2-S43L_L122E,10.377238273620604,train,10.43,1.043,0.05276172637939602
SARS-CoV-2-I28L_K199T,10.659932136535645,train,10.7,1.07,0.04006786346435476
SARS-CoV-2-T85S_A145R,10.325383186340332,train,10.355,1.0355,0.029616813659668395
SARS-CoV-2-I2V_E141V,10.319990158081056,train,10.35,1.035,0.03000984191894318
SARS-CoV-2-D98E_N130A,10.406170845031738,train,10.48,1.048,0.07382915496826215
SARS-CoV-2-I2T_C61D_K114P,10.367623329162598,train,10.4,1.04,0.0323766708374027
SARS-CoV-2-E141D,10.413838386535645,train,10.442631578947369,1.044263157894737,0.028793192411724178
SARS-CoV-2-G9S_G83Y,10.396806716918944,train,10.45,1.045,0.05319328308105575
SARS-CoV-2-S43T_T201V,10.581674575805664,train,10.61,1.061,0.02832542419433537
SARS-CoV-2-N120M,10.32908535003662,train,10.352941176470589,1.035294117647059,0.02385582643396944
SARS-CoV-2-S41T_P54R_N130A,10.457845687866213,train,10.485,1.0485,0.027154312133786718
SARS-CoV-2-Y35L_N130T_S200C,10.545007705688477,train,10.53,1.053,0.015007705688477202
SARS-CoV-2-S43M_I138M,10.354750633239746,train,10.4,1.04,0.04524936676025426
SARS-CoV-2-G9T_C61K_F156R,10.429852485656738,train,10.44,1.044,0.010147514343261221
SARS-CoV-2-I104V_G172S_A190E,10.415242195129396,train,10.43,1.043,0.014757804870603408
SARS-CoV-2-L122W_I138T,10.48116397857666,train,10.52,1.052,0.03883602142333942
SARS-CoV-2-S41L_G172R,10.305899620056152,train,10.31,1.0310000000000001,0.004100379943848154
SARS-CoV-2-L125T,10.461676597595217,train,10.455,1.0455,0.006676597595216549
SARS-CoV-2-Y119D,10.368979454040527,train,10.425454545454546,1.0425454545454547,0.05647509141401841
SARS-CoV-2-F126Y_T170S,10.40689754486084,train,10.43,1.043,0.023102455139159872
SARS-CoV-2-T55M_T85S_G166N,10.3352689743042,train,10.34,1.034,0.004731025695800639
SARS-CoV-2-I138V_Q163M,10.69249439239502,train,10.75,1.075,0.05750560760498047
SARS-CoV-2-V32T_T170V_A190S,10.539594650268556,train,10.55,1.0550000000000002,0.010405349731444247
SARS-CoV-2-T55G_N64S,10.51972484588623,train,10.535,1.0535,0.015275154113769673
SARS-CoV-2-G9T_T55S,10.298840522766112,train,10.32,1.032,0.02115947723388878
SARS-CoV-2-I138T_G155S,10.4224214553833,train,10.5,1.05,0.07757854461669922
SARS-CoV-2-G9S_V77L,10.468067169189451,train,10.49,1.0490000000000002,0.021932830810548865
SARS-CoV-2-V37S_P191K,10.301963806152344,train,10.32,1.032,0.018036193847656534
SARS-CoV-2-T3R_V37Q,10.477848052978516,train,10.5,1.05,0.022151947021484375
SARS-CoV-2-L5K_Y35V,10.388504981994627,train,10.41,1.0410000000000001,0.021495018005373012
SARS-CoV-2-S36W_Y119Q,10.342394828796388,train,10.4,1.04,0.05760517120361186
SARS-CoV-2-T46H_L122R,10.593740463256836,train,10.63,1.0630000000000002,0.036259536743164844
SARS-CoV-2-K26T_T55Y_L125K_T170E,10.443026542663574,train,10.47,1.0470000000000002,0.02697345733642642
SARS-CoV-2-F160E_G166S,10.32597827911377,train,10.34,1.034,0.014021720886230327
SARS-CoV-2-L60F_G174L,10.572586059570312,train,10.57,1.0570000000000002,0.0025860595703122158
SARS-CoV-2-V37W_L187E,10.423707962036133,train,10.44,1.044,0.01629203796386669
SARS-CoV-2-Y39R,10.444613456726074,train,10.45375,1.045375,0.009136543273925213
SARS-CoV-2-T148S,10.30675983428955,train,10.32888888888889,1.0328888888888892,0.02212905459933978
SARS-CoV-2-G9D_P133S,10.380401611328123,train,10.42,1.042,0.039598388671876705
SARS-CoV-2-Q84M_K199S,10.514004707336426,train,10.56,1.056,0.045995292663574716
SARS-CoV-2-T85S_D97L_L188M,10.446563720703123,train,10.46,1.046,0.013436279296877629
SARS-CoV-2-A33L_I104F_N151T,10.430249214172363,train,10.44,1.044,0.009750785827636221
SARS-CoV-2-K56M_L60R,10.327485084533691,train,10.34,1.034,0.012514915466308452
SARS-CoV-2-V37N_T46L_V173L,10.408239364624023,train,10.45,1.045,0.04176063537597585
SARS-CoV-2-G9Q_N157E_K198R,10.357817649841309,train,10.4,1.04,0.04218235015869176
SARS-CoV-2-N130K_V173N,10.488795280456545,train,10.54,1.054,0.0512047195434544
SARS-CoV-2-P54W,10.346982955932615,train,10.385,1.0385,0.038017044067384376
SARS-CoV-2-Y119V_K198Q,10.429205894470217,train,10.45,1.045,0.02079410552978267
SARS-CoV-2-N120T_G172E,10.317517280578612,train,10.35,1.035,0.03248271942138814
SARS-CoV-2-G152A_P197S,10.432417869567873,train,10.45,1.045,0.01758213043212642
SARS-CoV-2-I28M_S36R,10.589608192443848,train,10.62,1.062,0.030391807556151562
SARS-CoV-2-G9E_V32R,10.40717601776123,train,10.45,1.045,0.04282398223876882
SARS-CoV-2-V194L,10.34681224822998,train,10.37,1.037,0.02318775177001875
SARS-CoV-2-K94R_F156K,10.325160026550291,train,10.35,1.035,0.024839973449708452
SARS-CoV-2-D75S,10.440072059631348,train,10.47,1.0470000000000002,0.029927940368652983
SARS-CoV-2-L5Q_D75N_K87T,10.43284511566162,train,10.46,1.046,0.027154884338381535
SARS-CoV-2-S43G,10.345983505249023,train,10.38,1.038,0.034016494750977344
SARS-CoV-2-N120L_S129Q,10.331265449523926,train,10.35,1.035,0.018734550476073863
SARS-CoV-2-S29P_L60Y,10.46018123626709,train,10.47,1.0470000000000002,0.009818763732910796
SARS-CoV-2-K26T_G83Y_R136K_N151D,10.55492877960205,train,10.58,1.058,0.02507122039794929
SARS-CoV-2-V37Y_V173T,10.42210865020752,train,10.45,1.045,0.027891349792479758
SARS-CoV-2-V37N_N151H,10.42653465270996,train,10.45,1.045,0.02346534729004013
SARS-CoV-2-I2C_N120T_S184T,10.511178016662598,train,10.53,1.053,0.018821983337401704
SARS-CoV-2-T63H_L122Q,10.470568656921388,train,10.5,1.05,0.029431343078611505
SARS-CoV-2-P54V,10.34658145904541,train,10.375555555555556,1.0375555555555556,0.028974096510145486
SARS-CoV-2-N24Q_T201L,10.378745079040527,train,10.4,1.04,0.02125492095947301
SARS-CoV-2-S36D,10.601683616638184,train,10.608333333333333,1.0608333333333333,0.006649716695148911
SARS-CoV-2-N120R,10.302159309387209,train,10.30125,1.030125,0.0009093093872092339
SARS-CoV-2-L122K_E154S_S200P,10.410074234008787,train,10.46,1.046,0.049925765991213567
SARS-CoV-2-K114C_K199F,10.389315605163574,train,10.37,1.037,0.019315605163575
SARS-CoV-2-T3G_T55D_N120T,10.395660400390623,train,10.38,1.038,0.015660400390622442
SARS-CoV-2-N24K_Q84S,10.535721778869627,train,10.55,1.0550000000000002,0.01427822113037358
SARS-CoV-2-K114D,10.340835571289062,train,10.37,1.037,0.02916442871093672
SARS-CoV-2-T170A,10.37271499633789,train,10.442,1.0442,0.06928500366210955
SARS-CoV-2-R73M_H189S,10.394179344177246,train,10.42,1.042,0.025820655822753835
SARS-CoV-2-I138V_F156V,10.3533296585083,train,10.42,1.042,0.06667034149169915
SARS-CoV-2-V173R,10.34965705871582,train,10.376666666666669,1.037666666666667,0.02700960795084839
SARS-CoV-2-N4T_T85R,10.559664726257324,train,10.6,1.06,0.040335273742675426
SARS-CoV-2-S29N_S36L_A42P,10.401490211486816,train,10.43,1.043,0.02850978851318331
SARS-CoV-2-L5Y_S41R_K87Y,10.451719284057615,train,10.48,1.048,0.028280715942385015
SARS-CoV-2-V37W_N64A_G83H_T100S,10.380537986755373,train,10.41,1.0410000000000001,0.029462013244627272
SARS-CoV-2-T55S_Y121L_V153S,10.45058250427246,train,10.49,1.0490000000000002,0.03941749572754105
SARS-CoV-2-S53T_K87M,10.422026634216309,train,10.43,1.043,0.007973365783691122
SARS-CoV-2-I72L,10.36171054840088,train,10.375,1.0375,0.013289451599119317
SARS-CoV-2-S53V_D98S,10.345826148986816,train,10.38,1.038,0.034173851013184375
SARS-CoV-2-G9Q_G166M,10.353482246398926,train,10.38,1.038,0.026517753601075
SARS-CoV-2-V37M_A42T,10.536884307861328,train,10.52,1.052,0.01688430786132855
SARS-CoV-2-L122S_V173G,10.43018913269043,train,10.45,1.045,0.019810867309569602
SARS-CoV-2-K128A_K199L,10.391385078430176,train,10.43,1.043,0.038614921569823935
SARS-CoV-2-I28L_G117C,10.523097038269045,train,10.53,1.053,0.006902961730954615
SARS-CoV-2-K87E,10.33040714263916,train,10.344615384615384,1.0344615384615385,0.014208241976223945
SARS-CoV-2-L122K_K128L_F156K,10.435948371887209,train,10.46,1.046,0.024051628112792045
SARS-CoV-2-N40S_L188Q,10.32106113433838,train,10.36,1.036,0.03893886566161875
SARS-CoV-2-I142T_E154S,10.313000679016112,train,10.34,1.034,0.026999320983888353
SARS-CoV-2-G83N_N151K,10.535578727722168,train,10.56,1.056,0.02442127227783253
SARS-CoV-2-R16V_G174V,10.388588905334473,train,10.39,1.0390000000000001,0.0014110946655279122
SARS-CoV-2-D59A_N120T,10.402697563171388,train,10.41,1.0410000000000001,0.007302436828611647
SARS-CoV-2-N151S_S164Q,10.316523551940918,train,10.32,1.032,0.0034764480590823155
SARS-CoV-2-A42T_Y119M,10.302309036254885,train,10.33,1.0330000000000001,0.027690963745115482
SARS-CoV-2-L125F,10.401286125183104,train,10.39,1.0390000000000001,0.011286125183103124
SARS-CoV-2-L5E_T170K,10.337879180908203,train,10.34,1.034,0.002120819091796733
SARS-CoV-2-D90S_L125A_L188M_K199V,10.417769432067873,train,10.41,1.0410000000000001,0.007769432067872728
SARS-CoV-2-V32K_T148R,10.324090957641602,train,10.31,1.0310000000000001,0.014090957641601065
SARS-CoV-2-V37E_I104V,10.592592239379885,train,10.58,1.058,0.012592239379884518
SARS-CoV-2-K87F_Y123F,10.414250373840332,train,10.41,1.0410000000000001,0.004250373840331889
SARS-CoV-2-R78N_V194I,10.390303611755373,train,10.4,1.04,0.009696388244627485
SARS-CoV-2-I28F,10.655301094055176,train,10.68,1.068,0.024698905944823935
SARS-CoV-2-Y39M_G166N,10.505967140197754,train,10.52,1.052,0.014032859802245667
SARS-CoV-2-F62A,10.345802307128906,train,10.368,1.0368000000000002,0.022197692871094077
SARS-CoV-2-L5G_N120P,10.37913417816162,train,10.39,1.0390000000000001,0.010865821838381251
SARS-CoV-2-F44I_N64T_F134Y,10.30107307434082,train,10.36,1.036,0.05892692565917912
SARS-CoV-2-L188F,10.348691940307615,train,10.35,1.035,0.0013080596923842336
SARS-CoV-2-T55Q_N64E_G146S,10.521411895751951,train,10.54,1.054,0.0185881042480478
SARS-CoV-2-T55E_N120R_I138L,10.313868522644045,train,10.36,1.036,0.046131477355954686
SARS-CoV-2-A67L_K132L,10.303011894226074,train,10.35,1.035,0.046988105773925426
SARS-CoV-2-N118A_P149Q,10.293221473693848,train,10.27,1.027,0.023221473693848083
SARS-CoV-2-Y119F_T201M,10.459105491638184,train,10.49,1.0490000000000002,0.03089450836181662
SARS-CoV-2-F126S_G172R,10.766502380371094,train,10.76,1.076,0.006502380371093963
SARS-CoV-2-L122G_G152S_T201E,10.381176948547363,train,10.34,1.034,0.04117694854736342
SARS-CoV-2-N4R_V37D_N151K,10.38512897491455,train,10.39,1.0390000000000001,0.004871025085449787
SARS-CoV-2-G172S,10.413504600524902,train,10.44,1.044,0.02649539947509716
SARS-CoV-2-Y159S_Y175M,10.544243812561035,train,10.56,1.056,0.01575618743896534
SARS-CoV-2-V32K_N110T,10.5787935256958,train,10.6,1.06,0.021206474304198863
SARS-CoV-2-N64Y_S147R_F156H,10.348198890686035,train,10.36,1.036,0.011801109313964275
SARS-CoV-2-C61A_D97T_T201S,10.404142379760742,train,10.42,1.042,0.01585762023925774
SARS-CoV-2-Y119R_K132R,10.325048446655272,train,10.34,1.034,0.014951553344728197
SARS-CoV-2-S41T_L122S,10.385215759277344,train,10.43,1.043,0.044784240722655966
SARS-CoV-2-T55L_V115Q_T201E,10.452808380126951,train,10.45,1.045,0.002808380126952059
SARS-CoV-2-K114A,10.350748062133787,train,10.352,1.0352000000000001,0.0012519378662130265
SARS-CoV-2-I142Y_Y175E,10.431416511535645,train,10.465,1.0465,0.03358348846435533
SARS-CoV-2-Y39N_K56D,10.703335762023926,train,10.71,1.0710000000000002,0.006664237976075071
SARS-CoV-2-T63N_T201M,10.293255805969238,train,10.32,1.032,0.026744194030762003
SARS-CoV-2-V32R_N64F,10.308160781860352,train,10.34,1.034,0.031839218139648295
SARS-CoV-2-V37R_N157S_T201R,10.362862586975098,train,10.36,1.036,0.0028625869750982247
SARS-CoV-2-T100H_K114E,10.38413429260254,train,10.41,1.0410000000000001,0.025865707397459303
SARS-CoV-2-Y119F_L188P,10.417984008789062,train,10.41,1.0410000000000001,0.007984008789062358
SARS-CoV-2-C61R_N109S_Q176D,10.544047355651855,train,10.535,1.0535,0.009047355651855327
SARS-CoV-2-S129Q_T148F,10.316206932067873,train,10.34,1.034,0.023793067932126988
SARS-CoV-2-R73M,10.340721130371094,train,10.373333333333331,1.0373333333333332,0.032612202962237546
SARS-CoV-2-N24D,10.48029327392578,train,10.52,1.052,0.0397067260742201
SARS-CoV-2-T55A_G174S,10.49429416656494,train,10.5,1.05,0.00570583343506037
SARS-CoV-2-L5T_L60M,10.441558837890623,train,10.46,1.046,0.01844116210937763
SARS-CoV-2-T140Q_Q168A,10.426810264587402,train,10.46,1.046,0.03318973541259851
SARS-CoV-2-L95I_Y119K,10.388344764709473,train,10.37,1.037,0.018344764709473438
SARS-CoV-2-F134Y_G152S,10.389406204223633,train,10.43,1.043,0.0405937957763669
SARS-CoV-2-Y159I,10.435219764709473,train,10.48,1.048,0.04478023529052777
SARS-CoV-2-V37K_T63N,10.494994163513184,train,10.52,1.052,0.02500583648681598
SARS-CoV-2-K56Q_N110S,10.36379337310791,train,10.4,1.04,0.0362066268920902
SARS-CoV-2-K114Y_T148L_P197Q,10.520745277404783,train,10.52,1.052,0.0007452774047838062
SARS-CoV-2-F8L_Y91F,10.305188179016112,train,10.33,1.0330000000000001,0.024811820983888566
SARS-CoV-2-F44L_K87T_L122R_T148S_Y159I,10.64979076385498,train,10.67,1.067,0.02020923614501946
SARS-CoV-2-N130F_Y175Q,10.308135032653809,train,10.32,1.032,0.01186496734619169
SARS-CoV-2-G9V_R27K,10.328486442565918,train,10.345,1.0345000000000002,0.01651355743408267
SARS-CoV-2-F8I_K87T_N120P,10.333500862121582,train,10.31,1.0310000000000001,0.023500862121581534
SARS-CoV-2-P54I_N120F,10.298174858093262,train,10.3,1.03,0.0018251419067389918
SARS-CoV-2-I2V,10.32468032836914,train,10.359285714285717,1.0359285714285718,0.034605385916576026
SARS-CoV-2-K48R_S129V_P149I_S200M,10.38756275177002,train,10.41,1.0410000000000001,0.02243724822998061
SARS-CoV-2-C61A_P149A,10.354047775268556,train,10.38,1.038,0.025952224731444318
SARS-CoV-2-K56A_Y119L_N157D,10.595398902893066,train,10.61,1.061,0.014601097106933025
SARS-CoV-2-K87T_E141S_G152N_V173F,10.438570976257324,train,10.4,1.04,0.038570976257323863
SARS-CoV-2-P149C_G174M,10.380648612976074,train,10.38,1.038,0.0006486129760734372
SARS-CoV-2-D98R_P197S,10.438538551330566,train,10.45,1.045,0.011461448669432883
SARS-CoV-2-Y39L_G146S_N157R,10.579927444458008,train,10.63,1.0630000000000002,0.05007255554199297
SARS-CoV-2-K48M,10.298316955566406,train,10.326666666666666,1.0326666666666666,0.028349711100259967
SARS-CoV-2-L5R_N157H_T170H,10.381131172180176,train,10.44,1.044,0.05886882781982372
SARS-CoV-2-G174L_T201Q,10.31548023223877,train,10.33,1.0330000000000001,0.01451976776123054
SARS-CoV-2-C61A_L122M,10.493382453918455,train,10.55,1.0550000000000002,0.056617546081545456
SARS-CoV-2-F62Y_D98S_H189E,10.328869819641112,train,10.355,1.0355,0.02613018035888892
SARS-CoV-2-Y119G_S200P,10.429253578186035,train,10.44,1.044,0.010746421813964346
SARS-CoV-2-Y119S_S200M,10.4827299118042,train,10.54,1.054,0.05727008819579993
SARS-CoV-2-N120E_G172L_P197Y,10.493552207946776,train,10.5,1.05,0.006447792053224433
SARS-CoV-2-L125W_A145G,10.3517484664917,train,10.36,1.036,0.008251533508300213
SARS-CoV-2-L122Y,10.416548728942873,train,10.446666666666667,1.0446666666666669,0.03011793772379434
SARS-CoV-2-V37L_Y66T,10.3429594039917,train,10.36,1.036,0.017040596008300213
SARS-CoV-2-K26Q_G172I,10.324429512023926,train,10.33,1.0330000000000001,0.00557048797607429
SARS-CoV-2-T148E,10.340045928955078,train,10.358,1.0358,0.017954071044922415
SARS-CoV-2-I2F_L60C,10.31572151184082,train,10.33,1.0330000000000001,0.014278488159179759
SARS-CoV-2-V77L_L122R_S129V,10.552358627319336,train,10.55,1.0550000000000002,0.002358627319335227
SARS-CoV-2-V37T_F156C_E186D,10.516575813293455,train,10.54,1.054,0.023424186706543892
SARS-CoV-2-Y39L_F62L_L125A,10.319889068603516,train,10.35,1.035,0.03011093139648402
SARS-CoV-2-Q84M_Y119S_E141T,10.488306999206545,train,10.49,1.0490000000000002,0.001693000793455468
SARS-CoV-2-T100V_P149T,10.556038856506348,train,10.55,1.0550000000000002,0.006038856506346946
SARS-CoV-2-L5M_S36M,10.40841579437256,train,10.42,1.042,0.011584205627439559
SARS-CoV-2-K87P_Y143F_V173G,10.292644500732422,train,10.28,1.028,0.012644500732422514
SARS-CoV-2-F62A_Q168V,10.372387886047363,train,10.39,1.0390000000000001,0.017612113952637287
SARS-CoV-2-N58Q_T85K,10.49238109588623,train,10.5,1.05,0.007618904113769531
SARS-CoV-2-K56S_N120E,10.481474876403809,train,10.52,1.052,0.03852512359619098
SARS-CoV-2-I2S_K87G,10.367119789123535,train,10.39,1.0390000000000001,0.022880210876465412
SARS-CoV-2-L60M_K132L,10.390671730041504,train,10.41,1.0410000000000001,0.019328269958496236
SARS-CoV-2-Y159W,10.315081596374512,train,10.3,1.03,0.015081596374511008
SARS-CoV-2-Y159F_K199I,10.37629222869873,train,10.42,1.042,0.04370777130126946
SARS-CoV-2-R27K_P149L,10.443906784057615,train,10.48,1.048,0.036093215942385015
SARS-CoV-2-R27Q,10.384845733642578,train,10.412,1.0412000000000001,0.027154266357422685
SARS-CoV-2-T55Y_L122E,10.366314888000488,train,10.41,1.0410000000000001,0.04368511199951186
SARS-CoV-2-F62A_G83Y_K114A,10.315890312194824,train,10.32,1.032,0.0041096878051760655
SARS-CoV-2-G116V_K199T,10.402637481689451,train,10.42,1.042,0.01736251831054858
SARS-CoV-2-I2L_I142L,10.390612602233888,train,10.43,1.043,0.03938739776611122
SARS-CoV-2-R16M_T63D,10.383038520812988,train,10.4,1.04,0.016961479187012074
SARS-CoV-2-I28L_P54K_C61P_N120S,10.33297061920166,train,10.36,1.036,0.027029380798339275
SARS-CoV-2-L5P_V37L_Y175M,10.51071071624756,train,10.51,1.051,0.0007107162475605833
SARS-CoV-2-G152D,10.38147258758545,train,10.424,1.0424,0.04252741241455027
SARS-CoV-2-P54A_T201L,10.406010627746582,train,10.44,1.044,0.03398937225341747
SARS-CoV-2-Y39F_D97E_L125R_F160V,10.567891120910645,train,10.6,1.06,0.032108879089355113
SARS-CoV-2-G83Y_K199S,10.45520305633545,train,10.47,1.0470000000000002,0.01479694366455142
SARS-CoV-2-G9V_S43F_L125N,10.476630210876465,train,10.51,1.051,0.03336978912353494
SARS-CoV-2-R16T_K87M_G155T_T201G,10.45177173614502,train,10.5,1.05,0.04822826385498047
SARS-CoV-2-E10D_S29Q,10.325173377990724,train,10.31,1.0310000000000001,0.015173377990723935
SARS-CoV-2-S43N_G174N,10.494217872619627,train,10.52,1.052,0.025782127380372444
SARS-CoV-2-A22E,10.379734992980955,train,10.391666666666666,1.0391666666666666,0.011931673685710464
SARS-CoV-2-L60N_Y119P_N171L,10.460853576660156,train,10.48,1.048,0.019146423339844176
SARS-CoV-2-F62A_T85N,10.370457649230955,train,10.38,1.038,0.009542350769045527
SARS-CoV-2-T100I_A145Y,10.400848388671877,train,10.41,1.0410000000000001,0.009151611328123366
SARS-CoV-2-N1L_Y35W_I138T,10.405071258544922,train,10.44,1.044,0.03492874145507763
SARS-CoV-2-N58D,10.320196151733398,train,10.354,1.0353999999999999,0.03380384826660077
SARS-CoV-2-D97H_L122R,10.37367343902588,train,10.39,1.0390000000000001,0.016326560974119886
SARS-CoV-2-A22Q_T201E,10.355366706848145,train,10.36,1.036,0.0046332931518549
SARS-CoV-2-Y119S_S129T,10.34352970123291,train,10.39,1.0390000000000001,0.04647029876709041
SARS-CoV-2-K199T,10.501412391662598,train,10.54,1.054,0.03858760833740149
SARS-CoV-2-T55D_D97G_P197K,10.554482460021973,train,10.58,1.058,0.025517539978027415
SARS-CoV-2-R27N_T55N_F62T_P149R,10.387730598449709,train,10.42,1.042,0.03226940155029112
SARS-CoV-2-N110A_T140R_S200I,10.55455207824707,train,10.57,1.0570000000000002,0.015447921752929972
SARS-CoV-2-R27T_T170H,10.516632080078123,train,10.54,1.054,0.023367919921875924
SARS-CoV-2-L5P_C61Y_T100I,10.328633308410645,train,10.34,1.034,0.011366691589355327
SARS-CoV-2-V37L_T46S,10.445731163024902,train,10.44,1.044,0.005731163024902841
SARS-CoV-2-L5T_K87N,10.336545944213867,train,10.37,1.037,0.03345405578613203
SARS-CoV-2-G51N_T85R_S184T,10.37536907196045,train,10.42,1.042,0.04463092803955071
SARS-CoV-2-Y119C,10.360995292663574,train,10.36111111111111,1.0361111111111112,0.00011581844753649762
SARS-CoV-2-T55M_S200M,10.440926551818848,train,10.49,1.0490000000000002,0.04907344818115256
SARS-CoV-2-A22H,10.443679809570312,train,10.465,1.0465,0.021320190429687358
SARS-CoV-2-P7R_R27K_T148S,10.342192649841309,train,10.34,1.034,0.002192649841308736
SARS-CoV-2-T55A_T100V_F156T,10.609675407409668,train,10.67,1.067,0.06032459259033196
SARS-CoV-2-E141I_N171D,10.388043403625488,train,10.37,1.037,0.018043403625489063
SARS-CoV-2-K114L,10.364362716674805,train,10.380454545454546,1.0380454545454547,0.016091828779741135
SARS-CoV-2-A33W_Y91F_N120P,10.401286125183104,train,10.39,1.0390000000000001,0.011286125183103124
SARS-CoV-2-S43H_S147L,10.324387550354004,train,10.31,1.0310000000000001,0.014387550354003409
SARS-CoV-2-K56E_K114S_K198D,10.45930004119873,train,10.48,1.048,0.020699958801269958
SARS-CoV-2-Y159T_G166I,10.522336959838867,train,10.57,1.0570000000000002,0.0476630401611331
SARS-CoV-2-N4E_G9A_V32K_T63S_G172V,10.671038627624512,train,10.64,1.064,0.03103862762451115
SARS-CoV-2-L5N_N157E,10.544896125793455,train,10.54,1.054,0.0048961257934561075
SARS-CoV-2-P54L_K114H_T201W,10.345864295959473,train,10.39,1.0390000000000001,0.04413570404052791
SARS-CoV-2-V32K_Q168E,10.45424461364746,train,10.46,1.046,0.0057553863525416915
SARS-CoV-2-R27K_Y39W,10.478655815124512,train,10.49,1.0490000000000002,0.011344184875488494
SARS-CoV-2-K56S_T85R,10.42135524749756,train,10.44,1.044,0.018644752502439133
SARS-CoV-2-I104V_Y119K_N130Q,10.304171562194824,train,10.31,1.0310000000000001,0.005828437805176279
SARS-CoV-2-N1Y_A18P,10.370931625366213,train,10.42,1.042,0.049068374633787215
SARS-CoV-2-K114F_T170R,10.298785209655762,train,10.32,1.032,0.021214790344238565
SARS-CoV-2-K48E_F156H,10.363789558410645,train,10.42,1.042,0.0562104415893554
SARS-CoV-2-Y39K,10.40480136871338,train,10.3925,1.03925,0.012301368713380612
SARS-CoV-2-S53A,10.5743989944458,train,10.57,1.0570000000000002,0.004398994445800497
SARS-CoV-2-F44Y_C61T_K128S,10.39559268951416,train,10.41,1.0410000000000001,0.014407310485839986
SARS-CoV-2-S43H_T100N,10.452728271484377,train,10.45,1.045,0.002728271484377487
SARS-CoV-2-G9S_Y175T,10.497099876403809,train,10.56,1.056,0.0629001235961919
SARS-CoV-2-Y119R_F134G,10.459781646728516,train,10.49,1.0490000000000002,0.030218353271484588
SARS-CoV-2-V37A_T201N,10.555363655090332,train,10.58,1.058,0.02463634490966804
SARS-CoV-2-V37T_Q163V,10.414376258850098,train,10.42,1.042,0.005623741149902273
SARS-CoV-2-T148L_F160N,10.338274955749512,train,10.36,1.036,0.021725044250487713
SARS-CoV-2-F62W_Y175M,10.347753524780272,train,10.35,1.035,0.0022464752197279836
SARS-CoV-2-C61L_Y119T,10.452678680419922,train,10.49,1.0490000000000002,0.03732131958007834
SARS-CoV-2-N64A_S129E_G166E,10.428696632385254,train,10.44,1.044,0.011303367614745596
SARS-CoV-2-T140L_P197M,10.499978065490724,train,10.52,1.052,0.02002193450927514
SARS-CoV-2-G9N_G174E,10.30207061767578,train,10.33,1.0330000000000001,0.027929382324220597
SARS-CoV-2-K26T_S43N_G172S,10.319514274597168,train,10.36,1.036,0.04048572540283146
SARS-CoV-2-T55E,10.421534538269045,train,10.447142857142856,1.0447142857142857,0.025608318873810987
SARS-CoV-2-D98R_L125E_G174I,10.389838218688965,train,10.42,1.042,0.030161781311035085
SARS-CoV-2-Q84G,10.462735176086426,train,10.435714285714283,1.0435714285714284,0.027020890372142503
SARS-CoV-2-F62C_G155S_L188A,10.402188301086426,train,10.39,1.0390000000000001,0.012188301086425213
SARS-CoV-2-G9S_Y91F_T170R,10.59990406036377,train,10.61,1.061,0.0100959396362299
SARS-CoV-2-C61T_V65I_T201P,10.503466606140137,train,10.54,1.054,0.03653339385986243
SARS-CoV-2-T46Q_N151T_Y175A,10.394986152648926,train,10.4,1.04,0.005013847351074574
SARS-CoV-2-V65I,10.375357627868652,train,10.4,1.04,0.02464237213134801
SARS-CoV-2-Y39K_T148E,10.678420066833496,train,10.69,1.069,0.011579933166503409
SARS-CoV-2-D90E_G172R,10.323216438293455,train,10.32,1.032,0.0032164382934549707
SARS-CoV-2-G172R_T201S,10.612385749816896,train,10.64,1.064,0.02761425018310426
SARS-CoV-2-V71I_Y175L,10.33556079864502,train,10.35,1.035,0.014439201354980113
SARS-CoV-2-I2T_E186H,10.297789573669434,train,10.31,1.0310000000000001,0.012210426330566904
SARS-CoV-2-P96G_Y175S,10.451092720031738,train,10.49,1.0490000000000002,0.03890727996826193
SARS-CoV-2-C61S_G117T,10.538751602172852,train,10.58,1.058,0.04124839782714851
SARS-CoV-2-C61K_T85V_Y175H,10.344518661499023,train,10.36,1.036,0.015481338500975994
SARS-CoV-2-L122K_Y175L,10.372347831726074,train,10.41,1.0410000000000001,0.03765216827392592
SARS-CoV-2-L5I_T201N,10.6069917678833,train,10.63,1.0630000000000002,0.0230082321167
SARS-CoV-2-S36D_D98S_G116K,10.293132781982422,train,10.31,1.0310000000000001,0.016867218017578622
SARS-CoV-2-L5W_A18S_R78D_T201S,10.476021766662598,train,10.5,1.05,0.023978233337402344
SARS-CoV-2-L5Q_S43Y_L60M_I138N,10.459362030029297,train,10.48,1.048,0.02063796997070355
SARS-CoV-2-Q168V,10.34635066986084,train,10.33,1.0330000000000001,0.016350669860839773
SARS-CoV-2-T63N,10.402573585510254,train,10.386363636363637,1.0386363636363638,0.01620994914661722
SARS-CoV-2-V37S,10.45310401916504,train,10.457777777777778,1.045777777777778,0.004673758612737444
SARS-CoV-2-G9E_T201A,10.463980674743652,train,10.49,1.0490000000000002,0.02601932525634787
SARS-CoV-2-G83Y_S129D,10.384150505065918,train,10.39,1.0390000000000001,0.0058494949340826
SARS-CoV-2-E10D_F62A,10.37982940673828,train,10.39,1.0390000000000001,0.010170593261721095
SARS-CoV-2-G174A,10.401342391967772,train,10.423333333333334,1.0423333333333333,0.021990941365562122
SARS-CoV-2-K26S_V37L_F156R,10.441302299499512,train,10.45,1.045,0.00869770050048757
SARS-CoV-2-N1K_N107S_L125R,10.313051223754885,train,10.34,1.034,0.02694877624511527
SARS-CoV-2-Y119G_T201R,10.392860412597656,train,10.44,1.044,0.04713958740234325
SARS-CoV-2-T15A_L122S_G166A,10.316658973693848,train,10.34,1.034,0.0233410263061522
SARS-CoV-2-T46Y,10.416687965393066,train,10.42,1.042,0.0033120346069335227
SARS-CoV-2-V37E_T46M,10.414775848388672,train,10.4,1.04,0.01477584838867152
SARS-CoV-2-Y119S_S200G,10.447687149047852,train,10.49,1.0490000000000002,0.04231285095214865
SARS-CoV-2-V37R_L125T_E141K_P169D_L187T,10.507852554321287,train,10.55,1.0550000000000002,0.042147445678713424
SARS-CoV-2-V37G_P197M,10.36598300933838,train,10.4,1.04,0.03401699066161967
SARS-CoV-2-K114H_N130S,10.373638153076172,train,10.39,1.0390000000000001,0.016361846923828693
SARS-CoV-2-Y35F_F62I,10.294099807739258,train,10.32,1.032,0.02590019226074247
SARS-CoV-2-L5T_N110G_Y119H_T170L,10.350003242492676,train,10.38,1.038,0.029996757507325
SARS-CoV-2-C61H_D97N,10.301675796508787,train,10.31,1.0310000000000001,0.008324203491213211
SARS-CoV-2-N120Q_T201N,10.48867893218994,train,10.51,1.051,0.021321067810060157
SARS-CoV-2-N64S_N118S,10.335065841674805,train,10.37,1.037,0.03493415832519453
SARS-CoV-2-Y91W_T100L_L125A,10.518213272094728,train,10.52,1.052,0.0017867279052712348
SARS-CoV-2-T85K_T148Q,10.335402488708496,train,10.32,1.032,0.01540248870849581
SARS-CoV-2-V115L,10.297049522399902,train,10.337142857142856,1.0337142857142856,0.04009333474295396
SARS-CoV-2-K87Y_F156A,10.539116859436035,train,10.58,1.058,0.040883140563964915
SARS-CoV-2-R73T_P197V,10.36584186553955,train,10.41,1.0410000000000001,0.04415813446044936
SARS-CoV-2-Y66F,10.427891731262209,train,10.465,1.0465,0.03710826873779105
SARS-CoV-2-S164K,10.49553394317627,train,10.52,1.052,0.024466056823730042
SARS-CoV-2-Y175L_S184T,10.55052089691162,train,10.59,1.059,0.03947910308838054
SARS-CoV-2-K56Q_T201H,10.370172500610352,train,10.4,1.04,0.029827499389648793
SARS-CoV-2-N130V_N151L,10.406460762023926,train,10.42,1.042,0.013539237976074148
SARS-CoV-2-V37S_V153R,10.608722686767578,train,10.64,1.064,0.03127731323242244
SARS-CoV-2-P169E_Y175H,10.532418251037598,train,10.535,1.0535,0.002581748962402486
SARS-CoV-2-Y119D_G196L,10.347363471984863,train,10.38,1.038,0.0326365280151375
SARS-CoV-2-N120D_A145N_G174M,10.563718795776367,train,10.6,1.06,0.03628120422363246
SARS-CoV-2-P54I_Q84S,10.42697811126709,train,10.44,1.044,0.013021888732909659
SARS-CoV-2-K48Q_Q84S,10.44485855102539,train,10.47,1.0470000000000002,0.025141448974610014
SARS-CoV-2-L60F_L125S,10.583950996398926,train,10.61,1.061,0.02604900360107365
SARS-CoV-2-P54W_Y119S,10.332818984985352,train,10.38,1.038,0.04718101501464922
SARS-CoV-2-N24R_Y39M_D75Y,10.586036682128906,train,10.6,1.06,0.013963317871093395
SARS-CoV-2-A42S_Y121L_G155A_L188I_T201Y,10.42899227142334,train,10.45,1.045,0.021007728576659446
SARS-CoV-2-L5M_Y175S,10.449315071105955,train,10.48,1.048,0.03068492889404517
SARS-CoV-2-S53D,10.364173889160156,train,10.39,1.0390000000000001,0.02582611083984432
SARS-CoV-2-I2D_N30K_F126N_A192Y,10.301926612854004,train,10.31,1.0310000000000001,0.008073387145996591
SARS-CoV-2-S36R_F47W_K87I,10.514410972595217,train,10.53,1.053,0.01558902740478274
SARS-CoV-2-L5T_S29C_L122E,10.55995273590088,train,10.58,1.058,0.02004726409911939
SARS-CoV-2-Y119E,10.398106575012209,train,10.428461538461535,1.0428461538461535,0.030354963449326533
SARS-CoV-2-R78W,10.439343452453612,train,10.455,1.0455,0.015656547546388566
SARS-CoV-2-N130H_T170S,10.466796875,train,10.51,1.051,0.04320312499999979
SARS-CoV-2-N1A_E154T,10.332989692687988,train,10.35,1.035,0.017010307312011363
SARS-CoV-2-Y119E_P149K,10.546038627624512,train,10.57,1.0570000000000002,0.023961372375488565
SARS-CoV-2-T201V,10.357422828674316,train,10.392857142857142,1.0392857142857144,0.03543431418282594
SARS-CoV-2-G9S_R27M_F62W_Y119V_K198P,10.31917953491211,train,10.33,1.0330000000000001,0.010820465087890696
SARS-CoV-2-L5F_S200F,10.30218505859375,train,10.305,1.0305,0.0028149414062497158
SARS-CoV-2-K48Q_I138R_P197R,10.312525749206545,train,10.36,1.036,0.047474250793454686
SARS-CoV-2-G9S_K132T,10.344239234924316,train,10.36,1.036,0.015760765075683025
SARS-CoV-2-T100M_Y121L_Y175L,10.339607238769531,train,10.37,1.037,0.03039276123046797
SARS-CoV-2-V37D_Y66F,10.475590705871582,train,10.5,1.05,0.02440929412841797
SARS-CoV-2-L5T_K199Q,10.320951461791992,train,10.34,1.034,0.01904853820800767
SARS-CoV-2-E141T_F156W,10.434869766235352,train,10.46,1.046,0.02513023376464929
SARS-CoV-2-P54Q,10.491348266601562,train,10.525,1.0525,0.033651733398437855
SARS-CoV-2-K87T_K132Y,10.430267333984377,train,10.42,1.042,0.010267333984376847
SARS-CoV-2-I28M_T100Y,10.512699127197266,train,10.52,1.052,0.007300872802733949
SARS-CoV-2-K48R_F156G,10.501052856445312,train,10.5,1.05,0.0010528564453125
SARS-CoV-2-N157S_Y175T,10.473345756530762,train,10.48,1.048,0.006654243469238708
SARS-CoV-2-V37A_P54T_T85K,10.589354515075684,train,10.61,1.061,0.020645484924315838
SARS-CoV-2-G83N_K87V,10.50188159942627,train,10.53,1.053,0.02811840057372983
SARS-CoV-2-G83N_K198E,10.363119125366213,train,10.39,1.0390000000000001,0.026880874633787855
SARS-CoV-2-S41V_G166D,10.410265922546388,train,10.42,1.042,0.009734077453611434
SARS-CoV-2-I2L,10.299792289733888,train,10.347037037037037,1.0347037037037037,0.047244747303148316
SARS-CoV-2-N40S_G166M,10.411200523376465,train,10.44,1.044,0.02879947662353466
SARS-CoV-2-L5M_S113Q,10.38671588897705,train,10.41,1.0410000000000001,0.02328411102294936
SARS-CoV-2-N120S_F160W,10.331345558166504,train,10.35,1.035,0.01865444183349574
SARS-CoV-2-V32K,10.294901847839355,train,10.29,1.029,0.004901847839356321
SARS-CoV-2-F62A_Y175C,10.41160011291504,train,10.42,1.042,0.00839988708495909
SARS-CoV-2-E154P,10.345318794250488,train,10.365,1.0365,0.019681205749511932
SARS-CoV-2-K87I_E141V,10.46066188812256,train,10.48,1.048,0.019338111877440056
SARS-CoV-2-N4S_C61E_T148V,10.442527770996094,train,10.45,1.045,0.0074722290039055395
SARS-CoV-2-T100S_N157G,10.354097366333008,train,10.38,1.038,0.02590263366699297
SARS-CoV-2-V37M_T55L_N157T_Y175S,10.523720741271973,train,10.58,1.058,0.056279258728027415
SARS-CoV-2-I28M_T201N,10.555811882019045,train,10.59,1.059,0.03418811798095511
SARS-CoV-2-C195A,10.34854793548584,train,10.3675,1.03675,0.018952064514159872
SARS-CoV-2-Q84R_N120E,10.325352668762209,train,10.33,1.0330000000000001,0.0046473312377912634
SARS-CoV-2-R27E_V37D,10.427237510681152,train,10.44,1.044,0.012762489318847159
SARS-CoV-2-T3D_K26R_C61R_N130T,10.40126895904541,train,10.42,1.042,0.018731040954589773
SARS-CoV-2-P7T_Y39Q_I104M,10.393036842346191,train,10.42,1.042,0.026963157653808523
SARS-CoV-2-I28F_C61S_Q144R_T201C,10.359679222106934,train,10.38,1.038,0.020320777893067188
SARS-CoV-2-T3P_V11I_L60Y,10.394402503967283,train,10.4,1.04,0.005597496032716975
SARS-CoV-2-V52F_L122A,10.369529724121094,train,10.44,1.044,0.07047027587890575
SARS-CoV-2-Y35M_L57F,10.43703556060791,train,10.45,1.045,0.012964439392089133
SARS-CoV-2-N40S_G83N,10.40735912322998,train,10.44,1.044,0.032640876770019034
SARS-CoV-2-K26I_N130I,10.411154747009276,train,10.44,1.044,0.028845252990723935
SARS-CoV-2-C61Q_G117S_T201I,10.325976371765137,train,10.33,1.0330000000000001,0.004023628234863352
SARS-CoV-2-D98S_G174N,10.35513401031494,train,10.375,1.0375,0.01986598968506037
SARS-CoV-2-L188H,10.30653953552246,train,10.325,1.0325,0.01846046447754013
SARS-CoV-2-K26R,10.599727630615234,train,10.604,1.0604,0.004272369384764829
SARS-CoV-2-Q84S_Q168F,10.53205394744873,train,10.52,1.052,0.012053947448730895
SARS-CoV-2-R16K_D97K,10.468242645263672,train,10.49,1.0490000000000002,0.021757354736328338
SARS-CoV-2-T85M_L122R,10.427820205688477,train,10.45,1.045,0.022179794311522727
SARS-CoV-2-T85S_V153S,10.580424308776855,train,10.59,1.059,0.00957569122314439
SARS-CoV-2-V32T_T46H_T170Y,10.595000267028809,train,10.63,1.0630000000000002,0.03499973297119219
SARS-CoV-2-G172Q_A192E,10.468587875366213,train,10.49,1.0490000000000002,0.0214121246337875
SARS-CoV-2-G172Y,10.35124683380127,train,10.335,1.0335,0.01624683380126868
SARS-CoV-2-L5V_T148H,10.362272262573242,train,10.37,1.037,0.007727737426757031
SARS-CoV-2-I2V_G196D,10.34432888031006,train,10.36,1.036,0.01567111968993906
SARS-CoV-2-C61Q_S129I,10.44777011871338,train,10.43,1.043,0.017770118713380967
SARS-CoV-2-S45T_A192S,10.383966445922852,train,10.41,1.0410000000000001,0.02603355407714858
SARS-CoV-2-L125G_K132L_P197K,10.53821086883545,train,10.58,1.058,0.04178913116455085
SARS-CoV-2-N24Q_Q84T,10.484833717346191,train,10.47,1.0470000000000002,0.014833717346190767
SARS-CoV-2-L5S_D97L,10.37278652191162,train,10.41,1.0410000000000001,0.037213478088380825
SARS-CoV-2-I2V_C61I,10.39211368560791,train,10.42,1.042,0.027886314392089773
SARS-CoV-2-N151D,10.337118148803713,train,10.3675,1.03675,0.030381851196287002
SARS-CoV-2-G83L_T100V_I138V,10.555554389953612,train,10.56,1.056,0.0044456100463889925
SARS-CoV-2-S41R_D90Q,10.41933536529541,train,10.49,1.0490000000000002,0.07066463470459006
SARS-CoV-2-T85R_F99W,10.298232078552246,train,10.32,1.032,0.02176792144775419
SARS-CoV-2-Y35L_S139R,10.6420316696167,train,10.68,1.068,0.0379683303833005
SARS-CoV-2-F126T,10.325992584228516,train,10.34,1.034,0.014007415771484233
SARS-CoV-2-I28W_Y35R,10.374072074890137,train,10.36,1.036,0.014072074890137287
SARS-CoV-2-L38M_D98E_L125S,10.448708534240724,train,10.46,1.046,0.01129146575927642
SARS-CoV-2-N109H,10.429376602172852,train,10.43,1.043,0.0006233978271481533
SARS-CoV-2-T63R_G116E,10.568188667297363,train,10.61,1.061,0.04181133270263615
SARS-CoV-2-Y35L_N58I_L122C,10.358909606933594,train,10.36,1.036,0.0010903930664056816
SARS-CoV-2-K48N_L122A,10.4396333694458,train,10.445,1.0445,0.005366630554199503
SARS-CoV-2-L125V_S147F,10.541772842407228,train,10.57,1.0570000000000002,0.028227157592771945
SARS-CoV-2-E10A_K87R,10.425570487976074,train,10.41,1.0410000000000001,0.015570487976074077
SARS-CoV-2-S43I_L60Y_T100C,10.564982414245604,train,10.6,1.06,0.03501758575439595
SARS-CoV-2-I2D_T100Q_S129T,10.353853225708008,train,10.38,1.038,0.02614677429199297
SARS-CoV-2-N130L_G172K,10.553370475769045,train,10.6,1.06,0.0466295242309549
SARS-CoV-2-L5W_T15P_L122Q_F160S,10.462273597717283,train,10.52,1.052,0.057726402282716194
SARS-CoV-2-V65L_F156A,10.407500267028809,train,10.43,1.043,0.022499732971191122
SARS-CoV-2-T100F_G196D,10.358264923095703,train,10.36,1.036,0.0017350769042963066
SARS-CoV-2-A22M_S43M_K128H,10.486326217651367,train,10.52,1.052,0.033673782348632386
SARS-CoV-2-F126H,10.39214038848877,train,10.4125,1.04125,0.020359611511230113
SARS-CoV-2-D97F_T201I,10.327305793762209,train,10.36,1.036,0.032694206237790624
SARS-CoV-2-I142M_S147V,10.339814186096191,train,10.364999999999998,1.0365,0.02518581390380703
SARS-CoV-2-R27T,10.318102836608888,train,10.348333333333333,1.0348333333333333,0.030230496724444222
SARS-CoV-2-V37C_L95V_P197S,10.30251407623291,train,10.28,1.028,0.022514076232910796
SARS-CoV-2-G9Y_I142L,10.449180603027344,train,10.44,1.044,0.009180603027344247
SARS-CoV-2-S147P,10.441218376159668,train,10.46,1.046,0.018781623840332884
SARS-CoV-2-Y39T_K198G,10.549834251403809,train,10.57,1.0570000000000002,0.02016574859619169
SARS-CoV-2-C61R_L125V_T201W,10.456463813781738,train,10.47,1.0470000000000002,0.013536186218262358
SARS-CoV-2-D98Y_I104F_K199S,10.35023593902588,train,10.345,1.0345000000000002,0.005235939025880043
SARS-CoV-2-G9Q_A145V_S164T,10.34888744354248,train,10.4,1.04,0.051112556457519887
SARS-CoV-2-V37Y_K56D,10.447339057922363,train,10.47,1.0470000000000002,0.022660942077637358
SARS-CoV-2-I2R_S53T,10.34033489227295,train,10.34,1.034,0.00033489227294936086
SARS-CoV-2-K87M_S129A,10.539999008178713,train,10.58,1.058,0.04000099182128736
SARS-CoV-2-L5N_Y119T_P197G,10.668736457824709,train,10.67,1.067,0.0012635421752911213
SARS-CoV-2-T148C_G174D,10.585155487060549,train,10.59,1.059,0.0048445129394512065
SARS-CoV-2-S53H_K87R_T100I_A190S,10.611212730407717,train,10.63,1.0630000000000002,0.01878726959228416
SARS-CoV-2-R27I_K87R_G117F,10.325098037719728,train,10.35,1.035,0.024901962280271306
SARS-CoV-2-Y119Q_S129R,10.37857437133789,train,10.41,1.0410000000000001,0.03142562866210952
SARS-CoV-2-F160P,10.385289192199709,train,10.41125,1.041125,0.025960807800291974
SARS-CoV-2-Y39T_T148N,10.480792045593262,train,10.5,1.05,0.01920795440673828
SARS-CoV-2-L5E,10.435776710510254,train,10.43214285714286,1.043214285714286,0.0036338533673934137
SARS-CoV-2-N1P_G174M,10.433568000793455,train,10.41,1.0410000000000001,0.023568000793455113
SARS-CoV-2-L95M_L122K,10.314789772033691,train,10.29,1.029,0.02478977203369226
SARS-CoV-2-S129G,10.306543350219728,train,10.314285714285717,1.0314285714285718,0.007742364065988383
SARS-CoV-2-P54L_T100Y_G117D,10.43911361694336,train,10.44,1.044,0.0008863830566401276
SARS-CoV-2-T55S_K198A,10.345847129821776,train,10.35,1.035,0.004152870178224077
SARS-CoV-2-I28L_L122A,10.348891258239746,train,10.355,1.0355,0.006108741760254333
SARS-CoV-2-K56T,10.339571952819824,train,10.38818181818182,1.038818181818182,0.048609865361996185
SARS-CoV-2-L5Y_Q84S_F126W_A190T,10.42241382598877,train,10.45,1.045,0.027586174011229758
SARS-CoV-2-T148K,10.360594749450684,train,10.3975,1.0397500000000002,0.03690525054931726
SARS-CoV-2-A42G_T140V_G174M,10.435823440551758,train,10.46,1.046,0.02417655944824304
SARS-CoV-2-S200W,10.582453727722168,train,10.62,1.062,0.03754627227783125
SARS-CoV-2-T55S_V77L_S164Y_T201R,10.36784839630127,train,10.36,1.036,0.0078483963012701
SARS-CoV-2-Y159M,10.345514297485352,train,10.35,1.035,0.004485702514648082
SARS-CoV-2-G9S_G116L,10.470401763916016,train,10.51,1.051,0.03959823608398416
SARS-CoV-2-N110V_S129Q,10.457280158996582,train,10.46,1.046,0.0027198410034188214
SARS-CoV-2-Y35I_I138M,10.314349174499512,train,10.36,1.036,0.04565082550048771
SARS-CoV-2-P7L_V37F_G152S,10.35151195526123,train,10.36,1.036,0.008488044738768963
SARS-CoV-2-N58Q_P149D,10.35179042816162,train,10.4,1.04,0.04820957183838104
SARS-CoV-2-I2V_V37G_T55A_R73K_R78S,10.453213691711426,train,10.47,1.0470000000000002,0.016786308288574858
SARS-CoV-2-T63K_T201A,10.300274848937988,train,10.31,1.0310000000000001,0.009725151062012216
SARS-CoV-2-Q144G_G172P,10.38902473449707,train,10.42,1.042,0.030975265502929616
SARS-CoV-2-K56S_Y91F_Q168M,10.32262897491455,train,10.32,1.032,0.002628974914550497
SARS-CoV-2-I28M_N64G,10.45844268798828,train,10.5,1.05,0.041557312011720526
SARS-CoV-2-K114W_L122S,10.365033149719238,train,10.4,1.04,0.034966850280762074
SARS-CoV-2-R16Y_G155R_G166S,10.550745964050291,train,10.59,1.059,0.039254035949708665
SARS-CoV-2-L5R_Y66V_L122E,10.341870307922363,train,10.34,1.034,0.0018703079223634234
SARS-CoV-2-Y175H,10.346389770507812,train,10.344,1.0344,0.0023897705078130826
SARS-CoV-2-S36A_V173K,10.551336288452148,train,10.58,1.058,0.028663711547851634
SARS-CoV-2-A42G_F134G,10.31701946258545,train,10.34,1.034,0.02298053741455064
SARS-CoV-2-T140K_V173F_L187R,10.399449348449709,train,10.43,1.043,0.030550651550290908
SARS-CoV-2-Y119K_T201N,10.352700233459473,train,10.41,1.0410000000000001,0.057299766540527486
SARS-CoV-2-T63S_K128E,10.36469554901123,train,10.355,1.0355,0.009695549011230042
SARS-CoV-2-G9F_G172L_L188S,10.317646980285645,train,10.33,1.0330000000000001,0.01235301971435554
SARS-CoV-2-F156D,10.455971717834473,train,10.446000000000002,1.0446000000000002,0.00997171783447115
SARS-CoV-2-K198Q,10.336097717285156,train,10.37375,1.037375,0.03765228271484311
SARS-CoV-2-K87E_V173Q,10.337644577026367,train,10.36,1.036,0.022355422973632244
SARS-CoV-2-N151T_T201L,10.360957145690918,train,10.41,1.0410000000000001,0.04904285430908217
SARS-CoV-2-L5S_K56F_F62W,10.304315567016602,train,10.32,1.032,0.01568443298339872
SARS-CoV-2-P7N_L95M,10.343615531921388,train,10.35,1.035,0.00638446807861115
SARS-CoV-2-Q168H,10.357220649719238,train,10.342,1.0342,0.015220649719237755
SARS-CoV-2-I2T_I28M_T100K_F126R_E154L_G166M,10.379008293151855,train,10.39,1.0390000000000001,0.0109917068481451
SARS-CoV-2-I138N_T170Q_T201V,10.33403491973877,train,10.36,1.036,0.0259650802612299
SARS-CoV-2-N171R,10.40593147277832,train,10.452857142857145,1.0452857142857146,0.04692567007882431
SARS-CoV-2-L5V_K87R,10.380282402038574,train,10.37,1.037,0.010282402038575
SARS-CoV-2-K87W_D97M_V115D,10.38603687286377,train,10.41,1.0410000000000001,0.02396312713623061
SARS-CoV-2-L5Q_L60M_L125I_T148M,10.59571647644043,train,10.63,1.0630000000000002,0.034283523559571094
SARS-CoV-2-A18N,10.327432632446287,train,10.326,1.0326000000000002,0.0014326324462867746
SARS-CoV-2-K114W,10.346831321716309,train,10.34142857142857,1.034142857142857,0.005402750287737845
SARS-CoV-2-A42E_P149F_Y175S,10.486193656921388,train,10.49,1.0490000000000002,0.003806343078611718
SARS-CoV-2-L5E_N64K,10.443257331848145,train,10.47,1.0470000000000002,0.026742668151856108
SARS-CoV-2-F62V_G155E,10.303108215332031,train,10.31,1.0310000000000001,0.006891784667969247
SARS-CoV-2-N1K_K87Y_N171F,10.49032497406006,train,10.52,1.052,0.029675025939939204
SARS-CoV-2-T55D_Y119A_K128T_F156D,10.490399360656738,train,10.5,1.05,0.009600639343261719
SARS-CoV-2-T55S_G116N_E154D,10.31523609161377,train,10.36,1.036,0.0447639083862299
SARS-CoV-2-S129A_E141K,10.34375286102295,train,10.365,1.0365,0.021247138977050994
SARS-CoV-2-Q84M,10.445382118225098,train,10.46,1.046,0.014617881774903196
SARS-CoV-2-T63R_F156P,10.502764701843262,train,10.53,1.053,0.027235298156737642
SARS-CoV-2-L60F,10.293038368225098,train,10.317222222222222,1.0317222222222222,0.024183853997124416
SARS-CoV-2-I28F_F44N_K198N,10.505918502807615,train,10.54,1.054,0.034081497192383736
SARS-CoV-2-S139G_C195N,10.331007957458496,train,10.39,1.0390000000000001,0.058992042541504475
SARS-CoV-2-Y39I_K132I,10.375210762023926,train,10.36,1.036,0.01521076202392635
SARS-CoV-2-C61L_L122R,10.319647789001465,train,10.35,1.035,0.0303522109985348
SARS-CoV-2-L122W,10.310648918151855,train,10.354545454545455,1.0354545454545456,0.043896536393599916
SARS-CoV-2-Q163N,10.347960472106934,train,10.39,1.0390000000000001,0.042039527893066975
SARS-CoV-2-Y39A_T55S_S147I_V173L,10.579974174499512,train,10.59,1.059,0.01002582550048814
SARS-CoV-2-N1L_G174M,10.352167129516602,train,10.39,1.0390000000000001,0.037832870483399006
SARS-CoV-2-L95I_Q163R_K199H,10.427189826965332,train,10.41,1.0410000000000001,0.01718982696533189
SARS-CoV-2-S36D_N118T_T170Y,10.35348129272461,train,10.37,1.037,0.016518707275389843
SARS-CoV-2-I2N_D59R,10.324203491210938,train,10.32,1.032,0.004203491210937216
SARS-CoV-2-V37L_T148R_F156L,10.53283405303955,train,10.54,1.054,0.007165946960448366
SARS-CoV-2-P197D,10.422155380249023,train,10.45,1.045,0.027844619750975852
SARS-CoV-2-T3S_Y35L_V173N,10.292534828186035,train,10.29,1.029,0.002534828186036009
SARS-CoV-2-E141G_T201Q,10.300631523132324,train,10.34,1.034,0.03936847686767564
SARS-CoV-2-N40T_Y143F,10.30359172821045,train,10.34,1.034,0.03640827178955064
SARS-CoV-2-P149Y_T201N,10.481094360351562,train,10.54,1.054,0.05890563964843665
SARS-CoV-2-I2Y_T85R_G166A,10.38380527496338,train,10.39,1.0390000000000001,0.006194725036619886
SARS-CoV-2-I2Y_P197Q,10.419879913330078,train,10.45,1.045,0.030120086669921164
SARS-CoV-2-T3R_Y35V,10.508530616760254,train,10.58,1.058,0.07146938323974616
SARS-CoV-2-K114A_E154Q,10.40137004852295,train,10.41,1.0410000000000001,0.008629951477050923
SARS-CoV-2-K114W_T140N,10.36984920501709,train,10.38,1.038,0.010150794982910938
SARS-CoV-2-G117E_F160N,10.442910194396973,train,10.44,1.044,0.0029101943969731536
SARS-CoV-2-L122R_F160L,10.35012149810791,train,10.36,1.036,0.009878501892089275
SARS-CoV-2-R27K_N40R_N64W,10.332022666931152,train,10.32,1.032,0.01202266693115206
SARS-CoV-2-S45E_Q84M_T201C,10.40377426147461,train,10.45,1.045,0.046225738525389914
SARS-CoV-2-N120H_N157S,10.453139305114746,train,10.48,1.048,0.026860694885254333
SARS-CoV-2-T15S_S129K_P197S,10.408326148986816,train,10.43,1.043,0.02167385101318331
SARS-CoV-2-T55Q_D97S,10.34980297088623,train,10.38,1.038,0.030197029113770313
SARS-CoV-2-K87I_S147F,10.378326416015623,train,10.39,1.0390000000000001,0.011673583984377345
SARS-CoV-2-Y39N_F47M_C61V,10.30903148651123,train,10.31,1.0310000000000001,0.0009685134887700286
SARS-CoV-2-Y35W_P149E_Y178F,10.405076026916504,train,10.38,1.038,0.025076026916503125
SARS-CoV-2-I2R_K199P,10.493778228759766,train,10.5,1.05,0.006221771240234375
SARS-CoV-2-L5I_S200L,10.416346549987791,train,10.45,1.045,0.0336534500122081
SARS-CoV-2-S36L_L122S,10.597230911254885,train,10.61,1.061,0.012769088745114843
SARS-CoV-2-K48N_P169G,10.507859230041504,train,10.55,1.0550000000000002,0.042140769958496804
SARS-CoV-2-A145M,10.33540153503418,train,10.34,1.034,0.00459846496582017
SARS-CoV-2-T3L_S41E_P197L,10.346238136291504,train,10.38,1.038,0.033761863708496875
SARS-CoV-2-E154L_S164K,10.451739311218262,train,10.44,1.044,0.011739311218262216
SARS-CoV-2-Q163C_S200Y,10.31028652191162,train,10.32,1.032,0.009713478088380967
SARS-CoV-2-T85R_G174W,10.433332443237305,train,10.44,1.044,0.006667556762694815
SARS-CoV-2-L122S_T170R,10.309237480163574,train,10.34,1.034,0.03076251983642564
SARS-CoV-2-C61V_K87V,10.425575256347656,train,10.43,1.043,0.004424743652343466
SARS-CoV-2-R78T_Y91F_G174K,10.51018238067627,train,10.49,1.0490000000000002,0.020182380676269318
SARS-CoV-2-Y50W_Q163A,10.32422924041748,train,10.36,1.036,0.03577075958251896
SARS-CoV-2-Y119G_F156V_V194I,10.37879753112793,train,10.41,1.0410000000000001,0.031202468872070455
SARS-CoV-2-N58P_Y66I,10.440933227539062,train,10.46,1.046,0.019066772460938353
SARS-CoV-2-L5Y_V37F_P54R_E141Y,10.654648780822754,train,10.7,1.07,0.04535121917724538
SARS-CoV-2-V37S_R73K,10.331032752990724,train,10.35,1.035,0.018967247009275212
SARS-CoV-2-P54S_N120G,10.29580307006836,train,10.33,1.0330000000000001,0.034196929931640696
SARS-CoV-2-K56T_P191N,10.33107566833496,train,10.38,1.038,0.04892433166504162
SARS-CoV-2-N120P_S200C,10.369275093078612,train,10.41,1.0410000000000001,0.04072490692138864
SARS-CoV-2-N4Q_V37E_N157R,10.421957969665527,train,10.41,1.0410000000000001,0.011957969665527202
SARS-CoV-2-P197M,10.63219165802002,train,10.67,1.067,0.0378083419799804
SARS-CoV-2-L5R_T55S_N64T,10.463072776794434,train,10.47,1.0470000000000002,0.006927223205567046
SARS-CoV-2-V153L_G196N,10.519572257995604,train,10.55,1.0550000000000002,0.030427742004397018
SARS-CoV-2-D97N_T140L,10.32415008544922,train,10.3,1.03,0.024150085449219816
SARS-CoV-2-S43L_P149S,10.311744689941406,train,10.33,1.0330000000000001,0.01825531005859382
SARS-CoV-2-Y119N_K199V,10.469261169433594,train,10.5,1.05,0.03073883056640625
SARS-CoV-2-Y39V_K56S,10.535654067993164,train,10.53,1.053,0.005654067993164702
SARS-CoV-2-L187T,10.58376121520996,train,10.6,1.06,0.016238784790040484
SARS-CoV-2-R73A_T201H,10.39694595336914,train,10.43,1.043,0.03305404663085909
SARS-CoV-2-V37L_F62Y_G174L,10.496390342712402,train,10.49,1.0490000000000002,0.006390342712402131
SARS-CoV-2-N4Q_F156E,10.53895664215088,train,10.54,1.054,0.0010433578491184647
SARS-CoV-2-G9A,10.34410285949707,train,10.391428571428571,1.0391428571428571,0.047325711931501147
SARS-CoV-2-Y35L_V52L,10.450149536132812,train,10.48,1.048,0.029850463867187926
SARS-CoV-2-N4D_T201H,10.455626487731934,train,10.49,1.0490000000000002,0.03437351226806662
SARS-CoV-2-Y159L_Y175V,10.310661315917969,train,10.35,1.035,0.039338684082030895
SARS-CoV-2-V37S_N120T_T170V,10.53960132598877,train,10.53,1.053,0.00960132598877017
SARS-CoV-2-E135Q,10.392725944519045,train,10.43,1.043,0.03727405548095497
SARS-CoV-2-P54L_N120G_G166A,10.55986499786377,train,10.58,1.058,0.02013500213623054
SARS-CoV-2-F8L_G9Y_G116S,10.495991706848145,train,10.5,1.05,0.004008293151855469
SARS-CoV-2-N120S_Y143I_P197T,10.41963005065918,train,10.43,1.043,0.010369949340820028
SARS-CoV-2-G9C_L122F_P197L,10.363091468811035,train,10.4,1.04,0.0369085311889652
SARS-CoV-2-L122W_S139N,10.355008125305176,train,10.37,1.037,0.014991874694823437
SARS-CoV-2-G117S_E154I,10.30323886871338,train,10.32,1.032,0.0167611312866196
SARS-CoV-2-Y35M_S41Y,10.34013843536377,train,10.37,1.037,0.029861564636229687
SARS-CoV-2-V37R_K87I,10.589577674865724,train,10.6,1.06,0.010422325134275212
SARS-CoV-2-K114T_P149Q,10.40408420562744,train,10.43,1.043,0.025915794372560086
SARS-CoV-2-G117T,10.397656440734863,train,10.421666666666669,1.042166666666667,0.02401022593180535
SARS-CoV-2-N24R_G83R_F160R,10.300068855285645,train,10.3,1.03,6.885528564382071e-05
SARS-CoV-2-S36E_N58M_G172R,10.57447338104248,train,10.6,1.06,0.025526618957519176
SARS-CoV-2-F160D,10.331104278564451,train,10.3675,1.03675,0.03639572143554837
SARS-CoV-2-L122Y_C195N,10.457258224487305,train,10.46,1.046,0.002741775512696165
SARS-CoV-2-L125G_P149T,10.44178867340088,train,10.46,1.046,0.01821132659912017
SARS-CoV-2-G9D_E141S,10.57426929473877,train,10.63,1.0630000000000002,0.05573070526123125
SARS-CoV-2-G9S_T15S,10.39950180053711,train,10.43,1.043,0.03049819946289034
SARS-CoV-2-T3G_F156Q,10.305084228515623,train,10.32,1.032,0.01491577148437706
SARS-CoV-2-V11I_Q168L,10.613245964050291,train,10.63,1.0630000000000002,0.01675403594970959
SARS-CoV-2-T85H_H189D,10.595047950744627,train,10.6,1.06,0.004952049255372515
SARS-CoV-2-L188R,10.337566375732422,train,10.362,1.0362,0.024433624267578224
SARS-CoV-2-N64H_T85E,10.292643547058104,train,10.32,1.032,0.027356452941896592
SARS-CoV-2-N64A_Y119H_Y143F,10.398715019226074,train,10.43,1.043,0.0312849807739255
SARS-CoV-2-Y35F_C61E_T100M,10.366700172424316,train,10.38,1.038,0.013299827575684375
SARS-CoV-2-F160R_Q168K,10.553797721862791,train,10.58,1.058,0.02620227813720888
SARS-CoV-2-I104V_T201A,10.359389305114746,train,10.37,1.037,0.010610694885253125
SARS-CoV-2-A42Q,10.40365505218506,train,10.4075,1.04075,0.0038449478149402694
SARS-CoV-2-G9F_F134G_L188I,10.3560791015625,train,10.32,1.032,0.036079101562499716
SARS-CoV-2-S53T_Y159L,10.418574333190918,train,10.48,1.048,0.06142566680908246
SARS-CoV-2-G9S_G116V_L125S,10.541926383972168,train,10.58,1.058,0.0380736160278321
SARS-CoV-2-Y66T_R78E_K132M,10.399945259094238,train,10.425,1.0425000000000002,0.02505474090576243
SARS-CoV-2-K26R_G83M_V153H_Q163R,10.54809284210205,train,10.58,1.058,0.03190715789794929
SARS-CoV-2-Y159I_G174S,10.306557655334473,train,10.33,1.0330000000000001,0.023442344665527415
SARS-CoV-2-S29E_T148N_S164R_N171F,10.356423377990724,train,10.34,1.034,0.016423377990724575
SARS-CoV-2-R27S_S200I,10.324618339538574,train,10.37,1.037,0.045381660461425
SARS-CoV-2-C61L_T201M,10.330415725708008,train,10.37,1.037,0.039584274291991406
SARS-CoV-2-V37L_T85S_T201M,10.393369674682615,train,10.38,1.038,0.01336967468261463
SARS-CoV-2-I2L_T100L_Y119D_S129F,10.46558666229248,train,10.48,1.048,0.014413337707519958
SARS-CoV-2-T55D_T148K,10.662397384643556,train,10.69,1.069,0.02760261535644304
SARS-CoV-2-L122V_F156L,10.49562168121338,train,10.49,1.0490000000000002,0.0056216812133804694
SARS-CoV-2-I2P_T201I,10.365758895874023,train,10.38,1.038,0.014241104125977344
SARS-CoV-2-C6T_K87V,10.312174797058104,train,10.32,1.032,0.007825202941896592
SARS-CoV-2-C61R_S164A,10.461113929748535,train,10.465,1.0465,0.0038860702514647016
SARS-CoV-2-V37L_E154I,10.511080741882324,train,10.51,1.051,0.001080741882324432
SARS-CoV-2-T100M_T170F,10.353172302246094,train,10.36,1.036,0.0068276977539056816
SARS-CoV-2-V37W_S43W,10.527636528015137,train,10.57,1.0570000000000002,0.042363471984863565
SARS-CoV-2-S139T,10.327595710754396,train,10.36,1.036,0.032404289245603124
SARS-CoV-2-T55Y_K198N,10.66464614868164,train,10.66,1.066,0.004646148681640483
SARS-CoV-2-V65M_P197L,10.332127571105955,train,10.37,1.037,0.037872428894043964
SARS-CoV-2-T148S_A190K,10.381007194519045,train,10.37,1.037,0.011007194519045527
SARS-CoV-2-Y35W_P96G,10.429357528686523,train,10.43,1.043,0.0006424713134762783
SARS-CoV-2-A33W_T201D,10.51738166809082,train,10.53,1.053,0.012618331909179048
SARS-CoV-2-S53D_P197R,10.439881324768066,train,10.45,1.045,0.010118675231932883
SARS-CoV-2-V153H_K198Y,10.29311180114746,train,10.31,1.0310000000000001,0.016888198852541336
SARS-CoV-2-K26V,10.347333908081056,train,10.385,1.0385,0.03766609191894332
SARS-CoV-2-P54L_Y119S_T201D,10.544729232788086,train,10.57,1.0570000000000002,0.025270767211914347
SARS-CoV-2-K87L_P149L,10.315703392028809,train,10.34,1.034,0.024296607971191264
SARS-CoV-2-I2Q_K48R,10.4098539352417,train,10.4,1.04,0.009853935241698863
SARS-CoV-2-I28W_Q144N_S200E,10.75371551513672,train,10.78,1.078,0.026284484863278834
SARS-CoV-2-V37W_G116W,10.405647277832031,train,10.41,1.0410000000000001,0.004352722167968892
SARS-CoV-2-A42R_F62T_P149A,10.396188735961914,train,10.43,1.043,0.03381126403808565
SARS-CoV-2-L122Q_S147Q_K198L,10.50064754486084,train,10.54,1.054,0.039352455139159304
SARS-CoV-2-K87L_G155E_T201D,10.596291542053224,train,10.6,1.06,0.003708457946775212
SARS-CoV-2-K87S_P197R,10.78357219696045,train,10.83,1.083,0.04642780303955085
SARS-CoV-2-D98N_Q144P,10.30174732208252,train,10.3,1.03,0.0017473220825188207
SARS-CoV-2-Y39V_L122M_K128S,10.703810691833496,train,10.72,1.072,0.016189308166504546
SARS-CoV-2-G155N_G172S,10.680458068847656,train,10.73,1.0730000000000002,0.049541931152344176
SARS-CoV-2-N118H_F134G,10.316060066223145,train,10.33,1.0330000000000001,0.01393993377685554
SARS-CoV-2-I28M,10.46067714691162,train,10.4875,1.04875,0.026822853088381393
SARS-CoV-2-G9Y_F47I_Y119A_L125R,10.368402481079102,train,10.38,1.038,0.011597518920899219
SARS-CoV-2-G166F,10.319713592529297,train,10.3275,1.03275,0.0077864074707036934
SARS-CoV-2-Q168L_T201Y,10.374040603637695,train,10.4,1.04,0.025959396362305043
SARS-CoV-2-F44D_N130K,10.403383255004885,train,10.44,1.044,0.036616744995114914
SARS-CoV-2-I2S_G116S,10.31148910522461,train,10.34,1.034,0.028510894775390483
SARS-CoV-2-Y119F_S200D,10.512804985046388,train,10.52,1.052,0.007195014953611079
SARS-CoV-2-K114N_G166N,10.41688060760498,train,10.47,1.0470000000000002,0.05311939239502017
SARS-CoV-2-A42G_T140H,10.321091651916504,train,10.31,1.0310000000000001,0.011091651916503409
SARS-CoV-2-N4T_V37C,10.532246589660645,train,10.55,1.0550000000000002,0.01775341033935618
SARS-CoV-2-T3P_T148I,10.371835708618164,train,10.4,1.04,0.028164291381836293
SARS-CoV-2-K56A_N107P_L125S,10.42156219482422,train,10.42,1.042,0.0015621948242205974
SARS-CoV-2-K87T_N109L_N151M,10.328155517578123,train,10.33,1.0330000000000001,0.0018444824218768474
SARS-CoV-2-D97I_S147N,10.460442543029783,train,10.47,1.0470000000000002,0.00955745697021726
SARS-CoV-2-N58D_I104M,10.358502388000488,train,10.37,1.037,0.011497611999510937
SARS-CoV-2-K114P,10.339181900024414,train,10.358,1.0358,0.018818099975586478
SARS-CoV-2-F44W,10.386615753173828,train,10.4,1.04,0.01338424682617223
SARS-CoV-2-S29T_K198A,10.503045082092283,train,10.54,1.054,0.03695491790771577
SARS-CoV-2-G146S,10.330883979797363,train,10.3725,1.03725,0.041616020202637216
SARS-CoV-2-Y119V,10.32868480682373,train,10.3325,1.03325,0.003815193176269105
SARS-CoV-2-L60V_G174E,10.418219566345217,train,10.46,1.046,0.04178043365478423
SARS-CoV-2-R16K,10.466391563415527,train,10.508,1.0508,0.041608436584471775
SARS-CoV-2-T3K_Y39H_K199S,10.421294212341309,train,10.45,1.045,0.028705787658690696
SARS-CoV-2-S29T_N40H,10.552806854248049,train,10.6,1.06,0.04719314575195099
SARS-CoV-2-G155D_G174Q,10.43068790435791,train,10.43,1.043,0.0006879043579104405
SARS-CoV-2-R16S,10.416685104370115,train,10.471,1.0471000000000001,0.054314895629884674
SARS-CoV-2-S29C_Y39E_P197K,10.496623992919922,train,10.53,1.053,0.033376007080077486
SARS-CoV-2-Y39K_T201N,10.48979663848877,train,10.5,1.05,0.010203361511230469
SARS-CoV-2-G9N_Q144N,10.446675300598145,train,10.445,1.0445,0.001675300598144247
SARS-CoV-2-I28L_N110S_N120T,10.494041442871094,train,10.52,1.052,0.025958557128905824
SARS-CoV-2-V37Q_C61R_T201H,10.724071502685549,train,10.75,1.075,0.02592849731445135
SARS-CoV-2-H189P,10.292707443237305,train,10.323333333333332,1.0323333333333333,0.030625890096027675
SARS-CoV-2-N4E_T201N,10.365769386291504,train,10.38,1.038,0.014230613708496875
SARS-CoV-2-L122W_T201M,10.420165061950684,train,10.46,1.046,0.03983493804931726
SARS-CoV-2-C61S_S129P,10.297972679138184,train,10.31,1.0310000000000001,0.012027320861816904
SARS-CoV-2-L131V_K199W,10.34593391418457,train,10.4,1.04,0.05406608581543004
SARS-CoV-2-V37W_C61V_N120K_K128M,10.609925270080566,train,10.64,1.064,0.030074729919434162
SARS-CoV-2-D90N_Y119Q_G166C,10.343833923339844,train,10.35,1.035,0.006166076660155895
SARS-CoV-2-R16I,10.336050033569336,train,10.375,1.0375,0.03894996643066406
SARS-CoV-2-T3N_T201Q,10.307265281677246,train,10.33,1.0330000000000001,0.022734718322753977
SARS-CoV-2-D97N_V115G,10.30160140991211,train,10.3,1.03,0.0016014099121086645
SARS-CoV-2-T46I_C61K,10.341583251953123,train,10.32,1.032,0.02158325195312294
SARS-CoV-2-N130A_P197M,10.55433464050293,train,10.58,1.058,0.025665359497070384
SARS-CoV-2-K87A_D97A_A192T,10.351820945739746,train,10.38,1.038,0.028179054260254688
SARS-CoV-2-I104M_T148S,10.30601406097412,train,10.34,1.034,0.03398593902588054
SARS-CoV-2-D98N_K128F,10.35658359527588,train,10.37,1.037,0.013416404724118536
SARS-CoV-2-K26R_L60Y_I142L,10.412775039672852,train,10.45,1.045,0.03722496032714773
SARS-CoV-2-S29E_Y159N,10.366432189941406,train,10.36,1.036,0.0064321899414068184
SARS-CoV-2-Y35W_R73A_S113C,10.636224746704102,train,10.65,1.0650000000000002,0.013775253295898793
SARS-CoV-2-K87Y_Y175M_V180I,10.438448905944824,train,10.45,1.045,0.01155109405517507
SARS-CoV-2-V37F_P149A_L188M,10.526352882385254,train,10.535,1.0535,0.008647117614746236
SARS-CoV-2-S129E_T201D,10.33939266204834,train,10.35,1.035,0.010607337951659801
SARS-CoV-2-S43M_T148K,10.449199676513672,train,10.48,1.048,0.03080032348632855
SARS-CoV-2-K87T_T201C,10.47510814666748,train,10.485,1.0485,0.009891853332518963
SARS-CoV-2-R78S_K87H_K199M,10.367033004760742,train,10.39,1.0390000000000001,0.02296699523925838
SARS-CoV-2-G152M,10.361920356750488,train,10.37,1.037,0.008079643249510937
SARS-CoV-2-V37F_S43L_G152R,10.478964805603027,train,10.51,1.051,0.031035194396972443
SARS-CoV-2-K132S,10.327300071716309,train,10.33,1.0330000000000001,0.0026999282836914773
SARS-CoV-2-I2P_S45Q_N120T,10.35775375366211,train,10.36,1.036,0.0022462463378900566
SARS-CoV-2-N64S_R78H,10.61817455291748,train,10.66,1.066,0.04182544708251967
SARS-CoV-2-S36H,10.339603424072266,train,10.33,1.0330000000000001,0.009603424072265554
SARS-CoV-2-C61H_T201V,10.377612113952637,train,10.4,1.04,0.022387886047363637
SARS-CoV-2-R27V_G172S,10.328988075256348,train,10.34,1.034,0.011011924743652202
SARS-CoV-2-Y35M_T55P_S129R,10.41846752166748,train,10.44,1.044,0.021532478332519034
SARS-CoV-2-Y35L_N118H,10.3607759475708,train,10.37,1.037,0.009224052429198437
SARS-CoV-2-T55G_G174M,10.348621368408203,train,10.33,1.0330000000000001,0.018621368408203054
SARS-CoV-2-F8W_S43Y,10.37839698791504,train,10.37,1.037,0.00839698791504162
SARS-CoV-2-E154C,10.390070915222168,train,10.393333333333333,1.0393333333333332,0.0032624181111646777
SARS-CoV-2-L125Y,10.45624828338623,train,10.415,1.0414999999999999,0.04124828338623132
SARS-CoV-2-G9T_K198M,10.526947975158691,train,10.55,1.0550000000000002,0.023052024841309304
SARS-CoV-2-D59E,10.462328910827637,train,10.483333333333333,1.0483333333333333,0.021004422505695786
SARS-CoV-2-N118E_L125S,10.368704795837402,train,10.38,1.038,0.011295204162598438
SARS-CoV-2-N151F_P197L,10.47844409942627,train,10.48,1.048,0.001555900573730895
SARS-CoV-2-A22E_A145R,10.3187894821167,train,10.36,1.036,0.04121051788330021
SARS-CoV-2-C61E_Q168V_G174E,10.38942050933838,train,10.42,1.042,0.030579490661619246
SARS-CoV-2-N24D_V115M_G155N,10.294739723205566,train,10.31,1.0310000000000001,0.015260276794434091
SARS-CoV-2-T193P,10.304694175720217,train,10.34,1.034,0.03530582427978324
SARS-CoV-2-N4K_V37S_R78F,10.314251899719238,train,10.29,1.029,0.024251899719239134
SARS-CoV-2-Y123R_S129V,10.382978439331056,train,10.365,1.0365,0.01797843933105625
SARS-CoV-2-K87T_S184R,10.508511543273926,train,10.5,1.05,0.008511543273925781
SARS-CoV-2-N171L_A190T,10.40503215789795,train,10.415,1.0414999999999999,0.009967842102049929
SARS-CoV-2-Q168T_L187M,10.616045951843262,train,10.65,1.0650000000000002,0.033954048156738637
SARS-CoV-2-S29F_S43L_F62C_Y175E,10.541837692260742,train,10.56,1.056,0.01816230773925831
SARS-CoV-2-N4I_I104F_L122W_N130A_F160S,10.302549362182615,train,10.31,1.0310000000000001,0.007450637817385086
SARS-CoV-2-L5D,10.392436981201172,train,10.392,1.0392,0.000436981201172415
SARS-CoV-2-K132T_F160N,10.453635215759276,train,10.45,1.045,0.003635215759276278
SARS-CoV-2-K87R_E154S,10.33473777770996,train,10.35,1.035,0.015262222290040484
SARS-CoV-2-Y35F_Y123K,10.358997344970703,train,10.4,1.04,0.04100265502929723
SARS-CoV-2-V37I_S43V,10.55789852142334,train,10.6,1.06,0.0421014785766598
SARS-CoV-2-T100M_G174I,10.589983940124512,train,10.58,1.058,0.009983940124511648
SARS-CoV-2-C61N_Q144M_N157G,10.315984725952148,train,10.32,1.032,0.004015274047851847
SARS-CoV-2-N58P,10.32650661468506,train,10.346,1.0346,0.019493385314939715
SARS-CoV-2-L5T_L60Q_T100I_N120D_L125M,10.455512046813965,train,10.5,1.05,0.044487953186035156
SARS-CoV-2-Q84G_Y119K,10.450579643249512,train,10.48,1.048,0.029420356750488708
SARS-CoV-2-N4G_I138L,10.324714660644531,train,10.41,1.0410000000000001,0.08528533935546889
SARS-CoV-2-G152S_N171D,10.407111167907717,train,10.46,1.046,0.05288883209228423
SARS-CoV-2-Y39R_T148Q,10.588977813720703,train,10.59,1.059,0.0010221862792967329
SARS-CoV-2-I2N,10.424104690551758,train,10.411,1.0411,0.013104690551758225
SARS-CoV-2-Y119R_N157Q,10.44800090789795,train,10.47,1.0470000000000002,0.02199909210205142
SARS-CoV-2-P149S_Q168A,10.384514808654783,train,10.41,1.0410000000000001,0.025485191345216762
SARS-CoV-2-D59K_L122Y,10.330536842346191,train,10.36,1.036,0.029463157653808025
SARS-CoV-2-K114C_N151K_F156S_Y178H,10.389446258544922,train,10.43,1.043,0.04055374145507784
SARS-CoV-2-Q144P_P197V,10.301743507385254,train,10.33,1.0330000000000001,0.028256492614746165
SARS-CoV-2-R27V_T170N,10.570746421813965,train,10.58,1.058,0.009253578186035227
SARS-CoV-2-I138C,10.434988975524902,train,10.48,1.048,0.04501102447509808
SARS-CoV-2-L188V_T201Q,10.390660285949709,train,10.42,1.042,0.02933971405029112
SARS-CoV-2-T55S_G116A_N130A,10.314664840698242,train,10.36,1.036,0.045335159301757244
SARS-CoV-2-Q163V,10.394893646240234,train,10.42,1.042,0.025106353759765554
SARS-CoV-2-R16H_Y35F_D90T,10.497565269470217,train,10.5,1.05,0.00243473052978338
SARS-CoV-2-I2M_Y119S,10.51487922668457,train,10.53,1.053,0.015120773315429048
SARS-CoV-2-Q84E_S164R,10.300015449523926,train,10.35,1.035,0.049984550476073863
SARS-CoV-2-C61S_K198V,10.322481155395508,train,10.35,1.035,0.027518844604491832
SARS-CoV-2-V37L_I142D_Q168F_Y175N,10.75866413116455,train,10.77,1.077,0.011335868835448792
SARS-CoV-2-K87T_N118S_L122T,10.579672813415527,train,10.59,1.059,0.010327186584472514
SARS-CoV-2-N4E_Y119H,10.396597862243652,train,10.43,1.043,0.03340213775634737
SARS-CoV-2-F134L_Y175E_K199L,10.69473361968994,train,10.73,1.0730000000000002,0.035266380310060796
SARS-CoV-2-V37N_Y119F_E141T,10.41988754272461,train,10.43,1.043,0.01011245727539034
SARS-CoV-2-Y119S_N151S,10.404183387756348,train,10.42,1.042,0.015816612243652273
SARS-CoV-2-Q79E,10.347267150878906,train,10.38,1.038,0.03273284912109453
SARS-CoV-2-K87Y_F160L,10.341023445129396,train,10.34,1.034,0.0010234451293964497
SARS-CoV-2-Y121L_E141T,10.367593765258787,train,10.41,1.0410000000000001,0.042406234741212856
SARS-CoV-2-E10Q_V37M_L122N_F156V,10.389019966125488,train,10.42,1.042,0.030980033874511648
SARS-CoV-2-K87Y_K128T,10.457432746887209,train,10.49,1.0490000000000002,0.032567253112791406
SARS-CoV-2-P169S_A190R,10.382112503051758,train,10.41,1.0410000000000001,0.02788749694824233
SARS-CoV-2-I2L_E154D,10.536815643310549,train,10.59,1.059,0.05318435668945121
SARS-CoV-2-K48R_G83L_F156H,10.480340957641602,train,10.46,1.046,0.02034095764160071
SARS-CoV-2-R16M_K87T_Y119S,10.452465057373049,train,10.46,1.046,0.007534942626952201
SARS-CoV-2-I28M_A42E_K132S,10.59867000579834,train,10.6,1.06,0.001329994201659801
SARS-CoV-2-V37E_S43G_K87S_L122Y_K132S,10.548066139221191,train,10.59,1.059,0.04193386077880845
SARS-CoV-2-T46I_P197C,10.431666374206545,train,10.44,1.044,0.008333625793454758
SARS-CoV-2-T148C_P197R,10.347281455993652,train,10.37,1.037,0.022718544006346875
SARS-CoV-2-C61K_D90Q_N120H,10.364693641662598,train,10.4,1.04,0.0353063583374027
SARS-CoV-2-N110E,10.471596717834473,train,10.456666666666669,1.045666666666667,0.014930051167803882
SARS-CoV-2-Q163K,10.39531421661377,train,10.425,1.0425000000000002,0.02968578338623118
SARS-CoV-2-I2F_Y119Q_I142P_V173A,10.404324531555176,train,10.44,1.044,0.03567546844482372
SARS-CoV-2-T46H,10.339966773986816,train,10.345,1.0345000000000002,0.005033226013184233
SARS-CoV-2-L5I_A18P_G146S,10.51716136932373,train,10.53,1.053,0.012838630676268892
SARS-CoV-2-N151Q,10.386401176452637,train,10.44,1.044,0.053598823547362784
SARS-CoV-2-G9T_K87T_Y119H,10.52048397064209,train,10.55,1.0550000000000002,0.029516029357910867
SARS-CoV-2-I2F_K87L_F134S,10.437132835388184,train,10.45,1.045,0.012867164611815696
SARS-CoV-2-N130K_Y159A,10.30577564239502,train,10.3,1.03,0.005775642395018821
SARS-CoV-2-F134H_N157E,10.298914909362791,train,10.32,1.032,0.021085090637209092
SARS-CoV-2-V37S_T85S,10.480586051940918,train,10.5,1.05,0.01941394805908203
SARS-CoV-2-F126I_G146S,10.36672019958496,train,10.4,1.04,0.033279800415041194
SARS-CoV-2-N4L_I104F,10.356736183166504,train,10.38,1.038,0.023263816833496875
SARS-CoV-2-F62V_I138K,10.298867225646973,train,10.31,1.0310000000000001,0.011132774353027841
SARS-CoV-2-R27V_G152N,10.718743324279783,train,10.74,1.074,0.021256675720216833
SARS-CoV-2-S43L_L187T,10.379794120788574,train,10.45,1.045,0.07020587921142507
SARS-CoV-2-N1E_P149R,10.321401596069336,train,10.38,1.038,0.058598403930664844
SARS-CoV-2-G9Q_F160P,10.506489753723145,train,10.515,1.0515,0.008510246276856037
SARS-CoV-2-I2H_L122A,10.587058067321776,train,10.6,1.06,0.012941932678224077
SARS-CoV-2-I104V_K114S,10.363531112670898,train,10.38,1.038,0.016468887329102344
SARS-CoV-2-T55H_K114G,10.360732078552246,train,10.35,1.035,0.010732078552246449
SARS-CoV-2-N151F_F156K,10.447388648986816,train,10.48,1.048,0.03261135101318402
SARS-CoV-2-K132N_Y175S_K199I,10.511967658996582,train,10.58,1.058,0.06803234100341804
SARS-CoV-2-K87V_G146V,10.331805229187012,train,10.35,1.035,0.018194770812987926
SARS-CoV-2-R16D_Y39V_L122T,10.453377723693848,test,10.59,1.059,0.1366222763061522
SARS-CoV-2-L125S_P149V,10.370718002319336,test,10.07,1.0070000000000001,0.30071800231933565
SARS-CoV-2-V32S_C61I,10.293207168579102,test,10.04,1.004,0.2532071685791024
SARS-CoV-2-L125D_Y143W,10.3982572555542,test,10.36,1.036,0.03825725555419979
SARS-CoV-2-P54T_L60Y,10.300097465515137,test,10.66,1.066,0.3599025344848634
SARS-CoV-2-G155S_H189Q,10.361347198486328,test,10.02,1.002,0.34134719848632855
SARS-CoV-2-G9N_T15S_S45D_T201G,10.307391166687012,test,10.42,1.042,0.11260883331298821
SARS-CoV-2-Q84T_Y91F,10.366080284118652,test,10.38,1.038,0.013919715881348438
SARS-CoV-2-T85R_L125P,10.406672477722168,test,10.48,1.048,0.07332752227783246
SARS-CoV-2-L111D_G172A,10.305045127868652,test,10.27,1.027,0.03504512786865277
SARS-CoV-2-R16Y_K87N,10.390765190124512,test,10.42,1.042,0.02923480987548821
SARS-CoV-2-V37T_K48R,10.474857330322266,test,10.64,1.064,0.16514266967773494
SARS-CoV-2-K26R_Y39I_L60S_T100V,10.308268547058104,test,10.51,1.051,0.2017314529418961
SARS-CoV-2-G117D,10.379254341125488,test,9.966,0.9965999999999999,0.413254341125489
SARS-CoV-2-Y39F_L60Q,10.293258666992188,test,10.5,1.05,0.2067413330078125
SARS-CoV-2-S29R,10.366084098815918,test,10.334,1.0334,0.03208409881591834
SARS-CoV-2-G9T,10.312867164611816,test,10.317142857142857,1.0317142857142858,0.00427569253104032
SARS-CoV-2-I28M_L60I,10.501611709594728,test,10.56,1.056,0.05838829040527216
SARS-CoV-2-S43T_G166V,10.427789688110352,test,10.27,1.027,0.157789688110352
SARS-CoV-2-A190R_P197G,10.292778968811035,test,10.42,1.042,0.12722103118896477
SARS-CoV-2-K56D_N151R,10.350841522216797,test,10.54,1.054,0.18915847778320227
SARS-CoV-2-V37M_K114W,10.468423843383787,test,10.25,1.0250000000000001,0.2184238433837873
SARS-CoV-2-Q163M_P197Q,10.389544486999512,test,10.58,1.058,0.19045551300048835
SARS-CoV-2-N120H_I138V,10.49066925048828,test,10.58,1.058,0.0893307495117206
SARS-CoV-2-R16S_N130S,10.335976600646973,test,10.29,1.029,0.04597660064697351
SARS-CoV-2-K87N_F156Q_Q176E,10.395901679992676,test,10.43,1.043,0.034098320007323935
SARS-CoV-2-C61Q_T201Y,10.359353065490724,test,10.5,1.05,0.14064693450927557
SARS-CoV-2-S164A,10.340413093566896,test,10.555,1.0555,0.2145869064331034
SARS-CoV-2-G166H,10.432357788085938,test,10.33,1.0330000000000001,0.10235778808593743
SARS-CoV-2-T55S_K87V,10.351966857910156,test,10.54,1.054,0.1880331420898429
SARS-CoV-2-N130F_G172K,10.332961082458496,test,10.29,1.029,0.042961082458496946
SARS-CoV-2-R16T,10.42763614654541,test,10.384444444444446,1.0384444444444447,0.043191702100964235
SARS-CoV-2-N118T_F156I,10.401009559631348,test,10.5,1.05,0.09899044036865234
SARS-CoV-2-V37L_N64D,10.395813941955566,test,10.33,1.0330000000000001,0.06581394195556634
SARS-CoV-2-L5A_V37A_Q168S,10.315083503723145,test,10.61,1.061,0.2949164962768549
SARS-CoV-2-G9N_K87S,10.332282066345217,test,10.54,1.054,0.20771793365478253
SARS-CoV-2-Y35L_Y119T,10.402677536010742,test,10.6,1.06,0.19732246398925746
SARS-CoV-2-K56E_K128M,10.39907932281494,test,10.1,1.01,0.29907932281494
SARS-CoV-2-P197F,10.36681079864502,test,10.375,1.0375,0.008189201354980469
SARS-CoV-2-F126Y_E154G,10.348766326904297,test,10.63,1.0630000000000002,0.2812336730957039
SARS-CoV-2-I2T_Y175T,10.40025234222412,test,9.98,0.9980000000000001,0.4202523422241189
SARS-CoV-2-F44N_Y175Q_T201M,10.441879272460938,test,10.23,1.0230000000000001,0.21187927246093707
SARS-CoV-2-Y39L_G116S,10.477421760559082,test,10.53,1.053,0.05257823944091733
SARS-CoV-2-A42K_Q84M_L122A_K199H,10.429235458374023,test,10.77,1.077,0.34076454162597614
SARS-CoV-2-P149I,10.35551929473877,test,10.26736842105263,1.0267368421052632,0.08815087368613916
SARS-CoV-2-L122M_K132L,10.362542152404783,test,10.43,1.043,0.06745784759521634
SARS-CoV-2-K56D_V115G,10.398005485534668,test,10.265,1.0265000000000002,0.1330054855346674
SARS-CoV-2-T55Y_S129A_G174L,10.303239822387695,test,10.33,1.0330000000000001,0.02676017761230476
SARS-CoV-2-L122K_G166S_G174A,10.429783821105955,test,10.6,1.06,0.1702161788940444
SARS-CoV-2-N120T,10.48534870147705,test,10.42058823529412,1.0420588235294121,0.06476046618293019
SARS-CoV-2-A42M_L122K_I138L,10.423163414001465,test,10.35,1.035,0.0731634140014652
SARS-CoV-2-Q163M_G166D_T201K,10.358479499816896,test,10.32,1.032,0.03847949981689602
SARS-CoV-2-S184T,10.462122917175291,test,10.425999999999998,1.0426,0.03612291717529281
SARS-CoV-2-S29D,10.379156112670898,test,10.486666666666666,1.0486666666666666,0.10751055399576792
SARS-CoV-2-F156G,10.402762413024902,test,10.57,1.0570000000000002,0.16723758697509794
SARS-CoV-2-A33W_F160S,10.395007133483888,test,10.41,1.0410000000000001,0.014992866516111647
SARS-CoV-2-I2W_G174E,10.36682415008545,test,10.33,1.0330000000000001,0.03682415008544915
SARS-CoV-2-T140R_G172R,10.324746131896973,test,10.53,1.053,0.2052538681030267
SARS-CoV-2-A22R_L125Q,10.360774040222168,test,10.49,1.0490000000000002,0.12922595977783224
SARS-CoV-2-F126Y_I138M_Q163E,10.343238830566406,test,10.54,1.054,0.1967611694335929
SARS-CoV-2-S29A_A190S_K198D,10.299954414367676,test,10.44,1.044,0.14004558563232372
SARS-CoV-2-I2E_Y35L,10.374857902526855,test,10.5,1.05,0.12514209747314453
SARS-CoV-2-V32S_T100F_A192G,10.293896675109863,test,10.28,1.028,0.01389667510986392
SARS-CoV-2-R16K_Y119R,10.334380149841309,test,10.5,1.05,0.1656198501586914
SARS-CoV-2-L5H_N120S,10.383952140808104,test,10.31,1.0310000000000001,0.0739521408081032
SARS-CoV-2-I2D_Y66W,10.31822681427002,test,10.33,1.0330000000000001,0.01177318572998054
SARS-CoV-2-Y50F_L125K_G152Q,10.350848197937012,test,10.43,1.043,0.079151802062988
SARS-CoV-2-Y35M_A145I,10.376314163208008,test,10.36,1.036,0.01631416320800838
SARS-CoV-2-K114A_L122A,10.332493782043455,test,10.34,1.034,0.007506217956544603
SARS-CoV-2-L122H,10.383480072021484,test,10.486666666666666,1.0486666666666666,0.10318659464518198
SARS-CoV-2-K87P_S200Y,10.447646141052246,test,10.48,1.048,0.03235385894775433
SARS-CoV-2-G51N_F62L_K198G,10.309919357299805,test,10.34,1.034,0.03008064270019517
SARS-CoV-2-N130P_S184V,10.344393730163574,test,10.42,1.042,0.07560626983642571
SARS-CoV-2-S43E,10.424410820007324,test,10.1725,1.01725,0.2519108200073248
SARS-CoV-2-I28M_L187Q_P197A,10.599108695983888,test,10.58,1.058,0.019108695983888424
SARS-CoV-2-T100R_K198F,10.311663627624512,test,10.33,1.0330000000000001,0.018336372375488352
SARS-CoV-2-F156L_A192H,10.312423706054688,test,10.2,1.02,0.11242370605468821
SARS-CoV-2-S53N_S200L,10.395339012145996,test,10.11,1.011,0.28533901214599666
SARS-CoV-2-T55L_K198L,10.33191967010498,test,10.45,1.045,0.11808032989501882
SARS-CoV-2-L122R_S200L,10.416534423828123,test,10.44,1.044,0.02346557617187628
SARS-CoV-2-V37N_T148H,10.361493110656738,test,10.1,1.01,0.26149311065673864
SARS-CoV-2-N24K_Y35M,10.50837516784668,test,10.11,1.011,0.39837516784668026
SARS-CoV-2-T3S_V173M,10.372937202453612,test,10.48,1.048,0.10706279754638892
SARS-CoV-2-S43C_G174Q,10.46061897277832,test,10.27,1.027,0.19061897277832074
SARS-CoV-2-L60Y_G116R,10.36905002593994,test,10.43,1.043,0.060949974060060086
SARS-CoV-2-G9S_T55L,10.437860488891602,test,10.47,1.0470000000000002,0.03213951110839908
SARS-CoV-2-F8L_Y175R,10.410863876342772,test,10.5,1.05,0.08913612365722834
SARS-CoV-2-Q163R_T201G,10.30414581298828,test,10.48,1.048,0.17585418701172095
SARS-CoV-2-A192F,10.308182716369627,test,10.2,1.02,0.10818271636962784
SARS-CoV-2-Y66F_Y175H,10.357281684875488,test,10.35,1.035,0.0072816848754886365
SARS-CoV-2-V37D_L111Q,10.490456581115724,test,10.5,1.05,0.009543418884275567
SARS-CoV-2-I28L_N120V_Y175K,10.374188423156738,test,10.4,1.04,0.025811576843262074
SARS-CoV-2-K114A_Y159S,10.345593452453612,test,10.53,1.053,0.18440654754638786
SARS-CoV-2-S129A,10.443602561950684,test,10.388,1.0388,0.05560256195068369
SARS-CoV-2-T100L_F156A_T201R,10.406464576721191,test,10.39,1.0390000000000001,0.016464576721190838
SARS-CoV-2-I2W_G155S,10.29710292816162,test,9.74,0.9740000000000001,0.5571029281616191
SARS-CoV-2-N64S_P197K,10.355975151062012,test,10.13,1.0130000000000001,0.22597515106201094
SARS-CoV-2-S43N_F62C,10.433320045471191,test,10.44,1.044,0.006679954528808096
SARS-CoV-2-D59Q_K114E,10.429211616516112,test,10.32,1.032,0.10921161651611122
SARS-CoV-2-L125K_T140H_P149A,10.345548629760742,test,10.58,1.058,0.23445137023925788
SARS-CoV-2-F62P,10.310002326965332,test,10.245454545454546,1.0245454545454546,0.064547781510786
SARS-CoV-2-Y35M_G174R,10.31333065032959,test,10.57,1.0570000000000002,0.25666934967041044
SARS-CoV-2-L5E_S43R_N120T,10.451708793640137,test,10.55,1.0550000000000002,0.09829120635986399
SARS-CoV-2-P197T,10.396281242370604,test,10.377333333333333,1.0377333333333334,0.01894790903727106
SARS-CoV-2-T100F_L125P,10.32376194000244,test,10.5,1.05,0.17623805999756037
SARS-CoV-2-N58Q,10.317527770996094,test,10.340000000000002,1.0340000000000003,0.022472229003907884
SARS-CoV-2-S43Q_T55S,10.339516639709473,test,9.95,0.995,0.38951663970947337
SARS-CoV-2-G9M_V37F_L188M,10.550002098083496,test,10.57,1.0570000000000002,0.01999790191650419
SARS-CoV-2-I28F_S43F,10.384031295776367,test,10.55,1.0550000000000002,0.16596870422363352
SARS-CoV-2-C61A_G117P,10.333418846130373,test,10.15,1.0150000000000001,0.18341884613037251
SARS-CoV-2-C61L_Y119P,10.31661605834961,test,10.25,1.0250000000000001,0.06661605834960938
SARS-CoV-2-D90E_G166D,10.345377922058104,test,10.46,1.046,0.11462207794189716
SARS-CoV-2-V32S_P54R,10.374046325683594,test,10.15,1.0150000000000001,0.2240463256835934
SARS-CoV-2-T201Q,10.401022911071776,test,10.37375,1.037375,0.027272911071776207
SARS-CoV-2-S129C_P197V,10.44355297088623,test,10.47,1.0470000000000002,0.02644702911377017
SARS-CoV-2-R16Y_T100Y,10.384466171264648,test,10.36,1.036,0.024466171264649006
SARS-CoV-2-A33W,10.450457572937012,test,10.55,1.0550000000000002,0.09954242706298899
SARS-CoV-2-K114M,10.4154634475708,test,10.46,1.046,0.04453655242920007
SARS-CoV-2-R27V_Y143F_T201S,10.419066429138184,test,10.53,1.053,0.11093357086181577
SARS-CoV-2-F126V_T193K,10.321488380432127,test,10.27,1.027,0.051488380432127556
SARS-CoV-2-V32E_S43N,10.41721248626709,test,10.55,1.0550000000000002,0.13278751373291087
SARS-CoV-2-S29T_G116E,10.388307571411133,test,10.45,1.045,0.06169242858886648
SARS-CoV-2-Y39Q_R78T_K132M,10.320237159729004,test,10.55,1.0550000000000002,0.2297628402709968
SARS-CoV-2-G166S_H189N,10.428023338317873,test,9.94,0.994,0.48802333831787337
SARS-CoV-2-L187H_A192D,10.293463706970217,test,10.22,1.022,0.07346370697021598
SARS-CoV-2-N110E_Y119C,10.385141372680664,test,10.32,1.032,0.06514137268066378
SARS-CoV-2-N130S_Q168R,10.30437183380127,test,10.5,1.05,0.19562816619873047
SARS-CoV-2-V37M_T55Y_C61H,10.356416702270508,test,10.58,1.058,0.22358329772949226
SARS-CoV-2-R78P_S129D,10.471783638000488,test,10.61,1.061,0.13821636199951115
SARS-CoV-2-T201F,10.303685188293455,test,10.37142857142857,1.0371428571428571,0.06774338313511485
SARS-CoV-2-Y35I_C61R,10.397246360778809,test,10.37,1.037,0.027246360778809375
SARS-CoV-2-K56Y_L125N_V153G,10.3883056640625,test,10.165,1.0165,0.22330566406250085
SARS-CoV-2-Y159T_T170L,10.328248023986816,test,10.21,1.0210000000000001,0.11824802398681555
SARS-CoV-2-T3N_V11I,10.310260772705078,test,10.5,1.05,0.18973922729492188
SARS-CoV-2-N24H_T100L_F126R,10.372754096984863,test,10.28,1.028,0.09275409698486392
SARS-CoV-2-V115Y_L122A,10.327942848205566,test,10.19,1.019,0.1379428482055669
SARS-CoV-2-V37Y_P149R_T201S,10.420905113220217,test,10.37,1.037,0.0509051132202174
SARS-CoV-2-S45D_F126C,10.315655708312988,test,10.18,1.018,0.13565570831298857
SARS-CoV-2-T63A_Y119S,10.359610557556152,test,10.48,1.048,0.12038944244384808
SARS-CoV-2-K87S_N120S_T148M,10.343246459960938,test,10.44,1.044,0.096753540039062
SARS-CoV-2-I2T_A42G,10.310675621032717,test,10.44,1.044,0.12932437896728288
SARS-CoV-2-I28L_G116N,10.39968490600586,test,10.68,1.068,0.28031509399414034
SARS-CoV-2-L125E,10.398850440979004,test,10.436666666666666,1.0436666666666665,0.03781622568766174
SARS-CoV-2-G196S,10.321961402893066,test,10.3,1.03,0.021961402893065696
SARS-CoV-2-V37A_S200I,10.43495273590088,test,10.54,1.054,0.10504726409911846
SARS-CoV-2-G9D_C61L,10.297247886657717,test,10.24,1.024,0.05724788665771641
SARS-CoV-2-S41T_T170S,10.37549877166748,test,10.53,1.053,0.1545012283325189
SARS-CoV-2-S43P_G174L,10.356271743774414,test,10.28,1.028,0.0762717437744147
SARS-CoV-2-S29E_N130R_A190Y,10.35106372833252,test,10.09,1.0090000000000001,0.2610637283325197
SARS-CoV-2-K199S,10.416959762573242,test,10.4725,1.04725,0.055540237426757955
SARS-CoV-2-T55R_F156I_Y175K,10.32210636138916,test,10.51,1.051,0.18789363861083963
SARS-CoV-2-C61R_K87N,10.365288734436035,test,10.65,1.0650000000000002,0.2847112655639652
SARS-CoV-2-S36E,10.526744842529297,test,10.36375,1.036375,0.1629948425292973
SARS-CoV-2-R16N_A18V_L122E,10.319592475891112,test,9.88,0.9880000000000001,0.4395924758911107
SARS-CoV-2-T63K_R78H,10.383039474487305,test,10.25,1.0250000000000001,0.1330394744873047
SARS-CoV-2-N130K,10.335641860961914,test,10.458333333333334,1.0458333333333334,0.12269147237141986
SARS-CoV-2-N4S_N24Q_S139T_F156E,10.449124336242676,test,10.21,1.0210000000000001,0.23912433624267493
SARS-CoV-2-P7D_R78T,10.392584800720217,test,10.54,1.054,0.14741519927978253
SARS-CoV-2-V52L_N118D_L187N,10.418219566345217,test,10.32,1.032,0.09821956634521634
SARS-CoV-2-R73A,10.29755687713623,test,10.14,1.014,0.1575568771362299
SARS-CoV-2-K87C,10.393426895141602,test,10.435,1.0435,0.041573104858398935
SARS-CoV-2-A42M_V153N,10.294344902038574,test,9.52,0.952,0.7743449020385746
SARS-CoV-2-I2V_T15E_S36D_K87T,10.39449405670166,test,10.57,1.0570000000000002,0.17550594329834013
SARS-CoV-2-N40H_T100V,10.299840927124023,test,10.58,1.058,0.28015907287597663
SARS-CoV-2-V173L_T201A,10.31690502166748,test,10.33,1.0330000000000001,0.013094978332519602
SARS-CoV-2-S129D_H189T,10.351642608642578,test,10.48,1.048,0.1283573913574223
SARS-CoV-2-K87T_Y143I,10.440383911132812,test,10.44,1.044,0.0003839111328129974
SARS-CoV-2-I2E_P54R,10.32271671295166,test,10.4,1.04,0.0772832870483402
SARS-CoV-2-T140I,10.380181312561035,test,10.21,1.0210000000000001,0.1701813125610343
SARS-CoV-2-Y39L_D97L,10.31659984588623,test,10.54,1.054,0.22340015411376868
SARS-CoV-2-I138M_G152N_Y159S_P197T,10.384478569030762,test,10.49,1.0490000000000002,0.1055214309692385
SARS-CoV-2-R78P_K87F,10.338059425354004,test,10.39,1.0390000000000001,0.05194057464599666
SARS-CoV-2-T100I,10.39385986328125,test,10.384285714285712,1.0384285714285713,0.009574148995538323
SARS-CoV-2-V37K,10.414946556091309,test,10.488181818181818,1.0488181818181819,0.07323526209050968
SARS-CoV-2-Y119N_E154I_G166Q,10.348286628723145,test,10.6,1.06,0.2517133712768551
SARS-CoV-2-G152D_T201A,10.306490898132324,test,10.225,1.0225,0.08149089813232457
SARS-CoV-2-G172D,10.353827476501465,test,10.423333333333334,1.0423333333333333,0.06950585683186894
SARS-CoV-2-L5T_Y39K_T55A_I142V,10.29641819000244,test,9.88,0.9880000000000001,0.41641819000243885
SARS-CoV-2-Y35L_V65F,10.398927688598633,test,10.68,1.068,0.2810723114013669
SARS-CoV-2-K87S_E154P,10.303672790527344,test,10.49,1.0490000000000002,0.18632720947265646
SARS-CoV-2-R16F_Y35L,10.302842140197754,test,9.94,0.994,0.3628421401977544
SARS-CoV-2-V37F_T55P_Y66M_P197V,10.489895820617676,test,10.64,1.064,0.1501041793823248
SARS-CoV-2-K132R_T201K,10.339795112609863,test,10.32,1.032,0.019795112609862997
SARS-CoV-2-T100R_L122S,10.393546104431152,test,10.42,1.042,0.026453895568847585
SARS-CoV-2-F8L_V32S_Q168T,10.35367202758789,test,10.36,1.036,0.0063279724121088066
SARS-CoV-2-V37Q_S129D_N151S_F160Y,10.428292274475098,test,10.64,1.064,0.2117077255249029
SARS-CoV-2-K128G_V153L_L188T,10.314253807067873,test,10.61,1.061,0.29574619293212656
SARS-CoV-2-H189C,10.33731174468994,test,10.333333333333334,1.0333333333333334,0.0039784113566057044
SARS-CoV-2-I2F_A18P_N157E,10.372199058532717,test,10.38,1.038,0.0078009414672841615
SARS-CoV-2-L5P_V153Y_L188R,10.32015895843506,test,10.51,1.051,0.18984104156493942
SARS-CoV-2-N110L,10.324217796325684,test,10.347142857142858,1.034714285714286,0.02292506081717427
SARS-CoV-2-A192D,10.36943531036377,test,10.42,1.042,0.0505646896362304
SARS-CoV-2-E10D_K114V_K198N,10.594563484191896,test,10.37,1.037,0.2245634841918971
SARS-CoV-2-S129D,10.432772636413574,test,10.402857142857142,1.0402857142857143,0.029915493556432082
SARS-CoV-2-S129E_N151L_T201V,10.36552906036377,test,10.1,1.01,0.2655290603637699
SARS-CoV-2-S36A,10.436257362365724,test,10.423333333333334,1.0423333333333333,0.01292402903239065
SARS-CoV-2-K87N_L122V,10.301775932312012,test,10.34,1.034,0.03822406768798814
SARS-CoV-2-R27Q_K56M_F156L,10.407559394836426,test,10.4,1.04,0.007559394836425426
SARS-CoV-2-S43H,10.313146591186523,test,10.46,1.046,0.14685340881347742
SARS-CoV-2-N120I_Y175S,10.469559669494627,test,10.46,1.046,0.009559669494626277
SARS-CoV-2-S43T_T201K,10.40230941772461,test,10.585,1.0585000000000002,0.18269058227539148
SARS-CoV-2-L125V_S200C,10.37779140472412,test,10.03,1.003,0.34779140472411996
SARS-CoV-2-S129D_G166D,10.47580337524414,test,10.41,1.0410000000000001,0.06580337524414048
SARS-CoV-2-I2T_N151R,10.309690475463867,test,10.12,1.012,0.18969047546386797
SARS-CoV-2-L125T_V180I,10.441202163696287,test,10.19,1.019,0.2512021636962878
SARS-CoV-2-N120P_S129N,10.420437812805176,test,9.85,0.985,0.5704378128051761
SARS-CoV-2-V37W_S200L,10.438324928283691,test,10.66,1.066,0.22167507171630874
SARS-CoV-2-V37D_G174Y,10.359752655029297,test,10.15,1.0150000000000001,0.20975265502929652
SARS-CoV-2-Y39N_T201S,10.538031578063965,test,10.4,1.04,0.1380315780639645
SARS-CoV-2-R16H,10.316194534301758,test,10.416666666666666,1.0416666666666667,0.10047213236490826
SARS-CoV-2-G9S_K128A,10.43202018737793,test,10.44,1.044,0.007979812622069815
SARS-CoV-2-R27K_Y119S_Y159F,10.368412971496582,test,10.48,1.048,0.1115870285034184
SARS-CoV-2-K87L_V173H,10.385699272155762,test,10.43,1.043,0.044300727844238
SARS-CoV-2-N24T_T55G,10.425578117370604,test,10.32,1.032,0.10557811737060341
SARS-CoV-2-T55K_G174A,10.326358795166016,test,10.6,1.06,0.273641204833984
SARS-CoV-2-L60Y_P149R,10.431903839111328,test,10.43,1.043,0.0019038391113284092
SARS-CoV-2-G152K,10.301854133605955,test,10.34,1.034,0.0381458663940446
SARS-CoV-2-N118E_F156L,10.313665390014648,test,10.3,1.03,0.013665390014647727
SARS-CoV-2-N40E_K48R,10.488077163696287,test,10.41,1.0410000000000001,0.07807716369628714
SARS-CoV-2-T46H_K114R,10.31130599975586,test,10.61,1.061,0.29869400024414006
SARS-CoV-2-L122E_T148S,10.335856437683104,test,10.42,1.042,0.08414356231689624
SARS-CoV-2-I2V_T140I,10.316060066223145,test,10.24,1.024,0.07606006622314432
SARS-CoV-2-G152S,10.346235275268556,test,10.201333333333334,1.0201333333333336,0.1449019419352222
SARS-CoV-2-L5N_G83K,10.340869903564451,test,10.34,1.034,0.0008699035644514908
SARS-CoV-2-I104F,10.501225471496582,test,10.433636363636364,1.0433636363636365,0.06758910786021843
SARS-CoV-2-T85M_K87P_G174N,10.308324813842772,test,10.52,1.052,0.2116751861572279
SARS-CoV-2-S129H_S139T,10.296675682067873,test,10.47,1.0470000000000002,0.17332431793212777
SARS-CoV-2-G9A_S43A,10.417375564575195,test,10.34,1.034,0.07737556457519545
SARS-CoV-2-S129E_T148I,10.394413948059082,test,10.41,1.0410000000000001,0.01558605194091811
SARS-CoV-2-L5S_Q168H,10.352303504943848,test,10.52,1.052,0.16769649505615192
SARS-CoV-2-Y119S_N157Q,10.387678146362305,test,10.59,1.059,0.20232185363769517
SARS-CoV-2-T170Y_P197Q,10.323844909667969,test,10.59,1.059,0.2661550903320311
SARS-CoV-2-Y119E_S129N,10.374833106994627,test,10.32,1.032,0.054833106994626846
SARS-CoV-2-Q163H,10.310460090637209,test,10.175,1.0175,0.1354600906372081
SARS-CoV-2-N64T_K87L,10.432459831237791,test,10.41,1.0410000000000001,0.02245983123779105
SARS-CoV-2-N4P_K87C,10.29689598083496,test,9.86,0.986,0.43689598083495973
SARS-CoV-2-F62I,10.305533409118652,test,10.365833333333333,1.0365833333333334,0.060299924214680445
SARS-CoV-2-V37E_L122R_H189G,10.62066650390625,test,10.71,1.0710000000000002,0.08933349609375085
SARS-CoV-2-K56S_K87V_S139T_P197E,10.469059944152832,test,10.03,1.003,0.43905994415283267
SARS-CoV-2-S53L_F156K,10.387981414794922,test,10.55,1.0550000000000002,0.16201858520507884
SARS-CoV-2-K87G_G172Q,10.346874237060549,test,10.53,1.053,0.1831257629394507
SARS-CoV-2-E141S_P197T,10.355584144592283,test,10.34,1.034,0.015584144592283522
SARS-CoV-2-N4M_K87V_K114R_T201I,10.409443855285645,test,10.32,1.032,0.08944385528564425
SARS-CoV-2-T170E,10.3464937210083,test,10.4375,1.04375,0.09100627899169922
SARS-CoV-2-G9N_I138L,10.388115882873535,test,10.49,1.0490000000000002,0.10188411712646506
SARS-CoV-2-I2V_G174K,10.377781867980955,test,10.52,1.052,0.14221813201904432
SARS-CoV-2-K87T_I104F,10.391127586364746,test,10.26,1.026,0.1311275863647463
SARS-CoV-2-F126Y,10.36689281463623,test,10.36,1.036,0.006892814636231037
SARS-CoV-2-R16D_T148E,10.295300483703612,test,10.43,1.043,0.1346995162963882
SARS-CoV-2-L122A_S129R,10.343317985534668,test,10.52,1.052,0.1766820144653316
SARS-CoV-2-V37T,10.458035469055176,test,10.375384615384617,1.0375384615384617,0.08265085367055924
SARS-CoV-2-G9D_F156L_L162I,10.412229537963867,test,10.3,1.03,0.11222953796386648
SARS-CoV-2-P7D_K114Y,10.415772438049316,test,10.52,1.052,0.10422756195068317
SARS-CoV-2-K199L,10.32966136932373,test,9.892,0.9892,0.437661369323731
SARS-CoV-2-V37T_L122S,10.558847427368164,test,10.77,1.077,0.2111525726318355
SARS-CoV-2-S36D_T140R_N151L,10.401898384094238,test,10.04,1.004,0.36189838409423913
SARS-CoV-2-T170C_Y175M,10.342917442321776,test,10.31,1.0310000000000001,0.03291744232177507
SARS-CoV-2-Y39I_Q168F_V173L_P197R,10.346362113952637,test,10.3,1.03,0.04636211395263601
SARS-CoV-2-Y39L_I88V,10.36440658569336,test,10.16,1.016,0.20440658569335923
SARS-CoV-2-G9D_G155K,10.502884864807127,test,10.63,1.0630000000000002,0.12711513519287365
SARS-CoV-2-F12I_T55L_K87V_Y175K_K199L,10.480682373046877,test,10.7,1.07,0.2193176269531225
SARS-CoV-2-K87N_T140L,10.37771987915039,test,10.19,1.019,0.18771987915039112
SARS-CoV-2-L122R_S200F,10.417108535766602,test,10.45,1.045,0.03289146423339773
SARS-CoV-2-K56S_K87S_L122S,10.359227180480955,test,10.46,1.046,0.1007728195190456
SARS-CoV-2-V153D,10.32695770263672,test,9.781666666666666,0.9781666666666666,0.5452910359700542
SARS-CoV-2-K87Y_V173M,10.453984260559082,test,10.48,1.048,0.026015739440918395
SARS-CoV-2-K48R_V115T,10.330174446105955,test,10.325,1.0325,0.0051744461059559654
SARS-CoV-2-V37F_Q163L,10.51419734954834,test,10.71,1.0710000000000002,0.195802650451661
SARS-CoV-2-V37A_S129I,10.360219955444336,test,10.45,1.045,0.08978004455566335
SARS-CoV-2-Y35L_L122T,10.41088581085205,test,10.33,1.0330000000000001,0.08088581085205071
SARS-CoV-2-V37A_S43N_I138S_P149T,10.343214988708496,test,10.53,1.053,0.18678501129150327
SARS-CoV-2-K132D,10.341509819030762,test,10.123333333333331,1.012333333333333,0.21817648569743042
SARS-CoV-2-N120S_G166I,10.42955493927002,test,10.57,1.0570000000000002,0.14044506072998075
SARS-CoV-2-I2M_N110M,10.296212196350098,test,10.2,1.02,0.09621219635009837
SARS-CoV-2-I2A_T100F,10.433070182800291,test,10.53,1.053,0.09692981719970817
SARS-CoV-2-V37E_K87T_A105S_P149V,10.403997421264648,test,10.46,1.046,0.056002578735352415
SARS-CoV-2-L5H_C61L_K87I,10.33749294281006,test,10.35,1.035,0.012507057189939275
SARS-CoV-2-S29F,10.315664291381836,test,10.24,1.024,0.07566429138183572
SARS-CoV-2-N130S_K199H,10.34369659423828,test,10.43,1.043,0.08630340576172024
SARS-CoV-2-K56D_E141S,10.323607444763184,test,10.46,1.046,0.13639255523681726
SARS-CoV-2-S43K_S113G,10.356215476989746,test,10.27,1.027,0.08621547698974652
SARS-CoV-2-P169Y_G172D,10.344374656677246,test,10.7,1.07,0.3556253433227532
SARS-CoV-2-I2K_N120L_P197I,10.376408576965332,test,10.47,1.0470000000000002,0.09359142303466861
SARS-CoV-2-L5S_I28L_T55S_K114G,10.379141807556152,test,10.29,1.029,0.0891418075561532
SARS-CoV-2-S29A_V37L_Y121F,10.32250690460205,test,10.16,1.016,0.16250690460205064
SARS-CoV-2-I2V_Y35L_T55G_N120G,10.360472679138184,test,10.55,1.0550000000000002,0.18952732086181712
SARS-CoV-2-Y39V,10.347819328308104,test,10.53,1.053,0.18218067169189567
SARS-CoV-2-I2V_T201A,10.377310752868652,test,10.41,1.0410000000000001,0.0326892471313478
SARS-CoV-2-T140Q,10.309664726257324,test,10.446666666666667,1.0446666666666669,0.137001940409343
SARS-CoV-2-N118D,10.37496852874756,test,10.413333333333332,1.0413333333333332,0.03836480458577185
SARS-CoV-2-I2G_K87N_G117D,10.474457740783691,test,10.48,1.048,0.00554225921630902
SARS-CoV-2-I138L_K199Q,10.38644313812256,test,10.385,1.0385,0.0014431381225605833
SARS-CoV-2-I2D,10.387022972106934,test,10.4375,1.04375,0.050477027893066406
SARS-CoV-2-G166E,10.393186569213867,test,10.415,1.0414999999999999,0.02181343078613196
SARS-CoV-2-Y35M_T100I_Q163S,10.362607955932615,test,10.17,1.0170000000000001,0.19260795593261548
SARS-CoV-2-Y39T,10.508218765258787,test,10.28,1.028,0.22821876525878793
SARS-CoV-2-Y39T_Y175K,10.468243598937988,test,10.47,1.0470000000000002,0.0017564010620123582
SARS-CoV-2-T55Y,10.541054725646973,test,10.382307692307691,1.038230769230769,0.15874703333928153
SARS-CoV-2-C61K,10.327980995178224,test,10.42705882352941,1.0427058823529411,0.09907782835118617
SARS-CoV-2-N130Q_Y175S,10.46003532409668,test,10.39,1.0390000000000001,0.07003532409667912
SARS-CoV-2-S147P_A190N,10.411112785339355,test,10.27,1.027,0.1411127853393559
SARS-CoV-2-K87T_F156K_K199F,10.469597816467283,test,10.33,1.0330000000000001,0.1395978164672833
SARS-CoV-2-F126R_F156A,10.4714994430542,test,10.45,1.045,0.02149944305419993
SARS-CoV-2-L122Q_T201K,10.351567268371582,test,10.55,1.0550000000000002,0.19843273162841868
SARS-CoV-2-G9E_T201D,10.416459083557127,test,10.54,1.054,0.12354091644287202
SARS-CoV-2-D97N_Y119D,10.39268970489502,test,10.46,1.046,0.06731029510498132
SARS-CoV-2-L5T_T100I,10.36165714263916,test,10.255,1.0255,0.10665714263915937
SARS-CoV-2-I2F_S29R,10.37234115600586,test,10.34,1.034,0.03234115600585952
SARS-CoV-2-Y121L,10.316926956176758,test,10.326363636363636,1.0326363636363636,0.009436680186878377
SARS-CoV-2-F156V,10.32785701751709,test,10.28529411764706,1.0285294117647061,0.04256289987002937
SARS-CoV-2-Y35F_A42Q,10.438199996948242,test,10.29,1.029,0.14819999694824304
SARS-CoV-2-V37L_K56T_Y119R,10.436083793640137,test,10.45,1.045,0.01391620635986257
SARS-CoV-2-F8W,10.34390640258789,test,10.340000000000002,1.0340000000000003,0.003906402587888991
SARS-CoV-2-Y39Q,10.389309883117676,test,10.48,1.048,0.09069011688232465
SARS-CoV-2-I2S_I104F,10.467893600463867,test,10.07,1.0070000000000001,0.3978936004638669
SARS-CoV-2-T46V_S129N_F156A,10.37578296661377,test,8.91,0.891,1.4657829666137694
SARS-CoV-2-G172Q,10.372002601623535,test,10.533333333333331,1.0533333333333332,0.16133073170979628
SARS-CoV-2-K114T,10.29749584197998,test,10.435555555555556,1.0435555555555556,0.13805971357557567
SARS-CoV-2-K132E,10.375652313232422,test,10.266666666666667,1.0266666666666668,0.10898564656575438
SARS-CoV-2-T55G_Y178H,10.351740837097168,test,10.57,1.0570000000000002,0.21825916290283232
SARS-CoV-2-V37K_G152T,10.37429428100586,test,10.35,1.035,0.02429428100585973
SARS-CoV-2-Y39H_P197E,10.355352401733398,test,10.59,1.059,0.23464759826660142
SARS-CoV-2-K198F,10.293803215026855,test,10.46,1.046,0.16619678497314538
SARS-CoV-2-L187H,10.337773323059082,test,10.356666666666667,1.0356666666666667,0.018893343607585322
SARS-CoV-2-T85S_F156S,10.357078552246094,test,10.39,1.0390000000000001,0.03292144775390682
SARS-CoV-2-F44W_P149A,10.311285018920898,test,10.34,1.034,0.02871498107910142
SARS-CoV-2-G9S_V173T,10.376641273498535,test,10.39,1.0390000000000001,0.013358726501465412
SARS-CoV-2-L122Q_E154L,10.300200462341309,test,10.33,1.0330000000000001,0.029799537658691477
SARS-CoV-2-C61L_K87L,10.337801933288574,test,10.35,1.035,0.012198066711425426
SARS-CoV-2-K26T_V37C,10.512993812561035,test,10.42,1.042,0.09299381256103523
SARS-CoV-2-K26T_V173M_T201M,10.398037910461426,test,10.3,1.03,0.09803791046142507
SARS-CoV-2-Y39A_N64T,10.437434196472168,test,10.49,1.0490000000000002,0.052565803527832244
SARS-CoV-2-V37W_K198E,10.439406394958496,test,10.38,1.038,0.05940639495849531
SARS-CoV-2-K114C,10.427620887756348,test,10.056666666666668,1.005666666666667,0.37095422108967924
SARS-CoV-2-P54R_K198E,10.34321117401123,test,10.38,1.038,0.03678882598877031
SARS-CoV-2-V37R_L131I,10.369829177856444,test,10.38,1.038,0.010170822143557245
SARS-CoV-2-V32E_Y175Q,10.488018035888672,test,10.45,1.045,0.038018035888672586
SARS-CoV-2-Y39L_G83N_P149I,10.443048477172852,test,10.41,1.0410000000000001,0.03304847717285142
SARS-CoV-2-T3P_G166T,10.357559204101562,test,10.32,1.032,0.037559204101562216
SARS-CoV-2-T55L_L111M,10.426753044128418,test,10.38,1.038,0.04675304412841719
SARS-CoV-2-T55A_N64S,10.396681785583496,test,10.58,1.058,0.18331821441650398
SARS-CoV-2-S43P_L122Y,10.414485931396484,test,9.96,0.9960000000000001,0.4544859313964835
SARS-CoV-2-R27V_Y39L_G155A,10.383231163024902,test,10.58,1.058,0.19676883697509773
SARS-CoV-2-K48R_T55N,10.345383644104004,test,10.24,1.024,0.1053836441040037
SARS-CoV-2-V153S,10.433721542358398,test,10.377142857142855,1.0377142857142856,0.05657868521554299
SARS-CoV-2-V37K_S139T,10.407187461853027,test,9.67,0.9670000000000001,0.7371874618530274
SARS-CoV-2-V173K,10.333474159240724,test,10.393333333333333,1.0393333333333332,0.059859174092608214
SARS-CoV-2-T55E_L131V,10.375125885009766,test,10.05,1.0050000000000001,0.3251258850097649
SARS-CoV-2-T63A_F156R,10.331809997558594,test,10.52,1.052,0.18819000244140582
SARS-CoV-2-L122R_E141M,10.32552719116211,test,10.03,1.003,0.29552719116211
SARS-CoV-2-I28L_G116S,10.34934139251709,test,10.25,1.0250000000000001,0.09934139251708984
SARS-CoV-2-T100Q_K198N,10.362343788146973,test,10.62,1.062,0.25765621185302656
SARS-CoV-2-C61Q_T201M,10.4740629196167,test,10.43,1.043,0.0440629196166995
SARS-CoV-2-S36L_Y175S,10.406855583190918,test,10.52,1.052,0.1131444168090816
SARS-CoV-2-T170G,10.360713005065918,test,10.364285714285714,1.0364285714285715,0.003572709219795911
SARS-CoV-2-L60I_T201N,10.312862396240234,test,10.23,1.0230000000000001,0.08286239624023395
SARS-CoV-2-S43A_A190S_T201I,10.37502098083496,test,10.31,1.0310000000000001,0.06502098083495866
SARS-CoV-2-I2S_A190L_S200N,10.31829071044922,test,10.36,1.036,0.041709289550778905
SARS-CoV-2-L5V_N171M,10.363391876220703,test,10.29,1.029,0.07339187622070398
SARS-CoV-2-Q84S_V173I,10.342277526855469,test,9.27,0.927,1.0722775268554692
SARS-CoV-2-L122E,10.354815483093262,test,10.4925,1.04925,0.137684516906738
SARS-CoV-2-L5S_T201V,10.310883522033691,test,10.36,1.036,0.049116477966308025
SARS-CoV-2-T55H_Q84T,10.362176895141602,test,10.375,1.0375,0.012823104858398438
SARS-CoV-2-V37L_S129K,10.391162872314451,test,10.49,1.0490000000000002,0.09883712768554886
SARS-CoV-2-K128S_T201K,10.495203018188477,test,10.505,1.0505000000000002,0.009796981811524219
SARS-CoV-2-K87V_Y119F,10.475581169128418,test,10.53,1.053,0.05441883087158139
SARS-CoV-2-K26R_T100M_V153E,10.436150550842283,test,10.61,1.061,0.17384944915771605
SARS-CoV-2-V153Q_Q168N,10.347274780273438,test,10.47,1.0470000000000002,0.12272521972656314
SARS-CoV-2-I104F_Y143V,10.410018920898438,test,10.42,1.042,0.009981079101562429
SARS-CoV-2-Y119T_K198C,10.40208911895752,test,10.44,1.044,0.03791088104247997
SARS-CoV-2-G9F_T201S,10.292387962341309,test,10.31,1.0310000000000001,0.017612037658691904
SARS-CoV-2-G9V_Y35L_K87Y,10.383099555969238,test,10.16,1.016,0.22309955596923814
SARS-CoV-2-Y119M_T201S,10.317591667175291,test,10.47,1.0470000000000002,0.15240833282470945
SARS-CoV-2-L125H_G146S,10.318720817565918,test,10.37,1.037,0.05127918243408125
SARS-CoV-2-S53V_K87T_T201Y,10.549614906311035,test,6.85,0.685,3.6996149063110355
SARS-CoV-2-T3S_K56G,10.391191482543944,test,10.015,1.0015,0.37619148254394297
SARS-CoV-2-R27V,10.303975105285645,test,10.096923076923076,1.0096923076923077,0.2070520283625683
SARS-CoV-2-S43T_G146T,10.31412410736084,test,10.29,1.029,0.024124107360840696
SARS-CoV-2-V37S_G116F_Y175S,10.484272956848145,test,10.62,1.062,0.1357270431518547
SARS-CoV-2-Y35M_R73K_Y159R,10.312896728515623,test,10.15,1.0150000000000001,0.16289672851562287
SARS-CoV-2-I28W_F160V_G172Q,10.391046524047852,test,10.73,1.0730000000000002,0.33895347595214886
SARS-CoV-2-Y39A_T201L,10.306721687316896,test,10.56,1.056,0.2532783126831042
SARS-CoV-2-L125E_T201M,10.297834396362305,test,9.93,0.993,0.36783439636230497
SARS-CoV-2-G83R_G117D_L122S_G166E,10.33454418182373,test,10.34,1.034,0.005455818176269389
SARS-CoV-2-N40R_V153T,10.414592742919922,test,10.44,1.044,0.025407257080077628
SARS-CoV-2-L5V_V37D,10.43492031097412,test,10.11,1.011,0.3249203109741199
SARS-CoV-2-V37S_F44Y,10.435550689697266,test,9.99,0.9990000000000001,0.4455506896972654
SARS-CoV-2-T170N,10.338271141052246,test,10.383636363636365,1.0383636363636366,0.04536522258411857
SARS-CoV-2-L188P,10.387263298034668,test,10.2825,1.02825,0.10476329803466733
SARS-CoV-2-K87S_L125G,10.435760498046877,test,10.45,1.045,0.014239501953122513
SARS-CoV-2-V153M,10.355755805969238,test,10.476,1.0476,0.12024419403076259
SARS-CoV-2-F126S_G174R,10.329915046691896,test,10.33,1.0330000000000001,8.495330810376345e-05
SARS-CoV-2-T3A_Y39L,10.375239372253418,test,10.34,1.034,0.03523937225341811
SARS-CoV-2-S41T,10.36099910736084,test,10.327142857142858,1.032714285714286,0.033856250217981554
SARS-CoV-2-A18P_P149L,10.318639755249023,test,10.49,1.0490000000000002,0.17136024475097678
SARS-CoV-2-Y39V_T85K,10.33831024169922,test,10.38,1.038,0.041689758300780255
SARS-CoV-2-F62M_Y119S,10.511131286621094,test,10.42,1.042,0.09113128662109382
SARS-CoV-2-I28M_N58P,10.529546737670898,test,9.69,0.969,0.8395467376708989
SARS-CoV-2-V32A_L125A_Q163K_T201S,10.408437728881836,test,10.3,1.03,0.10843772888183523
SARS-CoV-2-I2R_K87S_L122W_T170E,10.327360153198242,test,10.41,1.0410000000000001,0.08263984680175795
SARS-CoV-2-Y39N_C61D_S147R,10.321712493896484,test,10.19,1.019,0.13171249389648487
SARS-CoV-2-K56R_L122R,10.423853874206545,test,10.44,1.044,0.016146125793454758
SARS-CoV-2-P191N,10.399622917175291,test,10.42,1.042,0.020377082824708737
SARS-CoV-2-S29K_N64S_K87M,10.412362098693848,test,10.47,1.0470000000000002,0.05763790130615298
SARS-CoV-2-S41T_N130R_G166K,10.337910652160645,test,10.3,1.03,0.03791065216064382
SARS-CoV-2-N64S_V115A,10.372825622558594,test,10.175,1.0175,0.19782562255859304
SARS-CoV-2-D59T_N157E,10.321866035461426,test,10.34,1.034,0.018133964538574077
SARS-CoV-2-K198A,10.437871932983398,test,10.465,1.0465,0.02712806701660142
SARS-CoV-2-V32Y_T148Q,10.380212783813477,test,10.67,1.067,0.28978721618652337
SARS-CoV-2-V52C_L125H_F160N,10.47688102722168,test,10.57,1.0570000000000002,0.0931189727783206
SARS-CoV-2-L5V_V173Q,10.360642433166504,test,9.83,0.9830000000000001,0.5306424331665038
SARS-CoV-2-S164K_T170Q,10.399614334106444,test,10.35,1.035,0.04961433410644389
SARS-CoV-2-N24K_C61N,10.405735969543455,test,10.28,1.028,0.1257359695434559
SARS-CoV-2-G9R_Y175M,10.331409454345703,test,10.53,1.053,0.19859054565429624
SARS-CoV-2-N64S_P197S,10.48658275604248,test,10.56,1.056,0.07341724395752003
SARS-CoV-2-Q168A_A190G,10.472904205322266,test,10.34,1.034,0.13290420532226577
SARS-CoV-2-L122S_Q168N,10.320531845092772,test,10.43,1.043,0.10946815490722805
SARS-CoV-2-F8I_F156I_G174D,10.396039962768556,test,10.16,1.016,0.23603996276855632
SARS-CoV-2-L60Y,10.46120262145996,test,10.254285714285714,1.0254285714285716,0.2069169071742447
SARS-CoV-2-N120S_G172M,10.477359771728516,test,10.29,1.029,0.18735977172851648
SARS-CoV-2-V37L_S43L,10.391709327697754,test,10.68,1.068,0.2882906723022458
SARS-CoV-2-T3C_L125Y_F156V_Y175Q_A190V_P197W,10.305249214172363,test,10.42,1.042,0.11475078582763665
SARS-CoV-2-I2D_K128V_Y175K,10.398883819580078,test,10.0,1.0,0.3988838195800781
SARS-CoV-2-S36A_N64S_F160S,10.446815490722656,test,10.59,1.059,0.1431845092773436
SARS-CoV-2-Y119P_E141N,10.378377914428713,test,10.18,1.018,0.198377914428713
SARS-CoV-2-I2S_I28W_T201R,10.392706871032717,test,10.49,1.0490000000000002,0.09729312896728359
SARS-CoV-2-F62A_N120A,10.305949211120604,test,10.435,1.0435,0.1290507888793968
SARS-CoV-2-L5T,10.315778732299805,test,10.428888888888888,1.042888888888889,0.11311015658908374
SARS-CoV-2-L187M,10.419790267944336,test,10.54,1.054,0.12020973205566321
SARS-CoV-2-T201Y,10.34669589996338,test,10.399565217391304,1.0399565217391304,0.052869317427923335
SARS-CoV-2-T85R_L122M_A190K,10.431828498840332,test,10.34,1.034,0.09182849884033217
SARS-CoV-2-Q163C,10.335249900817873,test,9.95,0.995,0.3852499008178736
SARS-CoV-2-R78S_A190T,10.442412376403809,test,10.41,1.0410000000000001,0.03241237640380845
SARS-CoV-2-Q84S_D97L,10.322125434875488,test,10.43,1.043,0.10787456512451143
SARS-CoV-2-N130T_T201H,10.346001625061035,test,10.55,1.0550000000000002,0.20399837493896555
SARS-CoV-2-Y119N_P149L,10.304476737976074,test,10.33,1.0330000000000001,0.025523262023925852
SARS-CoV-2-G9A_Q168L,10.296590805053713,test,10.14,1.014,0.15659080505371215
SARS-CoV-2-T3S_K56R,10.32713794708252,test,10.38,1.038,0.05286205291748125
SARS-CoV-2-P149F_T201Q,10.38694953918457,test,10.24,1.024,0.1469495391845701
SARS-CoV-2-Y39L_N118E_G174I,10.319244384765623,test,10.46,1.046,0.14075561523437763
SARS-CoV-2-H189P_V194I,10.308857917785645,test,10.32,1.032,0.011142082214355753
SARS-CoV-2-N58T_L125A,10.330299377441406,test,10.29,1.029,0.0402993774414071
SARS-CoV-2-T170F,10.322868347167969,test,9.92,0.992,0.4028683471679688
SARS-CoV-2-A192T,10.388035774230955,test,10.427142857142856,1.0427142857142857,0.0391070829119009
SARS-CoV-2-N120T_P149Q,10.42103672027588,test,10.28,1.028,0.14103672027588132
SARS-CoV-2-L5P_V37D_N110E,10.531407356262209,test,10.28,1.028,0.25140735626220945
SARS-CoV-2-L187V,10.388760566711426,test,10.225,1.0225,0.16376056671142614
SARS-CoV-2-F134R_P197L,10.304960250854492,test,10.0,1.0,0.3049602508544922
SARS-CoV-2-P7H_I28L_V37M_Q168E,10.38372039794922,test,10.33,1.0330000000000001,0.053720397949220455
SARS-CoV-2-K87T_T170R,10.44676113128662,test,10.43,1.043,0.0167611312866196
SARS-CoV-2-V37T_I138V,10.469099044799805,test,7.94,0.794,2.5290990447998043
SARS-CoV-2-N24R_N157D,10.458477020263672,test,9.87,0.987,0.5884770202636727
SARS-CoV-2-G9N,10.39932632446289,test,10.25125,1.025125,0.14807632446288999
SARS-CoV-2-Y39L_Y159S,10.51789379119873,test,10.42,1.042,0.09789379119873054
SARS-CoV-2-L5S_R16D_K87S,10.326494216918944,test,10.27,1.027,0.05649421691894396
SARS-CoV-2-T55S_N64D,10.338345527648926,test,10.23,1.0230000000000001,0.10834552764892535
SARS-CoV-2-V32R_K87N,10.382736206054688,test,10.59,1.059,0.20726379394531236
SARS-CoV-2-Y119H_P149R,10.36036205291748,test,10.33,1.0330000000000001,0.030362052917480398
SARS-CoV-2-N1S_V173I,10.297289848327637,test,10.31,1.0310000000000001,0.012710151672363779
SARS-CoV-2-S36R_T201L,10.40464687347412,test,10.54,1.054,0.13535312652587983
SARS-CoV-2-T63N_Y175S,10.422533988952637,test,10.54,1.054,0.11746601104736243
SARS-CoV-2-G116S_G172D,10.4000825881958,test,10.37,1.037,0.030082588195801563
SARS-CoV-2-E141R_Y175S,10.38840389251709,test,10.54,1.054,0.1515961074829093
SARS-CoV-2-G166M,10.36227321624756,test,10.2425,1.02425,0.11977321624756065
SARS-CoV-2-K87T_G117V_V173W,10.295365333557127,test,10.64,1.064,0.34463466644287344
SARS-CoV-2-Q163R_Y175S_T201I,10.43588924407959,test,10.4,1.04,0.03588924407958949
SARS-CoV-2-L125G_T140G,10.37055778503418,test,10.53,1.053,0.15944221496581967
SARS-CoV-2-T46H_Q84T,10.379844665527344,test,10.43,1.043,0.050155334472655966
SARS-CoV-2-V11L_Y39V_R78S,10.554207801818848,test,10.295,1.0295,0.2592078018188477
SARS-CoV-2-T55H_Y119K,10.352622032165527,test,9.94,0.994,0.41262203216552784
SARS-CoV-2-Y175D_K198R,10.311260223388672,test,10.44,1.044,0.12873977661132763
SARS-CoV-2-Y39L_L122R_Q176G,10.320185661315918,test,10.29,1.029,0.03018566131591882
SARS-CoV-2-G116H_G166V,10.408849716186523,test,10.33,1.0330000000000001,0.07884971618652337
SARS-CoV-2-K48I,10.33079719543457,test,10.21375,1.021375,0.1170471954345711
SARS-CoV-2-G9A_V37F_D90E,10.359891891479492,test,10.63,1.0630000000000002,0.2701081085205086
SARS-CoV-2-Y119E_G166T,10.465243339538574,test,10.42,1.042,0.04524333953857429
SARS-CoV-2-N110S,10.311829566955566,test,10.3675,1.03675,0.05567043304443331
SARS-CoV-2-E154N,10.355714797973633,test,10.428333333333333,1.0428333333333333,0.07261853535969998
SARS-CoV-2-K198N,10.514531135559082,test,10.365833333333333,1.0365833333333334,0.14869780222574924
SARS-CoV-2-C61A_L125M,10.436419486999512,test,10.33,1.0330000000000001,0.10641948699951165
SARS-CoV-2-R27Q_Y119G,10.385172843933104,test,8.87,0.887,1.5151728439331045
SARS-CoV-2-I142P,10.31504726409912,test,10.24,1.024,0.0750472640991191
SARS-CoV-2-K198E,10.295660018920898,test,10.412857142857144,1.0412857142857144,0.11719712393624526
SARS-CoV-2-F8T_V37D_I104F_K114R_L122R_F156K,10.32091236114502,test,9.28,0.9279999999999999,1.0409123611450202
SARS-CoV-2-L5Y_G152D,10.326090812683104,test,10.305,1.0305,0.021090812683103977
SARS-CoV-2-R78C_A192T,10.373102188110352,test,10.35,1.035,0.023102188110351918
SARS-CoV-2-R78T_G83R,10.299186706542969,test,10.27,1.027,0.029186706542969176
SARS-CoV-2-V37M_D97L,10.44039821624756,test,10.47,1.0470000000000002,0.02960178375244027
SARS-CoV-2-T85N_L125Y,10.310338020324709,test,10.02,1.002,0.29033802032470923
SARS-CoV-2-P7E_L125G_Q163W,10.294209480285645,test,10.24,1.024,0.05420948028564432
SARS-CoV-2-T100C_P191S,10.292471885681152,test,10.4,1.04,0.10752811431884801
SARS-CoV-2-G9N_S129C,10.362608909606934,test,10.52,1.052,0.15739109039306598
SARS-CoV-2-Y35F_C61H_G174Q,10.457798957824709,test,10.26,1.026,0.19779895782470902
SARS-CoV-2-V173I_K198Q,10.351776123046877,test,10.29,1.029,0.06177612304687763
SARS-CoV-2-Y39S_V115E,10.431951522827148,test,10.49,1.0490000000000002,0.058048477172851776
SARS-CoV-2-V52L_K198W,10.323246955871582,test,10.17,1.0170000000000001,0.1532469558715821
SARS-CoV-2-T100C,10.321873664855955,test,10.295,1.0295,0.026873664855955326
SARS-CoV-2-V37G_Q163R,10.351384162902832,test,10.4,1.04,0.048615837097168324
SARS-CoV-2-Y39T_Q168I,10.507461547851562,test,10.37,1.037,0.13746154785156328
SARS-CoV-2-I28W,10.591557502746582,test,10.33,1.0330000000000001,0.26155750274658196
SARS-CoV-2-F62Y_S200W,10.403975486755373,test,10.46,1.046,0.05602451324462798
SARS-CoV-2-A145N_T201L,10.3525972366333,test,10.32,1.032,0.0325972366333005
SARS-CoV-2-S43R_L122F_G152N,10.477132797241213,test,10.49,1.0490000000000002,0.0128672027587875
SARS-CoV-2-L125G_I142T_G172R_V173S,10.356392860412598,test,10.39,1.0390000000000001,0.03360713958740291
SARS-CoV-2-R16D_V37K_T201S,10.41036319732666,test,10.18,1.018,0.23036319732666044
SARS-CoV-2-A192R,10.36533260345459,test,9.92,0.992,0.4453326034545899
SARS-CoV-2-A18S_V37K,10.41236972808838,test,10.15,1.0150000000000001,0.2623697280883803
SARS-CoV-2-T55V_K87T,10.33267307281494,test,10.42,1.042,0.0873269271850603
SARS-CoV-2-G196V_T201A,10.294058799743652,test,10.45,1.045,0.15594120025634695
SARS-CoV-2-V37T_S200H,10.415614128112791,test,10.48,1.048,0.06438587188720923
SARS-CoV-2-V37R_C61R,10.422823905944824,test,9.94,0.994,0.4828239059448247
SARS-CoV-2-K114S_T201I,10.293684005737305,test,10.48,1.048,0.18631599426269574
SARS-CoV-2-G83R_T148V,10.306770324707031,test,10.03,1.003,0.2767703247070319
SARS-CoV-2-V173L,10.396002769470217,test,10.399285714285714,1.0399285714285715,0.0032829448154974017
SARS-CoV-2-Y35L_E141V,10.320219993591309,test,10.385,1.0385,0.0647800064086912
SARS-CoV-2-S36K_F160Y,10.325675010681152,test,10.65,1.0650000000000002,0.324324989318848
SARS-CoV-2-Y35L_A42Q,10.3175630569458,test,10.13,1.0130000000000001,0.1875630569458
SARS-CoV-2-G9S_I72V,10.356573104858398,test,10.49,1.0490000000000002,0.13342689514160178
SARS-CoV-2-P7D_I104V,10.454917907714844,test,10.44,1.044,0.014917907714844247
SARS-CoV-2-G166K_L187F,10.360026359558104,test,10.48,1.048,0.11997364044189673
SARS-CoV-2-V32S_Y119H_G155K,10.43151569366455,test,10.53,1.053,0.09848430633544858
SARS-CoV-2-N24R_G174M,10.439772605895996,test,10.41,1.0410000000000001,0.02977260589599595
SARS-CoV-2-R16I_Y35M,10.399931907653809,test,10.51,1.051,0.1100680923461912
SARS-CoV-2-K128S_T201A,10.345377922058104,test,10.48,1.048,0.13462207794189673
SARS-CoV-2-V37F_N64G,10.58341121673584,test,10.58,1.058,0.0034112167358397727
SARS-CoV-2-N120E,10.404586791992188,test,10.38,1.038,0.02458679199218672
SARS-CoV-2-G9N_Y39K_T85S,10.392014503479004,test,10.63,1.0630000000000002,0.23798549652099688
SARS-CoV-2-K87C_S200Y,10.381857872009276,test,10.1,1.01,0.2818578720092759
SARS-CoV-2-Y39T_V194A_K198L,10.353719711303713,test,10.21,1.0210000000000001,0.14371971130371186
SARS-CoV-2-G9D_L60M,10.370892524719238,test,10.63,1.0630000000000002,0.2591074752807625
SARS-CoV-2-S147L,10.388843536376951,test,10.232,1.0231999999999999,0.15684353637695203
SARS-CoV-2-V115N_L122A,10.333294868469238,test,10.31,1.0310000000000001,0.023294868469237784
SARS-CoV-2-Q84G_Y119T_G155Q,10.341693878173828,test,10.27,1.027,0.07169387817382855
SARS-CoV-2-R16M_V37S_P197T,10.5199556350708,test,10.56,1.056,0.040044364929199716
SARS-CoV-2-E10A_S36K_Y119H_G174A,10.336297035217283,test,10.24,1.024,0.09629703521728317
SARS-CoV-2-N24Q_K87L_K199S,10.587728500366213,test,10.41,1.0410000000000001,0.17772850036621257
SARS-CoV-2-F44Y,10.30553913116455,test,10.328888888888889,1.032888888888889,0.023349757724338005
SARS-CoV-2-Y39M_T140S,10.489370346069336,test,10.47,1.0470000000000002,0.019370346069335298
SARS-CoV-2-K87L_T201C,10.431302070617676,test,10.49,1.0490000000000002,0.05869792938232443
SARS-CoV-2-V115F,10.3189115524292,test,10.326666666666666,1.0326666666666666,0.007755114237466998
SARS-CoV-2-G9S_N157R,10.372030258178713,test,10.33,1.0330000000000001,0.04203025817871264
SARS-CoV-2-V37G_C61E,10.439563751220703,test,10.315,1.0315,0.12456375122070362
SARS-CoV-2-I2C_F160K,10.323115348815918,test,10.47,1.0470000000000002,0.14688465118408267
SARS-CoV-2-Y39M,10.57846736907959,test,10.57,1.0570000000000002,0.00846736907958956
SARS-CoV-2-Q168T,10.361546516418455,test,10.371428571428572,1.0371428571428571,0.00988205501011663
SARS-CoV-2-G166L,10.387399673461914,test,10.377692307692309,1.037769230769231,0.009707365769605403
SARS-CoV-2-L5I_D97H_L125R,10.3483304977417,test,10.47,1.0470000000000002,0.12166950225830142
SARS-CoV-2-N120T_T201G,10.454269409179688,test,10.25,1.0250000000000001,0.2042694091796875
SARS-CoV-2-L5M_Q84A_G152S,10.324749946594238,test,10.28,1.028,0.04474994659423892
SARS-CoV-2-P7Q,10.356755256652832,test,10.303333333333333,1.0303333333333333,0.05342192331949924
SARS-CoV-2-K114L_G174K,10.32344913482666,test,10.01,1.0010000000000001,0.31344913482666037
SARS-CoV-2-V153R,10.343853950500488,test,10.336666666666668,1.0336666666666667,0.007187283833820501
SARS-CoV-2-Y35M_Y91F,10.385976791381836,test,10.18,1.018,0.20597679138183622
SARS-CoV-2-S200G,10.346047401428224,test,10.383333333333333,1.0383333333333333,0.03728593190510843
SARS-CoV-2-T55N_K114S,10.331952095031738,test,10.54,1.054,0.20804790496826087
SARS-CoV-2-I2S_S53L,10.29934787750244,test,10.39,1.0390000000000001,0.09065212249756094
SARS-CoV-2-D97N,10.31933879852295,test,10.201875,1.0201875,0.11746379852294986
SARS-CoV-2-K87Q_P197G,10.313658714294434,test,10.66,1.066,0.34634128570556655
SARS-CoV-2-T63R_F156S,10.466582298278809,test,10.37,1.037,0.09658229827880938
SARS-CoV-2-T55S_K87W_L125V,10.367337226867676,test,10.71,1.0710000000000002,0.34266277313232507
SARS-CoV-2-V37L_L122S_Y143F,10.532254219055176,test,10.58,1.058,0.04774578094482429
SARS-CoV-2-R27K_F62T_T85R_K198E,10.31319808959961,test,10.6,1.06,0.28680191040039027
SARS-CoV-2-N120P,10.510696411132812,test,10.275454545454544,1.0275454545454543,0.23524186567826888
SARS-CoV-2-F62T_T170H,10.332270622253418,test,10.58,1.058,0.2477293777465821
SARS-CoV-2-L5P_T140N,10.48532772064209,test,10.33,1.0330000000000001,0.15532772064208977
SARS-CoV-2-Y35I_Y119N_Y178F,10.3148775100708,test,10.0,1.0,0.3148775100708008
SARS-CoV-2-I2N_L125S,10.46618938446045,test,10.63,1.0630000000000002,0.16381061553955156
SARS-CoV-2-N171H,10.382369041442873,test,9.976666666666668,0.9976666666666669,0.4057023747762045
SARS-CoV-2-F62L_K87N,10.33227825164795,test,10.52,1.052,0.18772174835205035
SARS-CoV-2-K26V_L125T,10.440910339355469,test,10.62,1.062,0.17908966064453047
SARS-CoV-2-I2S_V11I_K199I,10.329960823059082,test,10.64,1.064,0.31003917694091854
SARS-CoV-2-V77L_T201N,10.310364723205566,test,10.49,1.0490000000000002,0.1796352767944338
SARS-CoV-2-L5I_Y119Q,10.337250709533691,test,10.44,1.044,0.1027492904663081
SARS-CoV-2-N64T_S147V,10.292529106140137,test,10.26,1.026,0.03252910614013693
SARS-CoV-2-P7D,10.565569877624512,test,10.23,1.0230000000000001,0.3355698776245113
SARS-CoV-2-I2H_S129T,10.422350883483888,test,10.34,1.034,0.08235088348388864
SARS-CoV-2-Y39L_T170E,10.506814002990724,test,10.7,1.07,0.19318599700927486
SARS-CoV-2-R16K_G83N_T201G,10.504375457763672,test,10.35,1.035,0.15437545776367223
SARS-CoV-2-V115D,10.36003589630127,test,10.5,1.05,0.13996410369873047
SARS-CoV-2-L60W_K87I_T201M,10.329747200012209,test,10.39,1.0390000000000001,0.06025279998779176
SARS-CoV-2-V115T,10.338990211486816,test,10.48,1.048,0.14100978851318402
SARS-CoV-2-L122T_F156L_T201Y,10.454061508178713,test,9.89,0.9890000000000001,0.5640615081787121
SARS-CoV-2-S43N,10.431885719299316,test,9.647142857142857,0.9647142857142857,0.7847428621564596
SARS-CoV-2-G166K,10.34972095489502,test,10.44,1.044,0.09027904510497997
SARS-CoV-2-E141D_V173I,10.372363090515137,test,10.56,1.056,0.18763690948486378
SARS-CoV-2-Y35W,10.553702354431152,test,10.2125,1.02125,0.341202354431152
SARS-CoV-2-P7S_V37Q,10.399752616882324,test,10.52,1.052,0.12024738311767535
SARS-CoV-2-S29T_Y119Q,10.34640121459961,test,10.48,1.048,0.13359878540039105
SARS-CoV-2-N107S_L125E,10.319069862365724,test,10.48,1.048,0.160930137634276
SARS-CoV-2-T55N_V115N_S139T,10.377847671508787,test,10.53,1.053,0.15215232849121207
SARS-CoV-2-P54R_L95V_L122Y_F156V_Y175K,10.30448055267334,test,10.57,1.0570000000000002,0.26551944732666044
SARS-CoV-2-R27S_T201Q,10.372530937194824,test,9.92,0.992,0.4525309371948243
SARS-CoV-2-I2Q_N58E_L122G,10.333551406860352,test,10.26,1.026,0.07355140686035178
SARS-CoV-2-F62Y_F126N_G166D_G172R,10.55754852294922,test,10.3,1.03,0.2575485229492198
SARS-CoV-2-R16V_S200V,10.358678817749023,test,10.58,1.058,0.22132118225097663
SARS-CoV-2-S41E_K87R_N151L,10.333640098571776,test,10.14,1.014,0.193640098571775
SARS-CoV-2-G155T_G166S,10.40597438812256,test,10.45,1.045,0.04402561187743892
SARS-CoV-2-T140R_P149T_F156T,10.393301963806152,test,10.3,1.03,0.09330196380615163
SARS-CoV-2-T3S_V37A_F62T,10.400736808776855,test,10.54,1.054,0.13926319122314368
SARS-CoV-2-T55E_G152A,10.31531047821045,test,10.41,1.0410000000000001,0.09468952178955092
SARS-CoV-2-L5Q_Y119N,10.513286590576172,test,10.26,1.026,0.2532865905761721
SARS-CoV-2-L5F_L60Y_P149N,10.470420837402344,test,10.41,1.0410000000000001,0.06042083740234361
SARS-CoV-2-I2S_Y175N_K199N,10.41181468963623,test,10.55,1.0550000000000002,0.13818531036377024
SARS-CoV-2-T46V_A145N_V173L,10.325008392333984,test,10.45,1.045,0.12499160766601491
SARS-CoV-2-C61K_T100F_Y159T,10.311699867248535,test,10.52,1.052,0.20830013275146442
SARS-CoV-2-N4A_F156A,10.32770824432373,test,10.43,1.043,0.10229175567626925
SARS-CoV-2-K199V,10.407569885253906,test,10.43,1.043,0.022430114746093466
SARS-CoV-2-Y175R,10.374013900756836,test,10.372,1.0372000000000001,0.002013900756836051
SARS-CoV-2-L5R_N120D,10.2927827835083,test,10.29,1.029,0.002782783508301634
SARS-CoV-2-S36E_E141Q,10.418593406677246,test,10.55,1.0550000000000002,0.13140659332275462
SARS-CoV-2-K87T_S147F,10.429043769836426,test,10.5,1.05,0.07095623016357422
SARS-CoV-2-N40E,10.392361640930176,test,10.45,1.045,0.05763835906982351
SARS-CoV-2-K114G,10.327072143554688,test,10.405,1.0405,0.07792785644531186
SARS-CoV-2-L122Y_E154A,10.353767395019531,test,10.42,1.042,0.06623260498046868
SARS-CoV-2-Y175L_L188V,10.47070598602295,test,10.58,1.058,0.10929401397705085
SARS-CoV-2-C61D,10.307560920715332,test,9.978125,0.9978125000000001,0.3294359207153317
SARS-CoV-2-K128A,10.307941436767578,test,10.328,1.0328,0.020058563232421278
SARS-CoV-2-L125S_T140I_P149N,10.293503761291504,test,10.49,1.0490000000000002,0.1964962387084963
SARS-CoV-2-L122A_N151D,10.357932090759276,test,10.41,1.0410000000000001,0.052067909240724575
SARS-CoV-2-S129A_T201L,10.345414161682127,test,10.54,1.054,0.19458583831787202
SARS-CoV-2-C61S_K198A,10.34677028656006,test,10.43,1.043,0.08322971343993935
SARS-CoV-2-G9F_D98N,10.364760398864746,test,9.95,0.995,0.4147603988647468
SARS-CoV-2-Y159H,10.35581111907959,test,10.315,1.0315,0.04081111907959034
SARS-CoV-2-V32K_P54R,10.380426406860352,test,10.37,1.037,0.010426406860352344
SARS-CoV-2-R16N_K132R,10.390555381774902,test,9.84,0.984,0.5505553817749025
SARS-CoV-2-Y35I_T201Q,10.386592864990234,test,10.46,1.046,0.07340713500976648
SARS-CoV-2-G9F_S129N,10.367037773132324,test,10.43,1.043,0.0629622268676755
SARS-CoV-2-I2Q_K87H,10.388412475585938,test,10.7,1.07,0.3115875244140618
SARS-CoV-2-T55D_G155E,10.334436416625977,test,10.05,1.0050000000000001,0.28443641662597585
SARS-CoV-2-E141H_P197V,10.358887672424316,test,10.53,1.053,0.17111232757568295
SARS-CoV-2-G9S_V173H,10.347200393676758,test,9.61,0.961,0.7372003936767584
SARS-CoV-2-V37F_D90F,10.32325839996338,test,10.45,1.045,0.1267416000366186
SARS-CoV-2-L5V_T55Y_E154P,10.40466594696045,test,10.42,1.042,0.01533405303955071
SARS-CoV-2-K114M_V173A,10.33403491973877,test,10.25,1.0250000000000001,0.08403491973876953
SARS-CoV-2-R16N,10.454699516296388,test,10.615,1.0615,0.16030048370361172
SARS-CoV-2-S29Q_I142L,10.504807472229004,test,10.41,1.0410000000000001,0.09480747222900376
SARS-CoV-2-Y35V_A190T_K199S,10.349061012268066,test,10.53,1.053,0.18093898773193295
SARS-CoV-2-R27E_T201Q,10.463059425354004,test,10.36,1.036,0.10305942535400447
SARS-CoV-2-L122Y_G146D,10.31016445159912,test,10.11,1.011,0.20016445159911989
SARS-CoV-2-S45T_F156A,10.317164421081545,test,10.3,1.03,0.017164421081544035
SARS-CoV-2-S36Q,10.441728591918944,test,8.7575,0.87575,1.6842285919189433
SARS-CoV-2-K87I_G174A,10.4461088180542,test,10.53,1.053,0.08389118194580014
SARS-CoV-2-I28M_Y119C,10.4898681640625,test,10.255,1.0255,0.23486816406249922
SARS-CoV-2-K128P_T148V,10.331461906433104,test,10.36,1.036,0.02853809356689574
SARS-CoV-2-K87I_L95V,10.297152519226074,test,10.43,1.043,0.1328474807739255
SARS-CoV-2-K87C_K114L,10.36858081817627,test,10.4,1.04,0.031419181823730824
SARS-CoV-2-L5M_T201A,10.34654140472412,test,10.48,1.048,0.1334585952758811
SARS-CoV-2-Y119A_G166Q_Y175Q,10.498847007751465,test,10.62,1.062,0.12115299224853437
SARS-CoV-2-P7Q_Y35L_Q168V,10.411330223083496,test,10.51,1.051,0.0986697769165037
SARS-CoV-2-P149L_T201N,10.301209449768066,test,10.27,1.027,0.031209449768066833
SARS-CoV-2-G166D_T170S,10.520281791687012,test,10.51,1.051,0.010281791687011932
SARS-CoV-2-Y35V,10.33017349243164,test,10.411818181818182,1.0411818181818182,0.08164468938654146
SARS-CoV-2-S36K_N110S,10.394793510437012,test,10.54,1.054,0.14520648956298743
SARS-CoV-2-G166I,10.342995643615724,test,10.415,1.0414999999999999,0.07200435638427471
SARS-CoV-2-Y119K_T148F,10.354519844055176,test,10.31,1.0310000000000001,0.044519844055175284
SARS-CoV-2-I28Y,10.613709449768066,test,10.5025,1.05025,0.1112094497680669
SARS-CoV-2-A145F,10.353403091430664,test,10.14375,1.014375,0.20965309143066335
SARS-CoV-2-I2P_T100L,10.333415985107422,test,10.51,1.051,0.1765840148925779
SARS-CoV-2-A145N,10.34413242340088,test,10.2225,1.02225,0.12163242340088054
SARS-CoV-2-C61S_T201L,10.35179615020752,test,10.36,1.036,0.0082038497924799
SARS-CoV-2-G166M_H189D_S200I,10.32782745361328,test,10.23,1.0230000000000001,0.09782745361327905
SARS-CoV-2-Y39L_T85I_T201S,10.31289768218994,test,10.13,1.0130000000000001,0.18289768218993885
SARS-CoV-2-Y175D,10.3870267868042,test,8.583333333333334,0.8583333333333334,1.8036934534708653
SARS-CoV-2-R27T_K128H_G166E,10.39480686187744,test,10.25,1.0250000000000001,0.14480686187743963
SARS-CoV-2-G9Q,10.314322471618652,test,10.36,1.036,0.04567752838134709
SARS-CoV-2-N110A_Y159F,10.328916549682615,test,10.16,1.016,0.16891654968261527
SARS-CoV-2-K198T,10.42853546142578,test,10.363333333333332,1.036333333333333,0.06520212809244796
SARS-CoV-2-P7D_A190R,10.4694242477417,test,10.32,1.032,0.14942424774169893
SARS-CoV-2-T170N_T201S,10.314326286315918,test,10.46,1.046,0.14567371368408288
SARS-CoV-2-G9T_L122S,10.419041633605955,test,10.43,1.043,0.010958366394044461
SARS-CoV-2-T55G_F156T,10.374383926391602,test,10.3,1.03,0.07438392639160085
SARS-CoV-2-T55G_A81S_L122S,10.31116771697998,test,10.42,1.042,0.10883228302001946
SARS-CoV-2-K56D_T140R,10.342772483825684,test,10.43,1.043,0.08722751617431612
SARS-CoV-2-A145V_P197R,10.373711585998535,test,10.44,1.044,0.06628841400146435
SARS-CoV-2-V37R_G83N_N130L,10.36803150177002,test,10.45,1.045,0.08196849822997976
SARS-CoV-2-K87T_G172M_P197V,10.46799373626709,test,10.48,1.048,0.012006263732910583
SARS-CoV-2-L5V_Y35M,10.357022285461426,test,10.44,1.044,0.08297771453857372
SARS-CoV-2-C61T_L125D_F156S,10.360061645507812,test,10.510000000000002,1.0510000000000002,0.14993835449218906
SARS-CoV-2-Y39L_K87N_D97N,10.392411231994627,test,10.25,1.0250000000000001,0.14241123199462713
SARS-CoV-2-V37H_R78Y_G166N_P197I,10.496459007263184,test,10.55,1.0550000000000002,0.05354099273681712
SARS-CoV-2-Y39A_N40K_N157E,10.477572441101074,test,10.42,1.042,0.05757244110107429
SARS-CoV-2-V32R_S53T_K87P,10.42706298828125,test,10.16,1.016,0.26706298828124986
SARS-CoV-2-A145S_Y175L,10.389750480651855,test,10.5,1.05,0.11024951934814453
SARS-CoV-2-P7S_Y39I,10.32748317718506,test,10.58,1.058,0.2525168228149397
SARS-CoV-2-F156N_K199L,10.342483520507812,test,10.25,1.0250000000000001,0.0924835205078125
SARS-CoV-2-V37R_A145F,10.369730949401855,test,10.38,1.038,0.010269050598145313
SARS-CoV-2-D98N_G155T,10.328022956848145,test,10.23,1.0230000000000001,0.0980229568481441
SARS-CoV-2-L5P_P54L,10.299552917480469,test,9.71,0.9710000000000001,0.5895529174804679
SARS-CoV-2-Y35L_L95I_T140S,10.30347728729248,test,10.02,1.002,0.2834772872924809
SARS-CoV-2-C61R_V173T,10.328239440917969,test,9.04,0.9039999999999999,1.2882394409179696
SARS-CoV-2-L95I_Y119D_Y175M,10.399092674255373,test,10.39,1.0390000000000001,0.009092674255372302
SARS-CoV-2-G9A_Y119E_T148E,10.314091682434082,test,10.16,1.016,0.1540916824340819
SARS-CoV-2-P149R_K198A,10.34700870513916,test,10.2,1.02,0.14700870513916087
SARS-CoV-2-P54F_T100Y,10.34708309173584,test,10.33,1.0330000000000001,0.017083091735839773
SARS-CoV-2-S36K_N118E,10.437357902526855,test,10.42,1.042,0.01735790252685554
SARS-CoV-2-A18E_F156A,10.323434829711914,test,9.99,0.9990000000000001,0.33343482971191385
SARS-CoV-2-F160P_G172R,10.41110897064209,test,10.56,1.056,0.14889102935791065
SARS-CoV-2-V32S,10.474054336547852,test,10.585,1.0585000000000002,0.11094566345214929
SARS-CoV-2-S41T_A192V,10.374238014221191,test,10.31,1.0310000000000001,0.06423801422119091
SARS-CoV-2-H189A,10.369189262390137,test,10.16,1.016,0.20918926239013658
SARS-CoV-2-N1K,10.296051025390623,test,10.34625,1.034625,0.05019897460937628
SARS-CoV-2-Y35W_D97M,10.442859649658203,test,10.56,1.056,0.11714035034179737
SARS-CoV-2-K87A_T201V,10.36614990234375,test,10.55,1.0550000000000002,0.1838500976562507
SARS-CoV-2-P197I,10.43553638458252,test,10.53,1.053,0.09446361541747983
SARS-CoV-2-S43A_G117S_T201S,10.300029754638672,test,10.52,1.052,0.2199702453613277
SARS-CoV-2-N120P_G166E,10.485892295837402,test,10.45,1.045,0.035892295837403054
SARS-CoV-2-P191R,10.326115608215332,test,10.306666666666668,1.0306666666666668,0.019448941548663612
SARS-CoV-2-P191G,10.397890090942385,test,10.16,1.016,0.23789009094238445
SARS-CoV-2-Q163N_T201D,10.36736011505127,test,10.09,1.0090000000000001,0.2773601150512697
SARS-CoV-2-T100F_S164R_P197E,10.293618202209473,test,10.44,1.044,0.14638179779052685
SARS-CoV-2-Y39M_C195S,10.617782592773438,test,10.35,1.035,0.26778259277343786
SARS-CoV-2-Y39L_Y119N_E141S,10.482684135437012,test,10.27,1.027,0.21268413543701215
SARS-CoV-2-A190D,10.427046775817873,test,10.186666666666667,1.0186666666666668,0.24038010915120545
SARS-CoV-2-L5K_T100C,10.380888938903809,test,10.39,1.0390000000000001,0.009111061096191975
SARS-CoV-2-T55D_L60Y,10.379279136657717,test,10.37,1.037,0.009279136657717402
SARS-CoV-2-G9E_Y119V_F126Y,10.294289588928224,test,10.3,1.03,0.005710411071776278
SARS-CoV-2-K56S_F134Y,10.458721160888672,test,10.35,1.035,0.10872116088867223
SARS-CoV-2-K114M_T201D,10.386635780334473,test,10.37,1.037,0.016635780334473438
SARS-CoV-2-S43Y_E135Q,10.30789279937744,test,10.08,1.008,0.22789279937743956
SARS-CoV-2-Y39S_N120D_Y143W_G174D,10.379831314086914,test,10.55,1.0550000000000002,0.17016868591308665
SARS-CoV-2-A42R_K87M_F156L,10.334918022155762,test,10.15,1.0150000000000001,0.18491802215576136
SARS-CoV-2-T3N_L122M_T201Y,10.301898956298828,test,10.46,1.046,0.15810104370117273
SARS-CoV-2-K26I_Y35M_F156R,10.2992525100708,test,10.39,1.0390000000000001,0.09074748992919979
SARS-CoV-2-Y119T_T201M,10.36083698272705,test,10.47,1.0470000000000002,0.10916301727294986
SARS-CoV-2-T55S_N120D_T201S,10.34720516204834,test,10.44,1.044,0.09279483795165966
SARS-CoV-2-K56D_T201G,10.44357204437256,test,10.6,1.06,0.15642795562743927
SARS-CoV-2-Y39M_S45G_I104F,10.3952054977417,test,10.43,1.043,0.0347945022583005
SARS-CoV-2-Y39T_V65I,10.379945755004885,test,10.62,1.062,0.24005424499511463
SARS-CoV-2-S29N,10.386563301086426,test,10.516666666666667,1.0516666666666667,0.13010336558024171
SARS-CoV-2-G9S_N130T,10.372815132141112,test,10.4,1.04,0.02718486785888885
SARS-CoV-2-V37I_S164K,10.51797580718994,test,10.51,1.051,0.007975807189939843
SARS-CoV-2-Y39L,10.475625038146973,test,10.482222222222225,1.0482222222222226,0.006597184075252116
SARS-CoV-2-K87V_A145K,10.330286979675291,test,10.56,1.056,0.2297130203247093
SARS-CoV-2-K87A_T140L,10.36279010772705,test,10.5,1.05,0.13720989227294922
SARS-CoV-2-I28Y_K132S_E141D,10.466050148010254,test,10.57,1.0570000000000002,0.10394985198974638
SARS-CoV-2-Y35L_S41T_T55Q,10.452953338623049,test,10.35,1.035,0.102953338623049
SARS-CoV-2-N4D_V37Y,10.33124542236328,test,10.33,1.0330000000000001,0.0012454223632794026
SARS-CoV-2-S43N_K198L,10.43031883239746,test,10.32,1.032,0.11031883239745888
SARS-CoV-2-K114S,10.378314018249512,test,10.256666666666668,1.0256666666666667,0.12164735158284401
SARS-CoV-2-L5E_N64D,10.316750526428224,test,10.49,1.0490000000000002,0.17324947357177578
SARS-CoV-2-Y121L_L188P,10.396173477172852,test,10.07,1.0070000000000001,0.3261734771728513
SARS-CoV-2-I2H_S53T,10.37106990814209,test,10.59,1.059,0.21893009185791001
SARS-CoV-2-A192S,10.373058319091797,test,10.35142857142857,1.0351428571428571,0.02162974766322634
SARS-CoV-2-K48E_D98N,10.298532485961914,test,10.395,1.0395,0.09646751403808551
SARS-CoV-2-C61R_L122F_T201E,10.38695240020752,test,10.35,1.035,0.036952400207519887
SARS-CoV-2-L60Y_Y119V_F126K,10.29932689666748,test,10.41,1.0410000000000001,0.11067310333251967
SARS-CoV-2-G83K_Y119E,10.341547012329102,test,10.5,1.05,0.15845298767089844
SARS-CoV-2-I2T_V77L,10.299322128295898,test,10.37,1.037,0.07067787170410078
SARS-CoV-2-Y39K_F44W_T55Y,10.296594619750977,test,10.49,1.0490000000000002,0.19340538024902365
SARS-CoV-2-N40R_G172E,10.51456356048584,test,10.53,1.053,0.015436439514159517
SARS-CoV-2-I28M_S45A_L122E_Y143F,10.526111602783203,test,10.38,1.038,0.14611160278320234
SARS-CoV-2-V37K_C61G_K114G_Y175S,10.304787635803224,test,10.38,1.038,0.07521236419677635
SARS-CoV-2-L122T_S200C,10.391573905944824,test,10.42,1.042,0.02842609405517571
SARS-CoV-2-I2K_L122F,10.33970546722412,test,10.49,1.0490000000000002,0.1502945327758809
SARS-CoV-2-N40E_G166E,10.349482536315918,test,10.44,1.044,0.09051746368408153
SARS-CoV-2-I2K_K114T,10.328455924987791,test,10.44,1.044,0.11154407501220831
SARS-CoV-2-T15S_Y66F,10.31559944152832,test,10.09,1.0090000000000001,0.22559944152832045
SARS-CoV-2-D98S_F156R,10.381059646606444,test,10.25,1.0250000000000001,0.13105964660644354
SARS-CoV-2-Y35L_C61I,10.390869140625,test,10.24,1.024,0.1508691406249998
SARS-CoV-2-G9D_Y39I_D59E_N151T,10.385157585144045,test,10.06,1.006,0.32515758514404425
SARS-CoV-2-Y39W_N130E_T201K,10.34725570678711,test,10.35,1.035,0.0027442932128902697
SARS-CoV-2-V153Q,10.3397798538208,test,10.393333333333333,1.0393333333333332,0.053553479512531865
SARS-CoV-2-L122W_F156D,10.406540870666504,test,10.42,1.042,0.013459129333496023
SARS-CoV-2-V32Y_F160P,10.422314643859863,test,10.58,1.058,0.1576853561401368
SARS-CoV-2-I28L_K56S,10.500226974487305,test,10.59,1.059,0.08977302551269517
SARS-CoV-2-G174E,10.360209465026855,test,10.467,1.0467000000000002,0.10679053497314506
SARS-CoV-2-T55S,10.313919067382812,test,10.41777777777778,1.041777777777778,0.10385871039496664
SARS-CoV-2-T15S_K114M_Y175E,10.438885688781738,test,10.38,1.038,0.0588856887817375
SARS-CoV-2-Q84M_Y175V,10.31295680999756,test,10.24,1.024,0.07295680999756016
SARS-CoV-2-P54H_G166D,10.370405197143556,test,10.17,1.0170000000000001,0.20040519714355653
SARS-CoV-2-S43T_Y119S,10.387701988220217,test,10.42,1.042,0.03229801177978331
SARS-CoV-2-K87N_N171I,10.414536476135254,test,10.52,1.052,0.10546352386474567
SARS-CoV-2-S36N_S184T,10.453983306884766,test,10.5,1.05,0.046016693115234375
SARS-CoV-2-I104L_N171Q,10.356922149658203,test,10.195,1.0195,0.16192214965820284
SARS-CoV-2-T170W,10.308521270751951,test,10.19,1.019,0.11852127075195185
SARS-CoV-2-R16D_G174K,10.392980575561523,test,10.45,1.045,0.05701942443847585
SARS-CoV-2-G9E_Q168I,10.33967113494873,test,10.66,1.066,0.3203288650512697
SARS-CoV-2-R78S_K128I_T201E,10.300822257995604,test,10.275,1.0275,0.025822257995603337
SARS-CoV-2-L125Y_N151L,10.322124481201172,test,10.0,1.0,0.3221244812011719
SARS-CoV-2-V153N_T201M,10.32432460784912,test,10.48,1.048,0.1556753921508811
SARS-CoV-2-L187Y,10.31137752532959,test,10.38,1.038,0.06862247467041094
SARS-CoV-2-T55N_L188S,10.402850151062012,test,10.24,1.024,0.1628501510620115
SARS-CoV-2-A42R_Q163A,10.343616485595703,test,9.81,0.9810000000000001,0.5336164855957026
SARS-CoV-2-L125G_R136K,10.469916343688965,test,10.53,1.053,0.06008365631103452
SARS-CoV-2-E154L_Q168F,10.299920082092283,test,10.33,1.0330000000000001,0.03007991790771669
SARS-CoV-2-I2F_K114E,10.33240795135498,test,10.6,1.06,0.2675920486450192
SARS-CoV-2-V153D_T201K,10.32371711730957,test,10.39,1.0390000000000001,0.06628288269043026
SARS-CoV-2-S29A_L125P,10.333218574523926,test,10.38,1.038,0.046781425476075
SARS-CoV-2-G152H_F156L,10.3259859085083,test,10.41,1.0410000000000001,0.08401409149169936
SARS-CoV-2-I2V_P54L,10.35940647125244,test,10.37,1.037,0.010593528747559589
SARS-CoV-2-C61Q_Q168L,10.33461856842041,test,10.38,1.038,0.045381431579590625
SARS-CoV-2-S53Q,10.327813148498535,test,10.435,1.0435,0.10718685150146534
SARS-CoV-2-K26V_V173M,10.34792423248291,test,10.4,1.04,0.0520757675170902
SARS-CoV-2-Y159E,10.314298629760742,test,10.239999999999998,1.0239999999999998,0.07429862976074375
SARS-CoV-2-V37E_T63N_G172Y,10.414976119995115,test,9.95,0.995,0.4649761199951161
SARS-CoV-2-I28Y_K56R_K87A,10.41746711730957,test,10.23,1.0230000000000001,0.1874671173095699
SARS-CoV-2-T3S_F156P,10.311929702758787,test,10.52,1.052,0.2080702972412123
SARS-CoV-2-S147K,10.399982452392578,test,10.57,1.0570000000000002,0.17001754760742216
SARS-CoV-2-K87V,10.359366416931152,test,10.128,1.0128000000000001,0.23136641693115223
SARS-CoV-2-L5H_S129D,10.35149383544922,test,9.96,0.9960000000000001,0.3914938354492197
SARS-CoV-2-V153G,10.295266151428224,test,10.246666666666666,1.0246666666666666,0.04859948476155829
SARS-CoV-2-L188V_K199I,10.421524047851562,test,10.56,1.056,0.138475952148438
SARS-CoV-2-F17W_T170Q,10.297669410705566,test,10.56,1.056,0.2623305892944341
SARS-CoV-2-R27E_T100F_Q168N,10.436697959899902,test,10.24,1.024,0.19669795989990213
SARS-CoV-2-A42G_Y175R,10.33521556854248,test,10.53,1.053,0.1947844314575189
SARS-CoV-2-P7Q_F44Y,10.298883438110352,test,10.12,1.012,0.17888343811035234
SARS-CoV-2-G172C,10.302358627319336,test,10.282,1.0282,0.02035862731933591
SARS-CoV-2-Q163E,10.334490776062012,test,10.25,1.0250000000000001,0.08449077606201172
SARS-CoV-2-I2T_T55Y,10.371648788452148,test,10.51,1.051,0.13835121154785135
SARS-CoV-2-R78H,10.454402923583984,test,10.405,1.0405,0.049402923583985014
SARS-CoV-2-S36G_F156N,10.39453411102295,test,10.53,1.053,0.13546588897705014
SARS-CoV-2-K87L_L122F,10.469633102416992,test,10.53,1.053,0.06036689758300717
SARS-CoV-2-N4Q_F126H,10.479641914367676,test,10.41,1.0410000000000001,0.06964191436767564
SARS-CoV-2-V37S_K198P,10.445809364318848,test,10.6,1.06,0.154190635681152
SARS-CoV-2-Y35V_K114G,10.366539001464844,test,10.4,1.04,0.033460998535156605
SARS-CoV-2-V37W_G116S,10.369864463806152,test,10.53,1.053,0.16013553619384702
SARS-CoV-2-G152S_A190S,10.370625495910645,test,10.17,1.0170000000000001,0.2006254959106446
SARS-CoV-2-Y39T_T201M,10.473508834838867,test,10.485,1.0485,0.011491165161132244
SARS-CoV-2-L125M_S147N,10.340287208557127,test,10.49,1.0490000000000002,0.14971279144287308
SARS-CoV-2-I2L_V37T,10.429742813110352,test,10.51,1.051,0.08025718688964822
SARS-CoV-2-N24T_N151L,10.421616554260254,test,10.49,1.0490000000000002,0.0683834457397463
SARS-CoV-2-K199G,10.340325355529783,test,10.446666666666667,1.0446666666666669,0.10634131113688383
SARS-CoV-2-V37S_C61L,10.39067268371582,test,10.33,1.0330000000000001,0.06067268371582024
SARS-CoV-2-V37Q_N110V_T201K,10.357016563415527,test,10.07,1.0070000000000001,0.28701656341552706
SARS-CoV-2-V37W_Y119N,10.412912368774414,test,10.22,1.022,0.19291236877441342
SARS-CoV-2-Q168I,10.325040817260742,test,10.372857142857145,1.0372857142857146,0.047816325596402365
SARS-CoV-2-V115Q,10.393462181091309,test,10.373333333333331,1.0373333333333332,0.020128847757977297
SARS-CoV-2-L125R_Y175M,10.361397743225098,test,10.61,1.061,0.24860225677490178
SARS-CoV-2-K56G_K87S,10.296363830566406,test,10.52,1.052,0.22363616943359332
SARS-CoV-2-K132N,10.3118896484375,test,9.394,0.9394,0.9178896484374999
SARS-CoV-2-Y119R_Q163R,10.325352668762209,test,10.35,1.035,0.024647331237790837
SARS-CoV-2-N4S_N110A,10.31906795501709,test,10.38,1.038,0.06093204498291094
SARS-CoV-2-L60M_G146A_G174D,10.294751167297363,test,10.64,1.064,0.3452488327026373
SARS-CoV-2-V37E_G155R,10.325603485107422,test,10.32,1.032,0.005603485107421591
SARS-CoV-2-T100F,10.387608528137209,test,10.437857142857142,1.0437857142857143,0.05024861471993347
SARS-CoV-2-F134Y_Y143F_P149D,10.394087791442873,test,10.33,1.0330000000000001,0.0640877914428728
SARS-CoV-2-C61L_Y119N_G174K,10.387761116027832,test,9.61,0.961,0.7777611160278326
SARS-CoV-2-N40A_K87L,10.376992225646973,test,10.61,1.061,0.23300777435302678
SARS-CoV-2-Y35F_F156P_K198C,10.452916145324709,test,10.5,1.05,0.04708385467529119
SARS-CoV-2-S53T_G166T,10.430088996887209,test,10.33,1.0330000000000001,0.10008899688720874
SARS-CoV-2-T63D,10.298089027404783,test,10.24,1.024,0.05808902740478317
SARS-CoV-2-V37G_P149I_G166T,10.384078025817873,test,10.26,1.026,0.12407802581787308
SARS-CoV-2-A192E_T201L,10.311322212219238,test,10.61,1.061,0.29867778778076115
SARS-CoV-2-A18D_P197A,10.295138359069824,test,10.49,1.0490000000000002,0.194861640930176
SARS-CoV-2-D90N_Y175E_K198D,10.345765113830566,test,10.58,1.058,0.23423488616943366
SARS-CoV-2-L125R_K132Y,10.474637985229492,test,10.35,1.035,0.12463798522949254
SARS-CoV-2-K87S_V173K,10.308557510375977,test,10.52,1.052,0.211442489624023
SARS-CoV-2-V37T_K48I_V153S,10.374444007873535,test,10.65,1.0650000000000002,0.2755559921264652
SARS-CoV-2-A18S_N64T,10.303994178771973,test,10.58,1.058,0.2760058212280274
SARS-CoV-2-V11I_T55E_T148H_Y175L,10.33202838897705,test,10.52,1.052,0.1879716110229488
SARS-CoV-2-I28F_L60R_G146S,10.301365852355955,test,10.21,1.0210000000000001,0.0913658523559544
SARS-CoV-2-F156E_T201P,10.446507453918455,test,10.54,1.054,0.09349254608154389
