seq_id,predicted_value,mode,RBD_expression,threshold,abs_diff
SARS-CoV-2-N40S_K56N_Y119K,10.429226875305176,train,10.4,1.04,0.029226875305175426
SARS-CoV-2-S129E,10.501081466674805,train,10.511666666666668,1.0511666666666668,0.010585199991863803
SARS-CoV-2-R78V,10.467443466186523,train,10.47,1.0470000000000002,0.002556533813477202
SARS-CoV-2-T55K_K132H_S139T,10.419632911682127,train,10.41,1.0410000000000001,0.009632911682126988
SARS-CoV-2-I2F_I28M_C61D,10.642499923706056,train,10.67,1.067,0.027500076293943465
SARS-CoV-2-N130T_P149S,10.318563461303713,train,10.35,1.035,0.03143653869628693
SARS-CoV-2-C61A_K128S_G174A_S184T,10.39211082458496,train,10.43,1.043,0.037889175415040555
SARS-CoV-2-V37G_D98G,10.304525375366213,train,10.26,1.026,0.04452537536621293
SARS-CoV-2-V37G_S53Q,10.617504119873049,train,10.65,1.0650000000000002,0.032495880126951704
SARS-CoV-2-V173I,10.305726051330566,train,10.307222222222222,1.0307222222222223,0.0014961708916558791
SARS-CoV-2-T100A_L122R,10.35883903503418,train,10.36,1.036,0.001160964965819744
SARS-CoV-2-L5R_Y119N,10.44196891784668,train,10.44,1.044,0.001968917846680185
SARS-CoV-2-G172C_K198E,10.44378662109375,train,10.46,1.046,0.016213378906250853
SARS-CoV-2-N120G,10.38681983947754,train,10.408181818181818,1.0408181818181819,0.021361978704277362
SARS-CoV-2-G155F_Y175E,10.351263046264648,train,10.37,1.037,0.01873695373535078
SARS-CoV-2-S43R_K87R,10.42340850830078,train,10.43,1.043,0.006591491699220242
SARS-CoV-2-E10S_L125C,10.376341819763184,train,10.35,1.035,0.02634181976318395
SARS-CoV-2-G9R_F156L,10.579660415649414,train,10.58,1.058,0.00033958435058600855
SARS-CoV-2-A14S_Y119N,10.36980152130127,train,10.36,1.036,0.0098015213012701
SARS-CoV-2-S113A_N130T,10.500496864318848,train,10.54,1.054,0.03950313568115149
SARS-CoV-2-G9S_Y39V_N64P,10.381834030151367,train,10.425,1.0425000000000002,0.04316596984863352
SARS-CoV-2-G9A_S147T,10.51850700378418,train,10.54,1.054,0.02149299621581946
SARS-CoV-2-T55A_G146A,10.432644844055176,train,10.46,1.046,0.02735515594482507
SARS-CoV-2-V37C_Y159H_G196K_S200N,10.533895492553713,train,10.56,1.056,0.026104507446287784
SARS-CoV-2-N110D,10.467586517333984,train,10.43,1.043,0.03758651733398466
SARS-CoV-2-C61V_P169N_H189Q,10.308914184570312,train,10.25,1.0250000000000001,0.0589141845703125
SARS-CoV-2-N110G,10.630207061767578,train,10.66,1.066,0.029792938232422017
SARS-CoV-2-R27M_T201N,10.38152313232422,train,10.38,1.038,0.0015231323242197448
SARS-CoV-2-I2A_S45T_C61Q_G166C_K198F,10.447413444519045,train,10.47,1.0470000000000002,0.022586555480955894
SARS-CoV-2-N24K_E141Y,10.343392372131348,train,10.37,1.037,0.026607627868651562
SARS-CoV-2-S29E_T55Q,10.628653526306152,train,10.65,1.0650000000000002,0.02134647369384801
SARS-CoV-2-P54A_N64T,10.61108684539795,train,10.62,1.062,0.00891315460205
SARS-CoV-2-R16E_T55S,10.505203247070312,train,10.53,1.053,0.02479675292968686
SARS-CoV-2-K87V_F156L,10.391855239868164,train,10.36,1.036,0.03185523986816463
SARS-CoV-2-E10S_C61T,10.34230613708496,train,10.3,1.03,0.04230613708495845
SARS-CoV-2-Y143Q_A190G,10.312093734741213,train,10.31,1.0310000000000001,0.0020937347412122165
SARS-CoV-2-S43H_G155A,10.311651229858398,train,10.36,1.036,0.048348770141600994
SARS-CoV-2-K56R_N120D,10.395740509033203,train,10.39,1.0390000000000001,0.0057405090332025566
SARS-CoV-2-D98N_Q168K,10.642980575561523,train,10.68,1.068,0.03701942443847628
SARS-CoV-2-L5T_D98T_L122S,10.322492599487305,train,10.34,1.034,0.01750740051269517
SARS-CoV-2-G174M_T201I,10.407564163208008,train,10.45,1.045,0.04243583679199148
SARS-CoV-2-V37G_L122K_S200L,10.433551788330078,train,10.43,1.043,0.0035517883300784092
SARS-CoV-2-S41T_P149A,10.659914016723633,train,10.7,1.07,0.04008598327636648
SARS-CoV-2-C61N_K87L,10.50046157836914,train,10.5,1.05,0.000461578369140625
SARS-CoV-2-V37L_F47W_N120T,10.487080574035645,train,10.51,1.051,0.022919425964355256
SARS-CoV-2-Y35C_L122Q,10.666921615600586,train,10.69,1.069,0.023078384399413565
SARS-CoV-2-T3S_L122G,10.451252937316896,train,10.47,1.0470000000000002,0.018747062683104332
SARS-CoV-2-C61K_G83N,10.329744338989258,train,10.35,1.035,0.020255661010741832
SARS-CoV-2-K56E_T63A_D98R,10.341721534729004,train,10.35,1.035,0.008278465270995738
SARS-CoV-2-T55L_K87D_G172I,10.437782287597656,train,10.46,1.046,0.022217712402344603
SARS-CoV-2-S36D_F156H,10.56949234008789,train,10.58,1.058,0.010507659912109446
SARS-CoV-2-F62T_G83K,10.361451148986816,train,10.4,1.04,0.03854885101318395
SARS-CoV-2-L125E_G166F,10.498950958251951,train,10.52,1.052,0.021049041748048225
SARS-CoV-2-I2T_F126V,10.458144187927246,train,10.5,1.05,0.041855812072753906
SARS-CoV-2-V37I_K56E_N110S_G196W,10.29938507080078,train,10.34,1.034,0.040614929199220384
SARS-CoV-2-F156R,10.441272735595703,train,10.405384615384616,1.0405384615384616,0.03588812021108723
SARS-CoV-2-C61K_G196E_T201R,10.32493019104004,train,10.35,1.035,0.025069808959958806
SARS-CoV-2-P149N_G174L,10.307125091552734,train,10.29,1.029,0.017125091552735228
SARS-CoV-2-G116S_Y175M,10.522956848144531,train,10.56,1.056,0.03704315185546925
SARS-CoV-2-Q168T_G174L,10.31146240234375,train,10.325,1.0325,0.01353759765624929
SARS-CoV-2-G9I_N64V_L122C_Y175G,10.404211044311523,train,10.43,1.043,0.02578895568847628
SARS-CoV-2-S36K_Q168F,10.41830825805664,train,10.4,1.04,0.01830825805664027
SARS-CoV-2-T63Q_T170L,10.413864135742188,train,10.49,1.0490000000000002,0.07613586425781271
SARS-CoV-2-T3A_N24H_L125T,10.432384490966797,train,10.47,1.0470000000000002,0.037615509033203764
SARS-CoV-2-N130R_F160W,10.42959213256836,train,10.44,1.044,0.010407867431640128
SARS-CoV-2-I2E_Y143V,10.31017017364502,train,10.33,1.0330000000000001,0.01982982635498054
SARS-CoV-2-Y39V_E141H_T201S,10.535032272338867,train,10.53,1.053,0.005032272338867827
SARS-CoV-2-T3A_N24S,10.348139762878418,train,10.38,1.038,0.03186023712158281
SARS-CoV-2-N4S_F156S,10.532610893249512,train,10.54,1.054,0.007389106750487429
SARS-CoV-2-L5G_F8L_K199D,10.325591087341309,train,10.37,1.037,0.044408912658690625
SARS-CoV-2-Y119E_S164H,10.423745155334473,train,10.4,1.04,0.0237451553344723
SARS-CoV-2-L5T_N157K,10.475200653076172,train,10.46,1.046,0.015200653076171022
SARS-CoV-2-N110A_K198W,10.468144416809082,train,10.53,1.053,0.06185558319091733
SARS-CoV-2-V37N_E154D,10.54885482788086,train,10.58,1.058,0.031145172119140696
SARS-CoV-2-N40R_T55S,10.442707061767578,train,10.43,1.043,0.01270706176757841
SARS-CoV-2-V153C,10.38656997680664,train,10.406666666666666,1.0406666666666666,0.020096689860025663
SARS-CoV-2-L5P,10.41152000427246,train,10.467333333333332,1.0467333333333333,0.05581332906087333
SARS-CoV-2-Y39L_T100Y,10.321346282958984,train,10.26,1.026,0.06134628295898459
SARS-CoV-2-L111K_P149S,10.368151664733888,train,10.35,1.035,0.01815166473388885
SARS-CoV-2-V37L_G116F,10.32327938079834,train,10.34,1.034,0.016720619201660014
SARS-CoV-2-C61T_F156P,10.46887493133545,train,10.48,1.048,0.011125068664551208
SARS-CoV-2-G9R_A18P,10.39535140991211,train,10.41,1.0410000000000001,0.014648590087890767
SARS-CoV-2-N4G_C61Q_N120T,10.394115447998049,train,10.43,1.043,0.035884552001951064
SARS-CoV-2-G9P_V153S_Q168F,10.335807800292969,train,10.37,1.037,0.03419219970703047
SARS-CoV-2-Y35L_T148E,10.601505279541016,train,10.6,1.06,0.0015052795410159803
SARS-CoV-2-I2C_D98N,10.325531005859377,train,10.33,1.0330000000000001,0.004468994140623295
SARS-CoV-2-P54R_Y178H,10.327865600585938,train,10.31,1.0310000000000001,0.017865600585937003
SARS-CoV-2-L5S_Q84K,10.35059642791748,train,10.37,1.037,0.01940357208251875
SARS-CoV-2-N64H,10.417383193969728,train,10.407692307692308,1.040769230769231,0.009690886277420319
SARS-CoV-2-T193S,10.455039978027344,train,10.45,1.045,0.0050399780273444605
SARS-CoV-2-N64R_K87L_Y119G_F160A,10.375271797180176,train,10.35,1.035,0.025271797180176137
SARS-CoV-2-N4G_T46L,10.325343132019045,train,10.34,1.034,0.014656867980955113
SARS-CoV-2-L125A_F160H_H189T,10.379526138305664,train,10.45,1.045,0.07047386169433523
SARS-CoV-2-V65I_K87I,10.48011302947998,train,10.5,1.05,0.01988697052001953
SARS-CoV-2-Y175V,10.363458633422852,train,10.382,1.0382,0.01854136657714811
SARS-CoV-2-V11I_F126M,10.355842590332031,train,10.26,1.026,0.09584259033203146
SARS-CoV-2-S184N,10.316123962402344,train,10.34,1.034,0.023876037597656108
SARS-CoV-2-N151R,10.467074394226074,train,10.46,1.046,0.007074394226073366
SARS-CoV-2-N1V_P197L,10.383569717407228,train,10.4,1.04,0.016430282592772016
SARS-CoV-2-G83R_N130V_F156E,10.308021545410156,train,10.33,1.0330000000000001,0.02197845458984382
SARS-CoV-2-T140K,10.360424041748049,train,10.363,1.0363,0.002575958251950894
SARS-CoV-2-I28L_S45F_K87I,10.360719680786133,train,10.37,1.037,0.009280319213866406
SARS-CoV-2-N64T_F156D,10.360565185546877,train,10.37,1.037,0.009434814453122442
SARS-CoV-2-V37M_R78S_V115I,10.584588050842283,train,10.59,1.059,0.005411949157716478
SARS-CoV-2-L38I_Y119T,10.47566032409668,train,10.5,1.05,0.024339675903320312
SARS-CoV-2-Y119A_E141K,10.317392349243164,train,10.27,1.027,0.04739234924316449
SARS-CoV-2-T148A_L188C,10.534481048583984,train,10.54,1.054,0.005518951416014772
SARS-CoV-2-T100V_N151G,10.402463912963867,train,10.44,1.044,0.037536087036132315
SARS-CoV-2-L5E_S29E_K87L_D97I,10.346357345581056,train,10.36,1.036,0.013642654418942968
SARS-CoV-2-S41Q_D97M,10.492332458496094,train,10.48,1.048,0.012332458496093324
SARS-CoV-2-Y35M_F62I_G172D_A190N,10.38544750213623,train,10.4,1.04,0.014552497863769887
SARS-CoV-2-Y119L_T148F,10.478410720825195,train,10.45,1.045,0.028410720825196023
SARS-CoV-2-T55A_P149G,10.314367294311523,train,10.3,1.03,0.014367294311522727
SARS-CoV-2-L122F,10.4132080078125,train,10.415714285714284,1.0415714285714284,0.0025062779017837045
SARS-CoV-2-P54R_N157S,10.299272537231444,train,10.3,1.03,0.0007274627685571744
SARS-CoV-2-Y143F,10.408458709716797,train,10.386666666666668,1.0386666666666668,0.021792043050128385
SARS-CoV-2-C61A_N120Q_K198Q,10.504663467407228,train,10.51,1.051,0.005336532592771448
SARS-CoV-2-F126S_N151E,10.391996383666992,train,10.35,1.035,0.04199638366699254
SARS-CoV-2-G117C_F156H,10.546445846557615,train,10.57,1.0570000000000002,0.023554153442384873
SARS-CoV-2-N130K_T140D_P191E,10.426187515258787,train,10.47,1.0470000000000002,0.04381248474121335
SARS-CoV-2-R16L_K87T_F160G_Q168R,10.306272506713867,train,10.37,1.037,0.06372749328613203
SARS-CoV-2-G9M_Q84R_K87V_T201R,10.347713470458984,train,10.33,1.0330000000000001,0.017713470458984304
SARS-CoV-2-K87L_L122R_T201M,10.51984405517578,train,10.515,1.0515,0.004844055175778905
SARS-CoV-2-V37A_S43Y,10.686774253845217,train,10.739999999999998,1.0739999999999998,0.05322574615478182
SARS-CoV-2-K114W_N120P,10.336566925048828,train,10.35,1.035,0.01343307495117152
SARS-CoV-2-I28L_L131V,10.531922340393066,train,10.56,1.056,0.02807765960693409
SARS-CoV-2-V37F_D97N,10.60179042816162,train,10.61,1.061,0.008209571838380114
SARS-CoV-2-A18S_T170Y_T201M,10.38071632385254,train,10.39,1.0390000000000001,0.00928367614745973
SARS-CoV-2-C61F_L122S,10.346450805664062,train,10.38,1.038,0.03354919433593828
SARS-CoV-2-N64Y_G152N,10.322869300842283,train,10.34,1.034,0.017130699157716478
SARS-CoV-2-K87V_S200H,10.391523361206056,train,10.35,1.035,0.04152336120605682
SARS-CoV-2-T148S_T201S,10.46815299987793,train,10.51,1.051,0.0418470001220701
SARS-CoV-2-P54K_S139N,10.543066024780272,train,10.54,1.054,0.003066024780272514
SARS-CoV-2-T85R_F160A_T201G,10.609493255615234,train,10.6,1.06,0.00949325561523473
SARS-CoV-2-L5R_K132Q,10.308093070983888,train,10.37,1.037,0.06190692901611072
SARS-CoV-2-N64S_K128T_A145V,10.36110019683838,train,10.39,1.0390000000000001,0.028899803161619886
SARS-CoV-2-L125D_K198V,10.445061683654783,train,10.42,1.042,0.02506168365478345
SARS-CoV-2-N30G_G146S,10.413691520690918,train,10.45,1.045,0.03630847930908132
SARS-CoV-2-R16N_S129T,10.448312759399414,train,10.45,1.045,0.001687240600585227
SARS-CoV-2-Y35F_D98G_S129V,10.362993240356444,train,10.35,1.035,0.012993240356443891
SARS-CoV-2-K87H_T201M,10.47724437713623,train,10.47,1.0470000000000002,0.007244377136229829
SARS-CoV-2-N151L_P197S,10.385095596313477,train,10.38,1.038,0.005095596313475781
SARS-CoV-2-H189N,10.453269958496094,train,10.474,1.0474,0.02073004150390645
SARS-CoV-2-S113A_T201S,10.419562339782717,train,10.46,1.046,0.04043766021728423
SARS-CoV-2-T55H_T63L,10.30417823791504,train,10.31,1.0310000000000001,0.0058217620849596585
SARS-CoV-2-G9R_C61K_K87F,10.320775985717772,train,10.33,1.0330000000000001,0.00922401428222841
SARS-CoV-2-Q163S,10.376768112182615,train,10.415,1.0414999999999999,0.038231887817383736
SARS-CoV-2-C61N_T100I,10.500911712646484,train,10.53,1.053,0.029088287353514986
SARS-CoV-2-T55F_P197V,10.435985565185549,train,10.46,1.046,0.0240144348144522
SARS-CoV-2-I2Q_V37Y_F156T,10.542491912841797,train,10.58,1.058,0.037508087158203196
SARS-CoV-2-S36K_S200F,10.479236602783203,train,10.46,1.046,0.019236602783202272
SARS-CoV-2-T46L_L60M,10.364177703857422,train,10.38,1.038,0.015822296142578907
SARS-CoV-2-L125T_E141N,10.44597625732422,train,10.48,1.048,0.0340237426757799
SARS-CoV-2-N110K_G146A,10.51138973236084,train,10.5,1.05,0.011389732360839844
SARS-CoV-2-V52C_T201L,10.448026657104492,train,10.48,1.048,0.03197334289550824
SARS-CoV-2-C61V_Y119S,10.339263916015623,train,10.26,1.026,0.07926391601562344
SARS-CoV-2-L122D_T201M,10.53959846496582,train,10.54,1.054,0.00040153503417883485
SARS-CoV-2-R27Q_N120S_K198V,10.436179161071776,train,10.47,1.0470000000000002,0.03382083892822507
SARS-CoV-2-I2G_V37Y,10.51253890991211,train,10.55,1.0550000000000002,0.037461090087891336
SARS-CoV-2-L125T_T201M,10.304441452026367,train,10.3,1.03,0.004441452026366477
SARS-CoV-2-S29Q_Y35L,10.534879684448242,train,10.53,1.053,0.004879684448242827
SARS-CoV-2-F8L_P169Y,10.373815536499023,train,10.42,1.042,0.04618446350097649
SARS-CoV-2-G117E_L125P,10.400945663452148,train,10.4,1.04,0.0009456634521480822
SARS-CoV-2-S43T_N171A,10.478242874145508,train,10.47,1.0470000000000002,0.008242874145507173
SARS-CoV-2-S113T_T148K,10.334355354309082,train,10.35,1.035,0.015644645690917613
SARS-CoV-2-I2S_R27T_F160S,10.483779907226562,train,10.5,1.05,0.0162200927734375
SARS-CoV-2-T55S_Y175G,10.525565147399902,train,10.52,1.052,0.00556514739990277
SARS-CoV-2-I28L_Y35L_L60Y_V173D,10.552903175354004,train,10.57,1.0570000000000002,0.017096824645996378
SARS-CoV-2-N64K_L122K,10.502347946166992,train,10.51,1.051,0.007652053833007599
SARS-CoV-2-R16S_V32M,10.457983016967772,train,10.46,1.046,0.0020169830322291915
SARS-CoV-2-V37L_F44W_N120Y,10.307796478271484,train,10.325,1.0325,0.017203521728514914
SARS-CoV-2-L5R_S147A,10.528602600097656,train,10.56,1.056,0.03139739990234425
SARS-CoV-2-Y35I_T55N,10.483070373535156,train,10.5,1.05,0.01692962646484375
SARS-CoV-2-P54R_L95V,10.337231636047363,train,10.34,1.034,0.0027683639526365766
SARS-CoV-2-C61I_L122S_Y143V_T201H,10.475421905517578,train,10.47,1.0470000000000002,0.0054219055175774855
SARS-CoV-2-Y39K_F156D,10.554906845092772,train,10.56,1.056,0.005093154907228836
SARS-CoV-2-T55L_F156R,10.69477653503418,train,10.76,1.076,0.0652234649658201
SARS-CoV-2-G155T,10.357881546020508,train,10.3375,1.0337500000000002,0.020381546020507457
SARS-CoV-2-Q163V_T170L,10.411975860595703,train,10.455,1.0455,0.043024139404296946
SARS-CoV-2-L5N_N151L,10.343828201293944,train,10.37,1.037,0.026171798706055682
SARS-CoV-2-V37M_Y119F,10.496719360351562,train,10.53,1.053,0.03328063964843686
SARS-CoV-2-S41N_C61W,10.43029499053955,train,10.46,1.046,0.02970500946045007
SARS-CoV-2-G9D,10.331436157226562,train,10.36,1.036,0.02856384277343693
SARS-CoV-2-F44I_P54E_K87L,10.343657493591309,train,10.46,1.046,0.11634250640869226
SARS-CoV-2-N118T,10.354671478271484,train,10.345555555555556,1.0345555555555557,0.009115922715928093
SARS-CoV-2-K56D_N110F_Y175T,10.485733032226562,train,10.5,1.05,0.0142669677734375
SARS-CoV-2-T63Y_L122F,10.329792022705078,train,10.35,1.035,0.02020797729492152
SARS-CoV-2-P149K_V153A,10.458535194396973,train,10.46,1.046,0.0014648056030281964
SARS-CoV-2-S43R_C61V_G166V,10.427767753601074,train,10.41,1.0410000000000001,0.017767753601074077
SARS-CoV-2-T55C_T201N,10.3181734085083,train,10.33,1.0330000000000001,0.01182659149169929
SARS-CoV-2-Y121L_G166R,10.46585464477539,train,10.455,1.0455,0.010854644775390554
SARS-CoV-2-R73A_N120K,10.32447624206543,train,10.36,1.036,0.035523757934569744
SARS-CoV-2-K87L_N151K,10.526103019714355,train,10.51,1.051,0.016103019714355682
SARS-CoV-2-N64T_V173T,10.35393524169922,train,10.37,1.037,0.016064758300778692
SARS-CoV-2-T55L_S113G_Y119G_V173S,10.36351203918457,train,10.35,1.035,0.013512039184570668
SARS-CoV-2-V32E_T55G_G172K,10.515706062316896,train,10.52,1.052,0.004293937683103266
SARS-CoV-2-I104M_F156T,10.49394989013672,train,10.52,1.052,0.026050109863279047
SARS-CoV-2-R78G_K87R_S139A_Q168A,10.36834716796875,train,10.42,1.042,0.05165283203124993
SARS-CoV-2-Y119V_T201S,10.41606616973877,train,10.42,1.042,0.003933830261230398
SARS-CoV-2-L5P_T55I,10.43738079071045,train,10.44,1.044,0.002619209289550284
SARS-CoV-2-L60Y_E141P,10.333185195922852,train,10.34,1.034,0.006814804077148295
SARS-CoV-2-R78H_Q163E,10.425177574157717,train,10.44,1.044,0.014822425842282883
SARS-CoV-2-S200H,10.379100799560549,train,10.363333333333332,1.036333333333333,0.015767466227217142
SARS-CoV-2-R78E_G117A_E141S_F156D,10.410171508789062,train,10.36,1.036,0.05017150878906307
SARS-CoV-2-F62C_P197S,10.625813484191896,train,10.66,1.066,0.034186515808103835
SARS-CoV-2-V37S_F156I,10.51126480102539,train,10.54,1.054,0.028735198974608522
SARS-CoV-2-F47V_Y119T,10.303460121154783,train,10.31,1.0310000000000001,0.0065398788452171175
SARS-CoV-2-F62I_F156V,10.438213348388672,train,10.44,1.044,0.0017866516113276276
SARS-CoV-2-S164M_G174S,10.337335586547852,train,10.34,1.034,0.0026644134521482954
SARS-CoV-2-S29F_C61E,10.373764991760254,train,10.36,1.036,0.013764991760254475
SARS-CoV-2-Y159R_S200Q,10.428352355957031,train,10.43,1.043,0.0016476440429684658
SARS-CoV-2-T55H_F156P,10.34803867340088,train,10.34,1.034,0.008038673400880825
SARS-CoV-2-R16I_T55Y,10.423558235168455,train,10.46,1.046,0.0364417648315456
SARS-CoV-2-F126S_P197Q,10.330450057983398,train,10.32,1.032,0.010450057983398153
SARS-CoV-2-T100V_P149A_Y175K,10.59324073791504,train,10.61,1.061,0.016759262084958593
SARS-CoV-2-Y121L_S200H,10.346664428710938,train,10.34,1.034,0.006664428710937642
SARS-CoV-2-A42R_F62V_T201C,10.456478118896484,train,10.45,1.045,0.0064781188964850855
SARS-CoV-2-R27K_S41T_V173T_K198D,10.300705909729004,train,10.32,1.032,0.019294090270996378
SARS-CoV-2-V37L_G166S_Y175K,10.547429084777832,train,10.57,1.0570000000000002,0.022570915222168253
SARS-CoV-2-T100L_P149L,10.56790828704834,train,10.59,1.059,0.022091712951660014
SARS-CoV-2-V37S_K48Q,10.43807601928711,train,10.51,1.051,0.07192398071289041
SARS-CoV-2-S43T_I138C,10.355147361755373,train,10.34,1.034,0.015147361755373012
SARS-CoV-2-G174L_T201L,10.423900604248049,train,10.48,1.048,0.056099395751951775
SARS-CoV-2-P197C,10.617593765258787,train,10.62,1.062,0.0024062347412119323
SARS-CoV-2-V11I_L95V_N110T,10.558534622192385,train,10.56,1.056,0.0014653778076159085
SARS-CoV-2-R27T_P197R,10.516151428222656,train,10.53,1.053,0.01384857177734311
SARS-CoV-2-P54Q_T201M,10.44093132019043,train,10.48,1.048,0.03906867980957074
SARS-CoV-2-Y39V_G117T,10.499180793762209,train,10.53,1.053,0.030819206237790553
SARS-CoV-2-Y159V_Y175S,10.562593460083008,train,10.55,1.0550000000000002,0.012593460083007102
SARS-CoV-2-G166M_V173P,10.57404899597168,train,10.59,1.059,0.01595100402832017
SARS-CoV-2-T3Q_V153K,10.356504440307615,train,10.4,1.04,0.043495559692384944
SARS-CoV-2-A42M,10.508374214172363,train,10.54,1.054,0.031625785827635866
SARS-CoV-2-D59Q_F156S,10.390324592590332,train,10.38,1.038,0.01032459259033125
SARS-CoV-2-Q84V_K128A,10.37539291381836,train,10.37,1.037,0.005392913818360157
SARS-CoV-2-Y143H,10.31446933746338,train,10.324444444444444,1.0324444444444445,0.009975106981062964
SARS-CoV-2-N64C_G174M,10.332263946533203,train,10.37,1.037,0.03773605346679609
SARS-CoV-2-G9K_K56S,10.386520385742188,train,10.44,1.044,0.053479614257812
SARS-CoV-2-F8L_Y119H,10.545137405395508,train,10.53,1.053,0.015137405395508452
SARS-CoV-2-Y121F_S147K,10.446907997131348,train,10.48,1.048,0.03309200286865277
SARS-CoV-2-S41N_L60N_T85S_F160Y,10.384469985961914,train,10.41,1.0410000000000001,0.02553001403808608
SARS-CoV-2-V11I_Y119K_N171T_K198V,10.297574996948242,train,10.3,1.03,0.002425003051758523
SARS-CoV-2-L125V_N130C_E141R,10.363407135009766,train,10.39,1.0390000000000001,0.026592864990234943
SARS-CoV-2-C61R_K128R,10.542518615722656,train,10.55,1.0550000000000002,0.0074813842773444605
SARS-CoV-2-T100Y,10.331355094909668,train,10.315333333333331,1.0315333333333332,0.016021761576336502
SARS-CoV-2-A42P_Q84M_Y119G,10.328964233398438,train,10.34,1.034,0.011035766601562358
SARS-CoV-2-T85H,10.43833351135254,train,10.489999999999998,1.049,0.0516664886474576
SARS-CoV-2-K114C_E154D,10.448625564575195,train,10.47,1.0470000000000002,0.021374435424805327
SARS-CoV-2-K48E_D97L,10.36069107055664,train,10.41,1.0410000000000001,0.04930892944335952
SARS-CoV-2-I28Y_F160H,10.412568092346191,train,10.39,1.0390000000000001,0.022568092346190838
SARS-CoV-2-V153S_T201K,10.370027542114258,train,10.41,1.0410000000000001,0.03997245788574233
SARS-CoV-2-K56S_N151A,10.399057388305664,train,10.45,1.045,0.05094261169433523
SARS-CoV-2-S129T_F156L,10.30068302154541,train,10.285,1.0285,0.015683021545410014
SARS-CoV-2-K87I_P197V,10.485169410705566,train,10.46,1.046,0.025169410705565554
SARS-CoV-2-R16N_Y119S_F126V,10.513208389282228,train,10.53,1.053,0.01679161071777102
SARS-CoV-2-S43G_Y119T,10.318927764892578,train,10.3,1.03,0.018927764892577414
SARS-CoV-2-C61K_F156A,10.300066947937012,train,10.33,1.0330000000000001,0.029933052062988352
SARS-CoV-2-N24G_F156D,10.441902160644531,train,10.46,1.046,0.018097839355469603
SARS-CoV-2-S36A_R78G,10.647737503051758,train,10.65,1.0650000000000002,0.0022624969482425428
SARS-CoV-2-G196D,10.377582550048828,train,10.4075,1.04075,0.029917449951172514
SARS-CoV-2-Y39E_K87H_P149H,10.621068000793455,train,10.68,1.068,0.05893199920654446
SARS-CoV-2-Q168M,10.325927734375,train,10.36,1.036,0.03407226562499943
SARS-CoV-2-R16I_C195D,10.406479835510254,train,10.395,1.0395,0.011479835510254333
SARS-CoV-2-V32F,10.548772811889648,train,10.55,1.0550000000000002,0.001227188110352273
SARS-CoV-2-I2N_Y159S_A190E,10.519548416137695,train,10.52,1.052,0.0004515838623042612
SARS-CoV-2-S43D_Q84T,10.46865463256836,train,10.49,1.0490000000000002,0.021345367431640838
SARS-CoV-2-L122T,10.343841552734377,train,10.3655,1.03655,0.021658447265624048
SARS-CoV-2-E10D_K48E_K87R_F156M_A192T_T201V,10.433690071105955,train,10.44,1.044,0.006309928894044248
SARS-CoV-2-T3P_L125A_N151H_F160L_V173S,10.439346313476562,train,10.49,1.0490000000000002,0.05065368652343771
SARS-CoV-2-F160W_N171S,10.441536903381348,train,10.47,1.0470000000000002,0.028463096618652983
SARS-CoV-2-G9D_K48E_P96S_T201A,10.405372619628906,train,10.42,1.042,0.014627380371093679
SARS-CoV-2-I28L_S200Y,10.456311225891112,train,10.45,1.045,0.0063112258911122154
SARS-CoV-2-G116S_A190E,10.385194778442385,train,10.37,1.037,0.01519477844238537
SARS-CoV-2-K87T_P169H,10.62277603149414,train,10.63,1.0630000000000002,0.007223968505860157
SARS-CoV-2-K87P_Y119T,10.49161148071289,train,10.47,1.0470000000000002,0.021611480712889986
SARS-CoV-2-G9S_N58H_Y119R,10.33646297454834,train,10.36,1.036,0.023537025451659588
SARS-CoV-2-I28V_V153I_T201H,10.30228042602539,train,10.35,1.035,0.04771957397460902
SARS-CoV-2-C61T_N157H,10.339603424072266,train,10.35,1.035,0.01039657592773402
SARS-CoV-2-F44Y_F160Y,10.31536102294922,train,10.32,1.032,0.004638977050779758
SARS-CoV-2-S45H_K87C_Y119G_V173Q,10.45185661315918,train,10.46,1.046,0.008143386840821165
SARS-CoV-2-L5F_Q168V_T201M,10.487266540527344,train,10.54,1.054,0.0527334594726554
SARS-CoV-2-T85L_Y159L_P197L,10.456652641296388,train,10.46,1.046,0.0033473587036123575
SARS-CoV-2-D59E_L125V,10.471267700195312,train,10.45,1.045,0.02126770019531321
SARS-CoV-2-N64A_Y119E_G166E,10.45684051513672,train,10.44,1.044,0.016840515136721024
SARS-CoV-2-V37N,10.427181243896484,train,10.424444444444443,1.0424444444444443,0.002736799452041083
SARS-CoV-2-N4L_V37S_Y175T,10.475014686584473,train,10.51,1.051,0.03498531341552713
SARS-CoV-2-S29R_S36E,10.465421676635742,train,10.43,1.043,0.03542167663574247
SARS-CoV-2-V115E,10.429205894470217,train,10.39875,1.039875,0.030455894470216904
SARS-CoV-2-D90T_L122K,10.45644474029541,train,10.48,1.048,0.02355525970459027
SARS-CoV-2-Y39G_L111Q,10.466510772705078,train,10.42,1.042,0.046510772705078196
SARS-CoV-2-T148F_F156V_P197T,10.395807266235352,train,10.44,1.044,0.04419273376464794
SARS-CoV-2-I28L_Y35I_G83R_P169E,10.504064559936523,train,10.5,1.05,0.0040645599365234375
SARS-CoV-2-A33L_T100F_V153G,10.298309326171877,train,10.31,1.0310000000000001,0.011690673828123721
SARS-CoV-2-V37I_S147P_G166E_T201N,10.618803024291992,train,10.64,1.064,0.02119697570800838
SARS-CoV-2-K56S_Y123R,10.43873691558838,train,10.45,1.045,0.011263084411618607
SARS-CoV-2-K87A_F156N,10.362415313720703,train,10.155,1.0155,0.20741531372070376
SARS-CoV-2-I2K_P54K,10.365118980407717,train,10.4,1.04,0.034881019592283735
SARS-CoV-2-K87F_A190F,10.33123016357422,train,10.35,1.035,0.01876983642577912
SARS-CoV-2-I2F_R27V_T201A,10.375106811523438,train,10.4,1.04,0.024893188476562855
SARS-CoV-2-L5H_T140L,10.344507217407228,train,10.4,1.04,0.055492782592772016
SARS-CoV-2-S29K_G83R,10.39615535736084,train,10.38,1.038,0.016155357360839062
SARS-CoV-2-N157K_K199L,10.442407608032228,train,10.44,1.044,0.0024076080322288362
SARS-CoV-2-F44S_K87L_Y119A,10.388275146484377,train,10.44,1.044,0.051724853515622726
SARS-CoV-2-V153N,10.394149780273438,train,10.378,1.0378,0.016149780273437386
SARS-CoV-2-I28M_N120R,10.526969909667969,train,10.53,1.053,0.0030300903320306105
SARS-CoV-2-V52I_D98N_S129N,10.493496894836426,train,10.54,1.054,0.046503105163573366
SARS-CoV-2-S53D_N157Y,10.348139762878418,train,10.35,1.035,0.001860237121581676
SARS-CoV-2-S43E_K87A,10.671319007873535,train,10.66,1.066,0.011319007873535014
SARS-CoV-2-N4H_S129N,10.546839714050291,train,10.58,1.058,0.03316028594970888
SARS-CoV-2-C61K_R78C,10.398207664489746,train,10.46,1.046,0.06179233551025476
SARS-CoV-2-V37A_N64R_G172A,10.467065811157228,train,10.48,1.048,0.012934188842772087
SARS-CoV-2-P54M_F156L,10.54302215576172,train,10.56,1.056,0.01697784423827997
SARS-CoV-2-C195L_K199W,10.383353233337402,train,10.41,1.0410000000000001,0.0266467666625978
SARS-CoV-2-N64S_Y119D,10.339384078979492,train,10.34,1.034,0.0006159210205076704
SARS-CoV-2-R16Y_D97F_N130K_H189S,10.36143398284912,train,10.4,1.04,0.03856601715088104
SARS-CoV-2-P7D_T55C,10.29669952392578,train,10.29,1.029,0.006699523925780326
SARS-CoV-2-V37G_P149H,10.43120574951172,train,10.46,1.046,0.028794250488280326
SARS-CoV-2-G117N_K199T,10.39107894897461,train,10.39,1.0390000000000001,0.0010789489746088066
SARS-CoV-2-A18P_G83N_N120Q_N130S_Y159S,10.469965934753418,train,10.53,1.053,0.06003406524658139
SARS-CoV-2-N118T_G172V,10.483851432800291,train,10.47,1.0470000000000002,0.013851432800290553
SARS-CoV-2-G9Q_Y175S,10.511781692504885,train,10.51,1.051,0.001781692504884802
SARS-CoV-2-V32E,10.36951732635498,train,10.402857142857142,1.0402857142857143,0.03333981650216167
SARS-CoV-2-N120L_K198N,10.307467460632324,train,10.33,1.0330000000000001,0.022532539367675852
SARS-CoV-2-L95V_N120D,10.486072540283203,train,10.51,1.051,0.023927459716796662
SARS-CoV-2-I2M_D98N,10.579511642456056,train,10.63,1.0630000000000002,0.05048835754394432
SARS-CoV-2-K87T_K198D,10.39992332458496,train,10.4,1.04,7.667541504119413e-05
SARS-CoV-2-T3P_F160D,10.417917251586914,train,10.47,1.0470000000000002,0.05208274841308658
SARS-CoV-2-N40S,10.316232681274414,train,10.322,1.0322,0.005767318725585113
SARS-CoV-2-N130E_K199L,10.298089981079102,train,10.33,1.0330000000000001,0.03191001892089851
SARS-CoV-2-V37H_G51N,10.417152404785156,train,10.45,1.045,0.03284759521484304
SARS-CoV-2-S29H_I72V_V77L,10.62156867980957,train,10.62,1.062,0.001568679809571094
SARS-CoV-2-V32T_K114M_T201V,10.506738662719728,train,10.54,1.054,0.03326133728027081
SARS-CoV-2-K87Y_P149H,10.325406074523926,train,10.35,1.035,0.024593925476073863
SARS-CoV-2-I2P_T201Q,10.408336639404297,train,10.42,1.042,0.011663360595703054
SARS-CoV-2-L5D_K199V,10.353474617004396,train,10.36,1.036,0.006525382995603124
SARS-CoV-2-T55K_T148F,10.467022895812988,train,10.45,1.045,0.017022895812988992
SARS-CoV-2-L5P_S129R_K198P,10.676958084106444,train,10.71,1.0710000000000002,0.033041915893557317
SARS-CoV-2-C61Q,10.407482147216797,train,10.376,1.0376,0.03148214721679743
SARS-CoV-2-G9V_T85R_P197T,10.303784370422363,train,10.32,1.032,0.016215629577637003
SARS-CoV-2-N4E,10.382211685180664,train,10.4275,1.04275,0.04528831481933615
SARS-CoV-2-P54L_K87Y_V115S,10.317689895629885,train,10.34,1.034,0.02231010437011527
SARS-CoV-2-P54A_Y119C_F160S,10.403998374938965,train,10.41,1.0410000000000001,0.006001625061035298
SARS-CoV-2-F17W_G152Q_N157K,10.382381439208984,train,10.35,1.035,0.03238143920898473
SARS-CoV-2-F126E,10.384159088134766,train,10.39,1.0390000000000001,0.0058409118652349434
SARS-CoV-2-I2L_V52L,10.3192777633667,train,10.345,1.0345000000000002,0.02572223663330142
SARS-CoV-2-E10T_V32K_L125S,10.313905715942385,train,10.255,1.0255,0.05890571594238381
SARS-CoV-2-Y39L_S113A,10.521163940429688,train,10.53,1.053,0.00883605957031186
SARS-CoV-2-K198C,10.388787269592283,train,10.438571428571429,1.0438571428571428,0.04978415897914523
SARS-CoV-2-Y119F_L125A_N130A,10.35403823852539,train,10.395,1.0395,0.04096176147460895
SARS-CoV-2-L5S_V11I_V37Y,10.585426330566406,train,10.59,1.059,0.004573669433593608
SARS-CoV-2-N1S_A42K,10.42569065093994,train,10.42,1.042,0.005690650939939701
SARS-CoV-2-T63G_Q168L,10.41364860534668,train,10.45,1.045,0.0363513946533196
SARS-CoV-2-Y35L_P197S,10.429892539978027,train,10.38,1.038,0.04989253997802656
SARS-CoV-2-S36T_Q163T,10.55650520324707,train,10.57,1.0570000000000002,0.013494796752929972
SARS-CoV-2-Y39Q_F156S,10.396059036254885,train,10.35,1.035,0.046059036254884944
SARS-CoV-2-A22R_L122E,10.680951118469238,train,10.7,1.07,0.019048881530761008
SARS-CoV-2-S129R_S139K_F156E,10.292838096618652,train,10.36,1.036,0.06716190338134709
SARS-CoV-2-I2H_I142L,10.451848030090332,train,10.48,1.048,0.028151969909668395
SARS-CoV-2-G9E_N58M,10.421570777893066,train,10.44,1.044,0.018429222106933096
SARS-CoV-2-V37R_F126H,10.690492630004885,train,10.71,1.0710000000000002,0.019507369995116264
SARS-CoV-2-T55S_Y119P,10.397892951965332,train,10.39,1.0390000000000001,0.007892951965331463
SARS-CoV-2-S53V_Q84S,10.42269515991211,train,10.47,1.0470000000000002,0.047304840087891264
SARS-CoV-2-W106M_N130V_P197L,10.350936889648438,train,10.33,1.0330000000000001,0.02093688964843743
SARS-CoV-2-E10D_F62I,10.54469871520996,train,10.57,1.0570000000000002,0.025301284790041123
SARS-CoV-2-C61R_N110M_T201Q,10.507741928100586,train,10.56,1.056,0.05225807189941456
SARS-CoV-2-N64L_Y119G,10.314667701721191,train,10.28,1.028,0.034667701721192046
SARS-CoV-2-Y119S_I138L_P149L,10.33875846862793,train,10.33,1.0330000000000001,0.008758468627929616
SARS-CoV-2-D98T_P197K,10.624574661254885,train,10.65,1.0650000000000002,0.025425338745115766
SARS-CoV-2-I2F_A145S,10.58326530456543,train,10.59,1.059,0.00673469543457017
SARS-CoV-2-N24S_Y39E,10.719322204589844,train,10.74,1.074,0.020677795410156463
SARS-CoV-2-S45E,10.389591217041016,train,10.375,1.0375,0.014591217041015625
SARS-CoV-2-Y39I_F160C,10.385950088500977,train,10.42,1.042,0.034049911499023366
SARS-CoV-2-T3E_G9E,10.542488098144531,train,10.55,1.0550000000000002,0.0075119018554694605
SARS-CoV-2-Y35F_N120S,10.51210117340088,train,10.54,1.054,0.027898826599118465
SARS-CoV-2-N58R_N110D,10.29371452331543,train,10.29,1.029,0.00371452331543054
SARS-CoV-2-G83Y_E154A,10.31190299987793,train,10.32,1.032,0.008097000122070597
SARS-CoV-2-R16L_F156W,10.338025093078612,train,10.38,1.038,0.04197490692138928
SARS-CoV-2-L5D_V37L,10.364100456237791,train,10.35,1.035,0.014100456237791548
SARS-CoV-2-N24R_V37D,10.623693466186523,train,10.63,1.0630000000000002,0.006306533813477344
SARS-CoV-2-G83N_Y91F,10.464908599853516,train,10.48,1.048,0.015091400146484801
SARS-CoV-2-Y39Q_F160L_T201Q,10.321309089660645,train,10.31,1.0310000000000001,0.011309089660644034
SARS-CoV-2-S147D,10.528329849243164,train,10.53,1.053,0.001670150756835298
SARS-CoV-2-V32C_G51N,10.298874855041504,train,10.35,1.035,0.05112514495849574
SARS-CoV-2-G9T_S36D,10.596101760864258,train,10.63,1.0630000000000002,0.03389823913574297
SARS-CoV-2-C61W_S184T,10.339873313903809,train,10.36,1.036,0.020126686096190838
SARS-CoV-2-T148S_F160W,10.380977630615234,train,10.4,1.04,0.01902236938476598
SARS-CoV-2-V37W_S43Q,10.600417137145996,train,10.58,1.058,0.020417137145996023
SARS-CoV-2-G146A_V173L,10.643735885620115,train,10.65,1.0650000000000002,0.006264114379884944
SARS-CoV-2-T55Q_T148A,10.422982215881348,train,10.43,1.043,0.0070177841186520595
SARS-CoV-2-D97E_L188K,10.3158540725708,train,10.35,1.035,0.034145927429198863
SARS-CoV-2-N64H_Y119N_G146T,10.379476547241213,train,10.36,1.036,0.019476547241213282
SARS-CoV-2-V37N_Y119S_G155R,10.48475170135498,train,10.49,1.0490000000000002,0.005248298645019744
SARS-CoV-2-Y143H_K199S,10.325311660766602,train,10.3,1.03,0.025311660766600852
SARS-CoV-2-N110F,10.426135063171388,train,10.45,1.045,0.023864936828610794
SARS-CoV-2-L187Q,10.419865608215332,train,10.395,1.0395,0.024865608215332458
SARS-CoV-2-Y39V_L188P,10.508143424987791,train,10.485,1.0485,0.02314342498779176
SARS-CoV-2-K87M_G166V,10.435623168945312,train,10.41,1.0410000000000001,0.025623168945312358
SARS-CoV-2-V37F_L38I_T55R,10.438519477844238,train,10.44,1.044,0.0014805221557612214
SARS-CoV-2-Y143W,10.321545600891112,train,10.345,1.0345000000000002,0.023454399108889135
SARS-CoV-2-T63S_T100L_F156H,10.451918601989746,train,10.49,1.0490000000000002,0.03808139801025412
SARS-CoV-2-Y35L_V173M,10.315547943115234,train,10.31,1.0310000000000001,0.005547943115233878
SARS-CoV-2-R16V_N157S,10.29641342163086,train,10.33,1.0330000000000001,0.033586578369140696
SARS-CoV-2-S41R_L122K,10.337882995605469,train,10.35,1.035,0.012117004394530895
SARS-CoV-2-P197K,10.313322067260742,train,10.343333333333334,1.0343333333333333,0.030011266072591525
SARS-CoV-2-T55L_Q84S,10.445595741271973,train,10.51,1.051,0.06440425872802713
SARS-CoV-2-I2Q_T140E,10.33392333984375,train,10.36,1.036,0.02607666015624943
SARS-CoV-2-V77L_S113G,10.48931884765625,train,10.52,1.052,0.030681152343749574
SARS-CoV-2-K87Y,10.499210357666016,train,10.512857142857143,1.0512857142857144,0.01364678519112772
SARS-CoV-2-Q163G,10.409069061279297,train,10.417142857142858,1.0417142857142858,0.008073795863561273
SARS-CoV-2-T3S_D75N,10.366935729980469,train,10.39,1.0390000000000001,0.02306427001953182
SARS-CoV-2-K87I_G152S_Q168K,10.511223793029783,train,10.54,1.054,0.028776206970215767
SARS-CoV-2-K87N_G166K,10.546270370483398,train,10.5,1.05,0.04627037048339844
SARS-CoV-2-K114E_R136K,10.341034889221191,train,10.34,1.034,0.0010348892211915484
SARS-CoV-2-V77L_K198R,10.325925827026367,train,10.31,1.0310000000000001,0.01592582702636669
SARS-CoV-2-I2S_I28W_Y35R_P54T_T170S_Y175C,10.409568786621094,train,10.46,1.046,0.0504312133789071
SARS-CoV-2-N157S_T201Q,10.416105270385742,train,10.42,1.042,0.0038947296142577414
SARS-CoV-2-I2T_P197I,10.393343925476074,train,10.36,1.036,0.03334392547607479
SARS-CoV-2-I2S_Y39G,10.336652755737305,train,10.32,1.032,0.016652755737304403
SARS-CoV-2-G172Y_L188F,10.366376876831056,train,10.38,1.038,0.013623123168944318
SARS-CoV-2-R27P_K87I,10.336599349975586,train,10.36,1.036,0.023400650024413494
SARS-CoV-2-V37K_S113G,10.542543411254885,train,10.55,1.0550000000000002,0.007456588745116122
SARS-CoV-2-F8Y_V173I,10.432390213012695,train,10.43,1.043,0.0023902130126955967
SARS-CoV-2-T55D,10.410334587097168,train,10.43142857142857,1.0431428571428571,0.021093984331402638
SARS-CoV-2-K87T_K132S,10.478629112243652,train,10.49,1.0490000000000002,0.01137088775634787
SARS-CoV-2-G9H_C61K,10.352864265441896,train,10.34,1.034,0.01286426544189645
SARS-CoV-2-R16N_D90R,10.3119535446167,train,10.38,1.038,0.06804645538330156
SARS-CoV-2-L125M,10.470943450927734,train,10.47,1.0470000000000002,0.0009434509277337355
SARS-CoV-2-N110K_V173T,10.64552116394043,train,10.67,1.067,0.02447883605957024
SARS-CoV-2-C61S_A145V,10.373052597045898,train,10.41,1.0410000000000001,0.036947402954101705
SARS-CoV-2-K87R_Y175K,10.365799903869627,train,10.37,1.037,0.0042000961303720885
SARS-CoV-2-G9H_L60R_Y119S_G152S_P197L,10.50991439819336,train,10.53,1.053,0.020085601806639986
SARS-CoV-2-L122R_F156G,10.42194938659668,train,10.43,1.043,0.008050613403320028
SARS-CoV-2-G9R_G166H,10.473812103271484,train,10.54,1.054,0.06618789672851477
SARS-CoV-2-P197N,10.443050384521484,train,10.47,1.0470000000000002,0.026949615478516264
SARS-CoV-2-S36T,10.603302001953123,train,10.624,1.0624,0.02069799804687733
SARS-CoV-2-Y91F_F156L,10.48598861694336,train,10.5,1.05,0.014011383056640625
SARS-CoV-2-G9S_V32T_T140K,10.521549224853516,train,10.53,1.053,0.008450775146483736
SARS-CoV-2-V37Y_K114E,10.567073822021484,train,10.59,1.059,0.022926177978515483
SARS-CoV-2-L5A_G174D,10.388391494750977,train,10.4,1.04,0.011608505249023793
SARS-CoV-2-G9L_D97L,10.319071769714355,train,10.33,1.0330000000000001,0.010928230285644602
SARS-CoV-2-V77L,10.38659954071045,train,10.399166666666666,1.0399166666666666,0.012567125956216785
SARS-CoV-2-N64S_T140R_P149R,10.461379051208496,train,10.47,1.0470000000000002,0.008620948791504546
SARS-CoV-2-N109D_K199C,10.322015762329102,train,10.31,1.0310000000000001,0.012015762329101065
SARS-CoV-2-L5P_G166T,10.479177474975586,train,10.49,1.0490000000000002,0.010822525024414276
SARS-CoV-2-D97K_T201H,10.420536041259766,train,10.45,1.045,0.029463958740233664
SARS-CoV-2-Y119I_T170A,10.409330368041992,train,10.41,1.0410000000000001,0.0006696319580079546
SARS-CoV-2-T100F_N120R,10.344781875610352,train,10.38,1.038,0.03521812438964922
SARS-CoV-2-L5E_L60R_V173K,10.388635635375977,train,10.4,1.04,0.011364364624023793
SARS-CoV-2-A105S_T201R,10.396278381347656,train,10.41,1.0410000000000001,0.013721618652343892
SARS-CoV-2-K87T_C158T,10.397197723388672,train,10.41,1.0410000000000001,0.012802276611328267
SARS-CoV-2-K87R_I104L_L122W,10.345582962036133,train,10.39,1.0390000000000001,0.044417037963867756
SARS-CoV-2-Y39M_G174S,10.56479263305664,train,10.56,1.056,0.004792633056640128
SARS-CoV-2-D97K_E154T,10.296761512756348,train,10.32,1.032,0.023238487243652628
SARS-CoV-2-N4R_V37S,10.553502082824709,train,10.56,1.056,0.00649791717529169
SARS-CoV-2-V37K_G51N,10.549774169921877,train,10.57,1.0570000000000002,0.020225830078123508
SARS-CoV-2-G116T_P197K,10.593281745910645,train,10.59,1.059,0.0032817459106446734
SARS-CoV-2-S43Y_G196S,10.492664337158203,train,10.48,1.048,0.012664337158202699
SARS-CoV-2-N4G_C61R,10.32324504852295,train,10.29,1.029,0.03324504852295007
SARS-CoV-2-K87L_G146S,10.473104476928713,train,10.46,1.046,0.013104476928711861
SARS-CoV-2-A42R_K114M,10.520570755004885,train,10.52,1.052,0.0005707550048850152
SARS-CoV-2-Y39N_Y119S,10.59099578857422,train,10.61,1.061,0.019004211425778905
SARS-CoV-2-G146S_T201S,10.505243301391602,train,10.48,1.048,0.025243301391601136
SARS-CoV-2-V37T_T201S,10.599567413330078,train,10.59,1.059,0.009567413330078267
SARS-CoV-2-L125K_T140H,10.465505599975586,train,10.48,1.048,0.014494400024414489
SARS-CoV-2-S29H_T170V,10.562342643737791,train,10.58,1.058,0.01765735626220888
SARS-CoV-2-Q168N,10.320021629333496,train,10.29,1.029,0.030021629333496946
SARS-CoV-2-R16H_T55V_L122S,10.411550521850586,train,10.45,1.045,0.03844947814941335
SARS-CoV-2-V37Y_T100F_K199L,10.44064712524414,train,10.48,1.048,0.0393528747558598
SARS-CoV-2-G146S_F156M,10.393062591552734,train,10.4,1.04,0.00693740844726598
SARS-CoV-2-I2G_Y35M_K87T_E141N_T201D,10.617718696594238,train,10.59,1.059,0.027718696594238423
SARS-CoV-2-R78Q_D98S_Y159I_P197L,10.511384963989258,train,10.56,1.056,0.048615036010742685
SARS-CoV-2-V32E_K87T_Y159V_T201M,10.514208793640137,train,10.5,1.05,0.014208793640136719
SARS-CoV-2-E76Q_V115A,10.61574935913086,train,10.62,1.062,0.004250640869139843
SARS-CoV-2-S113C_T201N,10.389129638671877,train,10.42,1.042,0.030870361328123153
SARS-CoV-2-N4S_K56Q_P197Q,10.375614166259766,train,10.4,1.04,0.02438583374023473
SARS-CoV-2-S43Q,10.451587677001951,train,10.47,1.0470000000000002,0.01841232299804929
SARS-CoV-2-I28Y_N64D_K87R_P133A,10.551336288452148,train,10.58,1.058,0.028663711547851634
SARS-CoV-2-S45R_L122K,10.4176664352417,train,10.33,1.0330000000000001,0.08766643524169915
SARS-CoV-2-V37I_L125T,10.72711181640625,train,10.77,1.077,0.042888183593749574
SARS-CoV-2-L60Q_T201A,10.423879623413086,train,10.45,1.045,0.026120376586913352
SARS-CoV-2-T55S_K128I,10.44053077697754,train,10.44,1.044,0.0005307769775413362
SARS-CoV-2-F17W_E154L,10.474895477294922,train,10.49,1.0490000000000002,0.015104522705078338
SARS-CoV-2-Q168H_L188T,10.417003631591797,train,10.45,1.045,0.032996368408202414
SARS-CoV-2-N4Q_I138A,10.337230682373049,train,10.38,1.038,0.04276931762695213
SARS-CoV-2-I2H_A192N,10.476798057556152,train,10.46,1.046,0.01679805755615149
SARS-CoV-2-S41T_T46I_C61R,10.369420051574709,train,10.41,1.0410000000000001,0.040579948425291335
SARS-CoV-2-F160W_T170R_P197A,10.512777328491213,train,10.525,1.0525,0.012222671508787641
SARS-CoV-2-L38Y_V115T_P197V,10.36131477355957,train,10.35,1.035,0.011314773559570668
SARS-CoV-2-K56Y_S129G_F156P_G174L,10.294071197509766,train,10.32,1.032,0.02592880249023466
SARS-CoV-2-I2G_G174K_S200D,10.505043029785156,train,10.52,1.052,0.014956970214843324
SARS-CoV-2-Y35F,10.438554763793944,train,10.42909090909091,1.042909090909091,0.009463854703033903
SARS-CoV-2-P7Q_Q84S,10.552474975585938,train,10.59,1.059,0.03752502441406236
SARS-CoV-2-Y143V_L188V,10.36584186553955,train,10.42,1.042,0.05415813446044915
SARS-CoV-2-R16S_P169S,10.389616012573242,train,10.41,1.0410000000000001,0.020383987426757955
SARS-CoV-2-I28M_D90R_L122S_V173R,10.570024490356444,train,10.56,1.056,0.010024490356443039
SARS-CoV-2-R16L_K87N,10.574058532714844,train,10.62,1.062,0.04594146728515547
SARS-CoV-2-E10L_Y119E_P197A,10.436376571655272,train,10.42,1.042,0.016376571655271732
SARS-CoV-2-G9W_K132M,10.29550838470459,train,10.29,1.029,0.005508384704590696
SARS-CoV-2-T3D_S29R_K87V_T201S,10.44435691833496,train,10.45,1.045,0.005643081665040128
SARS-CoV-2-K48L_K114T,10.381328582763672,train,10.43,1.043,0.04867141723632784
SARS-CoV-2-V37A_C61Y,10.462559700012209,train,10.54,1.054,0.07744029998779034
SARS-CoV-2-K56H,10.367364883422852,train,10.403333333333334,1.0403333333333336,0.03596844991048265
SARS-CoV-2-R78S_K199L,10.465622901916504,train,10.5,1.05,0.034377098083496094
SARS-CoV-2-T201E,10.433517456054688,train,10.417857142857144,1.0417857142857145,0.01566031319754302
SARS-CoV-2-L5V_K199Y,10.38196086883545,train,10.41,1.0410000000000001,0.028039131164550923
SARS-CoV-2-V32M_S129E_Y143V_G174M,10.473455429077148,train,10.38,1.038,0.09345542907714766
SARS-CoV-2-N109V,10.358587265014648,train,10.364999999999998,1.0365,0.006412734985349999
SARS-CoV-2-Y35L_N58F_F156E,10.425448417663574,train,10.47,1.0470000000000002,0.04455158233642642
SARS-CoV-2-I28L_C61R,10.642012596130373,train,10.65,1.0650000000000002,0.007987403869627485
SARS-CoV-2-P149M_T201Q,10.542560577392578,train,10.55,1.0550000000000002,0.0074394226074225855
SARS-CoV-2-Y119Q_I138R,10.41440486907959,train,10.43,1.043,0.015595130920409872
SARS-CoV-2-G9K_K87Y_Y175H,10.408161163330078,train,10.4,1.04,0.00816116333007777
SARS-CoV-2-R16L_V77L,10.310747146606444,train,10.35,1.035,0.03925285339355611
SARS-CoV-2-G9T_F156S,10.429914474487305,train,10.41,1.0410000000000001,0.019914474487304545
SARS-CoV-2-S36E_Y175Q,10.621631622314451,train,10.6,1.06,0.021631622314451704
SARS-CoV-2-F156W_T201N,10.596824645996094,train,10.57,1.0570000000000002,0.026824645996093466
SARS-CoV-2-S36A_K128G,10.390334129333496,train,10.39,1.0390000000000001,0.0003341293334955253
SARS-CoV-2-N109M_V173L,10.294928550720217,train,10.26,1.026,0.03492855072021683
SARS-CoV-2-P7E_F156L_Y175G,10.660005569458008,train,10.67,1.067,0.009994430541992116
SARS-CoV-2-I72C_N130K,10.371270179748535,train,10.42,1.042,0.04872982025146477
SARS-CoV-2-T15S_L188S,10.385191917419434,train,10.37,1.037,0.015191917419434375
SARS-CoV-2-K87R_V173L,10.57374382019043,train,10.59,1.059,0.01625617980957017
SARS-CoV-2-V173L_K198V,10.301095008850098,train,10.31,1.0310000000000001,0.008904991149902841
SARS-CoV-2-L5T_V37I_I104V_G172F,10.354379653930664,train,10.4,1.04,0.04562034606933629
SARS-CoV-2-G152C_G172D,10.354759216308594,train,10.4,1.04,0.045240783691406605
SARS-CoV-2-Y39W_S147A,10.497922897338867,train,10.48,1.048,0.01792289733886676
SARS-CoV-2-S129E_T170L_K199N,10.314899444580078,train,10.31,1.0310000000000001,0.004899444580077628
SARS-CoV-2-L5Y_G172V_T201P,10.366619110107422,train,10.38,1.038,0.013380889892578907
SARS-CoV-2-T15S_K128A_P197Q,10.45813274383545,train,10.46,1.046,0.001867256164551634
SARS-CoV-2-A22M_K87V,10.511236190795898,train,10.53,1.053,0.018763809204100923
SARS-CoV-2-G9Y_A145E_F156I_Y175K,10.434572219848633,train,10.47,1.0470000000000002,0.03542778015136783
SARS-CoV-2-S36D_N120V,10.469592094421388,train,10.55,1.0550000000000002,0.08040790557861222
SARS-CoV-2-T15S,10.336626052856444,train,10.338,1.0338,0.0013739471435556538
SARS-CoV-2-I104L_L187I,10.609521865844728,train,10.62,1.062,0.01047813415527088
SARS-CoV-2-T170I_P197K,10.504045486450195,train,10.5,1.05,0.0040454864501953125
SARS-CoV-2-N4K_I104Y,10.315658569335938,train,10.39,1.0390000000000001,0.07434143066406307
SARS-CoV-2-T148H_P197V,10.465410232543944,train,10.46,1.046,0.0054102325439426835
SARS-CoV-2-I2T_Y159Q_G166S,10.476617813110352,train,10.5,1.05,0.023382186889648438
SARS-CoV-2-V37H_C61K,10.56054401397705,train,10.6,1.06,0.039455986022948863
SARS-CoV-2-T100L_N171G,10.49072265625,train,10.48,1.048,0.010722656249999574
SARS-CoV-2-Y119F_N157G,10.320890426635742,train,10.3,1.03,0.020890426635741477
SARS-CoV-2-V32Y_L60M_K128G,10.514030456542969,train,10.47,1.0470000000000002,0.04403045654296811
SARS-CoV-2-Y39Q_D98R,10.338232040405272,train,10.28,1.028,0.0582320404052723
SARS-CoV-2-T55M,10.469012260437012,train,10.455,1.0455,0.014012260437011648
SARS-CoV-2-P191R_P197S,10.628158569335938,train,10.64,1.064,0.011841430664063068
SARS-CoV-2-S43I_L60M,10.41470718383789,train,10.44,1.044,0.025292816162108878
SARS-CoV-2-R27K_G166L,10.60352897644043,train,10.61,1.061,0.006471023559569744
SARS-CoV-2-P149R_Y175K,10.456220626831056,train,10.46,1.046,0.003779373168944389
SARS-CoV-2-P149D,10.345815658569336,train,10.36111111111111,1.0361111111111112,0.015295452541774779
SARS-CoV-2-N120E_N130I,10.43846607208252,train,10.42,1.042,0.018466072082519602
SARS-CoV-2-T3A_S43N,10.667911529541016,train,10.68,1.068,0.01208847045898409
SARS-CoV-2-E154Q,10.401300430297852,train,10.411666666666669,1.041166666666667,0.010366236368817283
SARS-CoV-2-K87L_N120G,10.468988418579102,train,10.46,1.046,0.00898841857910071
SARS-CoV-2-N58Q_K114L,10.293087005615234,train,10.32,1.032,0.02691299438476591
SARS-CoV-2-C61H_N64T,10.422811508178713,train,10.38,1.038,0.04281150817871193
SARS-CoV-2-R27E_Y119D,10.608720779418944,train,10.62,1.062,0.011279220581055682
SARS-CoV-2-S129N_G174P,10.387602806091309,train,10.415,1.0414999999999999,0.027397193908690554
SARS-CoV-2-T55A_Y175M,10.431028366088867,train,10.455,1.0455,0.023971633911132884
SARS-CoV-2-S41A_T55E,10.332212448120115,train,10.395,1.0395,0.06278755187988416
SARS-CoV-2-K114R_P149L,10.334253311157228,train,10.34,1.034,0.005746688842771519
SARS-CoV-2-Y39L_T201S,10.511759757995604,train,10.51,1.051,0.0017597579956039056
SARS-CoV-2-R16S_Y119S_I142L,10.51612663269043,train,10.56,1.056,0.04387336730957081
SARS-CoV-2-I2S_P197E,10.337394714355469,train,10.34,1.034,0.002605285644531108
SARS-CoV-2-S29F_Q84M,10.451862335205078,train,10.46,1.046,0.008137664794922728
SARS-CoV-2-F44W_Y119P_S147C_V153T,10.414066314697266,train,10.45,1.045,0.035933685302733664
SARS-CoV-2-Y119G_P149S,10.403353691101074,train,10.41,1.0410000000000001,0.006646308898925923
SARS-CoV-2-L5V_V32T_I104M_F126E_N157D,10.44789695739746,train,10.49,1.0490000000000002,0.04210304260254105
SARS-CoV-2-K87S_P149H,10.294187545776367,train,10.3,1.03,0.005812454223633523
SARS-CoV-2-I28Y_N171D,10.69913101196289,train,10.72,1.072,0.020868988037110014
SARS-CoV-2-G9S_G117L_P197Q,10.417346000671388,train,10.43,1.043,0.01265399932861122
SARS-CoV-2-N40E_A190V,10.37885284423828,train,10.38,1.038,0.001147155761721308
SARS-CoV-2-L5P_H189Y,10.381314277648926,train,10.39,1.0390000000000001,0.008685722351074787
SARS-CoV-2-I28L_G146S,10.345617294311523,train,10.27,1.027,0.07561729431152386
SARS-CoV-2-K199R,10.383764266967772,train,10.41,1.0410000000000001,0.02623573303222848
SARS-CoV-2-V37M_T201Q,10.600435256958008,train,10.61,1.061,0.009564743041991619
SARS-CoV-2-F160S,10.359890937805176,train,10.286,1.0286,0.0738909378051762
SARS-CoV-2-L5H,10.35782527923584,train,10.3825,1.0382500000000001,0.02467472076416044
SARS-CoV-2-Y39I_K87Y_V115E_G174E,10.611410140991213,train,10.62,1.062,0.008589859008786505
SARS-CoV-2-C61R_T100C,10.506959915161133,train,10.5,1.05,0.0069599151611328125
SARS-CoV-2-S29H,10.52919578552246,train,10.57,1.0570000000000002,0.04080421447754112
SARS-CoV-2-R16H_Y21F,10.33119010925293,train,10.35,1.035,0.018809890747069957
SARS-CoV-2-L60C_Y119S,10.504399299621582,train,10.53,1.053,0.02560070037841733
SARS-CoV-2-S164M,10.303106307983398,train,10.31,1.0310000000000001,0.00689369201660206
SARS-CoV-2-N1V_L60M_Q168A,10.39925765991211,train,10.4,1.04,0.0007423400878909803
SARS-CoV-2-S147R,10.376214981079102,train,10.38,1.038,0.003785018920899219
SARS-CoV-2-K198R,10.454426765441896,train,10.46,1.046,0.005573234558104545
SARS-CoV-2-A33W_T148S,10.441134452819824,train,10.44,1.044,0.0011344528198247161
SARS-CoV-2-A42K_F160S,10.306775093078612,train,10.32,1.032,0.01322490692138878
SARS-CoV-2-G9N_I104F,10.47126293182373,train,10.49,1.0490000000000002,0.018737068176269744
SARS-CoV-2-L5Y_G166N_G174R,10.461395263671877,train,10.49,1.0490000000000002,0.028604736328123437
SARS-CoV-2-Q163C_Q168F,10.48633861541748,train,10.49,1.0490000000000002,0.0036613845825197444
SARS-CoV-2-E10D_V173E,10.428766250610352,train,10.45,1.045,0.021233749389647727
SARS-CoV-2-T148F_K198V,10.333885192871094,train,10.34,1.034,0.006114807128906108
SARS-CoV-2-F62M_T148S,10.298640251159668,train,10.3,1.03,0.0013597488403327418
SARS-CoV-2-K26R_F44N,10.333916664123535,train,10.35,1.035,0.01608333587646449
SARS-CoV-2-R73L_K87I_P197R,10.350659370422363,train,10.37,1.037,0.019340629577635937
SARS-CoV-2-T55D_C61V,10.386137008666992,train,10.4,1.04,0.013862991333008168
SARS-CoV-2-N1H_F156Y,10.2979736328125,train,10.28,1.028,0.01797363281250064
SARS-CoV-2-R16K_F160P,10.366787910461426,train,10.39,1.0390000000000001,0.023212089538574787
SARS-CoV-2-T55G_F156S,10.43263053894043,train,10.43,1.043,0.0026305389404299717
SARS-CoV-2-G166S_K199V,10.452033996582031,train,10.45,1.045,0.0020339965820319605
SARS-CoV-2-I2W_L122T_E154V_G166T,10.577250480651855,train,10.58,1.058,0.0027495193481446023
SARS-CoV-2-T3S_G116M,10.30971336364746,train,10.36,1.036,0.05028663635254027
SARS-CoV-2-G172M,10.435537338256836,train,10.41,1.0410000000000001,0.025537338256835795
SARS-CoV-2-G9L_K87M,10.382539749145508,train,10.41,1.0410000000000001,0.02746025085449233
SARS-CoV-2-F160R_K199Q,10.342409133911133,train,10.38,1.038,0.03759086608886797
SARS-CoV-2-K87R_G166H_A192T,10.50092887878418,train,10.53,1.053,0.029071121215819673
SARS-CoV-2-Q168L_K199N,10.40578842163086,train,10.43,1.043,0.02421157836914034
SARS-CoV-2-T3L_Y175C,10.514360427856444,train,10.6,1.06,0.08563957214355611
SARS-CoV-2-I28F_F160V,10.329526901245115,train,10.38,1.038,0.05047309875488537
SARS-CoV-2-T3S_Y119D,10.37148666381836,train,10.35,1.035,0.02148666381835973
SARS-CoV-2-N40R_D97L,10.450845718383787,train,10.43,1.043,0.02084571838378757
SARS-CoV-2-T55S_K114W_T201M,10.437925338745115,train,10.47,1.0470000000000002,0.03207466125488523
SARS-CoV-2-V37Q_K87T_Y121F_N151E_Y159F_Y175C,10.507277488708496,train,10.54,1.054,0.032722511291503054
SARS-CoV-2-R27E_A190P,10.462005615234377,train,10.48,1.048,0.01799438476562365
SARS-CoV-2-A42E,10.486372947692873,train,10.49,1.0490000000000002,0.003627052307127343
SARS-CoV-2-V37T_D90S,10.357015609741213,train,10.36,1.036,0.0029843902587867177
SARS-CoV-2-T100Y_L125T,10.514187812805176,train,10.52,1.052,0.005812187194823792
SARS-CoV-2-G9E_P169T,10.597402572631836,train,10.62,1.062,0.02259742736816328
SARS-CoV-2-I2D_N40Q_K56D_Q84K_F156A,10.59581184387207,train,10.64,1.064,0.044188156127930256
SARS-CoV-2-P7T_K87L_S129K_Q144T,10.333206176757812,train,10.315,1.0315,0.018206176757812997
SARS-CoV-2-L5I_L125F,10.294880867004396,train,10.29,1.029,0.00488086700439716
SARS-CoV-2-D98T_G174E,10.449806213378906,train,10.41,1.0410000000000001,0.03980621337890611
SARS-CoV-2-L122S_T201R,10.443940162658691,train,10.43,1.043,0.01394016265869169
SARS-CoV-2-S29T_P169S,10.583255767822266,train,10.57,1.0570000000000002,0.01325576782226534
SARS-CoV-2-T148M_P197T,10.442493438720703,train,10.45,1.045,0.0075065612792961645
SARS-CoV-2-K87V_K132R_Q144K,10.426506042480469,train,10.44,1.044,0.013493957519530753
SARS-CoV-2-Y119F,10.450679779052734,train,10.412666666666668,1.0412666666666668,0.038013112386066084
SARS-CoV-2-A89C_L122K,10.478238105773926,train,10.52,1.052,0.04176189422607379
SARS-CoV-2-T55F,10.348167419433594,train,10.322666666666668,1.0322666666666669,0.025500752766925316
SARS-CoV-2-Y39F_V115S,10.451923370361328,train,10.46,1.046,0.008076629638672728
SARS-CoV-2-D59S_T85K_Y175W,10.455467224121094,train,10.47,1.0470000000000002,0.01453277587890689
SARS-CoV-2-Y119H_N151T,10.377458572387695,train,10.35,1.035,0.027458572387695668
SARS-CoV-2-N4S_K26I,10.475589752197266,train,10.5,1.05,0.024410247802734375
SARS-CoV-2-S41D_F62L_K87I_P149R,10.424062728881836,train,10.41,1.0410000000000001,0.014062728881835795
SARS-CoV-2-A33C_G51R,10.39145565032959,train,10.43,1.043,0.03854434967040987
SARS-CoV-2-V32E_L125W,10.394512176513672,train,10.42,1.042,0.025487823486328054
SARS-CoV-2-V11I_T140G,10.541851043701172,train,10.59,1.059,0.04814895629882798
SARS-CoV-2-C61N_Y119C_T201I,10.293120384216309,train,10.34,1.034,0.046879615783691264
SARS-CoV-2-G9V_L125S_A145I,10.334735870361328,train,10.34,1.034,0.005264129638671733
SARS-CoV-2-I104F_I138E_Y175N,10.344779014587402,train,10.35,1.035,0.005220985412597301
SARS-CoV-2-V37E_T201C,10.302132606506348,train,10.32,1.032,0.017867393493652628
SARS-CoV-2-N4H_N40R,10.416807174682615,train,10.41,1.0410000000000001,0.006807174682615269
SARS-CoV-2-L125R_G146A,10.33438205718994,train,10.35,1.035,0.015617942810060015
SARS-CoV-2-L122S_Q168A,10.41236972808838,train,10.36,1.036,0.05236972808838125
SARS-CoV-2-T100V_G166L_Y175R,10.306617736816406,train,10.34,1.034,0.03338226318359361
SARS-CoV-2-N40T_F156P,10.318673133850098,train,10.31,1.0310000000000001,0.008673133850097159
SARS-CoV-2-Y35L_T201M,10.510034561157228,train,10.5,1.05,0.010034561157228339
SARS-CoV-2-G172M_K198S,10.39426612854004,train,10.36,1.036,0.03426612854004141
SARS-CoV-2-T55Q_D98Y,10.429927825927734,train,10.44,1.044,0.010072174072265128
SARS-CoV-2-V37S_T148Y,10.669282913208008,train,10.7,1.07,0.030717086791991477
SARS-CoV-2-Q84S,10.31690502166748,train,10.328333333333331,1.0328333333333333,0.011428311665850899
SARS-CoV-2-T63K,10.482851028442385,train,10.501428571428573,1.0501428571428573,0.018577542986188078
SARS-CoV-2-T85A_F156Q_T201F,10.50890064239502,train,10.51,1.051,0.0010993576049802556
SARS-CoV-2-N4A_L122S,10.440988540649414,train,10.48,1.048,0.039011459350586364
SARS-CoV-2-V11I_T140I_G172W,10.35006046295166,train,10.33,1.0330000000000001,0.020060462951660085
SARS-CoV-2-Y35W_S43H_K132E,10.352648735046388,train,10.38,1.038,0.027351264953612286
SARS-CoV-2-Y35L_F160I_A190D,10.402628898620604,train,10.4,1.04,0.002628898620603337
SARS-CoV-2-Y35M_E154T,10.390901565551758,train,10.42,1.042,0.029098434448242116
SARS-CoV-2-T3N_K114N_N120T_G172I,10.398300170898438,train,10.42,1.042,0.02169982910156243
SARS-CoV-2-Y39W_T55Y,10.45447063446045,train,10.45,1.045,0.004470634460449929
SARS-CoV-2-G9A_T140D_T201M,10.381928443908691,train,10.4,1.04,0.01807155609130895
SARS-CoV-2-I2L_Y35L_N120M,10.382331848144531,train,10.37,1.037,0.012331848144532032
SARS-CoV-2-N120Y_T170H,10.394168853759766,train,10.39,1.0390000000000001,0.0041688537597650566
SARS-CoV-2-T3E_D97N,10.35480499267578,train,10.38,1.038,0.025195007324221308
SARS-CoV-2-V115P,10.381338119506836,train,10.32,1.032,0.06133811950683565
SARS-CoV-2-F62Y_Q84I_Y175S,10.293109893798828,train,10.29,1.029,0.0031098937988289777
SARS-CoV-2-S53K_V173R,10.402997016906738,train,10.4,1.04,0.002997016906737926
SARS-CoV-2-V37A_K87A,10.512765884399414,train,10.54,1.054,0.027234115600585085
SARS-CoV-2-S29A_A42E_G174T,10.431129455566406,train,10.45,1.045,0.01887054443359304
SARS-CoV-2-L5P_S43V,10.416448593139648,train,10.41,1.0410000000000001,0.006448593139648295
SARS-CoV-2-P54L_D97N,10.632441520690918,train,10.68,1.068,0.04755847930908175
SARS-CoV-2-Y39A_P149S,10.43840503692627,train,10.445,1.0445,0.006594963073730753
SARS-CoV-2-L122N_G174P_L187R,10.35175609588623,train,10.39,1.0390000000000001,0.0382439041137701
SARS-CoV-2-L125P_K198S,10.473258972167969,train,10.45,1.045,0.02325897216796946
SARS-CoV-2-S200N,10.379603385925291,train,10.384,1.0384,0.004396614074709149
SARS-CoV-2-V37Y_S53T_G83N_D97S_L111Q_Y175G,10.377477645874023,train,10.37,1.037,0.007477645874024219
SARS-CoV-2-S29M,10.383501052856444,train,10.445,1.0445,0.06149894714355675
SARS-CoV-2-Q84T_K87R,10.400160789489746,train,10.37,1.037,0.030160789489746875
SARS-CoV-2-C61R_P149S,10.297128677368164,train,10.3,1.03,0.002871322631836648
SARS-CoV-2-V153L_L188M,10.406095504760742,train,10.47,1.0470000000000002,0.06390449523925845
SARS-CoV-2-S43G_P197T,10.477384567260742,train,10.5,1.05,0.022615432739257812
SARS-CoV-2-S43V_P197K,10.34093189239502,train,10.33,1.0330000000000001,0.01093189239501946
SARS-CoV-2-L5G_T201S,10.444724082946776,train,10.47,1.0470000000000002,0.025275917053225072
SARS-CoV-2-I2A_K87F,10.404272079467772,train,10.42,1.042,0.015727920532228268
SARS-CoV-2-G174D,10.48314094543457,train,10.49,1.0490000000000002,0.006859054565429901
SARS-CoV-2-L122E_S147P,10.51512336730957,train,10.53,1.053,0.014876632690429048
SARS-CoV-2-Y119P,10.430301666259766,train,10.4124,1.04124,0.017901666259765747
SARS-CoV-2-D98H_L125K,10.37676239013672,train,10.36,1.036,0.016762390136721095
SARS-CoV-2-C61A_G172R,10.509323120117188,train,10.48,1.048,0.029323120117187074
SARS-CoV-2-V37K_A42H_Y50F_N171S,10.380731582641602,train,10.4,1.04,0.019268417358398793
SARS-CoV-2-V37L_S108A_L131I,10.379981994628906,train,10.41,1.0410000000000001,0.030018005371093892
SARS-CoV-2-T55S_Y119K,10.43364143371582,train,10.43,1.043,0.0036414337158205967
SARS-CoV-2-I2N_K128H_K199H,10.370841979980469,train,10.38,1.038,0.009158020019532032
SARS-CoV-2-A192H,10.40611743927002,train,10.4,1.04,0.006117439270019176
SARS-CoV-2-G83R_G174K,10.501201629638672,train,10.49,1.0490000000000002,0.011201629638671662
SARS-CoV-2-K87N_Y119L,10.33891487121582,train,10.37,1.037,0.031085128784178906
SARS-CoV-2-T100L_N151L,10.39406394958496,train,10.43,1.043,0.035936050415040555
SARS-CoV-2-I2C_G172W,10.393230438232422,train,10.43,1.043,0.03676956176757784
SARS-CoV-2-A18S_V173M,10.461979866027832,train,10.46,1.046,0.0019798660278311786
SARS-CoV-2-T46Y_K87F_Y119T,10.390253067016602,train,10.39,1.0390000000000001,0.00025306701660099407
SARS-CoV-2-S36E_N157M,10.53410816192627,train,10.53,1.053,0.004108161926270171
SARS-CoV-2-P54I_Y175D_T201M,10.449084281921388,train,10.43,1.043,0.01908428192138878
SARS-CoV-2-Y39L_T55A,10.606714248657228,train,10.62,1.062,0.01328575134277088
SARS-CoV-2-F126K_F156R,10.432697296142578,train,10.44,1.044,0.007302703857421378
SARS-CoV-2-Q144A_S184T,10.560300827026367,train,10.58,1.058,0.019699172973632884
SARS-CoV-2-Y39V_S129R_F160E,10.354637145996094,train,10.42,1.042,0.06536285400390618
SARS-CoV-2-S43K_K132G,10.474298477172852,train,10.47,1.0470000000000002,0.004298477172850923
SARS-CoV-2-N171F,10.296451568603516,train,10.286666666666669,1.0286666666666668,0.00978490193684678
SARS-CoV-2-N1E,10.633974075317385,train,10.675,1.0675000000000001,0.04102592468261612
SARS-CoV-2-F47I_P54I_K87L_D97A_K114R,10.316397666931152,train,10.31,1.0310000000000001,0.006397666931151846
SARS-CoV-2-Y39Q_L131V,10.42330265045166,train,10.395,1.0395,0.028302650451660583
SARS-CoV-2-L122V_Y143F_T201Q,10.477832794189451,train,10.46,1.046,0.017832794189450496
SARS-CoV-2-S36A_T85K_T140L,10.452458381652832,train,10.46,1.046,0.007541618347168821
SARS-CoV-2-T55S_N130K,10.64682388305664,train,10.67,1.067,0.023176116943359304
SARS-CoV-2-D59E_S129V,10.40188217163086,train,10.4,1.04,0.0018821716308590197
SARS-CoV-2-T55D_N64S_V194I,10.438613891601562,train,10.44,1.044,0.0013861083984370026
SARS-CoV-2-L187K,10.463571548461914,train,10.48,1.048,0.016428451538086364
SARS-CoV-2-L5F_K87S_N171Q,10.528181076049805,train,10.52,1.052,0.008181076049805114
SARS-CoV-2-V173T,10.31354808807373,train,10.317,1.0317,0.0034519119262697018
SARS-CoV-2-N130G_G172D,10.31659984588623,train,10.34,1.034,0.02340015411376939
SARS-CoV-2-T100L_P191S,10.449774742126465,train,10.48,1.048,0.030225257873535583
SARS-CoV-2-V153L_G166D_V173H,10.501286506652832,train,10.49,1.0490000000000002,0.011286506652831818
SARS-CoV-2-T140K_F160A,10.40940284729004,train,10.42,1.042,0.01059715270995909
SARS-CoV-2-L60N_K87N,10.401869773864746,train,10.4,1.04,0.0018697738647457385
SARS-CoV-2-V37T_V77L_K128T_T170G,10.436976432800291,train,10.46,1.046,0.02302356719970966
SARS-CoV-2-L122V_T201C,10.586158752441406,train,10.59,1.059,0.003841247558593608
SARS-CoV-2-E141N_P149V,10.371498107910156,train,10.38,1.038,0.008501892089844532
SARS-CoV-2-V32L_N40K,10.31429672241211,train,10.34,1.034,0.025703277587890483
SARS-CoV-2-T201P,10.320673942565918,train,10.345454545454546,1.0345454545454547,0.024780602888627712
SARS-CoV-2-V37K_S129G,10.562665939331056,train,10.57,1.0570000000000002,0.00733406066894382
SARS-CoV-2-Q84V_G117A,10.384838104248049,train,10.38,1.038,0.00483810424804787
SARS-CoV-2-N40H,10.30121612548828,train,10.351666666666668,1.0351666666666668,0.050450541178388875
SARS-CoV-2-L188H_T201N,10.361085891723633,train,10.35,1.035,0.011085891723633168
SARS-CoV-2-A145E,10.406814575195312,train,10.373333333333331,1.0373333333333332,0.033481241861981204
SARS-CoV-2-L60M_T85K,10.339473724365234,train,10.3,1.03,0.039473724365233664
SARS-CoV-2-N130K_Y143D,10.503482818603516,train,10.515,1.0515,0.011517181396484943
SARS-CoV-2-S147W,10.320839881896973,train,10.3225,1.0322500000000001,0.0016601181030271306
SARS-CoV-2-L5E_Q168C,10.32468318939209,train,10.36,1.036,0.03531681060790959
SARS-CoV-2-R78S_K198S,10.561437606811523,train,10.59,1.059,0.02856239318847642
SARS-CoV-2-N110T_S200L,10.464550018310549,train,10.49,1.0490000000000002,0.025449981689451562
SARS-CoV-2-S36K_D98S_L122R_K128G_P197R,10.429632186889648,train,10.4,1.04,0.029632186889648082
SARS-CoV-2-A33W_K87M_Y119S,10.510525703430176,train,10.51,1.051,0.0005257034301759944
SARS-CoV-2-Y39V_G196V,10.52236270904541,train,10.52,1.052,0.0023627090454105826
SARS-CoV-2-L125Q_V153K,10.455841064453123,train,10.47,1.0470000000000002,0.014158935546877416
SARS-CoV-2-Y39K_T55G_T100C,10.459186553955078,train,10.48,1.048,0.0208134460449223
SARS-CoV-2-P7D_T63R_P191R,10.437652587890623,train,10.42,1.042,0.017652587890623295
SARS-CoV-2-V37F_Q168P,10.59449577331543,train,10.55,1.0550000000000002,0.04449577331542898
SARS-CoV-2-C61I_K199T,10.340070724487305,train,10.29,1.029,0.05007072448730554
SARS-CoV-2-I72V_G152S,10.506884574890137,train,10.53,1.053,0.023115425109862642
SARS-CoV-2-K26V_T55D_T85R_Y121L_N157A,10.486770629882812,train,10.54,1.054,0.05322937011718665
SARS-CoV-2-P54R_T201W,10.514058113098145,train,10.55,1.0550000000000002,0.03594188690185618
SARS-CoV-2-L5S_Y35L_Y123H,10.356868743896484,train,10.33,1.0330000000000001,0.026868743896484304
SARS-CoV-2-S36K_K114N_G172C,10.57107162475586,train,10.57,1.0570000000000002,0.0010716247558590908
SARS-CoV-2-Y39L_Y119N,10.613799095153809,train,10.59,1.059,0.023799095153808736
SARS-CoV-2-G9W_K132R,10.321074485778809,train,10.33,1.0330000000000001,0.008925514221191477
SARS-CoV-2-S29N_K199Q,10.413330078125,train,10.46,1.046,0.04666992187500085
SARS-CoV-2-N120S_P197C,10.54416847229004,train,10.58,1.058,0.03583152770995923
SARS-CoV-2-D59E_L125S_L188V,10.474510192871094,train,10.48,1.048,0.005489807128906676
SARS-CoV-2-V11I_G83A,10.601988792419434,train,10.64,1.064,0.038011207580566975
SARS-CoV-2-I2P,10.300857543945312,train,10.3225,1.0322500000000001,0.021642456054687287
SARS-CoV-2-T3S_C61T,10.488787651062012,train,10.5,1.05,0.011212348937988281
SARS-CoV-2-K87C_T201K,10.538267135620115,train,10.59,1.059,0.05173286437988445
SARS-CoV-2-N64S_Y119S,10.460171699523926,train,10.48,1.048,0.019828300476074645
SARS-CoV-2-P7N_K199S,10.299722671508787,train,10.31,1.0310000000000001,0.010277328491213211
SARS-CoV-2-I104W_L122A,10.55892562866211,train,10.59,1.059,0.031074371337890483
SARS-CoV-2-V37E_K56M,10.532928466796877,train,10.54,1.054,0.007071533203122371
SARS-CoV-2-K56D_V173Y,10.412264823913574,train,10.43,1.043,0.017735176086425497
SARS-CoV-2-N130T_G155S,10.501378059387209,train,10.51,1.051,0.00862194061279098
SARS-CoV-2-Y178H,10.555041313171388,train,10.5525,1.05525,0.002541313171388282
SARS-CoV-2-K48T_T85S,10.320320129394531,train,10.33,1.0330000000000001,0.009679870605468821
SARS-CoV-2-R78N_K87S_T100Y_G174W,10.313379287719728,train,10.37,1.037,0.05662071228027088
SARS-CoV-2-N120A,10.345274925231934,train,10.395555555555555,1.0395555555555556,0.05028063032362162
SARS-CoV-2-K114R_S129D_S164G_H189Q,10.394125938415527,train,10.38,1.038,0.014125938415526562
SARS-CoV-2-I2K_V153H,10.314748764038086,train,10.37,1.037,0.05525123596191328
SARS-CoV-2-G9D_N120M_N151H,10.571857452392578,train,10.61,1.061,0.03814254760742131
SARS-CoV-2-K114R_L122A,10.596903800964355,train,10.6,1.06,0.003096199035644176
SARS-CoV-2-R16N_T85L_P197T,10.364547729492188,train,10.32,1.032,0.044547729492187216
SARS-CoV-2-D97S_Y119S,10.377169609069824,train,10.35,1.035,0.027169609069824574
SARS-CoV-2-V11L_F62W,10.338010787963867,train,10.35,1.035,0.011989212036132457
SARS-CoV-2-K87T_S147C,10.415474891662598,train,10.43,1.043,0.01452510833740206
SARS-CoV-2-A190T_K198Q,10.478670120239258,train,10.52,1.052,0.04132987976074176
SARS-CoV-2-N151E,10.367058753967283,train,10.333333333333334,1.0333333333333334,0.033725420633949454
SARS-CoV-2-G116H_S129Q,10.425186157226562,train,10.42,1.042,0.005186157226562571
SARS-CoV-2-L5S_A190H,10.489429473876951,train,10.52,1.052,0.030570526123048225
SARS-CoV-2-E154L_T201S,10.46437644958496,train,10.47,1.0470000000000002,0.005623550415041478
SARS-CoV-2-I142A_S200L,10.313850402832031,train,10.32,1.032,0.006149597167969034
SARS-CoV-2-Y35W_I138W,10.40463161468506,train,10.4,1.04,0.004631614685060015
SARS-CoV-2-C61H,10.37185001373291,train,10.355,1.0355,0.01685001373290973
SARS-CoV-2-R27K_S43C_N157G,10.501947402954102,train,10.49,1.0490000000000002,0.01194740295410135
SARS-CoV-2-T3S_S43E_I138L_K199I,10.524105072021484,train,10.58,1.058,0.055894927978515696
SARS-CoV-2-Y119M,10.404352188110352,train,10.38875,1.038875,0.015602188110351634
SARS-CoV-2-T55Q,10.367637634277344,train,10.38,1.038,0.012362365722657032
SARS-CoV-2-V115H,10.32547664642334,train,10.37,1.037,0.044523353576659375
SARS-CoV-2-N1V_K87A,10.304454803466797,train,10.3,1.03,0.0044548034667961645
SARS-CoV-2-K56A_F160D,10.345839500427246,train,10.35,1.035,0.004160499572753551
SARS-CoV-2-L5M_G83N,10.452783584594728,train,10.48,1.048,0.027216415405272087
SARS-CoV-2-R16E_N120L,10.38216495513916,train,10.37,1.037,0.012164955139160938
SARS-CoV-2-Y123K_P197M,10.505792617797852,train,10.43,1.043,0.07579261779785185
SARS-CoV-2-I2W,10.382585525512695,train,10.37,1.037,0.012585525512696094
SARS-CoV-2-R16K_E141I,10.436795234680176,train,10.44,1.044,0.0032047653198237214
SARS-CoV-2-S36R_N118D_P197S,10.457704544067385,train,10.46,1.046,0.002295455932616264
SARS-CoV-2-S53L_F156S,10.413640975952148,train,10.43,1.043,0.01635902404785128
SARS-CoV-2-T15S_S53E_F62W_Y119S,10.485237121582031,train,10.49,1.0490000000000002,0.004762878417968963
SARS-CoV-2-K56Q_Y119S,10.39350700378418,train,10.41,1.0410000000000001,0.016492996215820455
SARS-CoV-2-N1A,10.36394500732422,train,10.35,1.035,0.013945007324220882
SARS-CoV-2-N40K_G172V,10.50689697265625,train,10.55,1.0550000000000002,0.04310302734375071
SARS-CoV-2-T55G_Q168L,10.34247589111328,train,10.35,1.035,0.007524108886720171
SARS-CoV-2-Y159A,10.321466445922852,train,10.3,1.03,0.021466445922850852
SARS-CoV-2-E141N_T201I,10.503211975097656,train,10.55,1.0550000000000002,0.04678802490234446
SARS-CoV-2-F44W_F160H,10.41311740875244,train,10.41,1.0410000000000001,0.003117408752439488
SARS-CoV-2-A145R,10.375320434570312,train,10.39,1.0390000000000001,0.014679565429688068
SARS-CoV-2-N1G_Q163E,10.509459495544434,train,10.51,1.051,0.0005405044555661931
SARS-CoV-2-Y39L_F126I_E141V,10.441726684570312,train,10.46,1.046,0.018273315429688353
SARS-CoV-2-D98N_F160T,10.433557510375977,train,10.45,1.045,0.016442489624022727
SARS-CoV-2-T140N_N171L,10.501981735229492,train,10.54,1.054,0.03801826477050696
SARS-CoV-2-P54H_K87L,10.395816802978516,train,10.43,1.043,0.03418319702148409
SARS-CoV-2-I104L_N130L,10.36836051940918,train,10.36,1.036,0.008360519409180256
SARS-CoV-2-V37P_S53D,10.491816520690918,train,10.52,1.052,0.028183479309081605
SARS-CoV-2-I2D_K87T_G117P,10.470953941345217,train,10.49,1.0490000000000002,0.019046058654783593
SARS-CoV-2-F8W_T100H,10.298653602600098,train,10.34,1.034,0.0413463973999022
SARS-CoV-2-D59R_L122H,10.503582000732422,train,10.5,1.05,0.003582000732421875
SARS-CoV-2-K56S,10.395397186279297,train,10.431052631578948,1.043105263157895,0.03565544529965159
SARS-CoV-2-V37N_A105S,10.308444023132324,train,10.364999999999998,1.0365,0.05655597686767422
SARS-CoV-2-Y35L_D98F_K198E,10.377418518066406,train,10.42,1.042,0.04258148193359368
SARS-CoV-2-P54L_A145R_Y175L,10.295059204101562,train,10.32,1.032,0.024940795898437784
SARS-CoV-2-L122G_T140S,10.491146087646484,train,10.49,1.0490000000000002,0.0011460876464841618
SARS-CoV-2-G9W_P197T,10.526357650756836,train,10.55,1.0550000000000002,0.023642349243164773
SARS-CoV-2-S43K_P149I_G155T_G166C_T201Y,10.36480712890625,train,10.38,1.038,0.015192871093750782
SARS-CoV-2-L60H_L125S,10.368806838989258,train,10.365,1.0365,0.0038068389892575993
SARS-CoV-2-V153K,10.442160606384276,train,10.47,1.0470000000000002,0.027839393615725072
SARS-CoV-2-L5W_S41T,10.451141357421877,train,10.48,1.048,0.02885864257812365
SARS-CoV-2-I2M_T201R,10.480560302734377,train,10.49,1.0490000000000002,0.009439697265623437
SARS-CoV-2-L5V_V37N,10.368156433105469,train,10.41,1.0410000000000001,0.04184356689453139
SARS-CoV-2-N24V_Y119T_V173S,10.311128616333008,train,10.34,1.034,0.028871383666992045
SARS-CoV-2-Q163R,10.423250198364258,train,10.424285714285714,1.0424285714285715,0.0010355159214565646
SARS-CoV-2-P191S,10.409830093383787,train,10.465,1.0465,0.05516990661621257
SARS-CoV-2-Y123R,10.461423873901367,train,10.5,1.05,0.03857612609863281
SARS-CoV-2-Y119N_S129H,10.467589378356934,train,10.45,1.045,0.017589378356934304
SARS-CoV-2-I142H_Y175E,10.452347755432127,train,10.395,1.0395,0.057347755432127556
SARS-CoV-2-S43T_K87Q,10.411734580993652,train,10.45,1.045,0.038265419006346946
SARS-CoV-2-T55A_N64A,10.42212963104248,train,10.4,1.04,0.022129631042480113
SARS-CoV-2-T148G,10.298794746398926,train,10.28,1.028,0.01879474639892642
SARS-CoV-2-S43D,10.31243133544922,train,10.325,1.0325,0.012568664550778763
SARS-CoV-2-F8I_T46H,10.325729370117188,train,10.36,1.036,0.03427062988281193
SARS-CoV-2-V37E_I138M,10.592193603515623,train,10.6,1.06,0.007806396484376421
SARS-CoV-2-L122M_T148V_G166D,10.43857479095459,train,10.46,1.046,0.02142520904541101
SARS-CoV-2-I2H_A192T,10.518744468688965,train,10.53,1.053,0.011255531311034517
SARS-CoV-2-K87T_T170H,10.47239875793457,train,10.51,1.051,0.037601242065429474
SARS-CoV-2-T55Q_I138N,10.418642044067385,train,10.45,1.045,0.0313579559326147
SARS-CoV-2-R78Q_S129M,10.35665798187256,train,10.4,1.04,0.043342018127439985
SARS-CoV-2-K87T_Y178C,10.50426197052002,train,10.54,1.054,0.035738029479979616
SARS-CoV-2-R27Y_S36N,10.434730529785156,train,10.46,1.046,0.025269470214844603
SARS-CoV-2-Y39N_T46I,10.48742961883545,train,10.51,1.051,0.022570381164550568
SARS-CoV-2-F160W,10.383448600769045,train,10.41,1.0410000000000001,0.026551399230955397
SARS-CoV-2-Y39K_T55R,10.38259506225586,train,10.36,1.036,0.022595062255859943
SARS-CoV-2-C61S_E76Q,10.347944259643556,train,10.38,1.038,0.03205574035644432
SARS-CoV-2-V32D_S129Q,10.332723617553713,train,10.38,1.038,0.04727638244628807
SARS-CoV-2-G9S_F126G_Q144A,10.58051300048828,train,10.63,1.0630000000000002,0.04948699951172131
SARS-CoV-2-S36E_T100V,10.636224746704102,train,10.645,1.0645,0.008775253295898011
SARS-CoV-2-E141G_F156S,10.426013946533203,train,10.45,1.045,0.023986053466796164
SARS-CoV-2-V11L_F160N,10.51584529876709,train,10.48,1.048,0.03584529876708942
SARS-CoV-2-V37W_E141K,10.322741508483888,train,10.28,1.028,0.042741508483889135
SARS-CoV-2-F44Y_K87M,10.447647094726562,train,10.45,1.045,0.0023529052734367895
SARS-CoV-2-S164P,10.359792709350586,train,10.385,1.0385,0.02520729064941385
SARS-CoV-2-V37E_F62L_K87I_L187M,10.619756698608398,train,10.62,1.062,0.0002433013916007809
SARS-CoV-2-T55N_T170L,10.52474308013916,train,10.51,1.051,0.01474308013916037
SARS-CoV-2-T55A_K199R,10.524063110351562,train,10.56,1.056,0.035936889648438
SARS-CoV-2-L5S_V153Y,10.382911682128906,train,10.39,1.0390000000000001,0.0070883178710943184
SARS-CoV-2-L5I_S53V,10.323856353759766,train,10.33,1.0330000000000001,0.006143646240234446
SARS-CoV-2-K87Q_Y119F,10.428170204162598,train,10.43,1.043,0.0018297958374020595
SARS-CoV-2-L5Q_Y175S,10.663169860839844,train,10.67,1.067,0.006830139160156179
SARS-CoV-2-V37D_G155T,10.511130332946776,train,10.53,1.053,0.018869667053223793
SARS-CoV-2-K48E_G166R,10.514068603515623,train,10.55,1.0550000000000002,0.03593139648437749
SARS-CoV-2-S36R_P149A,10.694393157958984,train,10.69,1.069,0.004393157958984872
SARS-CoV-2-I2N_V37I_N157G_T201R,10.46082878112793,train,10.465,1.0465,0.00417121887207017
SARS-CoV-2-L125R_E141Y,10.342124938964844,train,10.35,1.035,0.007875061035155895
SARS-CoV-2-Q84V_Y121F,10.314640045166016,train,10.35,1.035,0.03535995483398402
SARS-CoV-2-K114S_Q163S,10.379050254821776,train,10.37,1.037,0.009050254821776349
SARS-CoV-2-Y35L_Q84G,10.474581718444824,train,10.5,1.05,0.02541828155517578
SARS-CoV-2-V37L_L60V_N64A_P197V,10.373533248901367,train,10.44,1.044,0.06646675109863232
SARS-CoV-2-S53T_K132G,10.34869384765625,train,10.38,1.038,0.03130615234375078
SARS-CoV-2-F8L_S164L,10.369653701782228,train,10.38,1.038,0.010346298217772443
SARS-CoV-2-R27T_D98N_Y119K_P169L,10.371755599975586,train,10.35,1.035,0.021755599975586293
SARS-CoV-2-D90S_F156S,10.364823341369627,train,10.36,1.036,0.004823341369627698
SARS-CoV-2-R78Y_N118T,10.381111145019531,train,10.375,1.0375,0.00611114501953125
SARS-CoV-2-D59R_S147K,10.338377952575684,train,10.35,1.035,0.011622047424316051
SARS-CoV-2-N151L_P197I,10.630596160888672,train,10.65,1.0650000000000002,0.01940383911132848
SARS-CoV-2-L5A_I28F_L122T_P169M,10.40632438659668,train,10.42,1.042,0.013675613403320241
SARS-CoV-2-S43L_N120P_V153S,10.299461364746094,train,10.32,1.032,0.020538635253906534
SARS-CoV-2-S41T_P149S,10.329261779785156,train,10.36,1.036,0.03073822021484318
SARS-CoV-2-N130R,10.31216812133789,train,10.288,1.0288000000000002,0.02416812133789037
SARS-CoV-2-N4R_N64A_Y119R,10.509844779968262,train,10.52,1.052,0.010155220031737855
SARS-CoV-2-T100F_L122Q_A192S,10.431272506713867,train,10.43,1.043,0.0012725067138674717
SARS-CoV-2-F44L_D59N_P197L,10.410560607910156,train,10.41,1.0410000000000001,0.0005606079101561079
SARS-CoV-2-T170W_Y175S,10.477972984313965,train,10.49,1.0490000000000002,0.01202701568603537
SARS-CoV-2-T100R_N120S,10.459196090698242,train,10.49,1.0490000000000002,0.030803909301758026
SARS-CoV-2-P149D_K198V,10.42725944519043,train,10.43,1.043,0.0027405548095700283
SARS-CoV-2-T3S_L122S,10.381778717041016,train,10.39,1.0390000000000001,0.008221282958984943
SARS-CoV-2-G9E_T63D_S139T,10.433097839355469,train,10.45,1.045,0.01690216064453054
SARS-CoV-2-N130L,10.384571075439451,train,10.369411764705882,1.0369411764705883,0.015159310733569242
SARS-CoV-2-K56S_L60I,10.298982620239258,train,10.32,1.032,0.02101737976074247
SARS-CoV-2-L5P_V37F_Y91H_D97I,10.372174263000488,train,10.34,1.034,0.03217426300048842
SARS-CoV-2-L5M_K56M_G172N,10.413535118103027,train,10.38,1.038,0.03353511810302656
SARS-CoV-2-T55W_N130S,10.38407039642334,train,10.39,1.0390000000000001,0.005929603576660725
SARS-CoV-2-P149V_G172R,10.499210357666016,train,10.5,1.05,0.000789642333984375
SARS-CoV-2-K48E_D75E,10.375739097595217,train,10.4,1.04,0.024260902404783735
SARS-CoV-2-S184Y_S200L,10.377374649047852,train,10.36,1.036,0.01737464904785213
SARS-CoV-2-C61K_F156M,10.413217544555664,train,10.4,1.04,0.013217544555663707
SARS-CoV-2-I2N_Q168T,10.292362213134766,train,10.32,1.032,0.02763778686523466
SARS-CoV-2-Y35L_K132R_P149M,10.38439655303955,train,10.37,1.037,0.014396553039551563
SARS-CoV-2-L5S,10.376758575439451,train,10.3915,1.03915,0.014741424560549277
SARS-CoV-2-L5M_T201C,10.351452827453612,train,10.41,1.0410000000000001,0.05854717254638864
SARS-CoV-2-S41G_L125M_E154V,10.52041721343994,train,10.52,1.052,0.0004172134399400562
SARS-CoV-2-L125S_G155D,10.315174102783203,train,10.34,1.034,0.024825897216796733
SARS-CoV-2-S36R_V153S,10.298381805419922,train,10.34,1.034,0.04161819458007798
SARS-CoV-2-I138V,10.445962905883787,train,10.485,1.0485,0.039037094116212145
SARS-CoV-2-S129V_P197Q_T201D,10.440881729125977,train,10.42,1.042,0.020881729125976634
SARS-CoV-2-G83M_Y159S,10.489188194274902,train,10.52,1.052,0.03081180572509723
SARS-CoV-2-T63S_L122R_K128I,10.342779159545898,train,10.37,1.037,0.02722084045410078
SARS-CoV-2-S43D_R73Q_T100F_T201K,10.392632484436035,train,10.41,1.0410000000000001,0.017367515563964986
SARS-CoV-2-L122I_P191H,10.3580322265625,train,10.35,1.035,0.008032226562500355
SARS-CoV-2-T55M_T201V,10.49268913269043,train,10.5,1.05,0.0073108673095703125
SARS-CoV-2-T55C_Y119N,10.397505760192873,train,10.405,1.0405,0.00749423980712649
SARS-CoV-2-L122W_Y175A,10.356560707092283,train,10.37,1.037,0.013439292907715839
SARS-CoV-2-T100R_K198L,10.376795768737791,train,10.38,1.038,0.003204231262209589
SARS-CoV-2-I2L_P7N,10.585320472717283,train,10.6,1.06,0.014679527282716265
SARS-CoV-2-I2R_T55L,10.4666748046875,train,10.48,1.048,0.013325195312500426
SARS-CoV-2-V37Q_I104M,10.493368148803713,train,10.51,1.051,0.016631851196287073
SARS-CoV-2-N118E,10.404096603393556,train,10.4325,1.04325,0.028403396606442755
SARS-CoV-2-C61N_V173S,10.454021453857422,train,10.51,1.051,0.05597854614257791
SARS-CoV-2-T140S_G174D_T201S,10.462275505065918,train,10.45,1.045,0.01227550506591868
SARS-CoV-2-N4K_T46Q,10.595500946044922,train,10.61,1.061,0.014499053955077557
SARS-CoV-2-H189S,10.439689636230469,train,10.464285714285714,1.0464285714285715,0.024596078055244774
SARS-CoV-2-L5S_V37F_K114L,10.60395050048828,train,10.58,1.058,0.023950500488279403
SARS-CoV-2-P54Q_G172V_P197H,10.66635513305664,train,10.67,1.067,0.003644866943359304
SARS-CoV-2-I138S_T201W,10.350096702575684,train,10.34,1.034,0.010096702575683736
SARS-CoV-2-F62W_Y121L_P149G,10.582902908325195,train,10.57,1.0570000000000002,0.012902908325195028
SARS-CoV-2-Y39L_K56S,10.40081787109375,train,10.38,1.038,0.02081787109374922
SARS-CoV-2-K114L_L122V,10.402225494384766,train,10.4,1.04,0.0022254943847652697
SARS-CoV-2-Y39T_G83N_I138S_F156W,10.38970184326172,train,10.42,1.042,0.030298156738279403
SARS-CoV-2-P7A_V37K_V115R_P197K,10.375066757202148,train,10.31,1.0310000000000001,0.06506675720214794
SARS-CoV-2-T63K_V173W,10.328004837036133,train,10.33,1.0330000000000001,0.0019951629638672586
SARS-CoV-2-V37I_K132R_T201G,10.420808792114258,train,10.41,1.0410000000000001,0.01080879211425767
SARS-CoV-2-Q144A,10.42661476135254,train,10.458571428571428,1.0458571428571428,0.03195666721888735
SARS-CoV-2-L122K_I142F,10.461984634399414,train,10.51,1.051,0.048015365600585724
SARS-CoV-2-S129T_T201R,10.554765701293944,train,10.55,1.0550000000000002,0.004765701293942826
SARS-CoV-2-R78H_T201Y,10.536872863769531,train,10.57,1.0570000000000002,0.033127136230469034
SARS-CoV-2-L122H_G172V_S184L,10.310232162475586,train,10.32,1.032,0.009767837524414347
SARS-CoV-2-L5R_P197L,10.52631664276123,train,10.5,1.05,0.02631664276123047
SARS-CoV-2-L125E_F160R,10.520575523376465,train,10.54,1.054,0.019424476623534304
SARS-CoV-2-F156M_A192V_K198V,10.404277801513672,train,10.37,1.037,0.03427780151367266
SARS-CoV-2-T55N,10.394220352172852,train,10.405833333333334,1.0405833333333334,0.01161298116048215
SARS-CoV-2-N130D,10.487072944641112,train,10.5,1.05,0.012927055358888495
SARS-CoV-2-T85R,10.343738555908203,train,10.371111111111112,1.0371111111111113,0.027372555202909155
SARS-CoV-2-L5N_Y119K_Y175L,10.524277687072754,train,10.54,1.054,0.01572231292724524
SARS-CoV-2-S139R_P197N,10.435110092163086,train,10.44,1.044,0.004889907836913565
SARS-CoV-2-N130A_T140L,10.388753890991213,train,10.4,1.04,0.011246109008787641
SARS-CoV-2-P54K_D90A,10.397622108459473,train,10.39,1.0390000000000001,0.007622108459472088
SARS-CoV-2-I2N_V37T_T63H_P197W,10.430635452270508,train,10.45,1.045,0.019364547729491477
SARS-CoV-2-D59N_S129R,10.575850486755373,train,10.6,1.06,0.024149513244626775
SARS-CoV-2-Q84M_D98T_T201V,10.340862274169922,train,10.34,1.034,0.0008622741699220171
SARS-CoV-2-N4Y_C61K,10.633733749389648,train,10.69,1.069,0.056266250610351065
SARS-CoV-2-L5W_V37E,10.549315452575684,train,10.55,1.0550000000000002,0.0006845474243171168
SARS-CoV-2-N120R_G146S,10.443144798278809,train,10.49,1.0490000000000002,0.04685520172119162
SARS-CoV-2-I104W_K199E,10.361981391906738,train,10.42,1.042,0.05801860809326165
SARS-CoV-2-V173L_T201L,10.386314392089844,train,10.39,1.0390000000000001,0.0036856079101568184
SARS-CoV-2-N157D,10.433226585388184,train,10.43,1.043,0.003226585388183878
SARS-CoV-2-T55L_N110Q,10.493595123291016,train,10.54,1.054,0.04640487670898352
SARS-CoV-2-Y178F_T201D,10.367920875549316,train,10.38,1.038,0.012079124450684375
SARS-CoV-2-Y35W_N64I_L122Q_T201A,10.735847473144531,train,10.79,1.079,0.0541525268554679
SARS-CoV-2-L5K_L60V,10.474282264709473,train,10.55,1.0550000000000002,0.07571773529052805
SARS-CoV-2-A192K,10.42827033996582,train,10.45,1.045,0.021729660034178977
SARS-CoV-2-K56A_L187S,10.321507453918455,train,10.27,1.027,0.05150745391845568
SARS-CoV-2-F62W_D97F,10.413219451904297,train,10.4,1.04,0.01321945190429652
SARS-CoV-2-V37R_G51N_G146D,10.421398162841797,train,10.41,1.0410000000000001,0.011398162841796733
SARS-CoV-2-V37S_S129A,10.770808219909668,train,10.83,1.083,0.0591917800903321
SARS-CoV-2-I2T_T63M,10.39102840423584,train,10.39,1.0390000000000001,0.0010284042358392753
SARS-CoV-2-L5T_N157S,10.392054557800291,train,10.41,1.0410000000000001,0.01794544219970895
SARS-CoV-2-T148G_N171L_A192G,10.45429229736328,train,10.46,1.046,0.005707702636721379
SARS-CoV-2-R16T_L60Q,10.415929794311523,train,10.42,1.042,0.0040702056884764914
SARS-CoV-2-G172F,10.33229637145996,train,10.345,1.0345000000000002,0.012703628540041478
SARS-CoV-2-K87T_E154Y,10.510774612426758,train,10.53,1.053,0.019225387573241548
SARS-CoV-2-F62I_S129K,10.336772918701172,train,10.35,1.035,0.01322708129882777
SARS-CoV-2-I2R_P54W_E154K,10.38648509979248,train,10.4,1.04,0.013514900207519887
SARS-CoV-2-N4T_A33L,10.305522918701172,train,10.32,1.032,0.01447708129882841
SARS-CoV-2-Y39W_Y121L,10.48239803314209,train,10.53,1.053,0.04760196685790952
SARS-CoV-2-Y119D_E186D,10.534486770629885,train,10.54,1.054,0.0055132293701145585
SARS-CoV-2-P7N_S36K,10.69568920135498,train,10.71,1.0710000000000002,0.014310798645020384
SARS-CoV-2-E154L_Q168I,10.347782135009766,train,10.37,1.037,0.022217864990233593
SARS-CoV-2-V153T,10.348939895629885,train,10.38,1.038,0.031060104370116193
SARS-CoV-2-N64M_N120T,10.357282638549805,train,10.41,1.0410000000000001,0.052717361450195455
SARS-CoV-2-N64R_Y119S_G166S,10.30377960205078,train,10.295,1.0295,0.008779602050779545
SARS-CoV-2-S29K_K87V_L122I,10.577835083007812,train,10.58,1.058,0.002164916992187571
SARS-CoV-2-E76W_F160N,10.410669326782228,train,10.38,1.038,0.030669326782227557
SARS-CoV-2-V37S_Y119K,10.591198921203612,train,10.6,1.06,0.00880107879638814
SARS-CoV-2-I2H_G9S,10.355254173278809,train,10.38,1.038,0.024745826721192188
SARS-CoV-2-L5K_D98N_F126W_F160H,10.379263877868652,train,10.4,1.04,0.02073612213134801
SARS-CoV-2-T55G_T100I,10.611882209777832,train,10.59,1.059,0.021882209777832173
SARS-CoV-2-K48N,10.335572242736816,train,10.351111111111113,1.0351111111111113,0.0155388683742963
SARS-CoV-2-G9S,10.38364028930664,train,10.371428571428572,1.0371428571428571,0.01221171787806874
SARS-CoV-2-N40K_G146S_N151T_T201A,10.49528694152832,train,10.53,1.053,0.03471305847167905
SARS-CoV-2-N4S_K56L,10.379179000854492,train,10.45,1.045,0.0708209991455071
SARS-CoV-2-C61R_Y178H,10.403428077697754,train,10.36,1.036,0.043428077697754475
SARS-CoV-2-G116Q_T148D,10.31558322906494,train,10.34,1.034,0.024416770935060228
SARS-CoV-2-N64V,10.347198486328123,train,10.343636363636364,1.0343636363636364,0.003562122691759484
SARS-CoV-2-Y39G_L122Q,10.666196823120115,train,10.68,1.068,0.013803176879884305
SARS-CoV-2-L125I_L188V,10.462778091430664,train,10.47,1.0470000000000002,0.007221908569336577
SARS-CoV-2-N130P_E141D_Q168E,10.32164192199707,train,10.32,1.032,0.0016419219970700283
SARS-CoV-2-R78Y_A145V_N171Q,10.378708839416504,train,10.4,1.04,0.02129116058349645
SARS-CoV-2-N58G_R78S,10.41143035888672,train,10.46,1.046,0.048569641113280326
SARS-CoV-2-I28L_Q84T,10.442729949951172,train,10.45,1.045,0.0072700500488274145
SARS-CoV-2-G83H_N171I,10.35492992401123,train,10.39,1.0390000000000001,0.0350700759887701
SARS-CoV-2-Q168A,10.42708969116211,train,10.426666666666668,1.0426666666666669,0.00042302449544173726
SARS-CoV-2-N40D,10.403223991394045,train,10.371428571428572,1.0371428571428571,0.03179541996547286
SARS-CoV-2-N120H_F126L,10.353650093078612,train,10.32,1.032,0.03365009307861122
SARS-CoV-2-Y119S_E141T,10.538657188415527,train,10.58,1.058,0.04134281158447273
SARS-CoV-2-Y39F_D59S_L122V,10.404703140258787,train,10.415,1.0414999999999999,0.010296859741211861
SARS-CoV-2-K114I_L122N,10.424568176269531,train,10.46,1.046,0.0354318237304696
SARS-CoV-2-C61K_T201P,10.362421989440918,train,10.44,1.044,0.07757801055908153
SARS-CoV-2-N24S_T170V,10.384427070617676,train,10.4,1.04,0.015572929382324574
SARS-CoV-2-I138M_S200I,10.443825721740724,train,10.43,1.043,0.013825721740724717
SARS-CoV-2-S41W_N151R,10.580620765686035,train,10.6,1.06,0.01937923431396449
SARS-CoV-2-L5H_G155T_K199H,10.500484466552734,train,10.53,1.053,0.029515533447264986
SARS-CoV-2-A145I,10.30029296875,train,10.28,1.028,0.02029296875000064
SARS-CoV-2-S139G,10.307031631469728,train,10.325833333333334,1.0325833333333334,0.018801701863605302
SARS-CoV-2-N118F_L125Q,10.447547912597656,train,10.46,1.046,0.012452087402344603
SARS-CoV-2-L5Q_V37L,10.419509887695312,train,10.45,1.045,0.03049011230468679
SARS-CoV-2-N118E_G174R,10.563070297241213,train,10.56,1.056,0.0030702972412122165
SARS-CoV-2-P149L_G155S,10.418153762817385,train,10.43,1.043,0.011846237182615127
SARS-CoV-2-S41T_T46I,10.29336643218994,train,10.33,1.0330000000000001,0.03663356781006044
SARS-CoV-2-T15K_L122R,10.505701065063477,train,10.53,1.053,0.024298934936522798
SARS-CoV-2-A33P_F156S_T193N,10.401895523071287,train,10.39,1.0390000000000001,0.011895523071286718
SARS-CoV-2-L5R_T100V,10.575096130371094,train,10.61,1.061,0.03490386962890568
SARS-CoV-2-Y119V_F156V,10.44792938232422,train,10.41,1.0410000000000001,0.037929382324220384
SARS-CoV-2-V37I_K87T,10.344642639160156,train,10.34,1.034,0.004642639160156392
SARS-CoV-2-L188W,10.337745666503906,train,10.34,1.034,0.002254333496093608
SARS-CoV-2-D75S_G117L_L125K,10.346776962280272,train,10.37,1.037,0.023223037719727557
SARS-CoV-2-T55N_L122F_S129N,10.459735870361328,train,10.45,1.045,0.009735870361328836
SARS-CoV-2-N171I_P191G,10.353132247924805,train,10.36,1.036,0.006867752075194744
SARS-CoV-2-D59A_K199F,10.366939544677734,train,10.38,1.038,0.013060455322266407
SARS-CoV-2-Y39N_G51N,10.467245101928713,train,10.48,1.048,0.012754898071287712
SARS-CoV-2-V32H,10.441146850585938,train,10.45,1.045,0.00885314941406179
SARS-CoV-2-G174N,10.32896614074707,train,10.336666666666666,1.0336666666666667,0.007700525919595691
SARS-CoV-2-N110K_N120S,10.62149143218994,train,10.66,1.066,0.03850856781006051
SARS-CoV-2-T55L_G83N_V115Q_K198A,10.616310119628906,train,10.66,1.066,0.04368988037109389
SARS-CoV-2-F8L_V37F_A81E,10.529060363769531,train,10.52,1.052,0.009060363769531676
SARS-CoV-2-V52F_I142L_F160Y,10.327817916870115,train,10.31,1.0310000000000001,0.017817916870114914
SARS-CoV-2-L5W,10.343101501464844,train,10.389,1.0389,0.045898498535155596
SARS-CoV-2-A42R_Q163N,10.588997840881348,train,10.58,1.058,0.008997840881347585
SARS-CoV-2-F62M_P149K,10.349422454833984,train,10.39,1.0390000000000001,0.04057754516601619
SARS-CoV-2-N120E_F126M,10.599623680114746,train,10.59,1.059,0.009623680114746236
SARS-CoV-2-N157C_T201G,10.32170867919922,train,10.3,1.03,0.021708679199219816
SARS-CoV-2-R16M_S129K,10.466350555419922,train,10.43,1.043,0.03635055541992216
SARS-CoV-2-K87H_T140F_T201R,10.352954864501951,train,10.38,1.038,0.027045135498049433
SARS-CoV-2-C61G_T170K,10.376392364501951,train,10.4,1.04,0.023607635498049007
SARS-CoV-2-N40E_K87R,10.347015380859377,train,10.4,1.04,0.05298461914062358
SARS-CoV-2-Y119V_A145I_F160Y,10.351566314697266,train,10.37,1.037,0.018433685302733593
SARS-CoV-2-L5S_G117V_Y119D,10.433650970458984,train,10.45,1.045,0.016349029541014914
SARS-CoV-2-T140I_G155T_P197T,10.361410140991213,train,10.39,1.0390000000000001,0.028589859008787855
SARS-CoV-2-E154H_G174N,10.510149002075195,train,10.525,1.0525,0.014850997924805043
SARS-CoV-2-K87L_K198M,10.563331604003906,train,10.56,1.056,0.0033316040039057526
SARS-CoV-2-I2S_N64L,10.34390640258789,train,10.36,1.036,0.016093597412108807
SARS-CoV-2-D90Q,10.330989837646484,train,10.37,1.037,0.03901016235351484
SARS-CoV-2-V37S_P149S,10.60796070098877,train,10.61,1.061,0.0020392990112299003
SARS-CoV-2-T55L_F134G,10.373953819274902,train,10.39,1.0390000000000001,0.016046180725098225
SARS-CoV-2-S43Y,10.411819458007812,train,10.401428571428571,1.0401428571428573,0.010390886579241254
SARS-CoV-2-R16F_K94R_L122Q,10.413585662841797,train,10.43,1.043,0.01641433715820284
SARS-CoV-2-E10S_L125G,10.523059844970703,train,10.53,1.053,0.0069401550292962355
SARS-CoV-2-Y35I_V115P,10.477778434753418,train,10.53,1.053,0.05222156524658139
SARS-CoV-2-Y119E_E154D,10.41859531402588,train,10.42,1.042,0.0014046859741192463
SARS-CoV-2-E10L_K87H_L122Y,10.350650787353516,train,10.35,1.035,0.0006507873535159803
SARS-CoV-2-N40R_Y119S_V173N,10.316091537475586,train,10.31,1.0310000000000001,0.00609153747558544
SARS-CoV-2-L5Q_V37W_G83Y,10.352068901062012,train,10.38,1.038,0.027931098937989063
SARS-CoV-2-N1K_Q84S_N157H,10.330340385437012,train,10.33,1.0330000000000001,0.0003403854370116477
SARS-CoV-2-V52L,10.313825607299805,train,10.313333333333333,1.0313333333333332,0.0004922739664721121
SARS-CoV-2-V37K_N110G_N118E,10.304658889770508,train,10.32,1.032,0.015341110229492472
SARS-CoV-2-G117T_G152D,10.493209838867188,train,10.51,1.051,0.016790161132812287
SARS-CoV-2-N151R_L188M,10.303754806518556,train,10.26,1.026,0.04375480651855668
SARS-CoV-2-V37K_K128R_T201W,10.355963706970217,train,10.35,1.035,0.005963706970216975
SARS-CoV-2-A22H_S200I,10.376972198486328,train,10.37,1.037,0.006972198486328907
SARS-CoV-2-S43A_K132R,10.481380462646484,train,10.53,1.053,0.048619537353514986
SARS-CoV-2-N64C_K114I,10.481805801391602,train,10.5,1.05,0.018194198608398438
SARS-CoV-2-G9W_T55S_G172L_T201L,10.379467964172363,train,10.425,1.0425000000000002,0.04553203582763743
SARS-CoV-2-Q84L_A190G,10.38197422027588,train,10.39,1.0390000000000001,0.008025779724119886
SARS-CoV-2-I2Q_G9M,10.437885284423828,train,10.45,1.045,0.012114715576171164
SARS-CoV-2-I2Q_K114S,10.627094268798828,train,10.7,1.07,0.07290573120117116
SARS-CoV-2-G9W_G174E,10.4786376953125,train,10.47,1.0470000000000002,0.00863769531249936
SARS-CoV-2-G9E_N120K,10.477048873901367,train,10.51,1.051,0.0329511260986326
SARS-CoV-2-I138L_V153T_T170V,10.491327285766602,train,10.48,1.048,0.011327285766601136
SARS-CoV-2-V37R_N64T,10.43328857421875,train,10.43,1.043,0.0032885742187502842
SARS-CoV-2-D59S,10.423288345336914,train,10.439,1.0439,0.015711654663085994
SARS-CoV-2-T55D_V173R,10.298135757446287,train,10.28,1.028,0.018135757446287926
SARS-CoV-2-S29V_S43K_K114I,10.461352348327637,train,10.48,1.048,0.018647651672363708
SARS-CoV-2-D59E_Q84R,10.586795806884766,train,10.58,1.058,0.006795806884765554
SARS-CoV-2-N151I_S200V,10.382051467895508,train,10.36,1.036,0.02205146789550838
SARS-CoV-2-K56D_L122E_T148N,10.61042022705078,train,10.63,1.0630000000000002,0.019579772949221308
SARS-CoV-2-V115Y_L122W,10.328590393066406,train,10.36,1.036,0.03140960693359318
SARS-CoV-2-V37W_P191T,10.40849494934082,train,10.43,1.043,0.021505050659179403
SARS-CoV-2-I2T_L111S_V173I,10.318456649780272,train,10.37,1.037,0.05154335021972756
SARS-CoV-2-V37C_F156Y,10.395275115966797,train,10.42,1.042,0.024724884033203054
SARS-CoV-2-Q163A,10.336692810058594,train,10.39,1.0390000000000001,0.05330718994140682
SARS-CoV-2-F8L_K87I_V173H,10.409244537353516,train,10.42,1.042,0.010755462646484304
SARS-CoV-2-N64D_G174L,10.381095886230469,train,10.42,1.042,0.03890411376953118
SARS-CoV-2-A190P,10.405073165893556,train,10.41,1.0410000000000001,0.004926834106443678
SARS-CoV-2-I138V_K199W,10.558927536010742,train,10.55,1.0550000000000002,0.008927536010741477
SARS-CoV-2-V37L_Y143W,10.296758651733398,train,10.31,1.0310000000000001,0.01324134826660206
SARS-CoV-2-G9F_Y119V,10.343050956726074,train,10.36,1.036,0.016949043273925213
SARS-CoV-2-N64Y,10.331914901733398,train,10.335,1.0335,0.003085098266602415
SARS-CoV-2-K87I_T100L_G152Q,10.528362274169922,train,10.56,1.056,0.03163772583007862
SARS-CoV-2-K128E,10.34282112121582,train,10.355,1.0355,0.012178878784180114
SARS-CoV-2-D97W_P197K,10.354063034057615,train,10.32,1.032,0.03406303405761513
SARS-CoV-2-S43Q_K48M,10.383727073669434,train,10.4,1.04,0.01627292633056676
SARS-CoV-2-S43R_S129T,10.562408447265623,train,10.58,1.058,0.017591552734376847
SARS-CoV-2-R16F_N171M,10.438886642456056,train,10.48,1.048,0.04111335754394396
SARS-CoV-2-I2S_S129K,10.554468154907228,train,10.57,1.0570000000000002,0.015531845092771945
SARS-CoV-2-D97I_Y119R,10.545825958251951,train,10.51,1.051,0.03582595825195156
SARS-CoV-2-K87S_T148F_G172C,10.351034164428713,train,10.36,1.036,0.008965835571286718
SARS-CoV-2-T55N_S129G_T170F,10.318244934082031,train,10.33,1.0330000000000001,0.011755065917968821
SARS-CoV-2-G116Y_S129R,10.300796508789062,train,10.36,1.036,0.05920349121093693
SARS-CoV-2-A42K_S113Q_Y119T_S129K,10.51979923248291,train,10.53,1.053,0.010200767517089204
SARS-CoV-2-E141T_K199N,10.305131912231444,train,10.34,1.034,0.03486808776855632
SARS-CoV-2-I2V_T55S_Y123S_V173L,10.445228576660156,train,10.44,1.044,0.005228576660156747
SARS-CoV-2-I2S_I28F,10.521644592285156,train,10.52,1.052,0.0016445922851566763
SARS-CoV-2-T55N_K87G,10.417964935302734,train,10.44,1.044,0.022035064697265128
SARS-CoV-2-I142R_A190G,10.295629501342772,train,10.325,1.0325,0.02937049865722763
SARS-CoV-2-I28W_S129I_N171Y,10.631972312927246,train,10.62,1.062,0.011972312927246875
SARS-CoV-2-V37Q_L111Q,10.305307388305664,train,10.29,1.029,0.015307388305664915
SARS-CoV-2-Y91M_N130A_Y175G,10.300204277038574,train,10.35,1.035,0.049795722961425426
SARS-CoV-2-Y39F_C61T_T201C,10.594300270080566,train,10.6,1.06,0.0056997299194332385
SARS-CoV-2-R78A_A192T,10.503899574279783,train,10.49,1.0490000000000002,0.013899574279783167
SARS-CoV-2-S43D_Y119Q,10.56440544128418,train,10.55,1.0550000000000002,0.014405441284178977
SARS-CoV-2-V11I_R27M_I104M,10.342172622680664,train,10.37,1.037,0.027827377319335156
SARS-CoV-2-D97T_Y119G_K128D,10.3515043258667,train,10.33,1.0330000000000001,0.021504325866699148
SARS-CoV-2-S43Y_L122H_G174T,10.511991500854492,train,10.51,1.051,0.0019915008544924007
SARS-CoV-2-Y35L_T55E,10.450521469116213,train,10.43,1.043,0.020521469116212998
SARS-CoV-2-N4G_Y119F_I138T_Q163A,10.373842239379885,train,10.38,1.038,0.006157760620116193
SARS-CoV-2-K87F,10.344762802124023,train,10.337142857142856,1.0337142857142856,0.007619944981167137
SARS-CoV-2-F126S_F156S,10.368377685546877,train,10.3,1.03,0.06837768554687607
SARS-CoV-2-K87T_T148F,10.413482666015623,train,10.42,1.042,0.006517333984376705
SARS-CoV-2-K114D_S147V,10.32200050354004,train,10.31,1.0310000000000001,0.012000503540040341
SARS-CoV-2-K87V_I142F,10.51119327545166,train,10.52,1.052,0.008806724548339417
SARS-CoV-2-G117S_L187Q_T201L,10.431435585021973,train,10.44,1.044,0.008564414978026846
SARS-CoV-2-V37L_N171I,10.520015716552734,train,10.53,1.053,0.009984283447264986
SARS-CoV-2-I2V_C61K,10.496655464172363,train,10.52,1.052,0.023344535827636292
SARS-CoV-2-C61R_Y143F,10.39141845703125,train,10.36,1.036,0.03141845703125057
SARS-CoV-2-T85Y_F134Y_N171S,10.390360832214355,train,10.41,1.0410000000000001,0.019639167785644673
SARS-CoV-2-Q144M_G172E,10.450035095214844,train,10.47,1.0470000000000002,0.01996490478515689
SARS-CoV-2-A33F_K48R,10.33037567138672,train,10.34,1.034,0.009624328613279332
SARS-CoV-2-R27S_Y175S,10.601277351379396,train,10.63,1.0630000000000002,0.028722648620604474
SARS-CoV-2-D98E_H189P,10.34535789489746,train,10.35,1.035,0.004642105102540484
SARS-CoV-2-L60E_S129A,10.5419282913208,train,10.55,1.0550000000000002,0.00807170867919993
SARS-CoV-2-V37I_N120M,10.355356216430664,train,10.43,1.043,0.07464378356933565
SARS-CoV-2-G9H_I104M,10.500755310058594,train,10.56,1.056,0.05924468994140675
SARS-CoV-2-G117V_K128T,10.353771209716797,train,10.38,1.038,0.026228790283203907
SARS-CoV-2-S36K_G166Q,10.442789077758787,train,10.43,1.043,0.01278907775878757
SARS-CoV-2-G9N_S29R_G166M,10.629650115966797,train,10.63,1.0630000000000002,0.0003498840332039066
SARS-CoV-2-N1S_A18P_N40R_G83R,10.300552368164062,train,10.31,1.0310000000000001,0.009447631835937997
SARS-CoV-2-T55E_T201R,10.420747756958008,train,10.42,1.042,0.0007477569580078836
SARS-CoV-2-G172L,10.349929809570312,train,10.336666666666666,1.0336666666666667,0.013263142903646497
SARS-CoV-2-I2H_A192E,10.548717498779297,train,10.56,1.056,0.011282501220703622
SARS-CoV-2-T55C_V115A,10.576391220092772,train,10.62,1.062,0.04360877990722756
SARS-CoV-2-P54R_G152T,10.522327423095703,train,10.51,1.051,0.012327423095703338
SARS-CoV-2-G9E_V37D_N64C,10.397748947143556,train,10.43,1.043,0.03225105285644325
SARS-CoV-2-K128R,10.305197715759276,train,10.330714285714285,1.0330714285714284,0.02551656995500906
SARS-CoV-2-I2Q_S29F,10.400323867797852,train,10.45,1.045,0.04967613220214773
SARS-CoV-2-L5A_Y39W_V65A_S200N,10.349573135375977,train,10.4,1.04,0.05042686462402379
SARS-CoV-2-P191T,10.306394577026367,train,10.351428571428572,1.0351428571428574,0.045033994402205124
SARS-CoV-2-K56H_N120T_N151F,10.317501068115234,train,10.36,1.036,0.04249893188476506
SARS-CoV-2-N1I_V37Q_D59T_T100L_L125H_T170L,10.4545316696167,train,10.49,1.0490000000000002,0.035468330383300994
SARS-CoV-2-R78V_G146S,10.457162857055664,train,10.48,1.048,0.022837142944336364
SARS-CoV-2-L5F_D97T,10.378036499023438,train,10.37,1.037,0.008036499023438282
SARS-CoV-2-F62L_T170K,10.307853698730469,train,10.31,1.0310000000000001,0.0021463012695317474
SARS-CoV-2-V37I_K128H,10.436965942382812,train,10.44,1.044,0.0030340576171870026
SARS-CoV-2-L188N_P197E,10.430736541748049,train,10.4,1.04,0.030736541748048296
SARS-CoV-2-I2Y_K132V,10.325969696044922,train,10.31,1.0310000000000001,0.015969696044921378
SARS-CoV-2-L5I_T85S,10.40372085571289,train,10.41,1.0410000000000001,0.006279144287109517
SARS-CoV-2-Y35F_A89S_G155S,10.38307285308838,train,10.41,1.0410000000000001,0.02692714691161946
SARS-CoV-2-N120T_K199V,10.630316734313965,train,10.66,1.066,0.0296832656860353
SARS-CoV-2-N110E_N130C,10.381336212158203,train,10.335,1.0335,0.04633621215820227
SARS-CoV-2-K87R_P149I,10.43160629272461,train,10.48,1.048,0.04839370727539105
SARS-CoV-2-K56E_L95V,10.485562324523926,train,10.51,1.051,0.024437675476074006
SARS-CoV-2-G9W_Y35F_T100V_G152S,10.433372497558594,train,10.43,1.043,0.0033724975585940342
SARS-CoV-2-S53E_T85K,10.358469009399414,train,10.385,1.0385,0.026530990600585724
SARS-CoV-2-N40S_Y175Q,10.434497833251951,train,10.42,1.042,0.01449783325195142
SARS-CoV-2-K56M,10.357481002807615,train,10.3305,1.03305,0.02698100280761473
SARS-CoV-2-I2M_N130M,10.295515060424805,train,10.31,1.0310000000000001,0.01448493957519581
SARS-CoV-2-L122R_A145I,10.46487522125244,train,10.5,1.05,0.03512477874756037
SARS-CoV-2-K56G_Y119L,10.403175354003906,train,10.35,1.035,0.053175354003906605
SARS-CoV-2-L125V_N151Y,10.298103332519531,train,10.31,1.0310000000000001,0.011896667480469247
SARS-CoV-2-V37W_D97Q,10.538322448730469,train,10.54,1.054,0.0016775512695303973
SARS-CoV-2-V32Y_N151K,10.457578659057615,train,10.45,1.045,0.007578659057616122
SARS-CoV-2-I28L_N64A_I138D,10.385881423950195,train,10.420000000000002,1.0420000000000003,0.03411857604980639
SARS-CoV-2-N40H_P197K,10.424880981445312,train,10.47,1.0470000000000002,0.04511901855468814
SARS-CoV-2-A145F_T170N,10.45982265472412,train,10.48,1.048,0.02017734527588111
SARS-CoV-2-V37G_T140R,10.570796012878418,train,10.57,1.0570000000000002,0.0007960128784176845
SARS-CoV-2-K56D_N120K_T201H,10.619308471679688,train,10.62,1.062,0.0006915283203117184
SARS-CoV-2-L122F_H189S,10.38033676147461,train,10.36,1.036,0.020336761474609943
SARS-CoV-2-Y119D_K128I,10.591796875,train,10.63,1.0630000000000002,0.03820312500000078
SARS-CoV-2-T85M_L125S_K132T_T201I,10.516087532043455,train,10.52,1.052,0.003912467956544319
SARS-CoV-2-F156S_L187N,10.416193962097168,train,10.38,1.038,0.03619396209716719
SARS-CoV-2-Y119V_V153D,10.435745239257812,train,10.46,1.046,0.024254760742188353
SARS-CoV-2-T140S,10.334712028503418,train,10.329166666666667,1.0329166666666667,0.005545361836750473
SARS-CoV-2-I138L_P197A,10.470939636230469,train,10.51,1.051,0.03906036376953104
SARS-CoV-2-Y39L_C61E,10.655176162719728,train,10.65,1.0650000000000002,0.005176162719727984
SARS-CoV-2-V37Y_K128A_G174K,10.530031204223633,train,10.53,1.053,3.120422363345199e-05
SARS-CoV-2-D59T_L122M_S200L,10.349634170532228,train,10.35,1.035,0.00036582946777130587
SARS-CoV-2-I2C_V37S_G152N,10.689234733581545,train,10.71,1.0710000000000002,0.020765266418456108
SARS-CoV-2-P7L_V37F_K56E,10.48252296447754,train,10.47,1.0470000000000002,0.0125229644775402
SARS-CoV-2-S53L_C61E,10.499796867370604,train,10.51,1.051,0.010203132629396094
SARS-CoV-2-L5Y_K87I,10.4148588180542,train,10.46,1.046,0.045141181945801634
SARS-CoV-2-T85R_I142P_Q168K,10.3590087890625,train,10.41,1.0410000000000001,0.05099121093750014
SARS-CoV-2-V52Y_Y119P,10.53353214263916,train,10.53,1.053,0.0035321426391607957
SARS-CoV-2-F134G,10.322135925292969,train,10.312857142857142,1.0312857142857144,0.009278782435826471
SARS-CoV-2-V65I_N151R,10.375731468200684,train,10.37,1.037,0.005731468200684375
SARS-CoV-2-C61D_T148K,10.478891372680664,train,10.51,1.051,0.031108627319335724
SARS-CoV-2-A42E_K87Q,10.687255859375,train,10.71,1.0710000000000002,0.022744140625000853
SARS-CoV-2-Y39F_K198G,10.500669479370115,train,10.53,1.053,0.02933052062988395
SARS-CoV-2-A67L_Y143W,10.455583572387695,train,10.38,1.038,0.07558357238769453
SARS-CoV-2-S53I_A145V,10.33088493347168,train,10.36,1.036,0.029115066528319744
SARS-CoV-2-G172E,10.33797836303711,train,10.33,1.0330000000000001,0.007978363037109304
SARS-CoV-2-S113G_S200Q,10.420631408691406,train,10.4,1.04,0.020631408691405895
SARS-CoV-2-Y35L_S184A,10.42297077178955,train,10.45,1.045,0.027029228210448508
SARS-CoV-2-K87T_Y119A,10.53359603881836,train,10.55,1.0550000000000002,0.016403961181641336
SARS-CoV-2-N118E_L188T,10.305364608764648,train,10.34,1.034,0.03463539123535142
SARS-CoV-2-T148R,10.372711181640623,train,10.369,1.0369,0.003711181640623451
SARS-CoV-2-G9N_L122T_P149M,10.605597496032717,train,10.63,1.0630000000000002,0.02440250396728416
SARS-CoV-2-K48N_T201M,10.510931015014648,train,10.57,1.0570000000000002,0.05906898498535185
SARS-CoV-2-K56S_L122N,10.608055114746094,train,10.62,1.062,0.011944885253905468
SARS-CoV-2-N4K_Y119G_T148I,10.303701400756836,train,10.31,1.0310000000000001,0.00629859924316456
SARS-CoV-2-N1V_G9Q,10.49015998840332,train,10.5,1.05,0.009840011596679688
SARS-CoV-2-S129K,10.52333927154541,train,10.5575,1.05575,0.03416072845458906
SARS-CoV-2-A42G_K114D_N171D,10.338434219360352,train,10.35,1.035,0.011565780639648082
SARS-CoV-2-I2N_V37L,10.45075798034668,train,10.45,1.045,0.000757980346680398
SARS-CoV-2-V32H_P149E,10.391427040100098,train,10.39,1.0390000000000001,0.0014270401000970878
SARS-CoV-2-K26E_N64S_Y119T_G166Q_K199V,10.381810188293455,train,10.37,1.037,0.011810188293456036
SARS-CoV-2-K56D,10.430946350097656,train,10.4675,1.04675,0.03655364990234311
SARS-CoV-2-S129N,10.388296127319336,train,10.40857142857143,1.040857142857143,0.020275301252093314
SARS-CoV-2-A18P_C61G_G116V_Y119R,10.469024658203123,train,10.48,1.048,0.010975341796877203
SARS-CoV-2-Q84R_L125E,10.299890518188477,train,10.34,1.034,0.040109481811523295
SARS-CoV-2-R16K_K128L_P197L,10.519171714782717,train,10.555,1.0555,0.035828285217283096
SARS-CoV-2-I28L_P149S,10.457573890686035,train,10.44,1.044,0.017573890686035654
SARS-CoV-2-L5G_N40A,10.335062980651855,train,10.31,1.0310000000000001,0.02506298065185497
SARS-CoV-2-T140E,10.382648468017578,train,10.363333333333332,1.036333333333333,0.019315134684246615
SARS-CoV-2-K114I_F156T,10.359245300292969,train,10.4,1.04,0.040754699707031605
SARS-CoV-2-K56Q_L122G,10.433074951171877,train,10.43,1.043,0.0030749511718770606
SARS-CoV-2-L38I_V52C_N157D_Y175A,10.69046401977539,train,10.72,1.072,0.029535980224610014
SARS-CoV-2-K114A_Y121F_Q168H,10.36495876312256,train,10.37,1.037,0.005041236877438848
SARS-CoV-2-V37F_G174E,10.70705223083496,train,10.73,1.0730000000000002,0.022947769165041265
SARS-CoV-2-T3K_A145N,10.31385898590088,train,10.32,1.032,0.006141014099119602
SARS-CoV-2-K56T_D97L_Y119K,10.389162063598633,train,10.33,1.0330000000000001,0.05916206359863274
SARS-CoV-2-R27E_I138V_G152D,10.456409454345703,train,10.49,1.0490000000000002,0.03359054565429709
SARS-CoV-2-L5T_S45Q_G174Q,10.308137893676758,train,10.32,1.032,0.011862106323242472
SARS-CoV-2-I2N_F62T_Q168R,10.354104042053224,train,10.41,1.0410000000000001,0.05589595794677571
SARS-CoV-2-N58A_F156I,10.311192512512209,train,10.36,1.036,0.048807487487790624
SARS-CoV-2-G9A_S43V_Y175A,10.509151458740234,train,10.52,1.052,0.010848541259765199
SARS-CoV-2-V37L_K56A_D90L_Q168Y,10.318735122680664,train,10.31,1.0310000000000001,0.008735122680663565
SARS-CoV-2-D90R_F156N,10.35769748687744,train,10.39,1.0390000000000001,0.03230251312256094
SARS-CoV-2-S129E_V153N_K198S,10.63342571258545,train,10.65,1.0650000000000002,0.016574287414551137
SARS-CoV-2-K87G_P197G,10.377130508422852,train,10.355,1.0355,0.022130508422851136
SARS-CoV-2-Y35V_L60K,10.48939323425293,train,10.53,1.053,0.04060676574706967
SARS-CoV-2-A14R_K87I,10.401939392089844,train,10.4,1.04,0.0019393920898433947
SARS-CoV-2-V37M_N118A,10.708727836608888,train,10.7,1.07,0.008727836608889206
SARS-CoV-2-N4H,10.383995056152344,train,10.414,1.0414,0.03000494384765595
SARS-CoV-2-Y39I_N157Y_G166V,10.513320922851562,train,10.56,1.056,0.046679077148438
SARS-CoV-2-I2L_T100K_G174K,10.537670135498049,train,10.57,1.0570000000000002,0.03232986450195163
SARS-CoV-2-G9R_V37W,10.462557792663574,train,10.48,1.048,0.017442207336426208
SARS-CoV-2-P54R,10.357725143432615,train,10.357142857142858,1.0357142857142858,0.0005822862897577608
SARS-CoV-2-P54I_N64W_L122M,10.396760940551758,train,10.39,1.0390000000000001,0.006760940551757244
SARS-CoV-2-P149I_L187M_K198N,10.505943298339844,train,10.51,1.051,0.004056701660156037
SARS-CoV-2-V37A_T170Y,10.42029857635498,train,10.44,1.044,0.019701423645019034
SARS-CoV-2-Y66L_F156V,10.45395278930664,train,10.5,1.05,0.046047210693359375
SARS-CoV-2-I2N_N118D,10.494945526123049,train,10.5,1.05,0.005054473876951349
SARS-CoV-2-P197Y,10.552488327026367,train,10.555,1.0555,0.0025116729736325283
SARS-CoV-2-N4Q_K48R,10.546125411987305,train,10.59,1.059,0.04387458801269517
SARS-CoV-2-T85A_T170S,10.334214210510254,train,10.36,1.036,0.025785789489745525
SARS-CoV-2-L5R_T140H,10.344329833984377,train,10.4,1.04,0.05567016601562358
SARS-CoV-2-R27I_D59T,10.34413242340088,train,10.36,1.036,0.01586757659911875
SARS-CoV-2-S129T_N157C,10.308526992797852,train,10.3,1.03,0.008526992797850852
SARS-CoV-2-N64H_K132S,10.324456214904783,train,10.32,1.032,0.004456214904783096
SARS-CoV-2-L122H_G155T,10.312732696533203,train,10.3,1.03,0.012732696533202414
SARS-CoV-2-V37R_L122M_P149S,10.508042335510254,train,10.53,1.053,0.021957664489745454
SARS-CoV-2-V37T_K128S_T140L,10.324234008789062,train,10.385,1.0385,0.06076599121093729
SARS-CoV-2-S129T,10.449270248413086,train,10.46125,1.046125,0.011979751586913778
SARS-CoV-2-I138S_S200I,10.33991813659668,train,10.32,1.032,0.019918136596679403
SARS-CoV-2-N1D_K87M,10.461753845214844,train,10.47,1.0470000000000002,0.00824615478515689
SARS-CoV-2-S29Q,10.673866271972656,train,10.7,1.07,0.02613372802734304
SARS-CoV-2-F44R_P197L,10.348003387451172,train,10.37,1.037,0.021996612548827343
SARS-CoV-2-T100I_G166F,10.352994918823242,train,10.35,1.035,0.0029949188232425428
SARS-CoV-2-S45D_D75E_T201G,10.34141731262207,train,10.34,1.034,0.0014173126220704546
SARS-CoV-2-R16K_K56G_K87S,10.38107204437256,train,10.38,1.038,0.0010720443725595885
SARS-CoV-2-Y39V_T63Y_I138N_F160R_G166V_K198S,10.40956974029541,train,10.425,1.0425000000000002,0.015430259704590554
SARS-CoV-2-I2Q_S45T_D97I_T170D,10.453662872314451,train,10.45,1.045,0.003662872314452059
SARS-CoV-2-Y175W,10.431418418884276,train,10.445,1.0445,0.013581581115724717
SARS-CoV-2-K87S_Y123S,10.34033203125,train,10.315,1.0315,0.025332031250000497
SARS-CoV-2-I2P_G146S,10.615516662597656,train,10.65,1.0650000000000002,0.034483337402344105
SARS-CoV-2-G146S_F156L,10.498889923095703,train,10.47,1.0470000000000002,0.028889923095702486
SARS-CoV-2-L122A_P149T,10.425315856933594,train,10.47,1.0470000000000002,0.04468414306640689
SARS-CoV-2-K198D,10.434056282043455,train,10.46,1.046,0.025943717956545598
SARS-CoV-2-L125K_E141F,10.543740272521973,train,10.565,1.0565,0.021259727478026846
SARS-CoV-2-N171Y,10.392814636230469,train,10.3675,1.03675,0.025314636230469034
SARS-CoV-2-C61K_Q168L,10.348809242248535,train,10.35,1.035,0.0011907577514644885
SARS-CoV-2-L122V_T201M,10.40030002593994,train,10.39,1.0390000000000001,0.010300025939939061
SARS-CoV-2-N118A_N171G,10.335338592529297,train,10.37,1.037,0.03466140747070234
SARS-CoV-2-T3P_K87R,10.311729431152344,train,10.31,1.0310000000000001,0.0017294311523432526
SARS-CoV-2-Y39S_A190T,10.331005096435549,train,10.37,1.037,0.03899490356445057
SARS-CoV-2-V153E,10.40945816040039,train,10.4125,1.04125,0.0030418395996090197
SARS-CoV-2-S139T_A192R,10.42977523803711,train,10.43,1.043,0.00022476196289034078
SARS-CoV-2-T15P_S36D_K87T_Q168I,10.53110408782959,train,10.53,1.053,0.0011040878295904832
SARS-CoV-2-G166Y,10.304986953735352,train,10.32125,1.032125,0.016263046264647585
SARS-CoV-2-K128S_V173L,10.562170028686523,train,10.53,1.053,0.03217002868652408
SARS-CoV-2-G116I_F156I,10.510518074035645,train,10.52,1.052,0.009481925964355042
SARS-CoV-2-L122M_P197W,10.328537940979004,train,10.31,1.0310000000000001,0.01853794097900341
SARS-CoV-2-S53D_I104T,10.37076187133789,train,10.39,1.0390000000000001,0.019238128662109943
SARS-CoV-2-R16V_T63I,10.332534790039062,train,10.33,1.0330000000000001,0.002534790039062429
SARS-CoV-2-N4S_Q168Y,10.520757675170898,train,10.575,1.0574999999999999,0.05424232482910085
SARS-CoV-2-F156K_P169A_S200R,10.381866455078123,train,10.39,1.0390000000000001,0.008133544921877345
SARS-CoV-2-N64Y_L122C,10.410179138183594,train,10.42,1.042,0.009820861816406179
SARS-CoV-2-P7S_N157K,10.43425178527832,train,10.42,1.042,0.014251785278320384
SARS-CoV-2-P149A,10.37620735168457,train,10.36,1.036,0.01620735168457088
SARS-CoV-2-I2R_P149N,10.423803329467772,train,10.49,1.0490000000000002,0.06619667053222855
SARS-CoV-2-D97T_V153Q,10.311458587646484,train,10.29,1.029,0.021458587646485228
SARS-CoV-2-P7T_V37F_T148V,10.373048782348633,train,10.4,1.04,0.026951217651367543
SARS-CoV-2-E186D,10.367112159729004,train,10.41,1.0410000000000001,0.042887840270996236
SARS-CoV-2-T148A,10.30677890777588,train,10.328181818181818,1.0328181818181819,0.021402910405937448
SARS-CoV-2-S29T,10.40886402130127,train,10.415,1.0414999999999999,0.006135978698729616
SARS-CoV-2-E154N_T201V,10.304071426391602,train,10.345,1.0345000000000002,0.04092857360839908
SARS-CoV-2-S129E_I142Y,10.391881942749023,train,10.4,1.04,0.008118057250976918
SARS-CoV-2-T63K_L122F_T201L,10.365959167480469,train,10.37,1.037,0.004040832519530468
SARS-CoV-2-G83Y_T201A,10.332538604736328,train,10.34,1.034,0.007461395263671733
SARS-CoV-2-Y123R_T201N,10.376102447509766,train,10.37,1.037,0.006102447509766407
SARS-CoV-2-C61Y_D98K_L122Q_F156E,10.349029541015623,train,10.38,1.038,0.030970458984377558
SARS-CoV-2-S43A,10.40047836303711,train,10.444545454545455,1.0444545454545455,0.04406709150834587
SARS-CoV-2-K132L_F160Q,10.38166618347168,train,10.41,1.0410000000000001,0.028333816528320455
SARS-CoV-2-Y175Q,10.44852066040039,train,10.423333333333334,1.0423333333333333,0.02518732706705684
SARS-CoV-2-T100Y_L122V_P149R,10.451765060424805,train,10.41,1.0410000000000001,0.041765060424804545
SARS-CoV-2-I142L_Y159H,10.371893882751465,train,10.36,1.036,0.011893882751465412
SARS-CoV-2-I2D_S43G_F126T,10.404220581054688,train,10.43,1.043,0.025779418945312216
SARS-CoV-2-C61R_D90R,10.388897895812988,train,10.42,1.042,0.031102104187011648
SARS-CoV-2-F62T_G174Q,10.464811325073242,train,10.43,1.043,0.03481132507324247
SARS-CoV-2-A22T_L125S,10.420244216918944,train,10.47,1.0470000000000002,0.0497557830810571
SARS-CoV-2-D97L_F160S,10.371899604797363,train,10.36,1.036,0.01189960479736385
SARS-CoV-2-Y119C_Y175W,10.310358047485352,train,10.31,1.0310000000000001,0.0003580474853510651
SARS-CoV-2-I142M_G172K,10.456022262573242,train,10.44,1.044,0.016022262573242685
SARS-CoV-2-C61G_T85K,10.305093765258787,train,10.37,1.037,0.06490623474121193
SARS-CoV-2-R16Y,10.372214317321776,train,10.387272727272729,1.038727272727273,0.015058409950952978
SARS-CoV-2-T85K_N120A,10.336462020874023,train,10.36,1.036,0.023537979125975994
SARS-CoV-2-G9K_V37K,10.505118370056152,train,10.51,1.051,0.004881629943847443
SARS-CoV-2-L5E_V37R,10.302681922912598,train,10.31,1.0310000000000001,0.007318077087402841
SARS-CoV-2-G83D_L125G,10.296441078186035,train,10.35,1.035,0.05355892181396449
SARS-CoV-2-V37L_Y91F,10.315025329589844,train,10.33,1.0330000000000001,0.014974670410156321
SARS-CoV-2-K199C,10.432757377624512,train,10.43,1.043,0.002757377624512003
SARS-CoV-2-K199Q,10.375483512878418,train,10.405,1.0405,0.029516487121581392
SARS-CoV-2-K56T_Y119M,10.449026107788086,train,10.47,1.0470000000000002,0.020973892211914702
SARS-CoV-2-E141D_L188I,10.374297142028809,train,10.38,1.038,0.005702857971192188
SARS-CoV-2-P7Q_Y119E_T170I,10.459627151489258,train,10.48,1.048,0.020372848510742614
SARS-CoV-2-F160N_V173L,10.584705352783203,train,10.56,1.056,0.024705352783202628
SARS-CoV-2-L60S_Y175F,10.336828231811523,train,10.39,1.0390000000000001,0.05317176818847713
SARS-CoV-2-I2L_T55Y,10.53469944000244,train,10.54,1.054,0.0053005599975595175
SARS-CoV-2-K87R_D98A_L122K_Q168I_A190V,10.331270217895508,train,10.33,1.0330000000000001,0.0012702178955077414
SARS-CoV-2-S43Y_V173I_A190V,10.53243350982666,train,10.54,1.054,0.007566490173338991
SARS-CoV-2-A145Q_K199G,10.397642135620115,train,10.42,1.042,0.022357864379884518
SARS-CoV-2-I2G_L188F,10.614187240600586,train,10.66,1.066,0.045812759399414205
SARS-CoV-2-P7E,10.42030143737793,train,10.416,1.0416,0.004301437377929318
SARS-CoV-2-V52L_F160V,10.342215538024902,train,10.33,1.0330000000000001,0.012215538024902273
SARS-CoV-2-Q84M_P169V,10.464442253112791,train,10.5,1.05,0.03555774688720881
SARS-CoV-2-L5R_V37G,10.478629112243652,train,10.495,1.0494999999999999,0.016370887756346875
SARS-CoV-2-P197V,10.514863967895508,train,10.484285714285717,1.0484285714285717,0.03057825360979116
SARS-CoV-2-S43W,10.383342742919922,train,10.37,1.037,0.013342742919922657
SARS-CoV-2-S19H_K198N,10.401018142700195,train,10.42,1.042,0.018981857299804616
SARS-CoV-2-L5Y_Y119F,10.454061508178713,train,10.48,1.048,0.025938491821287712
SARS-CoV-2-S139N_T201M,10.405377388000488,train,10.45,1.045,0.04462261199951101
SARS-CoV-2-V37K_Y119D_K132C_A190S,10.458990097045898,train,10.49,1.0490000000000002,0.031009902954101776
SARS-CoV-2-V37E_G174V,10.49581241607666,train,10.49,1.0490000000000002,0.005812416076659943
SARS-CoV-2-N110H,10.529876708984377,train,10.53,1.053,0.00012329101562258415
SARS-CoV-2-K26R_S53L_L60Y_E154R_T201Q,10.469319343566896,train,10.49,1.0490000000000002,0.020680656433103906
SARS-CoV-2-L188Y,10.355792045593262,train,10.365,1.0365,0.009207954406738494
SARS-CoV-2-S41A_N64S,10.330045700073242,train,10.34,1.034,0.00995429992675767
SARS-CoV-2-V37N_K56S_L122T_S147N,10.51980209350586,train,10.54,1.054,0.020197906494139772
SARS-CoV-2-K87Y_Y159W,10.438592910766602,train,10.49,1.0490000000000002,0.05140708923339865
SARS-CoV-2-P7D_E141V_K198M,10.412897109985352,train,10.44,1.044,0.02710289001464794
SARS-CoV-2-L5V_N40H,10.488896369934082,train,10.5,1.05,0.011103630065917969
SARS-CoV-2-K87I_V115G_F126L,10.451854705810549,train,10.47,1.0470000000000002,0.018145294189451988
SARS-CoV-2-Y119H_E141P,10.338926315307615,train,10.34,1.034,0.0010736846923844467
SARS-CoV-2-I88V_Y119Q_T201M,10.43650722503662,train,10.45,1.045,0.013492774963379972
SARS-CoV-2-S36K_S43G,10.32720947265625,train,10.32,1.032,0.007209472656249716
SARS-CoV-2-I2E,10.321532249450684,train,10.356666666666667,1.0356666666666667,0.03513441721598376
SARS-CoV-2-N64T_Q163M,10.35398292541504,train,10.34,1.034,0.013982925415040981
SARS-CoV-2-T63S_S129N_N151S_F156S,10.42564582824707,train,10.44,1.044,0.01435417175292919
SARS-CoV-2-K56D_V153I_T170R,10.342639923095703,train,10.35,1.035,0.00736007690429652
SARS-CoV-2-I28V_Y35V,10.486027717590332,train,10.51,1.051,0.023972282409667756
SARS-CoV-2-T3K,10.329988479614258,train,10.3325,1.03325,0.002511520385741761
SARS-CoV-2-T3H_T100Y,10.360391616821287,train,10.35,1.035,0.010391616821287641
SARS-CoV-2-E10A_K56Q,10.333440780639648,train,10.3,1.03,0.03344078063964773
SARS-CoV-2-L122K_G146D,10.435479164123535,train,10.44,1.044,0.004520835876464346
SARS-CoV-2-F8L_N120T_S129Y_G174R,10.652032852172852,train,10.67,1.067,0.017967147827148366
SARS-CoV-2-G9S_L122S_F134H,10.578018188476562,train,10.6,1.06,0.021981811523437145
SARS-CoV-2-C61D_V173T,10.345416069030762,train,10.31,1.0310000000000001,0.03541606903076122
SARS-CoV-2-I2N_N64S,10.338793754577637,train,10.36,1.036,0.021206245422362713
SARS-CoV-2-Y159K,10.389476776123049,train,10.38,1.038,0.00947677612304787
SARS-CoV-2-L60S_T100V,10.358205795288086,train,10.39,1.0390000000000001,0.03179420471191463
SARS-CoV-2-T55W,10.296549797058104,train,10.316,1.0316,0.019450202941897032
SARS-CoV-2-V115S_E154D,10.297121047973633,train,10.27,1.027,0.02712104797363324
SARS-CoV-2-N4H_E154A_G166S,10.298593521118164,train,10.34,1.034,0.041406478881835795
SARS-CoV-2-K56Q_G83R,10.316461563110352,train,10.32,1.032,0.0035384368896487217
SARS-CoV-2-K87H_L122M,10.303245544433594,train,10.325,1.0325,0.02175445556640554
SARS-CoV-2-I138V_T148D_F156L,10.617057800292969,train,10.64,1.064,0.02294219970703182
SARS-CoV-2-F134Y,10.49039363861084,train,10.49,1.0490000000000002,0.0003936386108396306
SARS-CoV-2-N40K_D59S_N130I,10.356501579284668,train,10.36,1.036,0.003498420715331463
SARS-CoV-2-N64S_L122K,10.569787979125977,train,10.56,1.056,0.009787979125976065
SARS-CoV-2-V37D_T201Y,10.404278755187988,train,10.36,1.036,0.04427875518798885
SARS-CoV-2-I2F_V37W,10.500423431396484,train,10.51,1.051,0.009576568603515412
SARS-CoV-2-Y159R,10.363433837890623,train,10.35888888888889,1.035888888888889,0.0045449490017333005
SARS-CoV-2-I2L_K87R_L111H_G155D,10.323846817016602,train,10.37,1.037,0.046153182983397656
SARS-CoV-2-K128S_Q163G,10.32398509979248,train,10.33,1.0330000000000001,0.006014900207519602
SARS-CoV-2-D59E_Q144D,10.302230834960938,train,10.34,1.034,0.03776916503906236
SARS-CoV-2-T201D,10.38658618927002,train,10.384444444444446,1.0384444444444447,0.0021417448255736105
SARS-CoV-2-L122N,10.382118225097656,train,10.38714285714286,1.0387142857142861,0.005024632045204314
SARS-CoV-2-F160Y_Y175V,10.460926055908203,train,10.46,1.046,0.0009260559082022723
SARS-CoV-2-A33W_T201H,10.479083061218262,train,10.48,1.048,0.0009169387817387076
SARS-CoV-2-T63K_T170Q,10.523026466369627,train,10.51,1.051,0.013026466369627343
SARS-CoV-2-V173Q,10.36063003540039,train,10.388,1.0388,0.027369964599609276
SARS-CoV-2-Y39V_F126V,10.558467864990234,train,10.58,1.058,0.021532135009765696
SARS-CoV-2-E141V_F160Y,10.504768371582031,train,10.53,1.053,0.02523162841796811
SARS-CoV-2-N110M,10.326881408691406,train,10.387142857142855,1.0387142857142855,0.060261448451448985
SARS-CoV-2-V37G_R78S,10.45493984222412,train,10.48,1.048,0.02506015777588111
SARS-CoV-2-Y35L_N40S_V173D,10.45083999633789,train,10.49,1.0490000000000002,0.03916000366210959
SARS-CoV-2-P7A_S184T,10.656763076782228,train,10.69,1.069,0.033236923217771164
SARS-CoV-2-E10A_K48R_G83F_S200I,10.408611297607422,train,10.44,1.044,0.03138870239257763
SARS-CoV-2-A22H_Y35M_L60I_K198N_S200I,10.377115249633787,train,10.39,1.0390000000000001,0.012884750366213282
SARS-CoV-2-Y35L_S43I_G174S_A192R_T201C,10.414247512817385,train,10.44,1.044,0.025752487182614914
SARS-CoV-2-V32E_S41N_G116A,10.524565696716309,train,10.55,1.0550000000000002,0.025434303283692117
SARS-CoV-2-G51N_N151R,10.334508895874023,train,10.28,1.028,0.05450889587402408
SARS-CoV-2-R78C_T148S,10.578800201416016,train,10.59,1.059,0.011199798583984233
SARS-CoV-2-N64V_G172T,10.39990234375,train,10.4,1.04,9.765625000035527e-05
SARS-CoV-2-V37L_K56N_K199M,10.649845123291016,train,10.68,1.068,0.03015487670898409
SARS-CoV-2-S43I_K114N_N130K,10.50449275970459,train,10.46,1.046,0.04449275970458899
SARS-CoV-2-G83K_S139N,10.346820831298828,train,10.38,1.038,0.03317916870117266
SARS-CoV-2-G166N,10.420013427734377,train,10.37,1.037,0.05001342773437756
SARS-CoV-2-K56R_F62I,10.326326370239258,train,10.34,1.034,0.013673629760742045
SARS-CoV-2-A18E_D90R_L125R_Y175R,10.53563404083252,train,10.57,1.0570000000000002,0.03436595916748075
SARS-CoV-2-S43G_Y175M,10.483285903930664,train,10.5,1.05,0.016714096069335938
SARS-CoV-2-P54L_N118D_G172E_S200D,10.646263122558594,train,10.66,1.066,0.013736877441406392
SARS-CoV-2-L122I_T201M,10.336533546447754,train,10.3,1.03,0.036533546447753196
SARS-CoV-2-G9E,10.438739776611328,train,10.454166666666667,1.0454166666666669,0.01542689005533937
SARS-CoV-2-V65I_S147L,10.601816177368164,train,10.64,1.064,0.038183822631836506
SARS-CoV-2-K132S_Y175A,10.306926727294922,train,10.33,1.0330000000000001,0.023073272705078196
SARS-CoV-2-I2E_G9T,10.42934799194336,train,10.45,1.045,0.020652008056639914
SARS-CoV-2-N24T_D97S,10.37091064453125,train,10.37,1.037,0.0009106445312507816
SARS-CoV-2-T3S_S43L,10.4514741897583,train,10.48,1.048,0.028525810241699645
SARS-CoV-2-D97T_Y175S_K199M,10.516706466674805,train,10.51,1.051,0.006706466674804901
SARS-CoV-2-C61K_Y119P_S129H_N171L,10.375575065612791,train,10.37,1.037,0.005575065612791974
SARS-CoV-2-N4R_S129N_T201F,10.331064224243164,train,10.39,1.0390000000000001,0.058935775756836506
SARS-CoV-2-N4K_A42M_G83N_L125Q,10.303361892700195,train,10.3,1.03,0.003361892700194602
SARS-CoV-2-K87I_T100L,10.65155029296875,train,10.68,1.068,0.028449707031249716
SARS-CoV-2-L60H_N120L,10.374646186828612,train,10.42,1.042,0.045353813171388424
SARS-CoV-2-A81K_T100L_L122R_F156H,10.488218307495115,train,10.49,1.0490000000000002,0.001781692504884802
SARS-CoV-2-F126N_G166V,10.333165168762209,train,10.35,1.035,0.016834831237790837
SARS-CoV-2-L125H_Y175T,10.676956176757812,train,10.72,1.072,0.04304382324218814
SARS-CoV-2-Q144E,10.356857299804688,train,10.375,1.0375,0.0181427001953125
SARS-CoV-2-S36K_F160G_S200C,10.538158416748049,train,10.53,1.053,0.00815841674804929
SARS-CoV-2-D98N_L122G_I142L,10.51506805419922,train,10.48,1.048,0.0350680541992201
SARS-CoV-2-G152N_V173A,10.294519424438477,train,10.28,1.028,0.014519424438477202
SARS-CoV-2-L60Y_V115I,10.461437225341797,train,10.45,1.045,0.011437225341797586
SARS-CoV-2-S36N_N118T,10.419633865356444,train,10.46,1.046,0.040366134643557317
SARS-CoV-2-V37I_P197W,10.33455753326416,train,10.33,1.0330000000000001,0.004557533264160085
SARS-CoV-2-K56E_Q163R,10.542474746704102,train,10.55,1.0550000000000002,0.007525253295899148
SARS-CoV-2-R16I_T201P,10.39023494720459,train,10.46,1.046,0.06976505279541101
SARS-CoV-2-L122Y_K132R,10.53706169128418,train,10.55,1.0550000000000002,0.012938308715821023
SARS-CoV-2-I2Q,10.404786109924316,train,10.463333333333331,1.0463333333333331,0.05854722340901475
SARS-CoV-2-D97N_N130D_Q168R,10.435728073120115,train,10.47,1.0470000000000002,0.03427192687988523
SARS-CoV-2-R27K_T170N,10.400886535644531,train,10.44,1.044,0.03911346435546825
SARS-CoV-2-S129G_T140E,10.3513765335083,train,10.37,1.037,0.018623466491698437
SARS-CoV-2-G9H_K26L,10.310392379760742,train,10.345,1.0345000000000002,0.03460762023925845
SARS-CoV-2-R16V,10.341047286987305,train,10.364285714285714,1.0364285714285715,0.023238427298409192
SARS-CoV-2-F134Y_T201K,10.441058158874512,train,10.47,1.0470000000000002,0.02894184112548892
SARS-CoV-2-F156A_T201G,10.441572189331056,train,10.45,1.045,0.008427810668942826
SARS-CoV-2-S53A_Q163T,10.455759048461914,train,10.45,1.045,0.005759048461914773
SARS-CoV-2-L187N,10.444811820983888,train,10.43,1.043,0.01481182098388878
SARS-CoV-2-N24T,10.553351402282717,train,10.5525,1.05525,0.0008514022827164069
SARS-CoV-2-F62M_K198M,10.566986083984377,train,10.61,1.061,0.043013916015622655
SARS-CoV-2-T55K_C61T_K114L,10.385907173156738,train,10.39,1.0390000000000001,0.004092826843262287
SARS-CoV-2-G9M_V37A,10.456933975219728,train,10.45,1.045,0.006933975219729049
SARS-CoV-2-L5E_N171D,10.547662734985352,train,10.56,1.056,0.012337265014648935
SARS-CoV-2-P54A,10.354860305786133,train,10.3725,1.03725,0.017639694213867685
SARS-CoV-2-S43K_G83K_Y119S,10.416089057922363,train,10.45,1.045,0.03391094207763601
SARS-CoV-2-K132A_T201Q,10.375333786010742,train,10.37,1.037,0.005333786010742969
SARS-CoV-2-I2H_E154R,10.369487762451172,train,10.44,1.044,0.07051223754882763
SARS-CoV-2-T3P_N171F_T201R,10.35315990447998,train,10.35,1.035,0.003159904479980824
SARS-CoV-2-L5K_T63S_P149K,10.344318389892578,train,10.4,1.04,0.05568161010742223
SARS-CoV-2-Y119N_E141T,10.436015129089355,train,10.42,1.042,0.01601512908935554
SARS-CoV-2-P197L,10.320873260498049,train,10.305555555555555,1.0305555555555557,0.015317704942493293
SARS-CoV-2-V37R_T201S,10.50762176513672,train,10.51,1.051,0.0023782348632792605
SARS-CoV-2-I2D_T140A,10.312828063964844,train,10.33,1.0330000000000001,0.01717193603515632
SARS-CoV-2-E10D_K114A_K198N,10.729799270629885,train,10.78,1.078,0.05020072937011477
SARS-CoV-2-N24T_L122N,10.342836380004885,train,10.38,1.038,0.03716361999511619
SARS-CoV-2-N24A_T100I,10.413091659545898,train,10.45,1.045,0.03690834045410085
SARS-CoV-2-T63E_Y175S,10.538507461547852,train,10.56,1.056,0.021492538452148935
SARS-CoV-2-S129K_T201Y,10.465484619140623,train,10.46,1.046,0.005484619140622371
SARS-CoV-2-S129Y_S200L,10.295734405517578,train,10.33,1.0330000000000001,0.034265594482421946
SARS-CoV-2-N109L_F156P_T201E,10.418317794799805,train,10.39,1.0390000000000001,0.02831779479980412
SARS-CoV-2-Y175E,10.433367729187012,train,10.456,1.0456,0.022632270812987798
SARS-CoV-2-N64V_T100M,10.375003814697266,train,10.44,1.044,0.06499618530273388
SARS-CoV-2-Y39F,10.407027244567873,train,10.416,1.0416,0.0089727554321275
SARS-CoV-2-L125V_H189Y,10.642770767211914,train,10.655,1.0655,0.012229232788085298
SARS-CoV-2-N120S_G152D,10.473800659179688,train,10.51,1.051,0.03619934082031229
SARS-CoV-2-N40H_P197T,10.649662017822266,train,10.68,1.068,0.03033798217773409
SARS-CoV-2-R78E,10.541144371032717,train,10.56,1.056,0.018855628967283877
SARS-CoV-2-Y119T_T148I,10.468755722045898,train,10.475,1.0475,0.006244277954101207
SARS-CoV-2-S200P,10.372408866882324,train,10.448333333333332,1.0448333333333333,0.07592446645100814
SARS-CoV-2-S36D_Y119C,10.44363784790039,train,10.46,1.046,0.016362152099610228
SARS-CoV-2-L5E_V37L_L60Q,10.48895263671875,train,10.51,1.051,0.021047363281249787
SARS-CoV-2-E10L_L60Q_P197Y,10.323616027832031,train,10.32,1.032,0.0036160278320309658
SARS-CoV-2-V37E_C61P,10.56318473815918,train,10.59,1.059,0.02681526184082017
SARS-CoV-2-N30D,10.411898612976074,train,10.446666666666667,1.0446666666666669,0.03476805369059299
SARS-CoV-2-I142L_Y175E,10.493505477905272,train,10.49,1.0490000000000002,0.003505477905271448
SARS-CoV-2-I2R_N118E_L125F,10.380287170410156,train,10.41,1.0410000000000001,0.029712829589843892
SARS-CoV-2-P54L_P149I,10.34824562072754,train,10.37,1.037,0.02175437927245838
SARS-CoV-2-N64H_Y178F,10.36673641204834,train,10.38,1.038,0.013263587951660938
SARS-CoV-2-Y119D_S147Y,10.312750816345217,train,10.31,1.0310000000000001,0.0027508163452161227
SARS-CoV-2-V37I_K114Q,10.593290328979492,train,10.57,1.0570000000000002,0.023290328979491903
SARS-CoV-2-N130L_G152D_G172V,10.44862937927246,train,10.4,1.04,0.048629379272458806
SARS-CoV-2-G9D_L188H_A192S,10.425495147705078,train,10.46,1.046,0.03450485229492273
SARS-CoV-2-L125T_F156I,10.670291900634766,train,10.7,1.07,0.029708099365233664
SARS-CoV-2-N40T_D98N,10.39064598083496,train,10.38,1.038,0.01064598083495838
SARS-CoV-2-K114D_N120T_N151F,10.437744140625,train,10.46,1.046,0.022255859375000853
SARS-CoV-2-K128S_T201R,10.57726764678955,train,10.6,1.06,0.022732353210448863
SARS-CoV-2-I138L_N151L,10.310328483581545,train,10.285,1.0285,0.025328483581544603
SARS-CoV-2-I28M_S41Q_G155T_S200L,10.578232765197754,train,10.54,1.054,0.03823276519775476
SARS-CoV-2-T15K_N24R_N58K,10.319634437561035,train,10.35,1.035,0.03036556243896449
SARS-CoV-2-S41T_F160Y,10.354776382446287,train,10.32,1.032,0.034776382446287
SARS-CoV-2-K56E_K128T,10.334833145141602,train,10.33,1.0330000000000001,0.0048331451416014914
SARS-CoV-2-S53H_S200Y,10.366317749023438,train,10.43,1.043,0.06368225097656222
SARS-CoV-2-K87D_F126S,10.39426040649414,train,10.41,1.0410000000000001,0.015739593505859517
SARS-CoV-2-N120S,10.306008338928224,train,10.339565217391304,1.0339565217391304,0.03355687846307909
SARS-CoV-2-C61G_K87P_D97R,10.503667831420898,train,10.48,1.048,0.02366783142089801
SARS-CoV-2-Y91F_T170E,10.551748275756836,train,10.56,1.056,0.00825172424316456
SARS-CoV-2-L122V_F156W_Y175M_K199S,10.58772087097168,train,10.6,1.06,0.012279129028319957
SARS-CoV-2-G9E_Y119Q,10.329411506652832,train,10.33,1.0330000000000001,0.0005884933471680398
SARS-CoV-2-L125K_N151L,10.517884254455566,train,10.51,1.051,0.00788425445556662
SARS-CoV-2-N110A,10.320183753967283,train,10.333333333333334,1.0333333333333334,0.013149579366050546
SARS-CoV-2-T148S_F156S,10.567968368530272,train,10.56,1.056,0.007968368530271164
SARS-CoV-2-N40P_Y119G_K199N,10.491363525390623,train,10.49,1.0490000000000002,0.0013635253906230105
SARS-CoV-2-K56L_G152D,10.353078842163086,train,10.38,1.038,0.026921157836914844
SARS-CoV-2-G9S_N120R_S129Q,10.605905532836914,train,10.6,1.06,0.005905532836914418
SARS-CoV-2-S139K_F160R_G166E_L188M,10.492403984069824,train,10.55,1.0550000000000002,0.05759601593017649
SARS-CoV-2-K56R_Y119M,10.32883644104004,train,10.32,1.032,0.008836441040040555
SARS-CoV-2-Y35M_G116P,10.479304313659668,train,10.54,1.054,0.06069568634033118
SARS-CoV-2-L125H_F156A,10.513976097106934,train,10.5,1.05,0.013976097106933594
SARS-CoV-2-I2R_Y35L_F156D,10.39691925048828,train,10.38,1.038,0.016919250488278692
SARS-CoV-2-N24R,10.483284950256348,train,10.4825,1.0482500000000001,0.0007849502563477273
SARS-CoV-2-S41T_A192F,10.516216278076172,train,10.54,1.054,0.023783721923827272
SARS-CoV-2-V32Q_N64E,10.508432388305664,train,10.56,1.056,0.051567611694336435
SARS-CoV-2-S36Q_P149Q,10.531013488769531,train,10.54,1.054,0.008986511230467897
SARS-CoV-2-R16I_G174R,10.34648895263672,train,10.35,1.035,0.0035110473632791184
SARS-CoV-2-L122V_T148V,10.437225341796877,train,10.44,1.044,0.0027746582031227263
SARS-CoV-2-T55H_T63N_G146T,10.439126014709473,train,10.45,1.045,0.010873985290526633
SARS-CoV-2-T140N,10.305323600769045,train,10.365384615384617,1.0365384615384616,0.060061014615572006
SARS-CoV-2-G9R_A42R,10.339378356933594,train,10.34,1.034,0.0006216430664061079
SARS-CoV-2-N4A_G172T,10.333309173583984,train,10.33,1.0330000000000001,0.003309173583984304
SARS-CoV-2-Y35F_S164F,10.459426879882812,train,10.47,1.0470000000000002,0.01057312011718814
SARS-CoV-2-K128R_E141S,10.370179176330566,train,10.39,1.0390000000000001,0.019820823669434162
SARS-CoV-2-L5H_K56M,10.306478500366213,train,10.33,1.0330000000000001,0.023521499633787357
SARS-CoV-2-Q168K_T201V,10.382600784301758,train,10.37,1.037,0.012600784301758594
SARS-CoV-2-I28M_S139T,10.734851837158203,train,10.76,1.076,0.025148162841796662
SARS-CoV-2-V37F_F62S,10.686227798461914,train,10.71,1.0710000000000002,0.02377220153808679
SARS-CoV-2-F47I_K56E,10.293018341064451,train,10.32,1.032,0.026981658935548936
SARS-CoV-2-L60K_F134Y,10.524321556091309,train,10.51,1.051,0.014321556091308807
SARS-CoV-2-A33L_L125P,10.315701484680176,train,10.37,1.037,0.05429851531982344
SARS-CoV-2-K132M_K199S,10.33014678955078,train,10.32,1.032,0.01014678955077919
SARS-CoV-2-K87T_N120S_V173D,10.395933151245115,train,10.41,1.0410000000000001,0.014066848754884731
SARS-CoV-2-N4A_G155D,10.3388090133667,train,10.36,1.036,0.021190986633300213
SARS-CoV-2-Y119K_P149S,10.373002052307127,train,10.38,1.038,0.006997947692873652
SARS-CoV-2-K198V,10.34089183807373,train,10.368888888888888,1.0368888888888887,0.027997050815157465
SARS-CoV-2-T140I_K198R,10.502117156982422,train,10.51,1.051,0.007882843017577912
SARS-CoV-2-I2D_T201W,10.340665817260742,train,10.37,1.037,0.02933418273925703
SARS-CoV-2-A18P_Y35W,10.319971084594728,train,10.27,1.027,0.049971084594728765
SARS-CoV-2-A14S_T170S,10.366861343383787,train,10.42,1.042,0.05313865661621264
SARS-CoV-2-A18S_S43V_T201N,10.520564079284668,train,10.49,1.0490000000000002,0.030564079284667756
SARS-CoV-2-C61K_T140R,10.421297073364258,train,10.44,1.044,0.01870292663574169
SARS-CoV-2-V32I_Y121L_Y159M_T170S,10.33279800415039,train,10.38,1.038,0.04720199584961016
SARS-CoV-2-V37C,10.322437286376951,train,10.343636363636364,1.0343636363636364,0.02119907725941239
SARS-CoV-2-Y119E_P149L,10.439863204956056,train,10.45,1.045,0.010136795043942826
SARS-CoV-2-I2V_I104M,10.299241065979004,train,10.31,1.0310000000000001,0.010758934020996591
SARS-CoV-2-L122S_T201P,10.467422485351562,train,10.49,1.0490000000000002,0.022577514648437713
SARS-CoV-2-I88V_L125V_A190T,10.368810653686523,train,10.37,1.037,0.001189346313475781
SARS-CoV-2-G155N,10.44191074371338,train,10.495,1.0494999999999999,0.053089256286618536
SARS-CoV-2-L5S_G166I,10.425020217895508,train,10.44,1.044,0.01497978210449169
SARS-CoV-2-V37T_K87Q,10.44688892364502,train,10.45,1.045,0.003111076354979758
SARS-CoV-2-V37T_N120P,10.542325019836426,train,10.52,1.052,0.022325019836426208
SARS-CoV-2-S43K_Y119K,10.317268371582031,train,10.33,1.0330000000000001,0.012731628417968821
SARS-CoV-2-G9D_L111D,10.492828369140623,train,10.48,1.048,0.012828369140622797
SARS-CoV-2-I2T_I138L_G155A,10.298568725585938,train,10.3,1.03,0.0014312744140632105
SARS-CoV-2-V37F_N130R_G172F_T201L,10.54211711883545,train,10.53,1.053,0.012117118835449858
SARS-CoV-2-V37N_N118D_N130S,10.428216934204102,train,10.47,1.0470000000000002,0.04178306579589908
SARS-CoV-2-T55L_L111V,10.586496353149414,train,10.6,1.06,0.013503646850585582
SARS-CoV-2-K198H,10.430485725402832,train,10.43,1.043,0.00048572540283231547
SARS-CoV-2-N118S_T201E,10.370832443237305,train,10.4,1.04,0.029167556762695668
SARS-CoV-2-K87L_Y119N_P149S,10.49761199951172,train,10.53,1.053,0.032388000488278834
SARS-CoV-2-N4Q_Y175L,10.578571319580078,train,10.6,1.06,0.02142868041992152
SARS-CoV-2-Y39L_T201M,10.665693283081056,train,10.68,1.068,0.014306716918943252
SARS-CoV-2-Q168E,10.347387313842772,train,10.354,1.0353999999999999,0.006612686157227543
SARS-CoV-2-I2V_S36K,10.551101684570312,train,10.51,1.051,0.04110168457031271
SARS-CoV-2-D59E_K132M,10.461633682250977,train,10.44,1.044,0.02163368225097706
SARS-CoV-2-N130L_T148Q_L187S,10.46816635131836,train,10.44,1.044,0.028166351318359872
SARS-CoV-2-I2Y_V37Q_K48I_Y119E,10.583839416503906,train,10.55,1.0550000000000002,0.03383941650390554
SARS-CoV-2-L60A_Q168H,10.366373062133787,train,10.37,1.037,0.0036269378662119323
SARS-CoV-2-S53E,10.46401023864746,train,10.49,1.0490000000000002,0.025989761352541052
SARS-CoV-2-K114D_N120D,10.514410018920898,train,10.54,1.054,0.02558998107910071
SARS-CoV-2-Y39L_Y175K,10.430660247802734,train,10.45,1.045,0.019339752197264914
SARS-CoV-2-V37K_K114R_G152T,10.31607723236084,train,10.31,1.0310000000000001,0.006077232360839346
SARS-CoV-2-G9A_N58M,10.35201644897461,train,10.42,1.042,0.06798355102539055
SARS-CoV-2-A42K,10.507880210876465,train,10.4775,1.04775,0.030380210876465696
SARS-CoV-2-N64K_Y119K,10.396337509155272,train,10.39,1.0390000000000001,0.006337509155271093
SARS-CoV-2-L122S,10.409345626831056,train,10.385625,1.0385625,0.023720626831057245
SARS-CoV-2-I2F_Q163S_L187M,10.329852104187012,train,10.345,1.0345000000000002,0.01514789581298892
SARS-CoV-2-T3P_P54S,10.308228492736816,train,10.34,1.034,0.03177150726318345
SARS-CoV-2-V32R_Y39K_S43L_N110K,10.317273139953612,train,10.28,1.028,0.037273139953612144
SARS-CoV-2-K56N_G166D_P191N_S200V,10.413156509399414,train,10.37,1.037,0.043156509399414844
SARS-CoV-2-L125R_I138L,10.652482986450195,train,10.69,1.069,0.03751701354980419
SARS-CoV-2-S53Q_N151F,10.365686416625977,train,10.38,1.038,0.014313583374024219
SARS-CoV-2-I2V_K128T,10.357247352600098,train,10.37,1.037,0.012752647399901562
SARS-CoV-2-I142V_N157D,10.548341751098633,train,10.55,1.0550000000000002,0.001658248901367898
SARS-CoV-2-Y119S_G166F,10.53182315826416,train,10.54,1.054,0.008176841735838991
SARS-CoV-2-K87Y_K114R,10.386140823364258,train,10.39,1.0390000000000001,0.003859176635742756
SARS-CoV-2-R27P_Y35L_V173D,10.32902717590332,train,10.39,1.0390000000000001,0.060972824096680256
SARS-CoV-2-D97H_Y119A,10.51902961730957,train,10.54,1.054,0.020970382690428835
SARS-CoV-2-G51N_C61S,10.29311466217041,train,10.27,1.027,0.023114662170410583
SARS-CoV-2-K87L_G116W,10.450529098510742,train,10.48,1.048,0.02947090148925824
SARS-CoV-2-T55S_L122T,10.443607330322266,train,10.47,1.0470000000000002,0.026392669677735014
SARS-CoV-2-S43I,10.398080825805664,train,10.408,1.0408,0.009919174194335412
SARS-CoV-2-L5A_K198S,10.293672561645508,train,10.27,1.027,0.02367256164550824
SARS-CoV-2-G174L_A190R,10.304473876953123,train,10.38,1.038,0.07552612304687756
SARS-CoV-2-C61S,10.295221328735352,train,10.280869565217392,1.0280869565217392,0.014351763517959526
SARS-CoV-2-N120A_K128P_T201Y,10.374885559082031,train,10.41,1.0410000000000001,0.03511444091796889
SARS-CoV-2-G9Q_C61P,10.41111660003662,train,10.41,1.0410000000000001,0.0011166000366191753
SARS-CoV-2-S36E_S129K,10.582073211669922,train,10.57,1.0570000000000002,0.01207321166992159
SARS-CoV-2-R27S_N130R,10.340548515319824,train,10.36,1.036,0.019451484680175213
SARS-CoV-2-V153A,10.417097091674805,train,10.43,1.043,0.012902908325195028
SARS-CoV-2-S36N_K87T,10.671087265014648,train,10.71,1.0710000000000002,0.038912734985352415
SARS-CoV-2-N171S,10.326289176940918,train,10.34769230769231,1.0347692307692309,0.02140313075139133
SARS-CoV-2-D59S_N130L,10.293310165405272,train,10.32,1.032,0.026689834594728623
SARS-CoV-2-T85Q_N130T,10.481094360351562,train,10.52,1.052,0.038905639648437074
SARS-CoV-2-Y39F_G117M,10.429783821105955,train,10.44,1.044,0.010216178894044248
SARS-CoV-2-T201N,10.46245574951172,train,10.455,1.0455,0.007455749511720455
SARS-CoV-2-S45D_D59E,10.687461853027344,train,10.69,1.069,0.0025381469726557526
SARS-CoV-2-S36G_D98N,10.485803604125977,train,10.51,1.051,0.024196395874023224
SARS-CoV-2-N151A_K199E,10.355172157287598,train,10.38,1.038,0.024827842712403125
SARS-CoV-2-L122K_Q163S,10.589603424072266,train,10.59,1.059,0.0003965759277342329
SARS-CoV-2-G9S_S29R_P169T,10.378461837768556,train,10.34,1.034,0.038461837768556606
SARS-CoV-2-F8L_N64A,10.603870391845703,train,10.62,1.062,0.016129608154296093
SARS-CoV-2-V37S_K128P,10.532605171203612,train,10.56,1.056,0.027394828796388992
SARS-CoV-2-V11I_S41T_S200Y,10.424433708190918,train,10.4,1.04,0.024433708190917613
SARS-CoV-2-L5Y_T140Y_V173E,10.361472129821776,train,10.38,1.038,0.018527870178225214
SARS-CoV-2-G172A_T201H,10.406118392944336,train,10.37,1.037,0.03611839294433672
SARS-CoV-2-L125E_N171F_G196E,10.47011661529541,train,10.5,1.05,0.029883384704589844
SARS-CoV-2-I104F_N157Y,10.377120018005373,train,10.37,1.037,0.007120018005373652
SARS-CoV-2-Y39N_L122E,10.45870590209961,train,10.47,1.0470000000000002,0.011294097900391264
SARS-CoV-2-L5S_Y35M,10.368677139282228,train,10.39,1.0390000000000001,0.02132286071777223
SARS-CoV-2-T46Q_Y119S,10.467605590820312,train,10.46,1.046,0.007605590820311647
SARS-CoV-2-T55A_N64A_Y143I,10.447284698486328,train,10.45,1.045,0.0027153015136711645
SARS-CoV-2-I28F_T100C,10.620494842529297,train,10.62,1.062,0.0004948425292976566
SARS-CoV-2-I2C_V77L,10.38660717010498,train,10.4,1.04,0.013392829895019887
SARS-CoV-2-L5P_S129C_I138K,10.451878547668455,train,10.49,1.0490000000000002,0.03812145233154496
SARS-CoV-2-K87T_N107S_Y119T,10.460250854492188,train,10.48,1.048,0.019749145507812926
SARS-CoV-2-T3L_P54I,10.441913604736328,train,10.46,1.046,0.018086395263672728
SARS-CoV-2-P169T_P197L,10.541565895080566,train,10.55,1.0550000000000002,0.008434104919434304
SARS-CoV-2-A42R,10.41567611694336,train,10.364545454545455,1.0364545454545455,0.0511306623979042
SARS-CoV-2-T85S,10.292779922485352,train,10.322272727272727,1.0322272727272728,0.029492804787375704
SARS-CoV-2-T3L_S129A,10.417612075805664,train,10.41,1.0410000000000001,0.00761207580566392
SARS-CoV-2-P54H_T201N,10.420961380004885,train,10.4,1.04,0.020961380004884234
SARS-CoV-2-L125D,10.314312934875488,train,10.26,1.026,0.054312934875488494
SARS-CoV-2-L5H_K87C_K132L,10.517376899719238,train,10.52,1.052,0.0026231002807612924
SARS-CoV-2-E10S_V32Y_S43F,10.338281631469728,train,10.37,1.037,0.03171836853027088
SARS-CoV-2-K87L_E141L,10.354928016662598,train,10.35,1.035,0.0049280166625980115
SARS-CoV-2-R16L_K198P,10.358512878417969,train,10.33,1.0330000000000001,0.02851287841796868
SARS-CoV-2-L5N_K87P,10.677363395690918,train,10.69,1.069,0.012636604309081534
SARS-CoV-2-T55E_G146E,10.4316987991333,train,10.47,1.0470000000000002,0.03830120086669986
SARS-CoV-2-T55D_L60V_K114R,10.39749526977539,train,10.41,1.0410000000000001,0.012504730224609517
SARS-CoV-2-V37D,10.467199325561523,train,10.485714285714286,1.0485714285714287,0.018514960152762328
SARS-CoV-2-L122H_S147T,10.448034286499023,train,10.46,1.046,0.011965713500977415
SARS-CoV-2-V37F_A42F_F62E_T140S,10.29764175415039,train,10.31,1.0310000000000001,0.012358245849609872
SARS-CoV-2-L5D_T100Y_S139T_G174R,10.457902908325195,train,10.46,1.046,0.00209709167480554
SARS-CoV-2-T3R_Y119R,10.293960571289062,train,10.31,1.0310000000000001,0.016039428710937997
SARS-CoV-2-Y119H_L125M,10.378686904907228,train,10.32,1.032,0.058686904907228055
SARS-CoV-2-R16N_Y39A_F62L,10.368356704711914,train,10.4,1.04,0.03164329528808629
SARS-CoV-2-G174A_T201R,10.47519588470459,train,10.47,1.0470000000000002,0.005195884704589204
SARS-CoV-2-L5D_S43Y,10.556013107299805,train,10.56,1.056,0.00398689270019581
SARS-CoV-2-C61T_G116N,10.447320938110352,train,10.46,1.046,0.01267906188964929
SARS-CoV-2-I2T_G166L,10.34096336364746,train,10.36,1.036,0.01903663635254027
SARS-CoV-2-E10S_G174K,10.338123321533203,train,10.35,1.035,0.01187667846679652
SARS-CoV-2-F44V_T100Y_L188T,10.321475982666016,train,10.4,1.04,0.07852401733398473
SARS-CoV-2-S69T_K87N,10.447145462036133,train,10.52,1.052,0.07285453796386676
SARS-CoV-2-P7E_K198Q,10.540897369384766,train,10.55,1.0550000000000002,0.009102630615235086
SARS-CoV-2-V37R_Y119M,10.454278945922852,train,10.44,1.044,0.01427894592285206
SARS-CoV-2-G155E_P197V,10.498339653015137,train,10.5,1.05,0.0016603469848632812
SARS-CoV-2-N64F_G174A,10.295104026794434,train,10.31,1.0310000000000001,0.014895973205566904
SARS-CoV-2-I104M_G155S,10.364341735839844,train,10.38,1.038,0.01565826416015703
SARS-CoV-2-T3A_N40D_Y119S,10.35848331451416,train,10.36,1.036,0.0015166854858392753
SARS-CoV-2-G83N_S129H_A145V,10.468382835388184,train,10.49,1.0490000000000002,0.02161716461181662
SARS-CoV-2-T55S_L122Y,10.495993614196776,train,10.53,1.053,0.03400638580322379
SARS-CoV-2-K132L_Y143F_P197W,10.607352256774902,train,10.6,1.06,0.007352256774902699
SARS-CoV-2-N1E_F126Q,10.316570281982422,train,10.35,1.035,0.03342971801757777
SARS-CoV-2-T3Q_P54R,10.362754821777344,train,10.39,1.0390000000000001,0.02724517822265682
SARS-CoV-2-L5E_F156I,10.504090309143066,train,10.51,1.051,0.005909690856933381
SARS-CoV-2-N130P_N151C,10.37830924987793,train,10.4,1.04,0.021690750122070668
SARS-CoV-2-S53L_S139G_F156S,10.357131958007812,train,10.38,1.038,0.02286804199218828
SARS-CoV-2-P149K_G174R,10.355717658996582,train,10.35,1.035,0.0057176589965823865
SARS-CoV-2-I2D_L122Q_A190V,10.51409912109375,train,10.54,1.054,0.025900878906249147
SARS-CoV-2-L5S_L122W,10.347023963928224,train,10.35,1.035,0.002976036071775212
SARS-CoV-2-I28W_T201V,10.459004402160645,train,10.46,1.046,0.0009955978393563214
SARS-CoV-2-T148P_Y175D,10.331981658935549,train,10.36,1.036,0.02801834106445078
SARS-CoV-2-T85M_D98S_H189D,10.400771141052246,train,10.42,1.042,0.019228858947753835
SARS-CoV-2-H189V,10.314207077026367,train,10.333333333333334,1.0333333333333334,0.019126256306966738
SARS-CoV-2-L5S_S129T,10.499130249023438,train,10.48,1.048,0.019130249023437074
SARS-CoV-2-C61M_S147P,10.415288925170898,train,10.42,1.042,0.0047110748291014914
SARS-CoV-2-K87I_V115G,10.636226654052734,train,10.66,1.066,0.023773345947265767
SARS-CoV-2-V37M_K48N_N151Q,10.416070938110352,train,10.45,1.045,0.03392906188964773
SARS-CoV-2-D59N_Y123R,10.36163330078125,train,10.33,1.0330000000000001,0.03163330078124993
SARS-CoV-2-Q168G,10.413179397583008,train,10.445,1.0445,0.03182060241699247
SARS-CoV-2-V37L_S113N_L122W_P169T,10.603777885437012,train,10.6,1.06,0.003777885437012074
SARS-CoV-2-N120Q_K199S,10.567444801330566,train,10.6,1.06,0.03255519866943324
SARS-CoV-2-V37R_T148K_G172I,10.381118774414062,train,10.36,1.036,0.02111877441406307
SARS-CoV-2-F156S_G174F,10.51071548461914,train,10.52,1.052,0.009284515380858949
SARS-CoV-2-P54E,10.419845581054688,train,10.464,1.0464,0.04415441894531291
SARS-CoV-2-Y35W_T63I_P149T,10.3763427734375,train,10.39,1.0390000000000001,0.013657226562500568
SARS-CoV-2-S113T_L122W,10.292940139770508,train,10.3,1.03,0.007059860229492898
SARS-CoV-2-T140N_Q168D,10.463700294494627,train,10.49,1.0490000000000002,0.026299705505373083
SARS-CoV-2-V37L_Y119G,10.662569999694824,train,10.68,1.068,0.017430000305175497
SARS-CoV-2-K26R_V173T,10.483623504638672,train,10.5,1.05,0.016376495361328125
SARS-CoV-2-N4T_V37I_K56G,10.370841979980469,train,10.37,1.037,0.0008419799804695316
SARS-CoV-2-S29N_C61S_K87R_Q168V,10.391938209533691,train,10.42,1.042,0.028061790466308523
SARS-CoV-2-R16F_T46R_L125A,10.486888885498049,train,10.49,1.0490000000000002,0.003111114501951562
SARS-CoV-2-L60V_K114R,10.306035041809082,train,10.34,1.034,0.03396495819091783
SARS-CoV-2-Q163S_T201Y,10.38196849822998,train,10.37,1.037,0.01196849822998125
SARS-CoV-2-G166V,10.410407066345217,train,10.426666666666668,1.0426666666666669,0.016259600321451018
SARS-CoV-2-G83R_F156N,10.419677734375,train,10.43,1.043,0.010322265624999716
SARS-CoV-2-V37D_Q163L,10.311688423156738,train,10.31,1.0310000000000001,0.0016884231567377839
SARS-CoV-2-I2F_D98N,10.53880500793457,train,10.56,1.056,0.021194992065430185
SARS-CoV-2-T55L_T148L,10.46963882446289,train,10.48,1.048,0.010361175537109801
SARS-CoV-2-Y35I_P149T_A190V,10.38047218322754,train,10.44,1.044,0.059527816772458664
SARS-CoV-2-C61Y_K87V,10.315423965454102,train,10.35,1.035,0.03457603454589808
SARS-CoV-2-T170Q,10.514986991882324,train,10.516666666666667,1.0516666666666667,0.0016796747843432769
SARS-CoV-2-Y159V_G166H,10.457523345947266,train,10.44,1.044,0.017523345947266122
SARS-CoV-2-S36K,10.414228439331056,train,10.391818181818184,1.0391818181818184,0.022410257512872178
SARS-CoV-2-V194A,10.393067359924316,train,10.415,1.0414999999999999,0.02193264007568274
SARS-CoV-2-L5P_T170V_K198N,10.39107894897461,train,10.41,1.0410000000000001,0.018921051025390767
SARS-CoV-2-I138S_G172Q,10.52978515625,train,10.54,1.054,0.010214843749999147
SARS-CoV-2-R16Y_E141A,10.292519569396973,train,10.29,1.029,0.002519569396973509
SARS-CoV-2-S139R_T201D,10.403890609741213,train,10.4,1.04,0.0038906097412123586
SARS-CoV-2-Y159K_T201R,10.49442195892334,train,10.49,1.0490000000000002,0.004421958923339631
SARS-CoV-2-V37N_T46S_V115D,10.340904235839844,train,10.34,1.034,0.0009042358398438921
SARS-CoV-2-L122R_P197T,10.5012788772583,train,10.52,1.052,0.018721122741698792
SARS-CoV-2-R16D_G172S,10.376795768737791,train,10.33,1.0330000000000001,0.04679576873779112
SARS-CoV-2-K26V_Y159F,10.311702728271484,train,10.37,1.037,0.05829727172851484
SARS-CoV-2-Y119S,10.389375686645508,train,10.34888888888889,1.034888888888889,0.040486797756617676
SARS-CoV-2-I2P_K48V_K87T_T170L_S200V,10.352184295654297,train,10.32,1.032,0.03218429565429659
SARS-CoV-2-N109A,10.313199996948242,train,10.29,1.029,0.02319999694824304
SARS-CoV-2-Y39V_C61M,10.50135612487793,train,10.47,1.0470000000000002,0.03135612487792905
SARS-CoV-2-Y119T_N130K_P197L,10.573797225952148,train,10.54,1.054,0.03379722595214929
SARS-CoV-2-N4D_S41E,10.395391464233398,train,10.39,1.0390000000000001,0.005391464233397869
SARS-CoV-2-K87L_S113A_S200W,10.361469268798828,train,10.33,1.0330000000000001,0.031469268798828054
SARS-CoV-2-D97L_F126G,10.492101669311523,train,10.5,1.05,0.007898330688476562
SARS-CoV-2-T55S_N64T,10.411613464355469,train,10.41,1.0410000000000001,0.0016134643554686079
SARS-CoV-2-S129T_Y143F_A190H,10.565908432006836,train,10.58,1.058,0.014091567993164134
SARS-CoV-2-T148V,10.393365859985352,train,10.415555555555557,1.0415555555555558,0.022189695570205004
SARS-CoV-2-S43P_K56R,10.302051544189451,train,10.3,1.03,0.002051544189450638
SARS-CoV-2-L5R_L125Y,10.54421043395996,train,10.58,1.058,0.03578956604004091
SARS-CoV-2-C6T_K87I_T201P,10.43808650970459,train,10.45,1.045,0.011913490295409446
SARS-CoV-2-S129T_T201L,10.570840835571287,train,10.6,1.06,0.02915916442871236
SARS-CoV-2-N58K_I138L,10.299020767211914,train,10.34,1.034,0.040979232788085795
SARS-CoV-2-K56D_F62Y_N110G_K132L_F160D_N171D,10.45598316192627,train,10.45,1.045,0.005983161926270242
SARS-CoV-2-N110L_Y175N,10.493144989013672,train,10.52,1.052,0.0268550109863277
SARS-CoV-2-S45Y_K87T,10.34965705871582,train,10.35,1.035,0.00034294128417933223
SARS-CoV-2-G51H_G166N,10.323431015014648,train,10.3,1.03,0.023431015014647727
SARS-CoV-2-I2Y_S139D,10.416671752929688,train,10.43,1.043,0.013328247070312216
SARS-CoV-2-N157S_S200V,10.444221496582031,train,10.41,1.0410000000000001,0.03422149658203111
SARS-CoV-2-G9Q_C61H,10.4891939163208,train,10.47,1.0470000000000002,0.019193916320800142
SARS-CoV-2-N1K_Y119T_K199D,10.306650161743164,train,10.33,1.0330000000000001,0.02334983825683601
SARS-CoV-2-L95V_D98N,10.41784381866455,train,10.44,1.044,0.02215618133544872
SARS-CoV-2-N40R_T140A,10.49183464050293,train,10.5,1.05,0.008165359497070312
SARS-CoV-2-F8L_K56R,10.579923629760742,train,10.59,1.059,0.01007637023925767
SARS-CoV-2-Y35I_C61L,10.299484252929688,train,10.34,1.034,0.04051574707031236
SARS-CoV-2-I2Q_Y175F,10.54818344116211,train,10.59,1.059,0.04181655883789048
SARS-CoV-2-G83C_F126Q_V173K,10.309246063232422,train,10.34,1.034,0.030753936767577983
SARS-CoV-2-R16K_N58S_F134Y_N151F,10.69773292541504,train,10.74,1.074,0.042267074584959374
SARS-CoV-2-A190T,10.357589721679688,train,10.36,1.036,0.0024102783203119316
SARS-CoV-2-V32Q_L122F_T201A,10.442378997802734,train,10.48,1.048,0.03762100219726605
SARS-CoV-2-Y143L_S200N,10.387478828430176,train,10.37,1.037,0.017478828430176563
SARS-CoV-2-V37K_N120L,10.368675231933594,train,10.36,1.036,0.008675231933594318
SARS-CoV-2-P149R_F156S,10.565228462219238,train,10.6,1.06,0.034771537780761363
SARS-CoV-2-L125G_G155Q_Y159S,10.481622695922852,train,10.53,1.053,0.0483773040771478
SARS-CoV-2-L5D_T63K_G174A,10.44882869720459,train,10.46,1.046,0.011171302795411009
SARS-CoV-2-N110K_F126G_T201M,10.433401107788086,train,10.43,1.043,0.0034011077880862217
SARS-CoV-2-D97N_A145N,10.503958702087402,train,10.51,1.051,0.006041297912597443
SARS-CoV-2-T170D,10.392075538635254,train,10.395,1.0395,0.0029244613647456674
SARS-CoV-2-L5N_P54M,10.359309196472168,train,10.37,1.037,0.01069080352783125
SARS-CoV-2-V37S_P169H,10.340328216552734,train,10.35,1.035,0.00967178344726527
SARS-CoV-2-V37F_D97N_T140F_H189Y,10.47398567199707,train,10.51,1.051,0.036014328002929474
SARS-CoV-2-T100L_N118P_S129A,10.323480606079102,train,10.37,1.037,0.046519393920897656
SARS-CoV-2-Y143I_G174E_A192K,10.492561340332031,train,10.47,1.0470000000000002,0.02256134033203061
SARS-CoV-2-D59E_N171I,10.510530471801758,train,10.52,1.052,0.009469528198241761
SARS-CoV-2-F126L_F156Q_G174R,10.387497901916504,train,10.38,1.038,0.007497901916503125
SARS-CoV-2-E141K_T201K,10.39580535888672,train,10.43,1.043,0.03419464111327919
SARS-CoV-2-L122T_F160R,10.352338790893556,train,10.375,1.0375,0.022661209106443536
SARS-CoV-2-V37W_F44V_Y121L,10.46308708190918,train,10.44,1.044,0.023087081909180185
SARS-CoV-2-L125M_T201A,10.395366668701172,train,10.44,1.044,0.04463333129882763
SARS-CoV-2-Q163M,10.42833137512207,train,10.42,1.042,0.008331375122070384
SARS-CoV-2-G9Y_T63S_L122A,10.37173843383789,train,10.36,1.036,0.011738433837891193
SARS-CoV-2-T55K_S184T,10.38054656982422,train,10.38,1.038,0.0005465698242197448
SARS-CoV-2-V37F_P54A,10.50272274017334,train,10.51,1.051,0.007277259826659943
SARS-CoV-2-R78P,10.481505393981934,train,10.496666666666668,1.0496666666666667,0.015161272684734328
SARS-CoV-2-T100R_T201G,10.372102737426758,train,10.38,1.038,0.007897262573242969
SARS-CoV-2-Y39R_R78D,10.55643081665039,train,10.57,1.0570000000000002,0.01356918334960966
SARS-CoV-2-T46Y_L122W,10.444884300231934,train,10.51,1.051,0.0651156997680662
SARS-CoV-2-P54K_L122D_N130A,10.343175888061523,train,10.33,1.0330000000000001,0.013175888061523366
SARS-CoV-2-G152A_P197V,10.578014373779297,train,10.6,1.06,0.02198562622070277
SARS-CoV-2-E141A_A190S,10.523846626281738,train,10.52,1.052,0.0038466262817387076
SARS-CoV-2-K48N_Y178H,10.401423454284668,train,10.41,1.0410000000000001,0.008576545715332173
SARS-CoV-2-K132E_S200N,10.492136001586914,train,10.48,1.048,0.012136001586913636
SARS-CoV-2-R27T_D59N,10.507387161254885,train,10.53,1.053,0.02261283874511477
SARS-CoV-2-P149G_N171Y,10.360190391540527,train,10.35,1.035,0.010190391540527699
SARS-CoV-2-G51N_Y119P,10.594966888427734,train,10.6,1.06,0.00503311157226527
SARS-CoV-2-L60H_K114E,10.383392333984377,train,10.41,1.0410000000000001,0.026607666015623366
SARS-CoV-2-S147A_V173C,10.386895179748535,train,10.4,1.04,0.013104820251465199
SARS-CoV-2-A42G_K48E,10.430164337158203,train,10.43,1.043,0.00016433715820340922
SARS-CoV-2-A190S,10.374279022216797,train,10.379090909090907,1.0379090909090907,0.004811886874110272
SARS-CoV-2-I2V_S41R,10.499616622924805,train,10.5,1.05,0.0003833770751953125
SARS-CoV-2-V37A_S45E_L60S,10.37336540222168,train,10.43,1.043,0.05663459777832003
SARS-CoV-2-N64Y_T201N,10.29328441619873,train,10.29,1.029,0.0032844161987313214
SARS-CoV-2-A42G_E141T,10.40056324005127,train,10.4,1.04,0.000563240051269176
SARS-CoV-2-K56M_T170N,10.423324584960938,train,10.44,1.044,0.016675415039062003
SARS-CoV-2-K132E_K198M,10.383574485778809,train,10.38,1.038,0.003574485778807812
SARS-CoV-2-V32R_N120D,10.610692977905272,train,10.6,1.06,0.010692977905272016
SARS-CoV-2-A42G_D98S_Q163S,10.29702091217041,train,10.3,1.03,0.0029790878295905543
SARS-CoV-2-V37Q,10.40088176727295,train,10.41,1.0410000000000001,0.009118232727050923
SARS-CoV-2-L122K_Q168C,10.429920196533203,train,10.41,1.0410000000000001,0.019920196533202983
SARS-CoV-2-N40R_L122K_E154Q,10.391885757446287,train,10.41,1.0410000000000001,0.018114242553712856
SARS-CoV-2-F44Y_Y119P_S139G_Q168D,10.519170761108398,train,10.53,1.053,0.010829238891600923
SARS-CoV-2-R16D_S129K_P149Y,10.490983963012695,train,10.47,1.0470000000000002,0.020983963012694673
SARS-CoV-2-K87N_S200Q,10.695096969604492,train,10.72,1.072,0.024903030395508452
SARS-CoV-2-V37K_Y143H,10.324682235717772,train,10.3,1.03,0.02468223571777095
SARS-CoV-2-Y50W_Y119G,10.479320526123049,train,10.49,1.0490000000000002,0.010679473876951562
SARS-CoV-2-T15S_Y39L,10.63631820678711,train,10.64,1.064,0.0036817932128911934
SARS-CoV-2-S139T_T201E,10.436254501342772,train,10.41,1.0410000000000001,0.02625450134277152
SARS-CoV-2-K87A_D97R,10.41873550415039,train,10.305,1.0305,0.11373550415039091
SARS-CoV-2-R78G_Y121L_K128S,10.436616897583008,train,10.45,1.045,0.013383102416991477
SARS-CoV-2-T46F_K114S_L122A_G174D,10.389665603637695,train,10.37,1.037,0.019665603637696094
SARS-CoV-2-F156C_T170G,10.445072174072266,train,10.47,1.0470000000000002,0.024927825927735014
SARS-CoV-2-Y119I_S129G_K199E,10.539323806762695,train,10.54,1.054,0.0006761932373038348
SARS-CoV-2-T55L_Y159S,10.680984497070312,train,10.71,1.0710000000000002,0.029015502929688353
SARS-CoV-2-I2C_K87S_G152S_F156R,10.459016799926758,train,10.47,1.0470000000000002,0.010983200073242827
SARS-CoV-2-K48T_G174Q,10.407073974609377,train,10.46,1.046,0.052926025390624076
SARS-CoV-2-S200Q,10.463902473449709,train,10.4375,1.04375,0.026402473449708808
SARS-CoV-2-L122M_Q163R,10.587175369262695,train,10.585,1.0585000000000002,0.00217536926269446
SARS-CoV-2-K56N,10.352357864379885,train,10.365,1.0365,0.012642135620115624
SARS-CoV-2-K56H_T201K,10.338857650756836,train,10.38,1.038,0.041142349243164844
SARS-CoV-2-N118S_N130R,10.68799877166748,train,10.71,1.0710000000000002,0.022001228332520384
SARS-CoV-2-S36I_S43P_L122S,10.39841651916504,train,10.41,1.0410000000000001,0.011583480834959303
SARS-CoV-2-K48I_L122E,10.475098609924316,train,10.47,1.0470000000000002,0.005098609924315767
SARS-CoV-2-Q84M_Y175D_T201M,10.42715835571289,train,10.45,1.045,0.022841644287108664
SARS-CoV-2-K48D,10.322803497314451,train,10.364285714285714,1.0364285714285715,0.04148221697126253
SARS-CoV-2-S41N_E135H,10.34659194946289,train,10.36,1.036,0.013408050537108807
SARS-CoV-2-T148I,10.318842887878418,train,10.37,1.037,0.05115711212158125
SARS-CoV-2-D97G_K128P,10.379709243774414,train,10.32,1.032,0.05970924377441378
SARS-CoV-2-K128T,10.448264122009276,train,10.46,1.046,0.011735877990725285
SARS-CoV-2-N4D_C61T,10.40513515472412,train,10.39,1.0390000000000001,0.015135154724118749
SARS-CoV-2-G9L_A33V_V37K,10.495861053466797,train,10.51,1.051,0.014138946533202912
SARS-CoV-2-S36M_A42T_S129R,10.39404010772705,train,10.44,1.044,0.04595989227294872
SARS-CoV-2-N4T_L122N,10.33404541015625,train,10.33,1.0330000000000001,0.004045410156249929
SARS-CoV-2-P149L_K198Q,10.434087753295898,train,10.44,1.044,0.005912246704101065
SARS-CoV-2-L60Y_N130K,10.598917007446287,train,10.57,1.0570000000000002,0.028917007446287002
SARS-CoV-2-I2H_N58S,10.562091827392578,train,10.63,1.0630000000000002,0.06790817260742266
SARS-CoV-2-T55F_N120Q_L188V,10.321739196777344,train,10.3,1.03,0.02173919677734304
SARS-CoV-2-L5E_N130L,10.40043830871582,train,10.39,1.0390000000000001,0.010438308715819744
SARS-CoV-2-N40R_P197A,10.546981811523438,train,10.56,1.056,0.013018188476562997
SARS-CoV-2-W23F_N120S_N171D,10.320760726928713,train,10.32,1.032,0.0007607269287124296
SARS-CoV-2-L111Q,10.308734893798828,train,10.28,1.028,0.028734893798828764
SARS-CoV-2-N4R_K87H,10.384961128234863,train,10.39,1.0390000000000001,0.005038871765137287
SARS-CoV-2-L60Y_G117D,10.54311752319336,train,10.55,1.0550000000000002,0.0068824768066413355
SARS-CoV-2-S45T_N171R,10.321660995483398,train,10.37,1.037,0.04833900451660078
SARS-CoV-2-T3D_Q163M,10.293550491333008,train,10.34,1.034,0.046449508666992045
SARS-CoV-2-N109T_Y175A_T201R,10.58079433441162,train,10.57,1.0570000000000002,0.010794334411619033
SARS-CoV-2-I2G_Y66L_H189S,10.297077178955078,train,10.34,1.034,0.04292282104492173
SARS-CoV-2-K87T_I138M,10.519014358520508,train,10.52,1.052,0.0009856414794917612
SARS-CoV-2-C61A_S164T_T201L,10.532854080200195,train,10.53,1.053,0.002854080200195952
SARS-CoV-2-V37S_I138L_G172W,10.398443222045898,train,10.42,1.042,0.02155677795410149
SARS-CoV-2-R78A,10.338434219360352,train,10.395,1.0395,0.05656578063964801
SARS-CoV-2-G172R_K198H,10.444018363952637,train,10.4,1.04,0.044018363952636363
SARS-CoV-2-F62I_Y175H,10.345545768737791,train,10.36,1.036,0.01445423126220824
SARS-CoV-2-G83R_T201Y,10.576255798339844,train,10.56,1.056,0.016255798339843253
SARS-CoV-2-V37S_K56A_F126A_N171R_S200F,10.409835815429688,train,10.47,1.0470000000000002,0.06016418457031314
SARS-CoV-2-N58M_G166M,10.326879501342772,train,10.37,1.037,0.04312049865722756
SARS-CoV-2-S36D_T140S,10.374725341796877,train,10.435,1.0435,0.06027465820312372
SARS-CoV-2-I2T_R16K,10.601216316223145,train,10.63,1.0630000000000002,0.02878368377685625
SARS-CoV-2-I2P_F156I,10.375247955322266,train,10.39,1.0390000000000001,0.014752044677734943
SARS-CoV-2-V37G_P54W,10.431541442871094,train,10.43,1.043,0.0015414428710940342
SARS-CoV-2-T170F_K198R,10.478507995605469,train,10.5,1.05,0.02149200439453125
SARS-CoV-2-I28L_K114L_Y119I,10.376144409179688,train,10.39,1.0390000000000001,0.013855590820313068
SARS-CoV-2-Y66N,10.354373931884766,train,10.328571428571427,1.0328571428571427,0.02580250331333822
SARS-CoV-2-K87N_S164Y,10.646980285644531,train,10.7,1.07,0.05301971435546804
SARS-CoV-2-L60Y_G83L_Q168K,10.406646728515623,train,10.39,1.0390000000000001,0.016646728515622655
SARS-CoV-2-I2V_G9S,10.43282985687256,train,10.47,1.0470000000000002,0.03717014312744027
SARS-CoV-2-T15S_S36A,10.33792209625244,train,10.41,1.0410000000000001,0.07207790374756051
SARS-CoV-2-V37T_F156A,10.55791187286377,train,10.54,1.054,0.017911872863770384
SARS-CoV-2-S53K_K87Q,10.42812156677246,train,10.47,1.0470000000000002,0.04187843322754148
SARS-CoV-2-V37S_T201R,10.618361473083496,train,10.64,1.064,0.021638526916504475
SARS-CoV-2-K87R_S129R,10.326360702514648,train,10.365,1.0365,0.038639297485351776
SARS-CoV-2-F62Y_N157C,10.336390495300291,train,10.37,1.037,0.033609504699708026
SARS-CoV-2-Y35F_G152S,10.353601455688477,train,10.36,1.036,0.006398544311522869
SARS-CoV-2-I28L_T55G_G166K,10.725709915161133,train,10.75,1.075,0.024290084838867188
SARS-CoV-2-L5V_Y119M,10.372124671936035,train,10.37,1.037,0.002124671936035938
SARS-CoV-2-K87Q_L122Y,10.395631790161133,train,10.41,1.0410000000000001,0.01436820983886733
SARS-CoV-2-T55L_A192L,10.440495491027832,train,10.44,1.044,0.0004954910278325286
SARS-CoV-2-C61M_L125E,10.511259078979492,train,10.52,1.052,0.008740921020507386
SARS-CoV-2-T63L_K87R,10.298173904418944,train,10.33,1.0330000000000001,0.031826095581056535
SARS-CoV-2-Y119I_G166M_H189R,10.54474925994873,train,10.56,1.056,0.015250740051270029
SARS-CoV-2-R16N_F160T,10.482775688171388,train,10.49,1.0490000000000002,0.007224311828611718
SARS-CoV-2-V37R_G172M_T201N,10.351886749267578,train,10.335,1.0335,0.016886749267577272
SARS-CoV-2-I2V_V37G_Q163E,10.477823257446287,train,10.5,1.05,0.022176742553712714
SARS-CoV-2-N40R_S129Q_E154S_K199R,10.471452713012695,train,10.47,1.0470000000000002,0.001452713012694673
SARS-CoV-2-R78T,10.368443489074709,train,10.37,1.037,0.0015565109252904108
SARS-CoV-2-K87V_K128A,10.305435180664062,train,10.33,1.0330000000000001,0.02456481933593757
SARS-CoV-2-K56L_G172V_T201G,10.33765983581543,train,10.32,1.032,0.017659835815429403
SARS-CoV-2-S29V_Y119T,10.554208755493164,train,10.56,1.056,0.005791244506836435
SARS-CoV-2-P54M_T85Q,10.418933868408203,train,10.43,1.043,0.01106613159179659
SARS-CoV-2-T63A_L122Y,10.405216217041016,train,10.415,1.0414999999999999,0.009783782958983522
SARS-CoV-2-K26T,10.345993041992188,train,10.39,1.0390000000000001,0.04400695800781307
SARS-CoV-2-Q84E_T170E_Y175K,10.46352767944336,train,10.49,1.0490000000000002,0.026472320556640838
SARS-CoV-2-G9N_F62Y_I104V_N151T,10.41850757598877,train,10.42,1.042,0.0014924240112303977
SARS-CoV-2-N4S_G172R,10.308103561401367,train,10.33,1.0330000000000001,0.021896438598632884
SARS-CoV-2-S139K_K199S,10.335588455200195,train,10.34,1.034,0.004411544799804545
SARS-CoV-2-Y119K_Y159S,10.47846794128418,train,10.49,1.0490000000000002,0.011532058715820526
SARS-CoV-2-S29G_T201R,10.374468803405762,train,10.37,1.037,0.0044688034057625
SARS-CoV-2-P54I_P149S_F156S,10.454748153686523,train,10.46,1.046,0.005251846313477415
SARS-CoV-2-N110E_K132H_A145Q,10.494606971740724,train,10.49,1.0490000000000002,0.0046069717407242194
SARS-CoV-2-T15S_V37F_G83A_C195F,10.371752738952637,train,10.32,1.032,0.051752738952636435
SARS-CoV-2-F156N,10.502762794494627,train,10.495454545454546,1.0495454545454546,0.007308249040081094
SARS-CoV-2-K132E_A145I,10.355684280395508,train,10.37,1.037,0.014315719604491406
SARS-CoV-2-A192N_T201N,10.382390022277832,train,10.34,1.034,0.04239002227783217
SARS-CoV-2-R16S_K56S_G83N,10.33924388885498,train,10.36,1.036,0.020756111145018963
SARS-CoV-2-I2K_Q84S,10.299421310424805,train,10.37,1.037,0.07057868957519453
SARS-CoV-2-T100N_Q168E,10.29899787902832,train,10.34,1.034,0.041002120971679545
SARS-CoV-2-A42G_N110M,10.398292541503906,train,10.43,1.043,0.031707458496093466
SARS-CoV-2-A42G_T55A_D97L_K199Q,10.546930313110352,train,10.54,1.054,0.006930313110352415
SARS-CoV-2-T55S_N171S_T201V,10.457100868225098,train,10.47,1.0470000000000002,0.012899131774902983
SARS-CoV-2-G117P,10.394508361816406,train,10.42,1.042,0.02549163818359368
SARS-CoV-2-N64A_K87W,10.3151273727417,train,10.32,1.032,0.0048726272583010655
SARS-CoV-2-Y119R_T148E,10.393317222595217,train,10.39,1.0390000000000001,0.0033172225952160517
SARS-CoV-2-S43M_D98N_N151L,10.369709968566896,train,10.39,1.0390000000000001,0.02029003143310426
SARS-CoV-2-V37R_T170S,10.458718299865724,train,10.5,1.05,0.04128170013427557
SARS-CoV-2-Y119L_S184T,10.389720916748049,train,10.39,1.0390000000000001,0.0002790832519519171
SARS-CoV-2-K87I_T201P,10.55113124847412,train,10.55,1.0550000000000002,0.0011312484741186069
SARS-CoV-2-G117Y_L125N_T148F,10.43812084197998,train,10.44,1.044,0.0018791580200190339
SARS-CoV-2-K48Q_N120S,10.300668716430664,train,10.38,1.038,0.07933128356933672
SARS-CoV-2-V173F_K199W,10.528328895568848,train,10.53,1.053,0.0016711044311517043
SARS-CoV-2-C61A_P197M,10.311482429504396,train,10.24,1.024,0.0714824295043961
SARS-CoV-2-A192C,10.318342208862305,train,10.3075,1.03075,0.010842208862305469
SARS-CoV-2-K114V_G174P,10.41461944580078,train,10.4,1.04,0.014619445800779118
SARS-CoV-2-T140E_F160C,10.364489555358888,train,10.37,1.037,0.005510444641110723
SARS-CoV-2-L122M_T201F,10.491549491882324,train,10.49,1.0490000000000002,0.0015494918823240056
SARS-CoV-2-L5M_G9S_Y119K,10.325435638427734,train,10.34,1.034,0.014564361572265483
SARS-CoV-2-N1V_Y35I_T55D_C61R_L122F,10.323766708374023,train,10.31,1.0310000000000001,0.01376670837402294
SARS-CoV-2-K128P_A145K,10.487598419189451,train,10.52,1.052,0.032401580810548225
SARS-CoV-2-R78V_T148N,10.384105682373049,train,10.4,1.04,0.015894317626951704
SARS-CoV-2-A18P,10.547626495361328,train,10.54,1.054,0.007626495361328978
SARS-CoV-2-D75S_S129T,10.466405868530272,train,10.45,1.045,0.01640586853027237
SARS-CoV-2-D97E_K198R,10.649492263793944,train,10.66,1.066,0.010507736206056606
SARS-CoV-2-Y123R_P149H,10.34481716156006,train,10.37,1.037,0.02518283843993885
SARS-CoV-2-V37G_G51N_Q168T,10.535252571105955,train,10.56,1.056,0.024747428894045242
SARS-CoV-2-V37G_K199D,10.489469528198242,train,10.54,1.054,0.05053047180175696
SARS-CoV-2-Y123F_K199S,10.602187156677246,train,10.58,1.058,0.022187156677246023
SARS-CoV-2-I28Y_Y39K_N157H_P197Y,10.689294815063477,train,10.71,1.0710000000000002,0.02070518493652429
SARS-CoV-2-L38F_Q84K_F156R,10.329744338989258,train,10.3,1.03,0.029744338989257102
SARS-CoV-2-D97K_L187S,10.432559967041016,train,10.38,1.038,0.05255996704101484
SARS-CoV-2-F44D_N120D_F156P,10.376090049743652,train,10.42,1.042,0.043909950256347585
SARS-CoV-2-R27K_S53M_Y175G,10.444198608398438,train,10.46,1.046,0.015801391601563353
SARS-CoV-2-T15E_A33W_G146T,10.360736846923828,train,10.41,1.0410000000000001,0.04926315307617202
SARS-CoV-2-F126H_E141N,10.378965377807615,train,10.38,1.038,0.0010346221923853705
SARS-CoV-2-N24T_E154G,10.311655044555664,train,10.32,1.032,0.008344955444336222
SARS-CoV-2-V37F_K114A_G155N,10.604595184326172,train,10.62,1.062,0.015404815673827343
SARS-CoV-2-Q168A_A192R,10.39690399169922,train,10.36,1.036,0.036903991699221095
SARS-CoV-2-K56A_F156L,10.509193420410156,train,10.52,1.052,0.010806579589843324
SARS-CoV-2-I2R_N24R,10.368306159973145,train,10.37,1.037,0.0016938400268546872
SARS-CoV-2-P149D_T201S,10.468814849853516,train,10.475,1.0475,0.00618515014648402
SARS-CoV-2-D97L_Y119H,10.537108421325684,train,10.51,1.051,0.027108421325683807
SARS-CoV-2-G146S_F160W,10.37017059326172,train,10.42,1.042,0.0498294067382794
SARS-CoV-2-P149I_K199I,10.398170471191406,train,10.42,1.042,0.02182952880859368
SARS-CoV-2-L5V_T55H_N157S_A190G,10.54714012145996,train,10.57,1.0570000000000002,0.022859878540041123
SARS-CoV-2-L5W_N40S,10.455690383911133,train,10.49,1.0490000000000002,0.0343096160888674
SARS-CoV-2-C61D_K199I,10.29314422607422,train,10.31,1.0310000000000001,0.01685577392577997
SARS-CoV-2-V37G_K114I,10.348381996154783,train,10.37,1.037,0.02161800384521584
SARS-CoV-2-K128P,10.373205184936523,train,10.325,1.0325,0.04820518493652415
SARS-CoV-2-V37I_A145S,10.54476547241211,train,10.55,1.0550000000000002,0.0052345275878913355
SARS-CoV-2-T140R_F156L,10.490907669067385,train,10.46,1.046,0.030907669067383736
SARS-CoV-2-G83R_T201A,10.475346565246582,train,10.47,1.0470000000000002,0.005346565246581392
SARS-CoV-2-N4T_A190Q_K198F,10.44052505493164,train,10.44,1.044,0.0005250549316411224
SARS-CoV-2-F62A_Y119T,10.558232307434082,train,10.56,1.056,0.0017676925659184661
SARS-CoV-2-V37E_D98N,10.345503807067873,train,10.42,1.042,0.07449619293212706
SARS-CoV-2-Y119V_E154V,10.450087547302246,train,10.48,1.048,0.029912452697754333
SARS-CoV-2-L60Q_T100R,10.598428726196287,train,10.59,1.059,0.008428726196287428
SARS-CoV-2-L122K_A145S_Y175R,10.585548400878906,train,10.6,1.06,0.014451599121093395
SARS-CoV-2-L188V,10.42336368560791,train,10.415,1.0414999999999999,0.008363685607911009
SARS-CoV-2-E10D_N40S,10.410188674926758,train,10.42,1.042,0.009811325073242116
SARS-CoV-2-V173T_P197F,10.533157348632812,train,10.53,1.053,0.0031573486328131395
SARS-CoV-2-K48R_K114N_G174T,10.477992057800291,train,10.49,1.0490000000000002,0.01200794219970902
SARS-CoV-2-V37F_D97L_N120F,10.598834991455078,train,10.6,1.06,0.0011650085449215197
SARS-CoV-2-V37L_L125F,10.468032836914062,train,10.46,1.046,0.008032836914061647
SARS-CoV-2-L60A_N157R,10.29521942138672,train,10.31,1.0310000000000001,0.014780578613279971
SARS-CoV-2-K26R_R78S_K87D_T201L,10.342632293701172,train,10.35,1.035,0.00736770629882777
SARS-CoV-2-I2S,10.382149696350098,train,10.386060606060608,1.038606060606061,0.003910909710510779
SARS-CoV-2-A33G_Y178H,10.44496726989746,train,10.46,1.046,0.015032730102541692
SARS-CoV-2-A14T_V37F_K128G_Y159S,10.402578353881836,train,10.46,1.046,0.057421646118164915
SARS-CoV-2-I2G_P54L_Y175R,10.504417419433594,train,10.51,1.051,0.005582580566406037
SARS-CoV-2-K87F_F126R,10.38374137878418,train,10.4,1.04,0.016258621215820668
SARS-CoV-2-N1L_F8L_S43H_Y175M_K199L,10.31887435913086,train,10.38,1.038,0.06112564086914141
SARS-CoV-2-I2C_C61K_G83R_K198A,10.318314552307127,train,10.3,1.03,0.01831455230712642
SARS-CoV-2-F156A,10.309001922607422,train,10.282,1.0282,0.027001922607421847
SARS-CoV-2-Y39W,10.354561805725098,train,10.405,1.0405,0.050438194274901704
SARS-CoV-2-I28L,10.511130332946776,train,10.55,1.0550000000000002,0.03886966705322514
SARS-CoV-2-I104F_P149M,10.352890014648438,train,10.33,1.0330000000000001,0.02289001464843743
SARS-CoV-2-T148F_T201K,10.441848754882812,train,10.46,1.046,0.018151245117188353
SARS-CoV-2-T85S_Y119S_P149R_T201N,10.45820426940918,train,10.46,1.046,0.0017957305908211652
SARS-CoV-2-V37Y_G166E,10.4866943359375,train,10.45,1.045,0.03669433593750071
SARS-CoV-2-Y35L_F62S_T170N,10.45771598815918,train,10.49,1.0490000000000002,0.032284011840820526
SARS-CoV-2-S43A_G83M,10.4530668258667,train,10.47,1.0470000000000002,0.01693317413330142
SARS-CoV-2-T46E,10.581550598144531,train,10.57,1.0570000000000002,0.011550598144530966
SARS-CoV-2-L111A_T201R,10.4286470413208,train,10.45,1.045,0.021352958679198508
SARS-CoV-2-I28L_L187T,10.516738891601562,train,10.5,1.05,0.0167388916015625
SARS-CoV-2-G9Y_R78C,10.328231811523438,train,10.345,1.0345000000000002,0.01676818847656314
SARS-CoV-2-D90F_L122Q_Y175S,10.313931465148926,train,10.33,1.0330000000000001,0.01606853485107429
SARS-CoV-2-V115H_L188V,10.31883430480957,train,10.33,1.0330000000000001,0.011165695190429759
SARS-CoV-2-V37L_S43F,10.367043495178224,train,10.36,1.036,0.007043495178225001
SARS-CoV-2-R27E,10.41461944580078,train,10.428,1.0428000000000002,0.01338055419922135
SARS-CoV-2-V37S_S45A,10.491954803466797,train,10.515,1.0515,0.023045196533203693
SARS-CoV-2-N130I,10.329333305358888,train,10.34,1.034,0.010666694641111363
SARS-CoV-2-F185L_P197A,10.477158546447754,train,10.51,1.051,0.03284145355224588
SARS-CoV-2-T46F,10.30832290649414,train,10.343333333333334,1.0343333333333333,0.03501042683919309
SARS-CoV-2-R27K_G83M,10.475544929504396,train,10.46,1.046,0.015544929504395455
SARS-CoV-2-T201G,10.362297058105469,train,10.365555555555554,1.0365555555555555,0.003258497450085329
SARS-CoV-2-L5T_R73K,10.33774185180664,train,10.34,1.034,0.002258148193359233
SARS-CoV-2-L5V_Q84S,10.353970527648926,train,10.32,1.032,0.0339705276489255
SARS-CoV-2-P197A,10.502312660217283,train,10.52125,1.052125,0.018937339782716833
SARS-CoV-2-K128N_K198A,10.343186378479004,train,10.39,1.0390000000000001,0.04681362152099666
SARS-CoV-2-V37Y_I142L,10.523365020751951,train,10.54,1.054,0.0166349792480478
SARS-CoV-2-G116S_L125Y,10.416635513305664,train,10.4,1.04,0.016635513305663707
SARS-CoV-2-Y119L_T201I,10.393360137939451,train,10.44,1.044,0.046639862060548154
SARS-CoV-2-A145V_G174D,10.397873878479004,train,10.4,1.04,0.002126121520996449
SARS-CoV-2-T3S_N64E,10.504880905151367,train,10.545,1.0545,0.04011909484863274
SARS-CoV-2-F62V_N120P,10.47593593597412,train,10.49,1.0490000000000002,0.014064064025880896
SARS-CoV-2-L187E,10.408363342285156,train,10.41,1.0410000000000001,0.0016366577148438921
SARS-CoV-2-S41T_P149K,10.474699020385742,train,10.48,1.048,0.005300979614258239
SARS-CoV-2-N120L_G172I_T201M,10.372419357299805,train,10.36,1.036,0.012419357299805256
SARS-CoV-2-E10T_R27V_G166S,10.315927505493164,train,10.35,1.035,0.03407249450683558
SARS-CoV-2-T55N_L122A,10.511480331420898,train,10.53,1.053,0.018519668579100923
SARS-CoV-2-S41E_N120R,10.300086975097656,train,10.28,1.028,0.02008697509765689
SARS-CoV-2-F62L_V173S,10.314563751220703,train,10.35,1.035,0.03543624877929652
SARS-CoV-2-P54F_K87L,10.406213760375977,train,10.45,1.045,0.04378623962402273
SARS-CoV-2-S164T,10.381858825683594,train,10.392,1.0392,0.01014117431640571
SARS-CoV-2-F44Y_C61R,10.431801795959473,train,10.45,1.045,0.018198204040526633
SARS-CoV-2-I28M_L125R_N157C,10.337360382080078,train,10.32,1.032,0.01736038208007784
SARS-CoV-2-T85Q,10.323163986206056,train,10.335,1.0335,0.011836013793944389
SARS-CoV-2-I138L_Q163K,10.346410751342772,train,10.34,1.034,0.006410751342771803
SARS-CoV-2-G146S_K198M,10.367005348205566,train,10.39,1.0390000000000001,0.022994651794434162
SARS-CoV-2-S43A_F160L,10.334879875183104,train,10.345,1.0345000000000002,0.010120124816896947
SARS-CoV-2-Y91F,10.371848106384276,train,10.395454545454546,1.0395454545454548,0.023606439070270824
SARS-CoV-2-E10S_L122M,10.442501068115234,train,10.44,1.044,0.0025010681152348724
SARS-CoV-2-S129R_V173W_P197L,10.518566131591797,train,10.53,1.053,0.011433868408202486
SARS-CoV-2-K87T_N118S,10.4674072265625,train,10.48,1.048,0.012592773437500426
SARS-CoV-2-A145S,10.36314582824707,train,10.389285714285714,1.0389285714285714,0.026139886038643922
SARS-CoV-2-N24T_Y175S,10.535778045654297,train,10.55,1.0550000000000002,0.014221954345703836
SARS-CoV-2-K56L_C61E_L125A_G146E,10.34683609008789,train,10.31,1.0310000000000001,0.03683609008789013
SARS-CoV-2-T55P_F62W_K114F,10.311856269836426,train,10.3,1.03,0.01185626983642507
SARS-CoV-2-F47M_F156M_Q168E,10.334756851196287,train,10.33,1.0330000000000001,0.004756851196287215
SARS-CoV-2-N4S_S29K,10.438419342041016,train,10.44,1.044,0.0015806579589838776
SARS-CoV-2-K56M_K199M,10.46033000946045,train,10.46,1.046,0.0003300094604483661
SARS-CoV-2-I2V_L38F_L122R_T140V_T170N_L188N_T201G,10.563968658447266,train,10.58,1.058,0.016031341552734446
SARS-CoV-2-P197W,10.300071716308594,train,10.260000000000002,1.0260000000000002,0.04007171630859219
SARS-CoV-2-K114N_T201H,10.459066390991213,train,10.48,1.048,0.020933609008787712
SARS-CoV-2-T3Q_V173L,10.442151069641112,train,10.47,1.0470000000000002,0.027848930358889135
SARS-CoV-2-Y119S_R136Q,10.481364250183104,train,10.51,1.051,0.028635749816896094
SARS-CoV-2-K132Q_L187S,10.652277946472168,train,10.64,1.064,0.0122779464721674
SARS-CoV-2-K56H_Y119Q,10.433734893798828,train,10.41,1.0410000000000001,0.023734893798827983
SARS-CoV-2-C61T_C195F,10.329571723937988,train,10.38,1.038,0.0504282760620125
SARS-CoV-2-L5T_G83N_T100Y,10.41777801513672,train,10.42,1.042,0.0022219848632794026
SARS-CoV-2-V37I_T201C,10.51295280456543,train,10.54,1.054,0.02704719543456946
SARS-CoV-2-N120S_F126Y,10.49364948272705,train,10.51,1.051,0.016350517272949006
SARS-CoV-2-L5Q_V37W,10.558843612670898,train,10.55,1.0550000000000002,0.008843612670897727
SARS-CoV-2-Y35W_K87D_S200V,10.515951156616213,train,10.49,1.0490000000000002,0.0259511566162125
SARS-CoV-2-Y39T_N120A,10.57041358947754,train,10.58,1.058,0.009586410522459232
SARS-CoV-2-N151A_G166K_V173F_T201A,10.35110855102539,train,10.33,1.0330000000000001,0.021108551025390554
SARS-CoV-2-R73N_Y119S,10.29841136932373,train,10.35,1.035,0.051588630676269176
SARS-CoV-2-S41E_K199T,10.387892723083496,train,10.42,1.042,0.032107276916503835
SARS-CoV-2-L5H_T55S,10.53517723083496,train,10.56,1.056,0.024822769165041336
SARS-CoV-2-N157L_G174R,10.533660888671877,train,10.55,1.0550000000000002,0.016339111328123934
SARS-CoV-2-V115M_S200V,10.393400192260742,train,10.41,1.0410000000000001,0.016599807739257955
SARS-CoV-2-T55G_Y66W,10.39039421081543,train,10.38,1.038,0.010394210815428906
SARS-CoV-2-V37G_N130K,10.643465042114258,train,10.64,1.064,0.003465042114257244
SARS-CoV-2-V37A_A145R,10.490436553955078,train,10.535,1.0535,0.04456344604492202
SARS-CoV-2-Y39A_D59G_Q168M,10.351330757141112,train,10.37,1.037,0.018669242858887714
SARS-CoV-2-V37L_T148V,10.521936416625977,train,10.53,1.053,0.008063583374022798
SARS-CoV-2-K87N_N130A,10.59669303894043,train,10.6,1.06,0.0033069610595699572
SARS-CoV-2-R16N_A22R,10.321037292480469,train,10.28,1.028,0.04103729248046939
SARS-CoV-2-T3M_Y39K,10.293584823608398,train,10.29,1.029,0.00358482360839929
SARS-CoV-2-I28L_C61N_S129A,10.688431739807127,train,10.74,1.074,0.05156826019287308
SARS-CoV-2-T46H_I104F,10.537181854248049,train,10.56,1.056,0.022818145751951846
SARS-CoV-2-T55G_G166R_T201S,10.45615005493164,train,10.47,1.0470000000000002,0.013849945068360014
SARS-CoV-2-N4K_D59S_K199C,10.300101280212402,train,10.24,1.024,0.06010128021240213
SARS-CoV-2-N120K,10.314325332641602,train,10.31875,1.031875,0.004424667358398082
SARS-CoV-2-T140D,10.32990264892578,train,10.335,1.0335,0.005097351074221379
SARS-CoV-2-T63K_G196S,10.465764999389648,train,10.49,1.0490000000000002,0.024235000610351776
SARS-CoV-2-S45H_I138V,10.359442710876465,train,10.4,1.04,0.04055728912353551
SARS-CoV-2-L125G_G155F,10.394085884094238,train,10.4,1.04,0.005914115905762074
SARS-CoV-2-S129D_E141Q,10.334209442138672,train,10.35,1.035,0.01579055786132777
SARS-CoV-2-V32M_Y39M,10.390420913696287,train,10.37,1.037,0.020420913696288068
SARS-CoV-2-N1L_Q84A_G172R,10.384751319885254,train,10.4,1.04,0.015248680114746449
SARS-CoV-2-D90S_G174E,10.303756713867188,train,10.29,1.029,0.013756713867188353
SARS-CoV-2-G146D,10.346379280090332,train,10.354545454545455,1.0354545454545456,0.008166174455123354
SARS-CoV-2-P197G,10.33867645263672,train,10.376,1.0376,0.03732354736327892
SARS-CoV-2-L5S_A18S_Y123K_S129T,10.363075256347656,train,10.36,1.036,0.0030752563476568184
SARS-CoV-2-N24K,10.399141311645508,train,10.381666666666668,1.038166666666667,0.017474644978840104
SARS-CoV-2-Q163M_T201Y,10.419750213623049,train,10.44,1.044,0.02024978637695085
SARS-CoV-2-E10D_T55H,10.335482597351074,train,10.35,1.035,0.014517402648925426
SARS-CoV-2-C61R_N120K,10.462339401245115,train,10.48,1.048,0.017660598754885015
SARS-CoV-2-G9A_G116N,10.47945785522461,train,10.54,1.054,0.06054214477538977
SARS-CoV-2-C61S_T100Y,10.314416885375977,train,10.3,1.03,0.014416885375975852
SARS-CoV-2-E154A_T170L,10.393239974975586,train,10.45,1.045,0.05676002502441335
SARS-CoV-2-N109Y_L125W,10.35172176361084,train,10.37,1.037,0.018278236389159375
SARS-CoV-2-Q163T,10.335160255432127,train,10.312857142857142,1.0312857142857144,0.02230311257498485
SARS-CoV-2-A14S_F126H,10.366254806518556,train,10.41,1.0410000000000001,0.04374519348144368
SARS-CoV-2-S53K_K128N_P197D,10.553483963012695,train,10.59,1.059,0.036516036987304545
SARS-CoV-2-A42E_K87C,10.529916763305664,train,10.52,1.052,0.009916763305664489
SARS-CoV-2-T170V_H189S,10.447969436645508,train,10.45,1.045,0.002030563354491477
SARS-CoV-2-Y39F_T55M_L122H_I142V_G174L,10.653778076171877,train,10.68,1.068,0.02622192382812294
SARS-CoV-2-Y123F,10.297374725341797,train,10.321428571428571,1.0321428571428573,0.0240538460867743
SARS-CoV-2-T85Q_L111V_P149K,10.389802932739258,train,10.39,1.0390000000000001,0.00019706726074275593
SARS-CoV-2-S29N_S43Y,10.345399856567385,train,10.34,1.034,0.005399856567384731
SARS-CoV-2-I2P_K56T_G166T,10.30864715576172,train,10.35,1.035,0.04135284423827912
SARS-CoV-2-N24R_L122V,10.390632629394531,train,10.36,1.036,0.03063262939453182
SARS-CoV-2-G9E_T55H_T63S,10.424373626708984,train,10.45,1.045,0.025626373291014914
SARS-CoV-2-V37Q_L187V,10.360416412353516,train,10.34,1.034,0.020416412353515767
SARS-CoV-2-R16S_V32L_Y119G,10.430950164794922,train,10.44,1.044,0.009049835205077628
SARS-CoV-2-N64S_V115P,10.369224548339844,train,10.33,1.0330000000000001,0.03922454833984368
SARS-CoV-2-N130P_V173G_K198I,10.462080001831056,train,10.47,1.0470000000000002,0.007919998168944176
SARS-CoV-2-T55C_C61A,10.40064811706543,train,10.44,1.044,0.039351882934569815
SARS-CoV-2-C61E_E141N,10.554914474487305,train,10.54,1.054,0.01491447448730554
SARS-CoV-2-L122W_Q168S_G174L,10.471478462219238,train,10.49,1.0490000000000002,0.018521537780761932
SARS-CoV-2-V37M_F160N,10.552249908447266,train,10.52,1.052,0.03224990844726605
SARS-CoV-2-F160S_S200Q,10.472978591918944,train,10.45,1.045,0.022978591918944247
SARS-CoV-2-T55L_G83H,10.347139358520508,train,10.34,1.034,0.007139358520507955
SARS-CoV-2-S36T_V173D,10.343582153320312,train,10.32,1.032,0.023582153320312216
SARS-CoV-2-P7N_Q163H,10.435877799987791,train,10.44,1.044,0.00412220001220831
SARS-CoV-2-I2S_T170S,10.550579071044922,train,10.56,1.056,0.009420928955078622
SARS-CoV-2-S147L_G172F,10.417911529541016,train,10.41,1.0410000000000001,0.007911529541015483
SARS-CoV-2-P7D_P82V_K87I,10.463712692260742,train,10.46,1.046,0.003712692260741335
SARS-CoV-2-N1D_I28F_P54E,10.43855094909668,train,10.48,1.048,0.04144905090332074
SARS-CoV-2-Y35V_T55F,10.348639488220217,train,10.36,1.036,0.011360511779782811
SARS-CoV-2-N157E,10.303224563598633,train,10.24,1.024,0.0632245635986326
SARS-CoV-2-N64T_K114G_F156Y,10.409921646118164,train,10.43,1.043,0.020078353881835653
SARS-CoV-2-S139G_Y143F,10.473350524902344,train,10.52,1.052,0.046649475097655824
SARS-CoV-2-L122S_K128C_G174Q_P197M,10.680627822875977,train,10.71,1.0710000000000002,0.02937217712402429
SARS-CoV-2-I2W_L122S_K198R,10.425699234008787,train,10.42,1.042,0.005699234008787357
SARS-CoV-2-N1I_Y39L_F126V,10.442785263061523,train,10.48,1.048,0.03721473693847699
SARS-CoV-2-P54F_T201Q,10.45106601715088,train,10.43,1.043,0.021066017150880967
SARS-CoV-2-F62C,10.41489028930664,train,10.443,1.0443,0.02810971069335899
SARS-CoV-2-R16W_C61E,10.4107084274292,train,10.42,1.042,0.00929157257080071
SARS-CoV-2-F160S_K198T,10.593994140625,train,10.61,1.061,0.01600585937499943
SARS-CoV-2-K26T_R136K,10.43573760986328,train,10.49,1.0490000000000002,0.05426239013672074
SARS-CoV-2-L5N_P149E_K199F,10.419160842895508,train,10.43,1.043,0.010839157104491903
SARS-CoV-2-V37L_G116I_K199I,10.34118366241455,train,10.38,1.038,0.03881633758545
SARS-CoV-2-D98S_T201I,10.48771858215332,train,10.52,1.052,0.03228141784667926
SARS-CoV-2-Y39S,10.448718070983888,train,10.48125,1.048125,0.032531929016110794
SARS-CoV-2-S41T_L122V_Y175K,10.30422592163086,train,10.36,1.036,0.05577407836914006
SARS-CoV-2-I138R_P197L,10.571309089660645,train,10.59,1.059,0.018690910339355327
SARS-CoV-2-I2W_V32K_T85R,10.61162567138672,train,10.63,1.0630000000000002,0.018374328613280255
SARS-CoV-2-V37M_A42H_N120S,10.52070426940918,train,10.53,1.053,0.009295730590819673
SARS-CoV-2-N120H_T170Q,10.342967987060549,train,10.31,1.0310000000000001,0.032967987060548154
SARS-CoV-2-Y35L_T201R,10.482213973999023,train,10.5,1.05,0.017786026000976562
SARS-CoV-2-T3R_Y119P_S147A,10.314034461975098,train,10.3,1.03,0.014034461975096946
SARS-CoV-2-Y39N,10.494622230529783,train,10.4875,1.04875,0.007122230529782669
SARS-CoV-2-S43P_D90R,10.316083908081056,train,10.43,1.043,0.11391609191894325
SARS-CoV-2-S43Q_T140S,10.362010955810549,train,10.38,1.038,0.01798904418945213
SARS-CoV-2-G9S_V37L_F156S,10.480010032653809,train,10.47,1.0470000000000002,0.010010032653807954
SARS-CoV-2-G116D_S129A,10.488998413085938,train,10.5,1.05,0.0110015869140625
SARS-CoV-2-T15K_K26T,10.337113380432127,train,10.33,1.0330000000000001,0.007113380432127059
SARS-CoV-2-L5K_N40K,10.6692533493042,train,10.72,1.072,0.05074665069580142
SARS-CoV-2-G9T_V37Q,10.460134506225586,train,10.46,1.046,0.00013450622558508485
SARS-CoV-2-L122K_T140L_G172R,10.402063369750977,train,10.42,1.042,0.017936630249023366
SARS-CoV-2-G166I_L188R,10.344459533691406,train,10.38,1.038,0.03554046630859453
SARS-CoV-2-L125G_G155A,10.438865661621094,train,10.45,1.045,0.01113433837890554
SARS-CoV-2-I28L_K199E,10.58470344543457,train,10.57,1.0570000000000002,0.014703445434570028
SARS-CoV-2-T63N_F156L,10.496183395385742,train,10.47,1.0470000000000002,0.026183395385741548
SARS-CoV-2-I2T_D98V_Y175S,10.353184700012209,train,10.29,1.029,0.06318470001220966
SARS-CoV-2-N118H,10.370401382446287,train,10.425,1.0425000000000002,0.054598617553713424
SARS-CoV-2-T3W_Y35I,10.50692367553711,train,10.53,1.053,0.023076324462889986
SARS-CoV-2-G116M_L125V,10.53196907043457,train,10.55,1.0550000000000002,0.018030929565430398
SARS-CoV-2-L122R_I138T,10.70439338684082,train,10.72,1.072,0.015606613159180327
SARS-CoV-2-L5V_V32K_Y119N,10.469667434692385,train,10.49,1.0490000000000002,0.020332565307615624
SARS-CoV-2-Y50F_T55G,10.331575393676758,train,10.31,1.0310000000000001,0.021575393676757315
SARS-CoV-2-K87L_K132M,10.510377883911133,train,10.52,1.052,0.009622116088866761
SARS-CoV-2-T63S,10.37458610534668,train,10.41,1.0410000000000001,0.035413894653320455
SARS-CoV-2-D97N_T170S,10.348289489746094,train,10.39,1.0390000000000001,0.04171051025390682
SARS-CoV-2-G51R_P197S,10.295217514038086,train,10.28,1.028,0.015217514038086577
SARS-CoV-2-S139D_F160A,10.371679306030272,train,10.35,1.035,0.021679306030272016
SARS-CoV-2-I2N_D59Q_K87M_V173I,10.6366548538208,train,10.66,1.066,0.02334514617919936
SARS-CoV-2-R16V_V37Q_A42L_T201L,10.295095443725586,train,10.3,1.03,0.004904556274414773
SARS-CoV-2-N120K_G155T,10.531329154968262,train,10.53,1.053,0.0013291549682623582
SARS-CoV-2-Y119S_F126K,10.33881378173828,train,10.31,1.0310000000000001,0.028813781738278976
SARS-CoV-2-N118A_T201N,10.299175262451172,train,10.3,1.03,0.0008247375488288355
SARS-CoV-2-Y39Q_K48E_S164H,10.324947357177734,train,10.335,1.0335,0.010052642822266478
SARS-CoV-2-L5E_Q176D,10.40244197845459,train,10.44,1.044,0.03755802154540966
SARS-CoV-2-I28L_K128Y,10.391307830810549,train,10.39,1.0390000000000001,0.001307830810548083
SARS-CoV-2-I2K_R16Y,10.455352783203123,train,10.52,1.052,0.06464721679687635
SARS-CoV-2-V37L_Q168E,10.454666137695312,train,10.45,1.045,0.0046661376953132105
SARS-CoV-2-S43I_T201R,10.63662052154541,train,10.68,1.068,0.04337947845458956
SARS-CoV-2-G166S_G172W,10.554513931274414,train,10.55,1.0550000000000002,0.004513931274413352
SARS-CoV-2-N40H_Y119R_N151K,10.320369720458984,train,10.32,1.032,0.0003697204589840908
SARS-CoV-2-L5H_T193N,10.323371887207031,train,10.37,1.037,0.04662811279296797
SARS-CoV-2-I104F_Y159R,10.431106567382812,train,10.44,1.044,0.008893432617187003
SARS-CoV-2-T148V_F156C_S200G,10.322751998901367,train,10.34,1.034,0.01724800109863267
SARS-CoV-2-I104M_T148R_V153S,10.354693412780762,train,10.37,1.037,0.0153065872192375
SARS-CoV-2-A33Q_P54V,10.392632484436035,train,10.36,1.036,0.032632484436035725
SARS-CoV-2-S41V_Y119P_T201M,10.363386154174805,train,10.4,1.04,0.03661384582519567
SARS-CoV-2-E154V,10.32419490814209,train,10.342,1.0342,0.017805091857910682
SARS-CoV-2-N4C_T100L_G172S,10.326499938964844,train,10.31,1.0310000000000001,0.016499938964843253
SARS-CoV-2-R27Y_T201L,10.308717727661133,train,10.29,1.029,0.018717727661133665
SARS-CoV-2-G9Q_T170V,10.360057830810549,train,10.39,1.0390000000000001,0.029942169189451917
SARS-CoV-2-S36E_L122M,10.747325897216797,train,10.78,1.078,0.032674102783202486
SARS-CoV-2-D97T_L131I,10.297330856323242,train,10.32,1.032,0.022669143676758097
SARS-CoV-2-I2H_V52L,10.393074035644531,train,10.41,1.0410000000000001,0.016925964355468892
SARS-CoV-2-N24E_T55A_E141R,10.396984100341797,train,10.41,1.0410000000000001,0.013015899658203267
SARS-CoV-2-K114H,10.343666076660156,train,10.32,1.032,0.023666076660155966
SARS-CoV-2-T55A_C61S_Y119C_F156T,10.445051193237305,train,10.435,1.0435,0.01005119323730419
SARS-CoV-2-D90Q_T201K,10.326665878295898,train,10.37,1.037,0.04333412170410078
SARS-CoV-2-K26I_F156L_G174E_A190N,10.405012130737305,train,10.43,1.043,0.02498786926269503
SARS-CoV-2-Y119T,10.346477508544922,train,10.30235294117647,1.030235294117647,0.044124567368452716
SARS-CoV-2-G174E_K198L,10.36843204498291,train,10.34,1.034,0.0284320449829103
SARS-CoV-2-V37F_F156L,10.407258987426758,train,10.38,1.038,0.02725898742675703
SARS-CoV-2-D98S_T201D,10.45042610168457,train,10.46,1.046,0.00957389831543054
SARS-CoV-2-K56T_K87N_Y175S,10.495537757873535,train,10.5,1.05,0.004462242126464844
SARS-CoV-2-Y35M_K87Q_T170N,10.319082260131836,train,10.32,1.032,0.0009177398681643467
SARS-CoV-2-T55G_N110L_T140R,10.302970886230469,train,10.26,1.026,0.04297088623046896
SARS-CoV-2-K87S_T100C,10.60295295715332,train,10.63,1.0630000000000002,0.02704704284668047
SARS-CoV-2-P54L_F160T,10.36663055419922,train,10.37,1.037,0.003369445800778692
SARS-CoV-2-R78P_V153S_L188Y,10.491713523864746,train,10.53,1.053,0.03828647613525327
SARS-CoV-2-E10S_L122Y,10.344244956970217,train,10.32,1.032,0.024244956970216336
SARS-CoV-2-V37K_G174E,10.51575756072998,train,10.53,1.053,0.014242439270018892
SARS-CoV-2-F126D,10.33189296722412,train,10.35,1.035,0.018107032775880327
SARS-CoV-2-A145T,10.386744499206545,train,10.377142857142855,1.0377142857142856,0.009601642063689297
SARS-CoV-2-K56R_K87N,10.400218963623049,train,10.39,1.0390000000000001,0.010218963623048083
SARS-CoV-2-N64S_K114A,10.36179542541504,train,10.38,1.038,0.018204574584959943
SARS-CoV-2-N171K,10.413800239562988,train,10.4325,1.04325,0.018699760437010937
SARS-CoV-2-V32Q_Y35L_N171G,10.627137184143066,train,10.62,1.062,0.007137184143067188
SARS-CoV-2-Q168V_V173I,10.55489730834961,train,10.6,1.06,0.04510269165039027
SARS-CoV-2-N24E_V37K_T55H_S139N_F156N_T170F,10.538436889648438,train,10.54,1.054,0.0015631103515616473
SARS-CoV-2-R16I_E154Q_S200A,10.45077896118164,train,10.44,1.044,0.010778961181641122
SARS-CoV-2-I2L_K87I,10.364927291870115,train,10.38,1.038,0.01507270812988537
SARS-CoV-2-N4D_N157D,10.35825538635254,train,10.35,1.035,0.008255386352541194
SARS-CoV-2-N30E_T170R,10.477779388427734,train,10.45,1.045,0.027779388427735086
SARS-CoV-2-S53E_F62P_L122R,10.53529930114746,train,10.57,1.0570000000000002,0.03470069885254112
SARS-CoV-2-S36T_K87W_I138E,10.323440551757812,train,10.34,1.034,0.016559448242187358
SARS-CoV-2-T85S_T140I,10.446561813354492,train,10.47,1.0470000000000002,0.023438186645508452
SARS-CoV-2-N64S_K87N_N157R,10.442668914794922,train,10.43,1.043,0.01266891479492216
SARS-CoV-2-N24S_Y39R_T201R,10.63956356048584,train,10.66,1.066,0.0204364395141603
SARS-CoV-2-A42R_V115M,10.416786193847656,train,10.41,1.0410000000000001,0.006786193847656108
SARS-CoV-2-G83R_P191T,10.481904983520508,train,10.48,1.048,0.0019049835205073862
SARS-CoV-2-Y123F_I138L_T170N,10.322320938110352,train,10.33,1.0330000000000001,0.0076790618896485086
SARS-CoV-2-N107Q_P197M,10.29966163635254,train,10.29,1.029,0.009661636352541692
SARS-CoV-2-V32R_P149Q,10.478336334228516,train,10.5,1.05,0.021663665771484375
SARS-CoV-2-K87R_I142T,10.481002807617188,train,10.47,1.0470000000000002,0.01100280761718686
SARS-CoV-2-N64Y_N110S_Q168H,10.319720268249512,train,10.345,1.0345000000000002,0.02527973175048892
SARS-CoV-2-V37E,10.468140602111816,train,10.46,1.046,0.008140602111815554
SARS-CoV-2-Y119P_F126E,10.29721450805664,train,10.27,1.027,0.02721450805664105
SARS-CoV-2-I28L_Y175S,10.588128089904783,train,10.61,1.061,0.02187191009521605
SARS-CoV-2-Y143W_A192S,10.365415573120115,train,10.39,1.0390000000000001,0.024584426879885157
SARS-CoV-2-I2V_I28F_G146A,10.724457740783691,train,10.76,1.076,0.03554225921630838
SARS-CoV-2-Y119F_N151K,10.37391471862793,train,10.38,1.038,0.006085281372071094
SARS-CoV-2-T100L_L125M,10.725855827331545,train,10.75,1.075,0.024144172668455255
SARS-CoV-2-N4R_K56H_K87L_L122V,10.431028366088867,train,10.45,1.045,0.018971633911132102
SARS-CoV-2-T3M_P197L,10.596250534057615,train,10.62,1.062,0.023749465942383807
SARS-CoV-2-K56Q_N120I,10.327162742614746,train,10.36,1.036,0.03283725738525334
SARS-CoV-2-Y175F,10.407715797424316,train,10.403076923076924,1.0403076923076924,0.00463887434739263
SARS-CoV-2-C31K_Y175S,10.293279647827148,train,10.25,1.0250000000000001,0.04327964782714844
SARS-CoV-2-S147A,10.484407424926758,train,10.47888888888889,1.0478888888888889,0.005518536037868671
SARS-CoV-2-V32L_V173T_S200Q,10.411142349243164,train,10.39,1.0390000000000001,0.021142349243163494
SARS-CoV-2-Y35M_T55K,10.43149757385254,train,10.46,1.046,0.028502426147460014
SARS-CoV-2-K87W,10.29792594909668,train,10.297,1.0297,0.0009259490966790906
SARS-CoV-2-T85N,10.297216415405272,train,10.327777777777778,1.0327777777777778,0.03056136237250584
SARS-CoV-2-D97V_G166S,10.498893737792969,train,10.52,1.052,0.021106262207030824
SARS-CoV-2-V115G,10.32143211364746,train,10.33,1.0330000000000001,0.00856788635254091
SARS-CoV-2-N4H_A190T,10.512714385986328,train,10.56,1.056,0.04728561401367237
SARS-CoV-2-G174K_S184H,10.42173957824707,train,10.39,1.0390000000000001,0.031739578247069744
SARS-CoV-2-N171L,10.370842933654783,train,10.4075,1.04075,0.03665706634521726
SARS-CoV-2-T100R,10.381635665893556,train,10.373333333333331,1.0373333333333332,0.008302332560225167
SARS-CoV-2-P149F_G172R,10.336389541625977,train,10.31,1.0310000000000001,0.026389541625976065
SARS-CoV-2-K198M,10.340763092041016,train,10.32888888888889,1.0328888888888892,0.011874203152125062
SARS-CoV-2-V37A_L122M_P149L_Y175A,10.508339881896973,train,10.53,1.053,0.021660118103026704
SARS-CoV-2-V37F_G166D,10.60331916809082,train,10.6,1.06,0.0033191680908206678
SARS-CoV-2-T85E_L122H,10.33660125732422,train,10.34,1.034,0.0033987426757793315
SARS-CoV-2-N171L_T201D,10.415249824523926,train,10.47,1.0470000000000002,0.05475017547607486
SARS-CoV-2-T55N_P149M,10.340938568115234,train,10.34,1.034,0.0009385681152345171
SARS-CoV-2-R16T_N157L,10.476312637329102,train,10.46,1.046,0.01631263732910071
SARS-CoV-2-V37L_P149T,10.349863052368164,train,10.4,1.04,0.05013694763183629
SARS-CoV-2-Q84S_D90S,10.30874252319336,train,10.39,1.0390000000000001,0.0812574768066412
SARS-CoV-2-K56H_F156M,10.386388778686523,train,10.39,1.0390000000000001,0.003611221313477131
SARS-CoV-2-V37S_N64Y_L122S_T148V_L187I,10.501801490783691,train,10.48,1.048,0.02180149078369098
SARS-CoV-2-L131I_T170S_K199E,10.37737274169922,train,10.41,1.0410000000000001,0.032627258300779616
SARS-CoV-2-S43I_L122C_K199Y,10.318943977355955,train,10.33,1.0330000000000001,0.011056022644044816
SARS-CoV-2-T55A_N120E_L187R,10.364336967468262,train,10.38,1.038,0.015663032531739063
SARS-CoV-2-K56T_V77L,10.395012855529783,train,10.38,1.038,0.015012855529782598
SARS-CoV-2-K199N,10.343280792236328,train,10.35888888888889,1.035888888888889,0.015608096652561798
SARS-CoV-2-I2G_K87R_T201S,10.65549659729004,train,10.68,1.068,0.024503402709958877
SARS-CoV-2-V37L_N151C,10.414033889770508,train,10.39,1.0390000000000001,0.024033889770507244
SARS-CoV-2-T55D_Y175K,10.63174819946289,train,10.63,1.0630000000000002,0.0017481994628898434
SARS-CoV-2-S129Q_V173A,10.65550422668457,train,10.68,1.068,0.024495773315429403
SARS-CoV-2-G9S_P191T,10.48893928527832,train,10.51,1.051,0.021060714721679474
SARS-CoV-2-G9Y_Y66V_Y175F,10.408905982971191,train,10.41,1.0410000000000001,0.0010940170288087359
SARS-CoV-2-V37F_P149I,10.371952056884766,train,10.35,1.035,0.02195205688476598
SARS-CoV-2-A18H_Y39V,10.390827178955078,train,10.4,1.04,0.00917282104492223
SARS-CoV-2-K56M_G174D,10.433557510375977,train,10.45,1.045,0.016442489624022727
SARS-CoV-2-F126R,10.317145347595217,train,10.34625,1.034625,0.029104652404782883
SARS-CoV-2-R78S_S184V,10.500356674194336,train,10.53,1.053,0.029643325805663423
SARS-CoV-2-V37S_Y178W,10.419023513793944,train,10.48,1.048,0.06097648620605689
SARS-CoV-2-Y35L_V65I_D98P_V173N_P197T,10.313180923461914,train,10.28,1.028,0.0331809234619147
SARS-CoV-2-N58Q_G155T_G172R,10.295510292053224,train,10.33,1.0330000000000001,0.03448970794677564
SARS-CoV-2-Y119K_E141Q,10.360671997070312,train,10.36,1.036,0.0006719970703130684
SARS-CoV-2-R16T_N58H,10.3980073928833,train,10.435,1.0435,0.036992607116699716
SARS-CoV-2-T3S_T15S_Y39F_L122F_S200R,10.317245483398438,train,10.28,1.028,0.03724548339843814
SARS-CoV-2-Y119H_Y143H,10.529376983642578,train,10.5,1.05,0.029376983642578125
SARS-CoV-2-Y66N_N171I,10.434782028198242,train,10.44,1.044,0.005217971801757315
SARS-CoV-2-V153E_G174K,10.428030014038086,train,10.43,1.043,0.0019699859619137783
SARS-CoV-2-N1L_Y39F_C61K,10.428503036499023,train,10.47,1.0470000000000002,0.0414969635009772
SARS-CoV-2-D90S_L111I_N171M_T201L,10.305006980895996,train,10.35,1.035,0.04499301910400355
SARS-CoV-2-R78S,10.302457809448242,train,10.363333333333332,1.036333333333333,0.06087552388508932
SARS-CoV-2-F156A_V173Y,10.602880477905272,train,10.55,1.0550000000000002,0.05288047790527095
SARS-CoV-2-C61K_T85R_N130R,10.357748985290527,train,10.32,1.032,0.03774898529052706
SARS-CoV-2-K48R,10.41891098022461,train,10.413,1.0413000000000001,0.005910980224609119
SARS-CoV-2-N130H_P197L,10.337955474853516,train,10.29,1.029,0.04795547485351648
SARS-CoV-2-Y35M_G83M,10.389720916748049,train,10.38,1.038,0.00972091674804787
SARS-CoV-2-L125V,10.465604782104492,train,10.455,1.0455,0.010604782104492116
SARS-CoV-2-T3D_S36A,10.355165481567385,train,10.385000000000002,1.0385000000000002,0.029834518432616974
SARS-CoV-2-V37L_S147P,10.522804260253906,train,10.54,1.054,0.017195739746092897
SARS-CoV-2-G9P_V77L,10.372869491577148,train,10.37,1.037,0.002869491577149219
SARS-CoV-2-I138T_V153S,10.471550941467283,train,10.5,1.05,0.02844905853271662
SARS-CoV-2-Y121L_T201M,10.322887420654297,train,10.35,1.035,0.02711257934570277
SARS-CoV-2-L38F_Y119S_V153G_T201W,10.337051391601562,train,10.34,1.034,0.002948608398437358
SARS-CoV-2-N4K_Y123K,10.30323600769043,train,10.32,1.032,0.016763992309570597
SARS-CoV-2-S45E_P54V_S147Y,10.339284896850586,train,10.34,1.034,0.0007151031494139204
SARS-CoV-2-T85R_D97L,10.461807250976562,train,10.495,1.0494999999999999,0.03319274902343672
SARS-CoV-2-A42G_T140M,10.334789276123049,train,10.34,1.034,0.0052107238769512065
SARS-CoV-2-G9H,10.362993240356444,train,10.366,1.0366,0.003006759643556123
SARS-CoV-2-V11I_S43K,10.448740005493164,train,10.45,1.045,0.001259994506835227
SARS-CoV-2-V173M_S184T,10.504178047180176,train,10.56,1.056,0.055821952819824716
SARS-CoV-2-N64A_A192T,10.566341400146484,train,10.57,1.0570000000000002,0.0036585998535159092
SARS-CoV-2-D98N_N120S,10.455526351928713,train,10.5,1.05,0.044473648071287286
SARS-CoV-2-K26S_Y39E_Y119H_N130K,10.317254066467283,train,10.32,1.032,0.0027459335327169043
SARS-CoV-2-D59S_V153S,10.360177993774414,train,10.38,1.038,0.01982200622558672
SARS-CoV-2-L122K_S129P_G174A,10.68650245666504,train,10.68,1.068,0.006502456665041123
SARS-CoV-2-L5N,10.427566528320312,train,10.407142857142857,1.0407142857142857,0.020423671177455915
SARS-CoV-2-G9D_R27V,10.503788948059082,train,10.57,1.0570000000000002,0.06621105194091825
SARS-CoV-2-G174K,10.35359001159668,train,10.37857142857143,1.037857142857143,0.024981416974750204
SARS-CoV-2-V11I_Q168C,10.545884132385254,train,10.54,1.054,0.005884132385254759
SARS-CoV-2-Y175N_A190R,10.598098754882812,train,10.57,1.0570000000000002,0.028098754882812216
SARS-CoV-2-R78K,10.402292251586914,train,10.42,1.042,0.017707748413085866
SARS-CoV-2-S147N,10.346248626708984,train,10.295,1.0295,0.051248626708984446
SARS-CoV-2-D98H_K114A_Y175L,10.443214416503906,train,10.43,1.043,0.013214416503906534
SARS-CoV-2-P169H,10.358936309814451,train,10.37,1.037,0.01106369018554787
SARS-CoV-2-L5W_T55S,10.32420539855957,train,10.34,1.034,0.015794601440429545
SARS-CoV-2-V37G_T55S,10.409427642822266,train,10.42,1.042,0.010572357177734304
SARS-CoV-2-L5D_N64F,10.37868881225586,train,10.42,1.042,0.041311187744140554
SARS-CoV-2-I2E_V37D_N110G,10.545086860656738,train,10.55,1.0550000000000002,0.004913139343262429
SARS-CoV-2-F134H_Y175K,10.359902381896973,train,10.39,1.0390000000000001,0.030097618103027912
SARS-CoV-2-R27T_Q163K,10.431206703186035,train,10.48,1.048,0.04879329681396527
SARS-CoV-2-Y119M_N157Q,10.4418306350708,train,10.44,1.044,0.0018306350708012786
SARS-CoV-2-P197Q,10.40999984741211,train,10.405,1.0405,0.0049998474121100145
SARS-CoV-2-A42E_L122R_G174Q,10.673513412475586,train,10.67,1.067,0.0035134124755860086
SARS-CoV-2-P54W_C61S,10.360837936401367,train,10.37,1.037,0.009162063598632031
SARS-CoV-2-G83L_S129V,10.560763359069824,train,10.54,1.054,0.02076335906982507
SARS-CoV-2-Y119T_F156R,10.41148567199707,train,10.38,1.038,0.03148567199706953
SARS-CoV-2-S200D,10.376384735107422,train,10.3925,1.03925,0.016115264892578196
SARS-CoV-2-F62M_G117H,10.416021347045898,train,10.45,1.045,0.03397865295410085
SARS-CoV-2-S129R_G155D,10.433839797973633,train,10.43,1.043,0.0038397979736330967
SARS-CoV-2-V37F_L122M,10.559054374694824,train,10.55,1.0550000000000002,0.009054374694823508
SARS-CoV-2-C61M_G174K,10.460893630981444,train,10.47,1.0470000000000002,0.009106369018557103
SARS-CoV-2-P149Q_G174Q,10.45826530456543,train,10.5,1.05,0.04173469543457031
SARS-CoV-2-Y39A,10.43746280670166,train,10.41,1.0410000000000001,0.027462806701660014
SARS-CoV-2-L5S_N171S,10.38933277130127,train,10.36,1.036,0.0293327713012701
SARS-CoV-2-A18S_V37L,10.34808349609375,train,10.35,1.035,0.0019165039062496447
SARS-CoV-2-Y39I_G83F_Y175L_S200G,10.633501052856444,train,10.64,1.064,0.006498947143557032
SARS-CoV-2-L5K_Y39S,10.568018913269045,train,10.58,1.058,0.011981086730955326
SARS-CoV-2-R78T_N157S,10.331090927124023,train,10.35,1.035,0.018909072875976207
SARS-CoV-2-N120R_K128A,10.384626388549805,train,10.47,1.0470000000000002,0.08537361145019595
SARS-CoV-2-E141D_G174W,10.40122127532959,train,10.41,1.0410000000000001,0.008778724670410298
SARS-CoV-2-S53K,10.350797653198242,train,10.36,1.036,0.009202346801757244
SARS-CoV-2-V37K_F160R,10.361135482788086,train,10.38,1.038,0.018864517211914844
SARS-CoV-2-Y119E_I138P,10.397452354431152,train,10.43,1.043,0.03254764556884737
SARS-CoV-2-Y39F_S139T,10.426912307739258,train,10.44,1.044,0.01308769226074169
SARS-CoV-2-L188A,10.500665664672852,train,10.485,1.0485,0.01566566467285213
SARS-CoV-2-P54M_K132N,10.339709281921388,train,10.35,1.035,0.01029071807861115
SARS-CoV-2-D90N_T100I_L187M,10.29458236694336,train,10.31,1.0310000000000001,0.015417633056641122
SARS-CoV-2-I142V_V153M,10.416017532348633,train,10.44,1.044,0.02398246765136669
SARS-CoV-2-F44W_G146A,10.35592555999756,train,10.36,1.036,0.0040744400024390615
SARS-CoV-2-G9E_P54T,10.362201690673828,train,10.4,1.04,0.03779830932617223
SARS-CoV-2-D59T_Y119S,10.540938377380373,train,10.56,1.056,0.019061622619627627
SARS-CoV-2-I2H,10.346660614013672,train,10.34,1.034,0.006660614013672017
SARS-CoV-2-T55S_R78A,10.5593843460083,train,10.59,1.059,0.030615653991699077
SARS-CoV-2-Y35L_F156H,10.590790748596191,train,10.58,1.058,0.010790748596191335
SARS-CoV-2-Y35W_K114W_G174R,10.601015090942385,train,10.62,1.062,0.01898490905761463
SARS-CoV-2-Y35I_S43I,10.38961410522461,train,10.38,1.038,0.009614105224608593
SARS-CoV-2-D90S_Y119M,10.350128173828123,train,10.37,1.037,0.019871826171875995
SARS-CoV-2-A42R_N151T,10.422391891479492,train,10.44,1.044,0.017608108520507315
SARS-CoV-2-T55L_N120E,10.462785720825195,train,10.48,1.048,0.017214279174805114
SARS-CoV-2-Q84M_Y119N,10.532365798950195,train,10.53,1.053,0.002365798950195952
SARS-CoV-2-I80L_L122S_P197Y,10.416284561157228,train,10.44,1.044,0.023715438842771164
SARS-CoV-2-R78N_Q168N,10.468510627746582,train,10.44,1.044,0.02851062774658253
SARS-CoV-2-G9F_L122F,10.566956520080566,train,10.58,1.058,0.013043479919433665
SARS-CoV-2-A190E_K198Y,10.33400535583496,train,10.33,1.0330000000000001,0.00400535583495909
SARS-CoV-2-N120D_I138P,10.452102661132812,train,10.49,1.0490000000000002,0.03789733886718771
SARS-CoV-2-L5E_S29D,10.399856567382812,train,10.4,1.04,0.00014343261718785527
SARS-CoV-2-G9K_L122F,10.451309204101562,train,10.47,1.0470000000000002,0.01869079589843814
SARS-CoV-2-S36R_Y119G_G155D,10.48736572265625,train,10.53,1.053,0.04263427734374936
SARS-CoV-2-S184V,10.357666015625,train,10.37,1.037,0.012333984374999218
SARS-CoV-2-G166N_T201V,10.634647369384766,train,10.64,1.064,0.0053526306152349434
SARS-CoV-2-F17W_K87L,10.495800018310549,train,10.5,1.05,0.004199981689451349
SARS-CoV-2-V32R_Y119D_Q144P,10.537849426269531,train,10.54,1.054,0.0021505737304678973
SARS-CoV-2-V37F_K128S,10.761466979980469,train,10.79,1.079,0.028533020019530397
SARS-CoV-2-S29V,10.333242416381836,train,10.365,1.0365,0.031757583618164276
SARS-CoV-2-N1E_P54M_P197A,10.493692398071287,train,10.49,1.0490000000000002,0.003692398071287073
SARS-CoV-2-K128S_Q163K,10.422243118286133,train,10.43,1.043,0.007756881713866903
SARS-CoV-2-L5S_N157L,10.558930397033691,train,10.6,1.06,0.04106960296630824
SARS-CoV-2-Y119V_N130A_T148S,10.555012702941896,train,10.58,1.058,0.024987297058103763
SARS-CoV-2-H189R,10.293248176574709,train,10.3225,1.0322500000000001,0.02925182342529098
SARS-CoV-2-R78T_P197Q,10.362895965576172,train,10.37,1.037,0.007104034423827343
SARS-CoV-2-T201K,10.358543395996094,train,10.383030303030305,1.0383030303030305,0.02448690703421086
SARS-CoV-2-T148V_T201N,10.504016876220703,train,10.51,1.051,0.005983123779296662
SARS-CoV-2-V37P_D59S_T201Q,10.384685516357422,train,10.36,1.036,0.024685516357422443
SARS-CoV-2-N1R_A42D_T55H_T148K,10.309555053710938,train,10.32,1.032,0.010444946289062784
SARS-CoV-2-P149D_P191S,10.30214500427246,train,10.28,1.028,0.0221450042724598
SARS-CoV-2-S53T_G155R,10.425237655639648,train,10.42,1.042,0.0052376556396485086
SARS-CoV-2-I2L_G9T,10.367088317871094,train,10.41,1.0410000000000001,0.04291168212890639
SARS-CoV-2-S53N,10.392099380493164,train,10.395,1.0395,0.002900619506835511
SARS-CoV-2-G196E,10.3552827835083,train,10.393333333333333,1.0393333333333332,0.038050549825031865
SARS-CoV-2-R16K_G117D,10.351139068603516,train,10.42,1.042,0.0688609313964843
SARS-CoV-2-T55K_G166W,10.332006454467772,train,10.35,1.035,0.017993545532227984
SARS-CoV-2-L122Q_Q144I_G166K,10.337011337280272,train,10.34,1.034,0.0029886627197281967
SARS-CoV-2-Y119T_T140D,10.528018951416016,train,10.54,1.054,0.011981048583983522
SARS-CoV-2-N120Q,10.419496536254885,train,10.415833333333332,1.0415833333333333,0.003663202921552866
SARS-CoV-2-L122M_T201V,10.51418113708496,train,10.545,1.0545,0.030818862915040768
SARS-CoV-2-I28L_L125D_H189Y,10.651100158691406,train,10.69,1.069,0.03889984130859325
SARS-CoV-2-I28M_T201L,10.667882919311523,train,10.65,1.0650000000000002,0.017882919311523082
SARS-CoV-2-L5Q,10.38785171508789,train,10.408181818181818,1.0408181818181819,0.020330103093927576
SARS-CoV-2-V37L_K56N_N120H,10.358323097229004,train,10.36,1.036,0.0016769027709955253
SARS-CoV-2-T46M,10.329874992370604,train,10.345,1.0345000000000002,0.015125007629396947
SARS-CoV-2-F134G_A192K,10.386825561523438,train,10.4,1.04,0.013174438476562855
SARS-CoV-2-F44W_D59S,10.492055892944336,train,10.485,1.0485,0.007055892944336506
SARS-CoV-2-V115T_S147P,10.440374374389648,train,10.46,1.046,0.019625625610352415
SARS-CoV-2-N1Q_P197R,10.459026336669922,train,10.47,1.0470000000000002,0.010973663330078764
SARS-CoV-2-V37A_V77L,10.65580940246582,train,10.65,1.0650000000000002,0.005809402465819957
SARS-CoV-2-I2S_T170H,10.3331298828125,train,10.37,1.037,0.03687011718749922
SARS-CoV-2-N58E_T201G,10.343955993652344,train,10.35,1.035,0.006044006347655895
SARS-CoV-2-T55F_E141Q_S147N_P197Q,10.40774631500244,train,10.43,1.043,0.022253684997560086
SARS-CoV-2-I2F_S147R_V153S,10.309206008911133,train,10.3,1.03,0.009206008911132102
SARS-CoV-2-H189E,10.358458518981934,train,10.39,1.0390000000000001,0.031541481018066975
SARS-CoV-2-K48I_C61R,10.349242210388184,train,10.37,1.037,0.020757789611815625
SARS-CoV-2-F126Y_F134G_N157V_P197I,10.30752182006836,train,10.32,1.032,0.01247817993164091
SARS-CoV-2-S184T_S200Y,10.345743179321287,train,10.38,1.038,0.034256820678713495
SARS-CoV-2-V32W_A42P_P149A,10.42852020263672,train,10.39,1.0390000000000001,0.03852020263671996
SARS-CoV-2-L5P_T140K,10.389068603515623,train,10.39,1.0390000000000001,0.0009313964843773448
SARS-CoV-2-R16I_A42H,10.433481216430664,train,10.44,1.044,0.00651878356933544
SARS-CoV-2-T100V_S184N,10.431648254394531,train,10.46,1.046,0.028351745605469603
SARS-CoV-2-F156M,10.452142715454102,train,10.44090909090909,1.044090909090909,0.011233624545011978
SARS-CoV-2-L187D,10.321969985961914,train,10.32,1.032,0.0019699859619137783
SARS-CoV-2-Y39M_K128L,10.380382537841797,train,10.38,1.038,0.0003825378417960934
SARS-CoV-2-L5E_S29C,10.405900955200195,train,10.39,1.0390000000000001,0.015900955200194744
SARS-CoV-2-L125R,10.378146171569824,train,10.36,1.036,0.018146171569824787
SARS-CoV-2-Q144N,10.301502227783203,train,10.305,1.0305,0.0034977722167965908
SARS-CoV-2-G9N_Y39L,10.436053276062012,train,10.45,1.045,0.01394672393798757
SARS-CoV-2-S147T,10.359899520874023,train,10.37,1.037,0.010100479125975781
SARS-CoV-2-I2D_S164H,10.489190101623535,train,10.55,1.0550000000000002,0.060809898376465554
SARS-CoV-2-K114R_G166D,10.529529571533203,train,10.55,1.0550000000000002,0.020470428466797586
SARS-CoV-2-V37F_K56W_D97V_V153K,10.371174812316896,train,10.35,1.035,0.021174812316896663
SARS-CoV-2-P191H,10.403058052062988,train,10.428,1.0428000000000002,0.024941947937012543
SARS-CoV-2-I2V_G9T,10.314863204956056,train,10.35,1.035,0.03513679504394318
SARS-CoV-2-S29P_G172S,10.46351432800293,train,10.48,1.048,0.01648567199707074
SARS-CoV-2-R16N_K132S,10.326008796691896,train,10.35,1.035,0.023991203308103337
SARS-CoV-2-T170H_K198H,10.46054744720459,train,10.46,1.046,0.0005474472045889911
SARS-CoV-2-N1R_P7S_Y175S,10.413100242614746,train,10.46,1.046,0.04689975738525476
SARS-CoV-2-N1E_T170M,10.468619346618652,train,10.49,1.0490000000000002,0.02138065338134787
SARS-CoV-2-I2R_P191G,10.39011573791504,train,10.4,1.04,0.009884262084959516
SARS-CoV-2-S41T_Y119K_K199C,10.511064529418944,train,10.51,1.051,0.0010645294189437493
SARS-CoV-2-L122G_N157C,10.434657096862791,train,10.47,1.0470000000000002,0.03534290313720945
SARS-CoV-2-I28L_D97L_V115W,10.350163459777832,train,10.35,1.035,0.00016345977783238652
SARS-CoV-2-P149R_F156L,10.318764686584473,train,10.33,1.0330000000000001,0.011235313415527415
SARS-CoV-2-T170N_K198R,10.38190746307373,train,10.365,1.0365,0.016907463073730256
SARS-CoV-2-I138S_T201S,10.429731369018556,train,10.49,1.0490000000000002,0.06026863098144375
SARS-CoV-2-K128N_E141D,10.428375244140623,train,10.475,1.0475,0.04662475585937642
SARS-CoV-2-C61V_S129V_F156L,10.333189010620115,train,10.36,1.036,0.02681098937988402
SARS-CoV-2-K114N_A190V,10.445686340332031,train,10.43,1.043,0.015686340332031534
SARS-CoV-2-T170I_G196R,10.292359352111816,train,10.26,1.026,0.03235935211181662
SARS-CoV-2-L122Y_G166S_A190D,10.52488136291504,train,10.55,1.0550000000000002,0.02511863708495987
SARS-CoV-2-R78N,10.52004337310791,train,10.54,1.054,0.01995662689208899
SARS-CoV-2-Y35W_L60Y,10.5128173828125,train,10.52,1.052,0.007182617187499574
SARS-CoV-2-T3S_N109K,10.484121322631836,train,10.47,1.0470000000000002,0.014121322631835298
SARS-CoV-2-F8L_D98T,10.330974578857422,train,10.33,1.0330000000000001,0.0009745788574218039
SARS-CoV-2-F44Y_T63A_Y159S,10.441690444946287,train,10.48,1.048,0.03830955505371314
SARS-CoV-2-V32L_C61I_Y175H_A192T,10.513813972473145,train,10.52,1.052,0.006186027526855042
SARS-CoV-2-L125S,10.582659721374512,train,10.56,1.056,0.02265972137451122
SARS-CoV-2-I28F_N118S_T148K,10.693734169006348,train,10.72,1.072,0.026265830993652983
SARS-CoV-2-G117K_T201N,10.334209442138672,train,10.33,1.0330000000000001,0.004209442138671804
SARS-CoV-2-N171D,10.334257125854492,train,10.322857142857144,1.0322857142857145,0.011399982997348346
SARS-CoV-2-N130P,10.499794960021973,train,10.5175,1.05175,0.017705039978027415
SARS-CoV-2-N64T_K114W_T201G,10.434001922607422,train,10.45,1.045,0.015998077392577414
SARS-CoV-2-K87I_T140I,10.497025489807127,train,10.5,1.05,0.00297451019287287
SARS-CoV-2-P7D_N171S,10.613847732543944,train,10.64,1.064,0.026152267456057032
SARS-CoV-2-V32F_N110K,10.462156295776367,train,10.46,1.046,0.002156295776366335
SARS-CoV-2-L5Q_R16Y_S164T,10.378890991210938,train,10.39,1.0390000000000001,0.011109008789063068
SARS-CoV-2-N157G,10.363517761230469,train,10.3325,1.03325,0.031017761230469176
SARS-CoV-2-N157R_N171S,10.34821319580078,train,10.38,1.038,0.03178680419922131
SARS-CoV-2-N4M_C61R_Y175G,10.29963493347168,train,10.3,1.03,0.00036506652832102304
SARS-CoV-2-V37T_T148V,10.64996337890625,train,10.63,1.0630000000000002,0.01996337890624922
SARS-CoV-2-G83Q_Y175S_T201Y,10.430044174194336,train,10.48,1.048,0.04995582580566449
SARS-CoV-2-A145V_T201R,10.363447189331056,train,10.37,1.037,0.0065528106689427545
SARS-CoV-2-K87M_G116V,10.427209854125977,train,10.43,1.043,0.0027901458740231533
SARS-CoV-2-V37K_F160T_P197Q,10.432100296020508,train,10.42,1.042,0.012100296020507884
SARS-CoV-2-I2M_Y39T,10.535675048828123,train,10.55,1.0550000000000002,0.014324951171877487
SARS-CoV-2-S164H,10.37778663635254,train,10.385,1.0385,0.007213363647458948
SARS-CoV-2-Y66T_Y159M,10.3426513671875,train,10.31,1.0310000000000001,0.0326513671874995
SARS-CoV-2-T100R_H189N,10.405049324035645,train,10.43,1.043,0.024950675964355185
SARS-CoV-2-A42R_T55I_T140S,10.328547477722168,train,10.32,1.032,0.008547477722167685
SARS-CoV-2-G174Q,10.44192600250244,train,10.455714285714285,1.0455714285714286,0.013788283211844998
SARS-CoV-2-R27I_V37R_P149L,10.330547332763672,train,10.34,1.034,0.009452667236327983
SARS-CoV-2-V37I,10.408163070678713,train,10.416315789473684,1.0416315789473685,0.008152718794971037
SARS-CoV-2-T3M_Q168A,10.377161026000977,train,10.37,1.037,0.007161026000977344
SARS-CoV-2-G83H,10.29950714111328,train,10.276,1.0276,0.023507141113279673
SARS-CoV-2-V37L_T148L_T170L,10.355159759521484,train,10.39,1.0390000000000001,0.03484024047851619
SARS-CoV-2-I2K_V37L,10.609774589538574,train,10.65,1.0650000000000002,0.040225410461426137
SARS-CoV-2-N118S_G174M,10.336193084716797,train,10.46,1.046,0.12380691528320398
SARS-CoV-2-L60R_F156L,10.425616264343262,train,10.43,1.043,0.004383735656737997
SARS-CoV-2-S53P_Y119E,10.342245101928713,train,10.34,1.034,0.002245101928712856
SARS-CoV-2-I28M_Y119M_I138V,10.523748397827148,train,10.48,1.048,0.04374839782714801
SARS-CoV-2-D97L_K132N,10.335735321044922,train,10.38,1.038,0.04426467895507891
SARS-CoV-2-Y39F_T85R,10.495012283325195,train,10.48,1.048,0.015012283325194886
SARS-CoV-2-I2Q_G174T,10.47056770324707,train,10.47,1.0470000000000002,0.000567703247069673
SARS-CoV-2-C6G_Y35L,10.405651092529297,train,10.445,1.0445,0.03934890747070341
SARS-CoV-2-K87L,10.347210884094238,train,10.314117647058824,1.0314117647058825,0.03309323703541445
SARS-CoV-2-K26Q_V173T,10.319557189941406,train,10.36,1.036,0.04044281005859318
SARS-CoV-2-G174N_H189N,10.465519905090332,train,10.48,1.048,0.014480094909668395
SARS-CoV-2-N109Q,10.412684440612791,train,10.4,1.04,0.012684440612790837
SARS-CoV-2-P7S_Y39V_N120V_Y175K,10.328147888183594,train,10.33,1.0330000000000001,0.001852111816406321
SARS-CoV-2-L60I_F156S,10.303356170654297,train,10.31,1.0310000000000001,0.006643829345703622
SARS-CoV-2-I2M_I28M_Q163N,10.346210479736328,train,10.34,1.034,0.006210479736328267
SARS-CoV-2-F62M_L122F,10.589658737182615,train,10.61,1.061,0.02034126281738402
SARS-CoV-2-Y119T_F156S_V173E,10.580723762512209,train,10.59,1.059,0.00927623748779105
SARS-CoV-2-Y119H_G155Q,10.518060684204102,train,10.46,1.046,0.05806068420410071
SARS-CoV-2-Y35F_K87C_N157R_Q168C,10.295570373535156,train,10.33,1.0330000000000001,0.03442962646484382
SARS-CoV-2-F8L_V37P,10.407472610473633,train,10.39,1.0390000000000001,0.017472610473632244
SARS-CoV-2-S129G_F156M,10.492053985595703,train,10.52,1.052,0.02794601440429645
SARS-CoV-2-V37F_Q168T,10.50187873840332,train,10.49,1.0490000000000002,0.0118787384033201
SARS-CoV-2-L5N_T148V,10.351972579956056,train,10.385,1.0385,0.03302742004394332
SARS-CoV-2-Y119S_P149S,10.414361953735352,train,10.41,1.0410000000000001,0.00436195373535142
SARS-CoV-2-Y121L_Q163E,10.445428848266602,train,10.42,1.042,0.025428848266601634
SARS-CoV-2-N109Q_Y123F,10.405233383178713,train,10.43,1.043,0.024766616821287002
SARS-CoV-2-I28Y_T201R,10.594669342041016,train,10.62,1.062,0.025330657958983593
SARS-CoV-2-C61S_P149R,10.364107131958008,train,10.36,1.036,0.004107131958008381
SARS-CoV-2-S36R_C61Q,10.621614456176758,train,10.65,1.0650000000000002,0.028385543823242543
SARS-CoV-2-A190R_K198R,10.43953800201416,train,10.44,1.044,0.00046199798583934637
SARS-CoV-2-Y66W_T201Q,10.548797607421877,train,10.52,1.052,0.028797607421877203
SARS-CoV-2-K48E_T148N,10.33920192718506,train,10.38,1.038,0.04079807281494041
SARS-CoV-2-I104V_Y119N,10.307258605957031,train,10.285,1.0285,0.022258605957031108
SARS-CoV-2-Y143S_G174D_P197L,10.3177490234375,train,10.35,1.035,0.032250976562499645
SARS-CoV-2-L125G,10.424288749694824,train,10.374,1.0374,0.050288749694823665
SARS-CoV-2-N130C,10.312280654907228,train,10.33,1.0330000000000001,0.017719345092771732
SARS-CoV-2-C61Q_S147D,10.544441223144531,train,10.52,1.052,0.024441223144531676
SARS-CoV-2-K87L_S164N,10.420781135559082,train,10.44,1.044,0.01921886444091747
SARS-CoV-2-G9A_V32S_K56T_K87T_G116N_K132R,10.489021301269531,train,10.51,1.051,0.020978698730468537
SARS-CoV-2-G9H_C61L,10.328211784362791,train,10.35,1.035,0.021788215637208452
SARS-CoV-2-V153C_F160Y,10.406445503234863,train,10.43,1.043,0.023554496765136435
SARS-CoV-2-N40S_N64S_V153S,10.345466613769531,train,10.39,1.0390000000000001,0.04453338623046932
SARS-CoV-2-L5S_T201C,10.448423385620115,train,10.45,1.045,0.0015766143798838783
SARS-CoV-2-K48R_Q163L,10.301897048950195,train,10.3,1.03,0.001897048950194602
SARS-CoV-2-K114V,10.333978652954102,train,10.341,1.0341,0.007021347045897741
SARS-CoV-2-L5R_N120K,10.387520790100098,train,10.43,1.043,0.04247920989990206
SARS-CoV-2-G116P_F134Y_F160P_A192S,10.319734573364258,train,10.295,1.0295,0.024734573364257884
SARS-CoV-2-I2V_K198M,10.683286666870115,train,10.73,1.0730000000000002,0.046713333129885015
SARS-CoV-2-L60T_Y175D,10.30231475830078,train,10.32,1.032,0.01768524169922081
SARS-CoV-2-V37W_G116E_G174L,10.519840240478516,train,10.54,1.054,0.020159759521483522
SARS-CoV-2-D97E_S113A_L122T_G166K,10.462675094604492,train,10.49,1.0490000000000002,0.027324905395508026
SARS-CoV-2-G196C_K198N,10.332534790039062,train,10.37,1.037,0.03746520996093672
SARS-CoV-2-Y39V_F156V,10.71219253540039,train,10.74,1.074,0.027807464599609588
SARS-CoV-2-P149Q_G166E_T201S,10.617733001708984,train,10.63,1.0630000000000002,0.012266998291016407
SARS-CoV-2-N64T_T140N,10.380887985229492,train,10.37,1.037,0.010887985229492969
SARS-CoV-2-C61T_Y119N,10.421356201171877,train,10.4,1.04,0.02135620117187642
SARS-CoV-2-Y35L_G155D,10.402215003967283,train,10.4,1.04,0.0022150039672830246
SARS-CoV-2-K56Y_L122R,10.42726707458496,train,10.45,1.045,0.02273292541504013
SARS-CoV-2-C61A_Y119C,10.292970657348633,train,10.23,1.0230000000000001,0.06297065734863239
SARS-CoV-2-N4K_T55G_K56N,10.463384628295898,train,10.49,1.0490000000000002,0.026615371704101776
SARS-CoV-2-N64T,10.387556076049805,train,10.35,1.035,0.03755607604980504
SARS-CoV-2-L5S_K132S,10.355894088745115,train,10.38,1.038,0.02410591125488537
SARS-CoV-2-K87P,10.339460372924805,train,10.363333333333337,1.0363333333333338,0.02387296040853215
SARS-CoV-2-S41Q_K198R,10.351181030273438,train,10.34,1.034,0.011181030273437642
SARS-CoV-2-Y119R_E141K,10.373762130737305,train,10.37,1.037,0.003762130737305469
SARS-CoV-2-K56N_L122W,10.492341995239258,train,10.48,1.048,0.012341995239257386
SARS-CoV-2-P54I_F156R_K198L,10.456663131713867,train,10.47,1.0470000000000002,0.013336868286133452
SARS-CoV-2-K87R_P197V,10.612905502319336,train,10.61,1.061,0.002905502319336506
SARS-CoV-2-L5K_N120K,10.381551742553713,train,10.4,1.04,0.01844825744628764
SARS-CoV-2-G83M_Q168D,10.294559478759766,train,10.3,1.03,0.0054405212402350855
SARS-CoV-2-L125V_K199I,10.418249130249023,train,10.42,1.042,0.0017508697509764914
SARS-CoV-2-I2L_S29C_Q168L,10.304071426391602,train,10.31,1.0310000000000001,0.005928573608398935
SARS-CoV-2-L60Y_P149Q,10.518630027770996,train,10.54,1.054,0.021369972229003054
SARS-CoV-2-P7N_E141G_G166I,10.374037742614746,train,10.39,1.0390000000000001,0.015962257385254475
SARS-CoV-2-S200A,10.555313110351562,train,10.54,1.054,0.015313110351563353
SARS-CoV-2-E141Q_P197T,10.509480476379396,train,10.52,1.052,0.010519523620603266
SARS-CoV-2-A192E,10.392889022827148,train,10.411,1.0411,0.01811097717285115
SARS-CoV-2-Y121F_T201L,10.350245475769045,train,10.37,1.037,0.019754524230954473
SARS-CoV-2-N24E_L60V_L125T_G146K,10.321174621582031,train,10.32,1.032,0.0011746215820309658
SARS-CoV-2-I2A_Y39K_S45H,10.437958717346191,train,10.43,1.043,0.00795871734619169
SARS-CoV-2-Y39K_L125K_G146Y_V153M,10.358076095581056,train,10.35,1.035,0.008076095581056819
SARS-CoV-2-E10S_I138L,10.387460708618164,train,10.4,1.04,0.012539291381836293
SARS-CoV-2-I2S_P149A,10.499324798583984,train,10.48,1.048,0.01932479858398395
SARS-CoV-2-T201A,10.339513778686523,train,10.387857142857143,1.0387857142857144,0.04834336417061991
SARS-CoV-2-S36E_F160A_K198R,10.39735221862793,train,10.39,1.0390000000000001,0.007352218627929119
SARS-CoV-2-V37L_K114G_S129Q,10.586917877197266,train,10.59,1.059,0.003082122802734233
SARS-CoV-2-S36M_F156G,10.440534591674805,train,10.44,1.044,0.0005345916748051849
SARS-CoV-2-V115A,10.420522689819336,train,10.354285714285714,1.0354285714285714,0.06623697553362184
SARS-CoV-2-I138S_G174L,10.378373146057127,train,10.39,1.0390000000000001,0.011626853942873439
SARS-CoV-2-T46L_K128H,10.332585334777832,train,10.36,1.036,0.0274146652221674
SARS-CoV-2-D59E_K198A,10.559001922607422,train,10.58,1.058,0.020998077392578196
SARS-CoV-2-N110E_S129Y,10.342068672180176,train,10.37,1.037,0.027931327819823437
SARS-CoV-2-S43N_K56S_N157T,10.327824592590332,train,10.33,1.0330000000000001,0.00217540740966804
SARS-CoV-2-D98N_K199I,10.444698333740234,train,10.48,1.048,0.03530166625976605
SARS-CoV-2-V115Y,10.35615062713623,train,10.374,1.0374,0.017849372863770085
SARS-CoV-2-P197S,10.459303855895996,train,10.492857142857144,1.0492857142857144,0.03355328696114768
SARS-CoV-2-S36D_Y175D,10.617366790771484,train,10.63,1.0630000000000002,0.012633209228516407
SARS-CoV-2-R16S_K128T_V153S,10.44848918914795,train,10.47,1.0470000000000002,0.02151081085205142
SARS-CoV-2-P149I_T170G,10.312726974487305,train,10.325,1.0325,0.012273025512694602
SARS-CoV-2-F160A,10.375579833984377,train,10.36,1.036,0.015579833984377345
SARS-CoV-2-C61I_K87S,10.384560585021973,train,10.4,1.04,0.015439414978027699
SARS-CoV-2-K128N,10.33590030670166,train,10.338888888888889,1.0338888888888889,0.002988582187228417
SARS-CoV-2-P169N,10.346540451049805,train,10.36,1.036,0.013459548950194744
SARS-CoV-2-K48R_T55F,10.481769561767578,train,10.5,1.05,0.018230438232421875
SARS-CoV-2-V37T_N64S_S147E,10.633100509643556,train,10.64,1.064,0.006899490356444105
SARS-CoV-2-S43T_Y175L,10.474990844726562,train,10.49,1.0490000000000002,0.015009155273437713
SARS-CoV-2-K199P,10.535913467407228,train,10.55,1.0550000000000002,0.014086532592772372
SARS-CoV-2-K114N_Y175S,10.42954158782959,train,10.43,1.043,0.00045841217040987203
SARS-CoV-2-Q168R_K199M,10.472210884094238,train,10.48,1.048,0.007789115905762145
SARS-CoV-2-G83N_S164Q,10.488567352294922,train,10.52,1.052,0.0314326477050777
SARS-CoV-2-S29G_N171Y,10.351913452148438,train,10.36,1.036,0.008086547851561932
SARS-CoV-2-T55Y_E76H_F160S_K198R,10.366064071655272,train,10.34,1.034,0.026064071655271803
SARS-CoV-2-S36A_N120E_Y143V,10.324390411376951,train,10.33,1.0330000000000001,0.005609588623048722
SARS-CoV-2-Y119G_N130Y_T148A,10.312726974487305,train,10.27,1.027,0.042726974487305114
SARS-CoV-2-N24S_A89S,10.36589813232422,train,10.41,1.0410000000000001,0.044101867675779616
SARS-CoV-2-S36D_Q163Y,10.396297454833984,train,10.42,1.042,0.023702545166015554
SARS-CoV-2-N64M_Y119N_S129R_N171M,10.355754852294922,train,10.38,1.038,0.024245147705078907
SARS-CoV-2-G9R_N40K_T201H,10.497624397277832,train,10.43,1.043,0.06762439727783232
SARS-CoV-2-F62T_A192I,10.473069190979004,train,10.47,1.0470000000000002,0.0030691909790032668
SARS-CoV-2-T100Y_T148Y,10.500471115112305,train,10.52,1.052,0.019528884887694886
SARS-CoV-2-A192V,10.361879348754885,train,10.353333333333332,1.0353333333333332,0.008546015421552866
SARS-CoV-2-Y35W_D90Y,10.494966506958008,train,10.51,1.051,0.015033493041991974
SARS-CoV-2-P7S_L122H,10.332008361816406,train,10.32,1.032,0.012008361816405966
SARS-CoV-2-L122K_N151A_F156K,10.52603530883789,train,10.52,1.052,0.006035308837891051
SARS-CoV-2-N4T,10.383275032043455,train,10.4175,1.0417500000000002,0.03422496795654517
SARS-CoV-2-K87V_N120Q_E141D,10.308778762817385,train,10.31,1.0310000000000001,0.0012212371826159085
SARS-CoV-2-S19P_L122Y,10.432527542114258,train,10.5,1.05,0.06747245788574219
SARS-CoV-2-I2K_G166T,10.339126586914062,train,10.39,1.0390000000000001,0.05087341308593807
SARS-CoV-2-T85K_Q163R,10.31438446044922,train,10.33,1.0330000000000001,0.015615539550779545
SARS-CoV-2-N130V_T140D,10.325113296508787,train,10.37,1.037,0.04488670349121193
SARS-CoV-2-T63K_K199W,10.465811729431152,train,10.46,1.046,0.005811729431151491
SARS-CoV-2-N171C_P197H,10.556249618530272,train,10.56,1.056,0.0037503814697288362
SARS-CoV-2-Y91F_Y123F,10.355029106140137,train,10.38,1.038,0.024970893859864063
SARS-CoV-2-G172L_L187Q,10.503203392028809,train,10.47,1.0470000000000002,0.033203392028807954
SARS-CoV-2-T85S_E154C,10.410661697387695,train,10.44,1.044,0.02933830261230419
SARS-CoV-2-T55F_K87I_L125G,10.581527709960938,train,10.59,1.059,0.008472290039062358
SARS-CoV-2-R27K_L60C,10.321266174316406,train,10.35,1.035,0.028733825683593395
SARS-CoV-2-V37S_K87R_Y121L,10.358074188232422,train,10.39,1.0390000000000001,0.03192581176757869
SARS-CoV-2-P7K_Y35V,10.300264358520508,train,10.365,1.0365,0.0647356414794924
SARS-CoV-2-G116A_G166H,10.34368133544922,train,10.34,1.034,0.0036813354492206685
SARS-CoV-2-R16Y_N151R,10.392748832702637,train,10.41,1.0410000000000001,0.017251167297363423
SARS-CoV-2-Q144S_L187Q,10.492201805114746,train,10.52,1.052,0.02779819488525348
SARS-CoV-2-V65L_P149R,10.350258827209473,train,10.37,1.037,0.019741172790526562
SARS-CoV-2-I142V_P197T,10.360538482666016,train,10.38,1.038,0.019461517333985157
SARS-CoV-2-T3N_P54R_C61R_K199Q,10.423975944519045,train,10.44,1.044,0.016024055480954758
SARS-CoV-2-V37K_C61H_K87G_N110T_L122S,10.392879486083984,train,10.43,1.043,0.03712051391601534
SARS-CoV-2-D97I_S129T,10.35714340209961,train,10.37,1.037,0.012856597900389843
SARS-CoV-2-T46M_F156W,10.310279846191406,train,10.35,1.035,0.039720153808593395
SARS-CoV-2-V37A_S53L_F160R,10.664102554321287,train,10.68,1.068,0.01589744567871243
SARS-CoV-2-R16S_T148L,10.319936752319336,train,10.35,1.035,0.030063247680663707
SARS-CoV-2-Y123H,10.306785583496094,train,10.315,1.0315,0.008214416503905753
SARS-CoV-2-Y39A_T201H,10.548442840576172,train,10.52,1.052,0.0284428405761723
SARS-CoV-2-F156H_T170S,10.490114212036133,train,10.5,1.05,0.009885787963867188
SARS-CoV-2-Y175S,10.475946426391602,train,10.466470588235294,1.0466470588235295,0.009475838156307148
SARS-CoV-2-Y159Q,10.434057235717772,train,10.4,1.04,0.034057235717771306
SARS-CoV-2-F126V_P149L,10.353996276855469,train,10.39,1.0390000000000001,0.03600372314453182
SARS-CoV-2-A42Q_L60Y_Q84E,10.4742431640625,train,10.48,1.048,0.005756835937500426
SARS-CoV-2-K56R,10.395124435424805,train,10.372941176470588,1.037294117647059,0.022183258954216356
SARS-CoV-2-K199M,10.34287166595459,train,10.321428571428571,1.0321428571428573,0.02144309452601867
SARS-CoV-2-S29H_N110A,10.37784194946289,train,10.35,1.035,0.02784194946289098
SARS-CoV-2-T55E_Y119L,10.371514320373535,train,10.4,1.04,0.0284856796264652
SARS-CoV-2-T55L_Q168M_K198N,10.566988945007324,train,10.55,1.0550000000000002,0.016988945007323508
SARS-CoV-2-P7E_N120S,10.47679042816162,train,10.51,1.051,0.03320957183838047
SARS-CoV-2-F62L_K87M,10.44248104095459,train,10.47,1.0470000000000002,0.027518959045410796
SARS-CoV-2-L60Q_Q84T,10.404842376708984,train,10.39,1.0390000000000001,0.014842376708983807
SARS-CoV-2-T15P_K87V_G166R_V173S,10.656364440917969,train,10.68,1.068,0.023635559082030966
SARS-CoV-2-V37S_L125C_T148G,10.554174423217772,train,10.57,1.0570000000000002,0.015825576782228623
SARS-CoV-2-K114T_F160R_G172F,10.464115142822266,train,10.44,1.044,0.024115142822266122
SARS-CoV-2-Y119G_L188V,10.469970703125,train,10.47,1.0470000000000002,2.929687500063949e-05
SARS-CoV-2-I2S_F62C,10.384117126464844,train,10.42,1.042,0.03588287353515618
SARS-CoV-2-V37S_S147Y,10.399370193481444,train,10.45,1.045,0.05062980651855575
SARS-CoV-2-G116K,10.32155418395996,train,10.356,1.0356,0.03444581604004071
SARS-CoV-2-T46I_T140A,10.331947326660156,train,10.28,1.028,0.05194732666015689
SARS-CoV-2-D90N_Y175S,10.425071716308594,train,10.42,1.042,0.005071716308593821
SARS-CoV-2-A18Q_L125T,10.533851623535156,train,10.55,1.0550000000000002,0.01614837646484446
SARS-CoV-2-V32Q_T55D,10.628952026367188,train,10.67,1.067,0.04104797363281243
SARS-CoV-2-R16F_V37S_K114L_G166R,10.60606575012207,train,10.64,1.064,0.033934249877930256
SARS-CoV-2-A190K,10.329492568969728,train,10.32,1.032,0.009492568969728055
SARS-CoV-2-K56S_Y119D,10.41254425048828,train,10.39,1.0390000000000001,0.022544250488278905
SARS-CoV-2-K26Q_K128P,10.353647232055664,train,10.35,1.035,0.0036472320556644178
SARS-CoV-2-N1G_V37K,10.561161994934082,train,10.59,1.059,0.028838005065917827
SARS-CoV-2-Y35W_L60E_G83R,10.43748378753662,train,10.48,1.048,0.04251621246338111
SARS-CoV-2-L60A_Y119R,10.309653282165527,train,10.32,1.032,0.01034671783447294
SARS-CoV-2-S41A_F126A,10.319398880004885,train,10.33,1.0330000000000001,0.010601119995115482
SARS-CoV-2-V37S_T63S_E141M,10.303781509399414,train,10.35,1.035,0.04621849060058558
SARS-CoV-2-T63E_G166R,10.325382232666016,train,10.38,1.038,0.05461776733398516
SARS-CoV-2-I2E_K198R,10.551139831542969,train,10.59,1.059,0.03886016845703111
SARS-CoV-2-F126C,10.455876350402832,train,10.4475,1.04475,0.008376350402832244
SARS-CoV-2-L5E_F160K,10.343904495239258,train,10.34,1.034,0.0039044952392579546
SARS-CoV-2-S129T_E141S_K198T,10.421676635742188,train,10.38,1.038,0.04167663574218672
SARS-CoV-2-P54Q_F62Y,10.388795852661133,train,10.4,1.04,0.011204147338867543
SARS-CoV-2-G9H_L95V,10.445603370666504,train,10.47,1.0470000000000002,0.024396629333496733
SARS-CoV-2-V37L_L125V,10.633875846862791,train,10.59,1.059,0.043875846862791335
SARS-CoV-2-P149A_Y159I,10.374786376953123,train,10.36,1.036,0.014786376953123792
SARS-CoV-2-N40D_Y143Q_F160L_P197I,10.502107620239258,train,10.53,1.053,0.027892379760741548
SARS-CoV-2-K114G_V173Q,10.354812622070312,train,10.4,1.04,0.045187377929687855
SARS-CoV-2-T100H_I104F,10.460943222045898,train,10.46,1.046,0.0009432220458975848
SARS-CoV-2-A18S_K87I,10.32988739013672,train,10.33,1.0330000000000001,0.0001126098632795447
SARS-CoV-2-F62L_L122G_G196L,10.391883850097656,train,10.44,1.044,0.04811614990234325
SARS-CoV-2-T55A_V153E_T201Y,10.583471298217772,train,10.61,1.061,0.02652870178222777
SARS-CoV-2-Q168A_Y175D,10.511221885681152,train,10.53,1.053,0.018778114318847017
SARS-CoV-2-Y119L_T201M,10.446414947509766,train,10.44,1.044,0.006414947509766122
SARS-CoV-2-N24S_P197L,10.441407203674316,train,10.42,1.042,0.021407203674316477
SARS-CoV-2-D98T_P197V,10.607339859008787,train,10.6,1.06,0.007339859008787641
SARS-CoV-2-G83M_V115I,10.447474479675291,train,10.5,1.05,0.05252552032470881
SARS-CoV-2-P149S_G152N,10.46562385559082,train,10.48,1.048,0.014376144409180114
SARS-CoV-2-E154S,10.299667358398438,train,10.316666666666666,1.0316666666666667,0.01699930826822893
SARS-CoV-2-Y119A_N157A,10.366233825683594,train,10.27,1.027,0.09623382568359418
SARS-CoV-2-C61S_A192E,10.469680786132812,train,10.44,1.044,0.029680786132812997
SARS-CoV-2-Y35C_L125A,10.331029891967772,train,10.34,1.034,0.008970108032228197
SARS-CoV-2-G9S_E154V,10.373395919799805,train,10.4,1.04,0.026604080200195668
SARS-CoV-2-T55K_Q84A,10.4310884475708,train,10.38,1.038,0.0510884475708
SARS-CoV-2-A89S_P191S,10.594669342041016,train,10.59,1.059,0.004669342041015767
SARS-CoV-2-A145H_F156S_Y178H,10.648313522338867,train,10.65,1.0650000000000002,0.0016864776611331678
SARS-CoV-2-L5Q_V37E,10.57420253753662,train,10.56,1.056,0.01420253753661882
SARS-CoV-2-P54A_V173C,10.375389099121094,train,10.38,1.038,0.004610900878907032
SARS-CoV-2-G174M,10.382972717285156,train,10.419230769230769,1.041923076923077,0.03625805194561238
SARS-CoV-2-K128L_F160A_P197V,10.463338851928713,train,10.47,1.0470000000000002,0.006661148071287926
SARS-CoV-2-N120E_N171D,10.380295753479004,train,10.34,1.034,0.04029575347900405
SARS-CoV-2-K87T_P197T,10.54344367980957,train,10.52,1.052,0.02344367980957074
SARS-CoV-2-V37S_T201S,10.677043914794922,train,10.71,1.0710000000000002,0.03295608520507898
SARS-CoV-2-F156A_S184N,10.47507381439209,train,10.48,1.048,0.004926185607910583
SARS-CoV-2-K87M_S129V_Y175R,10.438486099243164,train,10.43,1.043,0.008486099243164347
SARS-CoV-2-I104V_V115F_Q168K,10.301376342773438,train,10.29,1.029,0.011376342773438353
SARS-CoV-2-N1S_G9H,10.427003860473633,train,10.42,1.042,0.0070038604736328836
SARS-CoV-2-K26I,10.456428527832031,train,10.49,1.0490000000000002,0.03357147216796896
SARS-CoV-2-I2C,10.368064880371094,train,10.388571428571428,1.038857142857143,0.02050654820033415
SARS-CoV-2-T100R_S129N,10.604783058166504,train,10.63,1.0630000000000002,0.025216941833496875
SARS-CoV-2-Y119L_G174V_P197T,10.537214279174805,train,10.54,1.054,0.00278572082519446
SARS-CoV-2-L5P_E141R,10.407022476196287,train,10.44,1.044,0.032977523803712216
SARS-CoV-2-C61R_I142L_Q163C,10.377723693847656,train,10.4,1.04,0.022276306152344105
SARS-CoV-2-L5M,10.355895042419434,train,10.385,1.0385,0.029104957580566193
SARS-CoV-2-E141T_A192M,10.442914009094238,train,10.48,1.048,0.037085990905762145
SARS-CoV-2-S45Q_L125K,10.434530258178713,train,10.43,1.043,0.004530258178712998
SARS-CoV-2-L5F_Y39T,10.555337905883787,train,10.52,1.052,0.03533790588378771
SARS-CoV-2-Y35L_G51R_Y119M_F156T_P169I,10.390560150146484,train,10.35,1.035,0.04056015014648473
SARS-CoV-2-N151A_G174R,10.376808166503906,train,10.4,1.04,0.023191833496094105
SARS-CoV-2-F12L_Y35L_T55F,10.345550537109377,train,10.345,1.0345000000000002,0.0005505371093761369
SARS-CoV-2-A190E,10.365994453430176,train,10.378,1.0378,0.012005546569824332
SARS-CoV-2-R16S_V37W_F134Y_K199I,10.721107482910156,train,10.76,1.076,0.03889251708984354
SARS-CoV-2-Y35I_A42G_T55H,10.3324556350708,train,10.34,1.034,0.007544364929199077
SARS-CoV-2-N64W_L125T,10.5211820602417,train,10.53,1.053,0.008817939758300142
SARS-CoV-2-N64E_G174R,10.369848251342772,train,10.38,1.038,0.01015174865722912
SARS-CoV-2-R78H_L125G_G174P,10.467097282409668,train,10.49,1.0490000000000002,0.022902717590332244
SARS-CoV-2-E141K_Y175H,10.325987815856934,train,10.32,1.032,0.0059878158569333095
SARS-CoV-2-Y39V_G117S,10.317298889160156,train,10.32,1.032,0.0027011108398440342
SARS-CoV-2-G117C_F126Y,10.465839385986328,train,10.49,1.0490000000000002,0.024160614013672088
SARS-CoV-2-T15P_F44W,10.407634735107422,train,10.38,1.038,0.027634735107421093
SARS-CoV-2-N171W,10.53144073486328,train,10.525,1.0525,0.006440734863279118
SARS-CoV-2-S45Y_L125V,10.294761657714844,train,10.25,1.0250000000000001,0.04476165771484375
SARS-CoV-2-T55S_V173L_T201M,10.396451950073242,train,10.43,1.043,0.03354804992675753
SARS-CoV-2-G9M_Y175G,10.44473648071289,train,10.47,1.0470000000000002,0.025263519287110014
SARS-CoV-2-Y35W_N64F_D90S,10.543418884277344,train,10.55,1.0550000000000002,0.0065811157226569605
SARS-CoV-2-T170M_A190E,10.557353973388672,train,10.59,1.059,0.03264602661132798
SARS-CoV-2-N118T_E154S_K199H,10.333187103271484,train,10.35,1.035,0.01681289672851527
SARS-CoV-2-N171V,10.418670654296877,train,10.405,1.0405,0.013670654296877416
SARS-CoV-2-V32S_H189K,10.370685577392578,train,10.41,1.0410000000000001,0.03931442260742202
SARS-CoV-2-N4Y_T55N_K87A,10.29297924041748,train,10.29,1.029,0.0029792404174813214
SARS-CoV-2-K132H,10.37850570678711,train,10.38,1.038,0.0014942932128914066
SARS-CoV-2-V11I_S129R_Q144P,10.414945602416992,train,10.42,1.042,0.0050543975830077414
SARS-CoV-2-N58R_T85R_L122K,10.305130004882812,train,10.32,1.032,0.014869995117187784
SARS-CoV-2-K48R_F156K,10.596420288085938,train,10.62,1.062,0.02357971191406172
SARS-CoV-2-E76Q,10.471660614013672,train,10.483333333333333,1.0483333333333333,0.01167271931966063
SARS-CoV-2-K87M,10.373804092407228,train,10.397222222222222,1.0397222222222222,0.023418129814993804
SARS-CoV-2-K56L_K87T,10.469572067260742,train,10.49,1.0490000000000002,0.020427932739258026
SARS-CoV-2-C61E_E154C,10.353382110595703,train,10.37,1.037,0.016617889404296093
SARS-CoV-2-V37M,10.532200813293455,train,10.549375,1.0549375,0.017174186706544248
SARS-CoV-2-N1R,10.302814483642578,train,10.315555555555555,1.0315555555555556,0.01274107191297702
SARS-CoV-2-I138M_S200V,10.500406265258787,train,10.53,1.053,0.029593734741212074
SARS-CoV-2-S29G_S43A,10.45763874053955,train,10.48,1.048,0.022361259460449645
SARS-CoV-2-G9A_A42E,10.411240577697754,train,10.46,1.046,0.048759422302246946
SARS-CoV-2-N130H_S147A,10.404102325439451,train,10.37,1.037,0.03410232543945213
SARS-CoV-2-V115E_S164D,10.446405410766602,train,10.46,1.046,0.01359458923339929
SARS-CoV-2-K26R_S139N,10.380622863769531,train,10.4,1.04,0.019377136230469105
SARS-CoV-2-V37A_G172Q,10.649271965026855,train,10.645,1.0645,0.004271965026855895
SARS-CoV-2-K87H_N120T,10.48719310760498,train,10.52,1.052,0.032806892395019105
SARS-CoV-2-V115Q_S147N,10.487489700317385,train,10.5,1.05,0.012510299682615411
SARS-CoV-2-L131I,10.415986061096191,train,10.443333333333332,1.0443333333333331,0.027347272237140174
SARS-CoV-2-D97A_F160Y,10.3551664352417,train,10.35,1.035,0.005166435241699574
SARS-CoV-2-R16T_P149Y,10.383638381958008,train,10.42,1.042,0.036361618041992116
SARS-CoV-2-T100M_L122R,10.5057373046875,train,10.51,1.051,0.004262695312499787
SARS-CoV-2-V37L_D97R,10.546117782592772,train,10.56,1.056,0.013882217407228836
SARS-CoV-2-F156I,10.391167640686035,train,10.36,1.036,0.031167640686035725
SARS-CoV-2-G9T_N151A_G166N,10.480708122253418,train,10.49,1.0490000000000002,0.009291877746582244
SARS-CoV-2-N40T,10.29506492614746,train,10.311818181818182,1.0311818181818182,0.016753255670723277
SARS-CoV-2-R78A_D97K_T201R,10.40665054321289,train,10.38,1.038,0.026650543212889843
SARS-CoV-2-V37N_P54L,10.541080474853516,train,10.55,1.0550000000000002,0.008919525146485086
SARS-CoV-2-T170S_P197N,10.443939208984377,train,10.47,1.0470000000000002,0.026060791015623863
SARS-CoV-2-F156Q,10.524867057800291,train,10.515,1.0515,0.009867057800290624
SARS-CoV-2-S29G_Y159R_G166D,10.41334342956543,train,10.44,1.044,0.026656570434569815
SARS-CoV-2-K198W,10.405214309692385,train,10.445714285714288,1.044571428571429,0.040499976021903805
SARS-CoV-2-Y119R_S200M,10.44969367980957,train,10.49,1.0490000000000002,0.0403063201904299
SARS-CoV-2-K56E_I142G,10.457365036010742,train,10.5,1.05,0.04263496398925781
SARS-CoV-2-I2G,10.299680709838867,train,10.286666666666669,1.0286666666666668,0.013014043172198342
SARS-CoV-2-R16T_T55G_S200R,10.36383819580078,train,10.335,1.0335,0.02883819580077862
SARS-CoV-2-F62W_T170K_P197S_T201L,10.651874542236328,train,10.65,1.0650000000000002,0.0018745422363277697
SARS-CoV-2-F156H_T201Q,10.518486976623535,train,10.505,1.0505000000000002,0.013486976623534375
SARS-CoV-2-P7S_N118S,10.332966804504396,train,10.33,1.0330000000000001,0.0029668045043962366
SARS-CoV-2-A42M_Q84A_K198Q,10.305868148803713,train,10.38,1.038,0.07413185119628807
SARS-CoV-2-K87M_Y143I,10.438989639282228,train,10.46,1.046,0.021010360717772514
SARS-CoV-2-I142L_G166A,10.446240425109863,train,10.46,1.046,0.013759574890137571
SARS-CoV-2-L122M_P149Q_P169I,10.30628490447998,train,10.32,1.032,0.013715095520019815
SARS-CoV-2-C61S_T100I,10.329052925109863,train,10.3,1.03,0.02905292510986257
SARS-CoV-2-G9A_V65L,10.366065979003906,train,10.365,1.0365,0.0010659790039060368
SARS-CoV-2-K87R_P96H_L122K_K198G,10.511880874633787,train,10.45,1.045,0.061880874633788
SARS-CoV-2-N40K,10.32384204864502,train,10.333333333333334,1.0333333333333334,0.009491284688314394
SARS-CoV-2-A145V_G172Q,10.453107833862305,train,10.44,1.044,0.013107833862305185
SARS-CoV-2-Y66M_V153M,10.314485549926758,train,10.32,1.032,0.005514450073242472
SARS-CoV-2-R16T_S113C_S129R,10.39894199371338,train,10.46,1.046,0.06105800628662017
SARS-CoV-2-N120P_Q168E_T201Y,10.607540130615234,train,10.62,1.062,0.012459869384764843
SARS-CoV-2-L125C_G166K,10.517375946044922,train,10.52,1.052,0.0026240539550776987
SARS-CoV-2-T3H_I28Y,10.44953155517578,train,10.52,1.052,0.0704684448242201
SARS-CoV-2-V37I_T148N,10.401504516601562,train,10.44,1.044,0.038495483398437
SARS-CoV-2-T46Y_P54V,10.39206314086914,train,10.39,1.0390000000000001,0.0020631408691400566
SARS-CoV-2-V115I_Y119F_Y159C,10.46732234954834,train,10.47,1.0470000000000002,0.0026776504516607957
SARS-CoV-2-C61T_L122K,10.320005416870115,train,10.31,1.0310000000000001,0.010005416870114914
SARS-CoV-2-I2G_D59E_V65M,10.386022567749023,train,10.4,1.04,0.013977432250976918
SARS-CoV-2-K114F,10.383901596069336,train,10.402,1.0402,0.01809840393066331
SARS-CoV-2-G51N_P149F_T201P,10.335553169250488,train,10.43,1.043,0.09444683074951143
SARS-CoV-2-C6D_C61R_L125Q,10.346063613891602,train,10.38,1.038,0.03393638610839922
SARS-CoV-2-T100Y_A190F,10.329508781433104,train,10.32,1.032,0.009508781433103408
SARS-CoV-2-T85S_P149R,10.30769157409668,train,10.28,1.028,0.027691574096680327
SARS-CoV-2-Y119A,10.442005157470703,train,10.435,1.0435,0.007005157470702628
SARS-CoV-2-T3S_N171S,10.394208908081056,train,10.425,1.0425000000000002,0.030791091918944247
SARS-CoV-2-L5E_G83L_Y123R_I138L,10.39731788635254,train,10.39,1.0390000000000001,0.00731788635254027
SARS-CoV-2-T100H_Y175S,10.442838668823242,train,10.46,1.046,0.017161331176758665
SARS-CoV-2-K26L_L60Y,10.416601181030272,train,10.45,1.045,0.03339881896972763
SARS-CoV-2-E154R,10.327618598937988,train,10.3775,1.03775,0.04988140106201122
SARS-CoV-2-D97L_Y119M_E141D,10.437772750854492,train,10.47,1.0470000000000002,0.03222724914550845
SARS-CoV-2-G9E_V37S_K48S_K87Y_N120T_K199Y,10.584236145019531,train,10.57,1.0570000000000002,0.014236145019530966
SARS-CoV-2-G117H_F156T,10.438770294189451,train,10.46,1.046,0.021229705810549504
SARS-CoV-2-N118K_S200I,10.409536361694336,train,10.45,1.045,0.04046363830566335
SARS-CoV-2-L122R_V173A_T201S,10.63291358947754,train,10.61,1.061,0.022913589477541407
SARS-CoV-2-L5E_G172V,10.370054244995115,train,10.35,1.035,0.020054244995115766
SARS-CoV-2-L60Q_S184T,10.562115669250488,train,10.55,1.0550000000000002,0.01211566925048757
SARS-CoV-2-S43L_K199V,10.555944442749023,train,10.56,1.056,0.00405555725097706
SARS-CoV-2-S53V,10.417430877685549,train,10.42,1.042,0.0025691223144512776
SARS-CoV-2-S129Q,10.462109565734863,train,10.45,1.045,0.012109565734863992
SARS-CoV-2-T3A_V37S_K87Q_S147I,10.329182624816896,train,10.31,1.0310000000000001,0.01918262481689581
SARS-CoV-2-L5W_V37F,10.525541305541992,train,10.49,1.0490000000000002,0.035541305541991974
SARS-CoV-2-T46H_G172L,10.41266918182373,train,10.4,1.04,0.012669181823730113
SARS-CoV-2-G9L_K87M_E141T,10.30385398864746,train,10.33,1.0330000000000001,0.02614601135254091
SARS-CoV-2-S139N_F160L_Y175D,10.46081256866455,train,10.47,1.0470000000000002,0.009187431335449858
SARS-CoV-2-L60Y_P197E,10.445435523986816,train,10.45,1.045,0.004564476013182883
SARS-CoV-2-V37R_I138C,10.604284286499023,train,10.55,1.0550000000000002,0.05428428649902273
SARS-CoV-2-I2S_K87M,10.598388671875,train,10.62,1.062,0.02161132812499922
SARS-CoV-2-S43T_N151E_T201H,10.464436531066896,train,10.42,1.042,0.04443653106689638
SARS-CoV-2-T100W_S200T,10.305163383483888,train,10.35,1.035,0.04483661651611115
SARS-CoV-2-K48S_Y175S,10.50725555419922,train,10.51,1.051,0.0027444458007792605
SARS-CoV-2-G152R_P197L,10.42457103729248,train,10.45,1.045,0.02542896270751882
SARS-CoV-2-P149A_G174N,10.520484924316406,train,10.515,1.0515,0.0054849243164056816
SARS-CoV-2-N40P_T140E,10.298182487487791,train,10.29,1.029,0.008182487487792045
SARS-CoV-2-K114C_Y119R,10.554529190063477,train,10.58,1.058,0.02547080993652351
SARS-CoV-2-V37R_A145S,10.361268997192385,train,10.39,1.0390000000000001,0.02873100280761598
SARS-CoV-2-F156E,10.484694480895996,train,10.51,1.051,0.025305519104003693
SARS-CoV-2-S43Y_L60I,10.506662368774414,train,10.5,1.05,0.0066623687744140625
SARS-CoV-2-K114M_K198Q,10.579840660095217,train,10.61,1.061,0.03015933990478281
SARS-CoV-2-V37Q_T55V_G146S_Q168M,10.478391647338867,train,10.53,1.053,0.05160835266113217
SARS-CoV-2-L60G_Y119H,10.517166137695312,train,10.54,1.054,0.022833862304686647
SARS-CoV-2-V37W_C61E,10.653989791870115,train,10.67,1.067,0.016010208129884518
SARS-CoV-2-G172A,10.54417610168457,train,10.51,1.051,0.034176101684570526
SARS-CoV-2-G9S_L125A,10.595304489135742,train,10.6,1.06,0.004695510864257457
SARS-CoV-2-T55Q_E141Q,10.33691692352295,train,10.38,1.038,0.04308307647705156
SARS-CoV-2-P7D_N157A,10.519184112548828,train,10.54,1.054,0.020815887451171022
SARS-CoV-2-G172H,10.648003578186035,train,10.65,1.0650000000000002,0.001996421813965199
SARS-CoV-2-R78C,10.408358573913574,train,10.415,1.0414999999999999,0.006641426086424929
SARS-CoV-2-S29V_Y119D_P149L,10.35198211669922,train,10.36,1.036,0.008017883300778905
SARS-CoV-2-F156S_Q163L,10.503905296325684,train,10.51,1.051,0.006094703674316193
SARS-CoV-2-N1P_K87V_T100I_N118S_Y175K,10.460294723510742,train,10.47,1.0470000000000002,0.009705276489258452
SARS-CoV-2-V37F_G83H_I142S,10.483903884887695,train,10.45,1.045,0.03390388488769602
SARS-CoV-2-L125P,10.331432342529297,train,10.335714285714284,1.0335714285714284,0.004281943184986758
SARS-CoV-2-N64F_T201F,10.359064102172852,train,10.365,1.0365,0.005935897827148651
SARS-CoV-2-T3Q,10.301543235778809,train,10.328181818181818,1.0328181818181819,0.026638582403009536
SARS-CoV-2-S53L_C61W_L122K_P149T,10.294366836547852,train,10.3,1.03,0.005633163452149148
SARS-CoV-2-D90S_Y119S,10.368691444396973,train,10.38,1.038,0.011308555603028125
SARS-CoV-2-P7G,10.304509162902832,train,10.293333333333331,1.0293333333333332,0.011175829569500806
SARS-CoV-2-V11I,10.413761138916016,train,10.3925,1.03925,0.021261138916015554
SARS-CoV-2-C61L_K198N,10.434127807617188,train,10.46,1.046,0.025872192382813353
SARS-CoV-2-Y119N,10.422033309936523,train,10.411363636363635,1.0411363636363635,0.010669673572888172
SARS-CoV-2-S43D_L125S,10.578519821166992,train,10.53,1.053,0.04851982116699283
SARS-CoV-2-A81S_G166D,10.369190216064451,train,10.36,1.036,0.009190216064451917
SARS-CoV-2-V37F_Q84L_K199Y,10.52292251586914,train,10.49,1.0490000000000002,0.03292251586914041
SARS-CoV-2-T55F_R136K_P197V,10.350458145141602,train,10.38,1.038,0.02954185485839922
SARS-CoV-2-L60Q_S184W,10.315120697021484,train,10.3,1.03,0.015120697021483664
SARS-CoV-2-D90N_Y119S,10.342844009399414,train,10.34,1.034,0.0028440093994142046
SARS-CoV-2-T100F_G166A,10.416633605957031,train,10.43,1.043,0.013366394042968466
SARS-CoV-2-I2S_A18S,10.342559814453123,train,10.33,1.0330000000000001,0.012559814453123153
SARS-CoV-2-K87P_N120L,10.37030029296875,train,10.41,1.0410000000000001,0.03969970703125014
SARS-CoV-2-P54R_Y175M,10.52822208404541,train,10.53,1.053,0.0017779159545892043
SARS-CoV-2-K114R_N130L,10.306615829467772,train,10.32,1.032,0.013384170532228623
SARS-CoV-2-I2V_Y119M,10.375984191894531,train,10.38,1.038,0.004015808105469532
SARS-CoV-2-I2R_P169A_S200C,10.30723762512207,train,10.35,1.035,0.04276237487792933
SARS-CoV-2-T55E_K132A_V173G_A190E,10.366143226623535,train,10.45,1.045,0.08385677337646413
SARS-CoV-2-L122M_F160C_G166A,10.34584903717041,train,10.37,1.037,0.024150962829589062
SARS-CoV-2-L38V_L122R_G155A,10.392940521240234,train,10.34,1.034,0.05294052124023452
SARS-CoV-2-G83F_K198M,10.30589771270752,train,10.32,1.032,0.014102287292480753
SARS-CoV-2-D90N_L122K,10.500717163085938,train,10.49,1.0490000000000002,0.010717163085937287
SARS-CoV-2-I28M_N40R_T63R,10.499423027038574,train,10.47,1.0470000000000002,0.02942302703857358
SARS-CoV-2-A18P_Y123F,10.415815353393556,train,10.38,1.038,0.03581535339355568
SARS-CoV-2-S41M_K87I,10.606331825256348,train,10.61,1.061,0.0036681747436517753
SARS-CoV-2-R78S_E141R_T201W,10.324237823486328,train,10.33,1.0330000000000001,0.005762176513671946
SARS-CoV-2-N58K_V115W_Y175E,10.427254676818848,train,10.44,1.044,0.012745323181151846
SARS-CoV-2-N24R_S36K_S200Y,10.482930183410645,train,10.48,1.048,0.002930183410644105
SARS-CoV-2-T85R_G155S,10.297163009643556,train,10.34,1.034,0.042836990356443394
SARS-CoV-2-G83N_K128R,10.33103084564209,train,10.35,1.035,0.0189691543579098
SARS-CoV-2-V37L_E141C,10.34803581237793,train,10.4,1.04,0.05196418762207067
SARS-CoV-2-A33L_V115T,10.3257417678833,train,10.34,1.034,0.014258232116699077
SARS-CoV-2-K87I,10.43369960784912,train,10.41375,1.0413750000000002,0.019949607849119033
SARS-CoV-2-T100I_E154T_G174V,10.400057792663574,train,10.38,1.038,0.020057792663573437
SARS-CoV-2-Y121L_T170S,10.326078414916992,train,10.35,1.035,0.023921585083007457
SARS-CoV-2-Y35L_A67L,10.344234466552734,train,10.4,1.04,0.05576553344726598
SARS-CoV-2-S36G_G174Q,10.360048294067385,train,10.38,1.038,0.019951705932616193
SARS-CoV-2-N1P_V37I_Y39V_N130S,10.371971130371094,train,10.38,1.038,0.008028869628907032
SARS-CoV-2-S43I_D59G,10.324064254760742,train,10.36,1.036,0.035935745239257244
SARS-CoV-2-R73K,10.300140380859377,train,10.31,1.0310000000000001,0.009859619140623721
SARS-CoV-2-G172V_L188F,10.29418659210205,train,10.29,1.029,0.004186592102051634
SARS-CoV-2-G83F_N130T,10.421507835388184,train,10.47,1.0470000000000002,0.048492164611817046
SARS-CoV-2-S113A_T201I,10.295654296875,train,10.33,1.0330000000000001,0.03434570312500007
SARS-CoV-2-Y39A_N130V,10.364484786987305,train,10.38,1.038,0.015515213012696094
SARS-CoV-2-V37S_L122N_K128D,10.664013862609863,train,10.7,1.07,0.03598613739013601
SARS-CoV-2-G83C_Q84M_K87N,10.380019187927246,train,10.39,1.0390000000000001,0.009980812072754475
SARS-CoV-2-E154D,10.383062362670898,train,10.395714285714286,1.0395714285714286,0.01265192304338747
SARS-CoV-2-F62Y_G166L,10.365921020507812,train,10.39,1.0390000000000001,0.02407897949218807
SARS-CoV-2-L122K_S129L,10.38420867919922,train,10.39,1.0390000000000001,0.005791320800780042
SARS-CoV-2-K114E_A145T,10.483601570129396,train,10.54,1.054,0.05639842987060284
SARS-CoV-2-Y39V_P197G,10.443632125854492,train,10.42,1.042,0.02363212585449226
SARS-CoV-2-T3V_Y119S,10.355907440185549,train,10.4,1.04,0.044092559814451704
SARS-CoV-2-K87E_F160W,10.482673645019531,train,10.54,1.054,0.0573263549804679
SARS-CoV-2-N4D,10.358932495117188,train,10.34375,1.034375,0.0151824951171875
SARS-CoV-2-C61S_G83N,10.312053680419922,train,10.3,1.03,0.012053680419921164
SARS-CoV-2-G9V_S200I,10.362075805664062,train,10.45,1.045,0.08792419433593679
SARS-CoV-2-R27V_V37L_I138L_T201P,10.489109992980955,train,10.51,1.051,0.020890007019044532
SARS-CoV-2-G155K_P197V,10.468267440795898,train,10.47,1.0470000000000002,0.001732559204102202
SARS-CoV-2-G152N_Y159V,10.371212005615234,train,10.37,1.037,0.0012120056152351566
SARS-CoV-2-D97E,10.40145492553711,train,10.414,1.0414,0.012545074462890327
SARS-CoV-2-V37T_T140R_G174E,10.55277156829834,train,10.53,1.053,0.022771568298340483
SARS-CoV-2-N120S_S129N_T201M,10.344293594360352,train,10.37,1.037,0.025706405639647656
SARS-CoV-2-Y39F_F156L,10.45915412902832,train,10.43,1.043,0.029154129028320597
SARS-CoV-2-I142V_G166E,10.3585844039917,train,10.36,1.036,0.0014155960083002128
SARS-CoV-2-N4T_T55Y,10.352424621582031,train,10.31,1.0310000000000001,0.04242462158203075
SARS-CoV-2-G83F_T201S,10.504636764526367,train,10.53,1.053,0.025363235473632173
SARS-CoV-2-G166D,10.52196216583252,train,10.536666666666669,1.053666666666667,0.014704500834149314
SARS-CoV-2-V37L_C61R,10.52450942993164,train,10.55,1.0550000000000002,0.025490570068360086
SARS-CoV-2-I2A_Y119N_A190T,10.480026245117188,train,10.5,1.05,0.0199737548828125
SARS-CoV-2-Y159L_T201V,10.296818733215332,train,10.34,1.034,0.04318126678466783
SARS-CoV-2-N4S_T201G,10.484994888305664,train,10.51,1.051,0.025005111694335724
SARS-CoV-2-G172W,10.381072998046877,train,10.353333333333332,1.0353333333333332,0.027739664713545054
SARS-CoV-2-C61H_Y119S_S200H,10.492359161376951,train,10.47,1.0470000000000002,0.02235916137695071
SARS-CoV-2-L5N_K114D,10.467111587524414,train,10.47,1.0470000000000002,0.002888412475586577
SARS-CoV-2-I28L_N157Y,10.37436866760254,train,10.36,1.036,0.014368667602541407
SARS-CoV-2-N58H_Y119H,10.29995059967041,train,10.3,1.03,4.940032959055429e-05
SARS-CoV-2-T148L_A192V,10.310384750366213,train,10.365,1.0365,0.0546152496337875
SARS-CoV-2-K87T_T140L,10.535402297973633,train,10.56,1.056,0.024597702026367685
SARS-CoV-2-N64A,10.369298934936523,train,10.368181818181816,1.0368181818181816,0.0011171167547079364
SARS-CoV-2-K128N_Q168K,10.57049560546875,train,10.59,1.059,0.019504394531249858
SARS-CoV-2-T55F_P191S,10.46285343170166,train,10.45,1.045,0.012853431701660867
SARS-CoV-2-V32S_A192I,10.346722602844238,train,10.4,1.04,0.053277397155762074
SARS-CoV-2-G9E_Y121F_I142V_P197T,10.450013160705566,train,10.48,1.048,0.02998683929443402
SARS-CoV-2-V37S_N64P,10.434130668640137,train,10.48,1.048,0.04586933135986371
SARS-CoV-2-F62A_A145T,10.354851722717283,train,10.37,1.037,0.015148277282715839
SARS-CoV-2-C61S_V153Q,10.471253395080566,train,10.49,1.0490000000000002,0.018746604919433807
SARS-CoV-2-N130H_T148V,10.3280029296875,train,10.34,1.034,0.011997070312499858
SARS-CoV-2-L5N_C61V_Y119H,10.481459617614746,train,10.47,1.0470000000000002,0.011459617614745454
SARS-CoV-2-K114A_G166W,10.406563758850098,train,10.4,1.04,0.006563758850097301
SARS-CoV-2-N130A,10.447894096374512,train,10.455,1.0455,0.007105903625488352
SARS-CoV-2-S43Q_T100V_N157S,10.530180931091309,train,10.56,1.056,0.029819068908691904
SARS-CoV-2-Q168Y,10.337408065795898,train,10.342,1.0342,0.004591934204102088
SARS-CoV-2-G9W_T201A,10.417558670043944,train,10.44,1.044,0.022441329956055966
SARS-CoV-2-V37Y_F156P,10.616828918457031,train,10.62,1.062,0.0031710815429679684
SARS-CoV-2-G9D_N64K_F126V,10.48930835723877,train,10.48,1.048,0.009308357238769105
SARS-CoV-2-T55L_V153S,10.334514617919922,train,10.38,1.038,0.04548538208007891
SARS-CoV-2-T3R_G166I_G172S,10.367121696472168,train,10.4,1.04,0.032878303527832387
SARS-CoV-2-A42R_G174I,10.313858032226562,train,10.295,1.0295,0.01885803222656257
SARS-CoV-2-Y39L_C61R,10.558998107910156,train,10.48,1.048,0.07899810791015582
SARS-CoV-2-P7S_V11I_S147N_P169I,10.317413330078123,train,10.32,1.032,0.0025866699218770606
SARS-CoV-2-Y119P_K132L,10.573323249816896,train,10.6,1.06,0.026676750183103337
SARS-CoV-2-T55Y_N64K_N110T_Y119S,10.44430160522461,train,10.4,1.04,0.04430160522460902
SARS-CoV-2-T170N_Y175L_T201S,10.390932083129885,train,10.4,1.04,0.009067916870115766
SARS-CoV-2-R16H_F47I_T55K,10.312493324279783,train,10.31,1.0310000000000001,0.0024933242797828825
SARS-CoV-2-N120L_Q163R,10.314892768859863,train,10.32,1.032,0.005107231140137003
SARS-CoV-2-S43V_V153I,10.558069229125977,train,10.59,1.059,0.031930770874023295
SARS-CoV-2-Y119I_T148Q_V173I,10.409994125366213,train,10.41,1.0410000000000001,5.874633787428252e-06
SARS-CoV-2-F12I_T55D_N120K,10.345585823059082,train,10.37,1.037,0.024414176940917187
SARS-CoV-2-A42K_G166P,10.43918228149414,train,10.44,1.044,0.0008177185058588776
SARS-CoV-2-V37D_S200D,10.544034957885742,train,10.54,1.054,0.00403495788574304
SARS-CoV-2-K26R_K56S_D97V,10.466538429260254,train,10.42,1.042,0.04653842926025398
SARS-CoV-2-F8L_N151T,10.459875106811523,train,10.48,1.048,0.02012489318847699
SARS-CoV-2-N157H_T201A,10.63987922668457,train,10.66,1.066,0.02012077331542983
SARS-CoV-2-T55M_K87C,10.473688125610352,train,10.49,1.0490000000000002,0.01631187438964865
SARS-CoV-2-Y39M_A105S_T140N,10.387192726135254,train,10.39,1.0390000000000001,0.002807273864746662
SARS-CoV-2-L5S_L125Y,10.386059761047363,train,10.33,1.0330000000000001,0.05605976104736321
SARS-CoV-2-G116D,10.39539909362793,train,10.456666666666663,1.0456666666666663,0.06126757303873376
SARS-CoV-2-R73Q,10.334444046020508,train,10.32,1.032,0.014444046020507528
SARS-CoV-2-Y119A_K128T,10.409491539001465,train,10.36,1.036,0.04949153900146541
SARS-CoV-2-Y35L_K87T_Y121M,10.55801010131836,train,10.5,1.05,0.058010101318359375
SARS-CoV-2-Y35L_K87D,10.467124938964844,train,10.52,1.052,0.052875061035155824
SARS-CoV-2-N64V_A192M,10.447432518005373,train,10.45,1.045,0.0025674819946264194
SARS-CoV-2-S43W_A192M_P197S_T201S,10.308818817138672,train,10.27,1.027,0.0388188171386723
SARS-CoV-2-R27A,10.302045822143556,train,10.3475,1.03475,0.04545417785644368
SARS-CoV-2-E154L,10.30796241760254,train,10.337,1.0337,0.029037582397458905
SARS-CoV-2-D59T_N110R_K128G_L188S,10.386430740356444,train,10.38,1.038,0.0064307403564427545
SARS-CoV-2-F8W_G116A,10.386759757995604,train,10.4,1.04,0.013240242004396663
SARS-CoV-2-Y39V_V173A,10.70870876312256,train,10.71,1.0710000000000002,0.0012912368774404825
SARS-CoV-2-P54R_N120T,10.353123664855955,train,10.35,1.035,0.00312366485595561
SARS-CoV-2-S43R_K87P,10.424185752868652,train,10.425,1.0425000000000002,0.0008142471313483668
SARS-CoV-2-G83N,10.375064849853516,train,10.38,1.038,0.004935150146485157
SARS-CoV-2-Q163G_V173L,10.44093894958496,train,10.43,1.043,0.010938949584959445
SARS-CoV-2-V11I_S36N_F62Y,10.40443515777588,train,10.39,1.0390000000000001,0.014435157775880114
SARS-CoV-2-I2E_S129R,10.356423377990724,train,10.38,1.038,0.02357662200927635
SARS-CoV-2-T63V,10.293370246887209,train,10.286666666666669,1.0286666666666668,0.006703580220539962
SARS-CoV-2-I72V_N120L,10.320279121398926,train,10.37,1.037,0.04972087860107344
SARS-CoV-2-K56Q_Y119K,10.39556121826172,train,10.405,1.0405,0.009438781738278834
SARS-CoV-2-S41R_H189N,10.413663864135742,train,10.38,1.038,0.033663864135741406
SARS-CoV-2-T55N_V77I,10.537117958068848,train,10.56,1.056,0.02288204193115284
SARS-CoV-2-L38I_G174R,10.378335952758787,train,10.4,1.04,0.02166404724121307
SARS-CoV-2-S43R_D90N,10.300786018371582,train,10.33,1.0330000000000001,0.02921398162841804
SARS-CoV-2-K87I_T201K,10.32209587097168,train,10.32,1.032,0.0020958709716794033
SARS-CoV-2-A190V_P197I,10.516908645629885,train,10.51,1.051,0.006908645629884802
SARS-CoV-2-Q84T_N171S_A190G,10.467355728149414,train,10.51,1.051,0.042644271850585724
SARS-CoV-2-K87T_K128N,10.507160186767578,train,10.54,1.054,0.03283981323242102
SARS-CoV-2-V37H,10.362085342407228,train,10.368,1.0368000000000002,0.005914657592771988
SARS-CoV-2-F134E_P197L,10.352899551391602,train,10.38,1.038,0.02710044860839922
SARS-CoV-2-I2A_Y39F,10.631811141967772,train,10.67,1.067,0.03818885803222827
SARS-CoV-2-G172L_L188I,10.409889221191406,train,10.41,1.0410000000000001,0.00011077880859389211
SARS-CoV-2-L5R_S53D,10.451480865478516,train,10.47,1.0470000000000002,0.018519134521485014
SARS-CoV-2-R78C_V173I,10.394274711608888,train,10.43,1.043,0.03572528839111122
SARS-CoV-2-I2W_Y39E,10.429481506347656,train,10.41,1.0410000000000001,0.019481506347656108
SARS-CoV-2-Y39F_F44L_F47Y,10.436275482177734,train,10.47,1.0470000000000002,0.033724517822266264
SARS-CoV-2-N4T_K128P_P197N,10.396303176879885,train,10.41,1.0410000000000001,0.013696823120115553
SARS-CoV-2-Y39T_Y175L,10.504642486572266,train,10.49,1.0490000000000002,0.014642486572265412
SARS-CoV-2-E154K_G174T_P197S,10.29621696472168,train,10.32,1.032,0.023783035278320597
SARS-CoV-2-T148G_T201G,10.355180740356444,train,10.33,1.0330000000000001,0.025180740356443465
SARS-CoV-2-K87C_K132F,10.332475662231444,train,10.38,1.038,0.047524337768557245
SARS-CoV-2-I28Y_T55N,10.588875770568848,train,10.59,1.059,0.0011242294311522016
SARS-CoV-2-S113V_G172T,10.440013885498049,train,10.47,1.0470000000000002,0.029986114501951988
SARS-CoV-2-N130K_V153L,10.4400634765625,train,10.43,1.043,0.010063476562500284
SARS-CoV-2-V37Q_N64S,10.693702697753906,train,10.73,1.0730000000000002,0.036297302246094176
SARS-CoV-2-P197R,10.419636726379396,train,10.418571428571427,1.0418571428571428,0.0010652978079690456
SARS-CoV-2-V37P_T55Q,10.365283012390137,train,10.37,1.037,0.0047169876098625
SARS-CoV-2-R16E,10.452134132385254,train,10.4375,1.04375,0.014634132385253906
SARS-CoV-2-T85R_G172D,10.340906143188477,train,10.35,1.035,0.009093856811523082
SARS-CoV-2-Y35M,10.441932678222656,train,10.498571428571427,1.0498571428571428,0.05663875034877108
SARS-CoV-2-S43Q_Y119V_K132N_Y175G,10.606315612792969,train,10.6,1.06,0.006315612792969105
SARS-CoV-2-V37I_N64H,10.30405330657959,train,10.35,1.035,0.0459466934204098
SARS-CoV-2-S43A_D59Y,10.44788932800293,train,10.47,1.0470000000000002,0.022110671997070952
SARS-CoV-2-F156T_A190V,10.4469575881958,train,10.43,1.043,0.016957588195801065
SARS-CoV-2-K56M_A145S_F156L,10.51313018798828,train,10.51,1.051,0.003130187988279687
SARS-CoV-2-L5Q_S36N,10.66459846496582,train,10.69,1.069,0.02540153503417919
SARS-CoV-2-T55N_S129K,10.371654510498049,train,10.35,1.035,0.021654510498049007
SARS-CoV-2-S43R_P197Y,10.384718894958496,train,10.4,1.04,0.015281105041504262
SARS-CoV-2-R73A_N120L_P197L,10.382187843322754,train,10.4,1.04,0.01781215667724645
SARS-CoV-2-V32Q_F126R,10.508207321166992,train,10.54,1.054,0.03179267883300696
SARS-CoV-2-N4K_Y119N,10.52463150024414,train,10.53,1.053,0.0053684997558587355
SARS-CoV-2-K56E_G116E,10.47437858581543,train,10.5,1.05,0.025621414184570312
SARS-CoV-2-L5C_Y119R,10.311727523803713,train,10.34,1.034,0.028272476196287144
SARS-CoV-2-S41T_L122W_G155S,10.336865425109863,train,10.33,1.0330000000000001,0.00686542510986321
SARS-CoV-2-D59G_G172I_T201N,10.396121978759766,train,10.41,1.0410000000000001,0.013878021240234517
SARS-CoV-2-L188S,10.516586303710938,train,10.543333333333331,1.0543333333333331,0.026747029622393725
SARS-CoV-2-D98N_A105S_N130L,10.295856475830078,train,10.29,1.029,0.005856475830078978
SARS-CoV-2-S29K,10.370513916015623,train,10.345,1.0345000000000002,0.025513916015622584
SARS-CoV-2-K87E_G172S,10.358919143676758,train,10.32,1.032,0.03891914367675753
SARS-CoV-2-R27I_T100K,10.366931915283203,train,10.38,1.038,0.013068084716797657
SARS-CoV-2-S53D_G152K,10.55040168762207,train,10.56,1.056,0.009598312377930185
SARS-CoV-2-G155S_K199D,10.31557273864746,train,10.35,1.035,0.034427261352540484
SARS-CoV-2-L122T_Y143V,10.40340518951416,train,10.44,1.044,0.036594810485839346
SARS-CoV-2-K48S_Y91W_P197M,10.386682510375977,train,10.38,1.038,0.006682510375975781
SARS-CoV-2-P149L_H189A,10.301458358764648,train,10.32,1.032,0.018541641235351847
SARS-CoV-2-K87I_L122F_S129L_N171D,10.298008918762209,train,10.36,1.036,0.061991081237790624
SARS-CoV-2-F156M_Q168W,10.353534698486328,train,10.36,1.036,0.0064653015136713066
SARS-CoV-2-F126K,10.294352531433104,train,10.323333333333332,1.0323333333333333,0.02898080190022867
SARS-CoV-2-S129T_Y143V,10.437212944030762,train,10.46,1.046,0.022787055969239134
SARS-CoV-2-T140R_Y175T,10.446537017822266,train,10.47,1.0470000000000002,0.023462982177735014
SARS-CoV-2-G9N_F44Y,10.648274421691896,train,10.67,1.067,0.02172557830810362
SARS-CoV-2-N151S,10.34034538269043,train,10.354166666666666,1.0354166666666667,0.013821283976236387
SARS-CoV-2-N4K_S45D,10.544717788696287,train,10.59,1.059,0.04528221130371257
SARS-CoV-2-T63D_F156L,10.32795524597168,train,10.36,1.036,0.032044754028319744
SARS-CoV-2-K56S_Y119N,10.528019905090332,train,10.51,1.051,0.018019905090332244
SARS-CoV-2-P54L_L125M_Y159I,10.561439514160156,train,10.58,1.058,0.01856048583984382
SARS-CoV-2-D97R_G166T,10.535518646240234,train,10.54,1.054,0.004481353759764772
SARS-CoV-2-K48I_S200R,10.558563232421877,train,10.56,1.056,0.001436767578123721
SARS-CoV-2-V37W_T63K,10.499685287475586,train,10.5,1.05,0.0003147125244140625
SARS-CoV-2-D59E_N120S_Y175V,10.375470161437988,train,10.39,1.0390000000000001,0.014529838562012287
SARS-CoV-2-I2F_L60H_Y119Q,10.388623237609863,train,10.38,1.038,0.0086232376098625
SARS-CoV-2-T55Y_T201S,10.500043869018556,train,10.54,1.054,0.039956130981442683
SARS-CoV-2-I28L_T100F,10.434431076049805,train,10.45,1.045,0.015568923950194602
SARS-CoV-2-Y66T_K114F,10.429813385009766,train,10.45,1.045,0.020186614990233664
SARS-CoV-2-C61S_G172V,10.328746795654297,train,10.33,1.0330000000000001,0.001253204345703196
SARS-CoV-2-K87T_H189G,10.507136344909668,train,10.52,1.052,0.012863655090331605
SARS-CoV-2-S53V_G83N,10.386266708374023,train,10.44,1.044,0.053733291625976065
SARS-CoV-2-Y39L_T100W,10.310193061828612,train,10.26,1.026,0.05019306182861172
SARS-CoV-2-N118G_T201V,10.505566596984863,train,10.57,1.0570000000000002,0.064433403015137
SARS-CoV-2-V52I_L60T,10.333195686340332,train,10.4,1.04,0.06680431365966832
SARS-CoV-2-V32I_V37E_K87R_L188H,10.648519515991213,train,10.67,1.067,0.021480484008787215
SARS-CoV-2-L60F_V173D,10.628345489501951,train,10.69,1.069,0.061654510498048154
SARS-CoV-2-I2L_S36A,10.326162338256836,train,10.4,1.04,0.07383766174316442
SARS-CoV-2-V37G_K87S_G166L,10.337469100952148,train,10.31,1.0310000000000001,0.02746910095214794
SARS-CoV-2-S43T_S53V_A190S,10.442994117736816,train,10.47,1.0470000000000002,0.027005882263184233
SARS-CoV-2-L5I_L122T_K199N,10.5347261428833,train,10.55,1.0550000000000002,0.01527385711669993
SARS-CoV-2-L125N,10.398038864135742,train,10.39,1.0390000000000001,0.008038864135741619
SARS-CoV-2-G117R_S200A,10.3944091796875,train,10.38,1.038,0.014409179687499218
SARS-CoV-2-Y39L_T201L,10.429576873779297,train,10.45,1.045,0.020423126220702414
SARS-CoV-2-V37R_Q84S,10.350960731506348,train,10.37,1.037,0.019039268493651562
SARS-CoV-2-K56A_T148R,10.377967834472656,train,10.38,1.038,0.0020321655273445316
SARS-CoV-2-S36D_K56Y_K87I_N157G,10.545916557312012,train,10.56,1.056,0.014083442687988779
SARS-CoV-2-K56H_E141S,10.295440673828123,train,10.31,1.0310000000000001,0.014559326171877274
SARS-CoV-2-R78A_S129T_F160L,10.383185386657717,train,10.4,1.04,0.016814613342283735
SARS-CoV-2-D59E_K198N,10.459434509277344,train,10.44,1.044,0.019434509277344247
SARS-CoV-2-N151A_V173L,10.542144775390623,train,10.55,1.0550000000000002,0.007855224609377487
SARS-CoV-2-K87A_N171T,10.344924926757812,train,10.33,1.0330000000000001,0.014924926757812429
SARS-CoV-2-L122F_A190Q,10.597938537597656,train,10.64,1.064,0.04206146240234432
SARS-CoV-2-G117E_T201M,10.30052661895752,train,10.33,1.0330000000000001,0.02947338104248054
SARS-CoV-2-N1E_L60Y_F126W_G146S,10.440071105957031,train,10.41,1.0410000000000001,0.030071105957031108
SARS-CoV-2-V77L_T140E,10.477112770080566,train,10.5,1.05,0.022887229919433594
SARS-CoV-2-C61E_G174D,10.508652687072754,train,10.51,1.051,0.0013473129272458806
SARS-CoV-2-K114Y,10.365148544311523,train,10.316,1.0316,0.04914854431152271
SARS-CoV-2-P7K_P197I,10.516655921936035,train,10.56,1.056,0.04334407806396534
SARS-CoV-2-N130G_N157D,10.38813018798828,train,10.36,1.036,0.028130187988280042
SARS-CoV-2-K87R_Y119H,10.519636154174805,train,10.52,1.052,0.0003638458251948862
SARS-CoV-2-S53I,10.296031951904297,train,10.305,1.0305,0.00896804809570284
SARS-CoV-2-L5D_R27Q,10.344003677368164,train,10.35,1.035,0.005996322631835582
SARS-CoV-2-Y119R_N171A,10.397000312805176,train,10.41,1.0410000000000001,0.01299968719482436
SARS-CoV-2-V37I_L125A,10.632570266723633,train,10.64,1.064,0.007429733276367756
SARS-CoV-2-S53I_N110K,10.351738929748535,train,10.33,1.0330000000000001,0.021738929748535085
SARS-CoV-2-P54K,10.546920776367188,train,10.57,1.0570000000000002,0.023079223632812784
SARS-CoV-2-D59E_L122R,10.528637886047363,train,10.52,1.052,0.008637886047363708
SARS-CoV-2-K198S,10.458608627319336,train,10.455454545454543,1.0455454545454543,0.0031540818647926017
SARS-CoV-2-V37W,10.507286071777344,train,10.485555555555557,1.0485555555555557,0.0217305162217869
SARS-CoV-2-A190N,10.360795974731444,train,10.342222222222222,1.0342222222222224,0.01857375250922111
SARS-CoV-2-C61S_K199W,10.384398460388184,train,10.39,1.0390000000000001,0.005601539611816975
SARS-CoV-2-T100K_G174H,10.36452293395996,train,10.4,1.04,0.035477066040041194
SARS-CoV-2-P7S_C61R_P149N,10.368603706359863,train,10.36,1.036,0.00860370635986385
SARS-CoV-2-V37N_P197V_T201L,10.593198776245115,train,10.61,1.061,0.01680122375488402
SARS-CoV-2-Y175A_T201D,10.66502571105957,train,10.69,1.069,0.02497428894042919
SARS-CoV-2-I2L_K48Q,10.400331497192385,train,10.43,1.043,0.029668502807615127
SARS-CoV-2-F8Y_C61Q_F156L_T201L,10.504890441894531,train,10.51,1.051,0.005109558105468537
SARS-CoV-2-I2G_G172L,10.437596321105955,train,10.44,1.044,0.0024036788940442477
SARS-CoV-2-T55A_K199S,10.586466789245604,train,10.58,1.058,0.006466789245603621
SARS-CoV-2-G9A_N64S_K132R_Q163N,10.376869201660156,train,10.4,1.04,0.023130798339844105
SARS-CoV-2-Y119K_T201C,10.487305641174316,train,10.49,1.0490000000000002,0.002694358825683807
SARS-CoV-2-G116H_P197A,10.56139087677002,train,10.55,1.0550000000000002,0.01139087677001882
SARS-CoV-2-E141F_F156D,10.30246353149414,train,10.29,1.029,0.012463531494141478
SARS-CoV-2-F8L_T63E,10.399236679077148,train,10.43,1.043,0.03076332092285128
SARS-CoV-2-Y35I_T170N,10.521604537963867,train,10.52,1.052,0.0016045379638676138
SARS-CoV-2-S43L_T85I_T201P,10.360847473144531,train,10.39,1.0390000000000001,0.02915252685546932
SARS-CoV-2-S129R,10.41524600982666,train,10.38904761904762,1.038904761904762,0.02619839077904018
SARS-CoV-2-D97R_L122F,10.324892044067385,train,10.34,1.034,0.015107955932615269
SARS-CoV-2-L5S_Y119C,10.531883239746094,train,10.56,1.056,0.028116760253906747
SARS-CoV-2-G9Q_C61N_V77L,10.339029312133787,train,10.34,1.034,0.0009706878662125717
SARS-CoV-2-N64E_V115S_K198C,10.383975982666016,train,10.39,1.0390000000000001,0.0060240173339849434
SARS-CoV-2-K48V_F156S,10.383575439453123,train,10.36,1.036,0.023575439453123792
SARS-CoV-2-R27C_N64H_N130C,10.412643432617188,train,10.44,1.044,0.027356567382812003
SARS-CoV-2-F160L_N171D,10.3794584274292,train,10.38,1.038,0.0005415725708015628
SARS-CoV-2-N151D_V153S_T170G,10.307900428771973,train,10.31,1.0310000000000001,0.002099571228027841
SARS-CoV-2-V37M_F44N_P149N,10.437371253967283,train,10.49,1.0490000000000002,0.05262874603271683
SARS-CoV-2-V37C_K56A,10.354331016540527,train,10.36,1.036,0.005668983459472088
SARS-CoV-2-T100C_L125Y,10.350666046142578,train,10.35,1.035,0.0006660461425784803
SARS-CoV-2-V115L_V173R,10.348869323730469,train,10.33,1.0330000000000001,0.01886932373046868
SARS-CoV-2-Y119K_L183F_P197I,10.345850944519045,train,10.36,1.036,0.014149055480954686
SARS-CoV-2-L38I_S43T,10.567644119262695,train,10.58,1.058,0.012355880737304759
SARS-CoV-2-Y119K_K128R,10.35123348236084,train,10.35,1.035,0.001233482360840199
SARS-CoV-2-F126R_P149A,10.307886123657228,train,10.33,1.0330000000000001,0.022113876342771732
SARS-CoV-2-I2T_Q163A,10.450586318969728,train,10.49,1.0490000000000002,0.039413681030271874
SARS-CoV-2-L38M_P197S,10.31989288330078,train,10.32,1.032,0.00010711669922081057
SARS-CoV-2-T100R_L125M,10.459854125976562,train,10.45,1.045,0.00985412597656321
SARS-CoV-2-P197T_T201S,10.55821418762207,train,10.57,1.0570000000000002,0.011785812377929972
SARS-CoV-2-V37I_Y119R,10.620256423950195,train,10.62,1.062,0.0002564239501960941
SARS-CoV-2-I2A_F126R,10.442276000976562,train,10.47,1.0470000000000002,0.02772399902343814
SARS-CoV-2-L5K_F160S_L187T,10.573673248291016,train,10.58,1.058,0.006326751708984446
SARS-CoV-2-V37S_T201L,10.582975387573242,train,10.6,1.06,0.017024612426757457
SARS-CoV-2-Y39E_P197S,10.732536315917969,train,10.76,1.076,0.027463684082031037
SARS-CoV-2-F44Y_L131I,10.350295066833496,train,10.39,1.0390000000000001,0.039704933166504475
SARS-CoV-2-G9D_L60N_K87G,10.292665481567385,train,10.31,1.0310000000000001,0.01733451843261591
SARS-CoV-2-F160R_A190H,10.354549407958984,train,10.33,1.0330000000000001,0.024549407958984304
SARS-CoV-2-K128Q_Y175S_S200T,10.463878631591797,train,10.47,1.0470000000000002,0.0061213684082037645
SARS-CoV-2-I2S_A192L_G196I,10.323740005493164,train,10.34,1.034,0.016259994506835795
SARS-CoV-2-N58D_F160N,10.396907806396484,train,10.39,1.0390000000000001,0.0069078063964838066
SARS-CoV-2-R16Q_V37S_P169T,10.408292770385742,train,10.43,1.043,0.02170722961425753
SARS-CoV-2-N64S,10.442914962768556,train,10.405,1.0405,0.0379149627685571
SARS-CoV-2-L5P_V37N_C61I_T100H_S129T,10.301244735717772,train,10.29,1.029,0.011244735717772514
SARS-CoV-2-S113I_L125G,10.471969604492188,train,10.46,1.046,0.011969604492186647
SARS-CoV-2-L5A_P149I,10.474642753601074,train,10.48,1.048,0.005357246398926208
SARS-CoV-2-N40R_F160S,10.417482376098633,train,10.39,1.0390000000000001,0.027482376098632244
SARS-CoV-2-N64T_T201R,10.554203033447266,train,10.56,1.056,0.005796966552734872
SARS-CoV-2-V37G_K114Q_T201N,10.511275291442873,train,10.5,1.05,0.01127529144287287
SARS-CoV-2-S43V_G117D_Y175F,10.294827461242676,train,10.35,1.035,0.055172538757323863
SARS-CoV-2-F156K,10.470901489257812,train,10.444166666666666,1.0444166666666665,0.026734822591146568
SARS-CoV-2-T55H_S139T,10.719805717468262,train,10.75,1.075,0.03019428253173828
SARS-CoV-2-I2E_G9S,10.549633026123049,train,10.58,1.058,0.03036697387695142
SARS-CoV-2-S53T_Y119D,10.433412551879885,train,10.46,1.046,0.026587448120116264
SARS-CoV-2-I2V_I104V_L122A,10.38722801208496,train,10.41,1.0410000000000001,0.02277198791504098
SARS-CoV-2-L188Q,10.457073211669922,train,10.458,1.0458,0.0009267883300783097
SARS-CoV-2-T140E_T201S,10.468932151794434,train,10.48,1.048,0.011067848205566833
SARS-CoV-2-K87M_Y175L,10.499032020568848,train,10.51,1.051,0.01096797943115213
SARS-CoV-2-T15S_P149M_P197R,10.41871738433838,train,10.42,1.042,0.0012826156616192463
SARS-CoV-2-N171Q,10.51890754699707,train,10.496666666666668,1.0496666666666667,0.02224088033040239
SARS-CoV-2-V173D_L188H,10.499594688415527,train,10.55,1.0550000000000002,0.05040531158447337
SARS-CoV-2-Y119R_T201M,10.370275497436523,train,10.37,1.037,0.0002754974365242191
SARS-CoV-2-G9S_A33F,10.491538047790527,train,10.47,1.0470000000000002,0.021538047790526704
SARS-CoV-2-P7N_N110Q,10.37076473236084,train,10.41,1.0410000000000001,0.0392352676391603
SARS-CoV-2-F156E_T170S_K199I,10.458319664001465,train,10.49,1.0490000000000002,0.03168033599853537
SARS-CoV-2-T55A_N64S_F160T,10.315038681030272,train,10.26,1.026,0.055038681030271874
SARS-CoV-2-T3S_Q144N,10.431446075439451,train,10.49,1.0490000000000002,0.058553924560548865
SARS-CoV-2-C61Q_L122F_K128S,10.326814651489258,train,10.32,1.032,0.006814651489257528
SARS-CoV-2-L38F_L122T_G172W,10.362947463989258,train,10.355,1.0355,0.007947463989257386
SARS-CoV-2-V37G_K56L,10.442018508911133,train,10.46,1.046,0.01798149108886804
SARS-CoV-2-T55M_G174M,10.329513549804688,train,10.38,1.038,0.05048645019531328
SARS-CoV-2-R16F_G83R_Y119S_K198G,10.463338851928713,train,10.45,1.045,0.013338851928713424
SARS-CoV-2-T85R_G116E,10.382163047790527,train,10.39,1.0390000000000001,0.007836952209473225
SARS-CoV-2-N24V_K87I,10.435555458068848,train,10.425,1.0425000000000002,0.010555458068846946
SARS-CoV-2-S36M_N171S,10.334887504577637,train,10.38,1.038,0.04511249542236406
SARS-CoV-2-V65M_K198S,10.353382110595703,train,10.37,1.037,0.016617889404296093
SARS-CoV-2-I2S_K26R_T100L,10.55531120300293,train,10.56,1.056,0.00468879699707081
SARS-CoV-2-G51N_Y119S_P197L,10.431367874145508,train,10.45,1.045,0.018632125854491477
SARS-CoV-2-N130Q,10.454120635986328,train,10.466,1.0466,0.011879364013671179
SARS-CoV-2-T55R,10.344731330871582,train,10.346666666666666,1.0346666666666666,0.001935335795083759
SARS-CoV-2-V37A_G166L,10.649852752685549,train,10.66,1.066,0.01014724731445149
SARS-CoV-2-A18S,10.384210586547852,train,10.38818181818182,1.038818181818182,0.003971231633968841
SARS-CoV-2-P54V_T63K,10.513838768005373,train,10.51,1.051,0.0038387680053730833
SARS-CoV-2-Y39I,10.457212448120115,train,10.44,1.044,0.01721244812011591
SARS-CoV-2-Y35M_T63K_P149K,10.306337356567385,train,10.33,1.0330000000000001,0.023662643432615482
SARS-CoV-2-N40E_A145E,10.373708724975586,train,10.4,1.04,0.026291275024414418
SARS-CoV-2-V37W_K114L_V153I_N157S,10.416376113891602,train,10.45,1.045,0.03362388610839773
SARS-CoV-2-N171Y_K198Q,10.293987274169922,train,10.31,1.0310000000000001,0.016012725830078622
SARS-CoV-2-I2S_F160I,10.324914932250977,train,10.33,1.0330000000000001,0.0050850677490235086
SARS-CoV-2-G9D_S147P,10.554208755493164,train,10.58,1.058,0.02579124450683601
SARS-CoV-2-G9D_Q144S_P149S,10.519996643066406,train,10.56,1.056,0.04000335693359425
SARS-CoV-2-N157H_P197Q,10.33306121826172,train,10.35,1.035,0.01693878173827912
SARS-CoV-2-Y119N_F156R,10.48333740234375,train,10.47,1.0470000000000002,0.01333740234374936
SARS-CoV-2-Y91L_N120T,10.35614776611328,train,10.405,1.0405,0.04885223388671989
SARS-CoV-2-N120D,10.370521545410156,train,10.365714285714288,1.036571428571429,0.004807259695867927
SARS-CoV-2-E141D_K199E,10.382766723632812,train,10.43,1.043,0.047233276367187216
SARS-CoV-2-F160S_G174K,10.422242164611816,train,10.42,1.042,0.0022421646118164773
SARS-CoV-2-E10H_I28F,10.54425048828125,train,10.58,1.058,0.03574951171875007
SARS-CoV-2-Y35F_N151Q,10.384891510009766,train,10.41,1.0410000000000001,0.025108489990234517
SARS-CoV-2-R27I_P149S,10.385968208312988,train,10.4,1.04,0.014031791687012074
SARS-CoV-2-T100L_F156A,10.498315811157228,train,10.51,1.051,0.011684188842771448
SARS-CoV-2-I2R_K87A_T100M,10.530417442321776,train,10.56,1.056,0.02958255767822493
SARS-CoV-2-Y50F_V65L,10.33087158203125,train,10.37,1.037,0.03912841796874922
SARS-CoV-2-I2L_T85H,10.477046966552734,train,10.47,1.0470000000000002,0.0070469665527337355
SARS-CoV-2-N4Q_T140S,10.403275489807127,train,10.42,1.042,0.0167245101928728
SARS-CoV-2-F62I_K87P_N171L,10.489960670471191,train,10.5,1.05,0.010039329528808594
SARS-CoV-2-T140R_A145N,10.41038703918457,train,10.44,1.044,0.02961296081542919
SARS-CoV-2-T100V_Q163S,10.383771896362305,train,10.39,1.0390000000000001,0.006228103637695881
SARS-CoV-2-P149L_K199P,10.346303939819336,train,10.35,1.035,0.0036960601806637072
SARS-CoV-2-Y39T_L122M,10.57550048828125,train,10.55,1.0550000000000002,0.02550048828124929
SARS-CoV-2-N4T_S41G_Y175E_P197D,10.371074676513672,train,10.37,1.037,0.0010746765136726566
SARS-CoV-2-K87R_Y143V,10.313799858093262,train,10.34,1.034,0.02620014190673814
SARS-CoV-2-P149F_G166A,10.396305084228516,train,10.37,1.037,0.026305084228516407
SARS-CoV-2-F160E,10.444483757019045,train,10.3925,1.03925,0.051983757019044674
SARS-CoV-2-V37M_D98S,10.469874382019045,train,10.45,1.045,0.019874382019045456
SARS-CoV-2-S43L_Q163T_A192I,10.387022018432615,train,10.39,1.0390000000000001,0.0029779815673851573
SARS-CoV-2-L111D,10.471887588500977,train,10.48,1.048,0.008112411499023864
SARS-CoV-2-I88V_S129E_G174R,10.373786926269531,train,10.33,1.0330000000000001,0.04378692626953118
SARS-CoV-2-F8L_V37I,10.450763702392578,train,10.46,1.046,0.009236297607422728
SARS-CoV-2-G9S_T55N_F156W_T201D,10.414679527282717,train,10.41,1.0410000000000001,0.004679527282716478
SARS-CoV-2-V37A_K56T_T201Q,10.646228790283203,train,10.6,1.06,0.04622879028320348
SARS-CoV-2-S29R_N120S,10.33970832824707,train,10.38,1.038,0.04029167175293047
SARS-CoV-2-G9D_S139T,10.423868179321287,train,10.48,1.048,0.05613182067871314
SARS-CoV-2-Y123F_F156N,10.465169906616213,train,10.45,1.045,0.015169906616213424
SARS-CoV-2-V37W_L111S_V173A,10.420024871826172,train,10.44,1.044,0.019975128173827628
SARS-CoV-2-L5N_V37G_F44W,10.396076202392578,train,10.41,1.0410000000000001,0.013923797607422017
SARS-CoV-2-I2R_Y39N_G166T,10.763275146484377,train,10.8,1.08,0.036724853515623934
SARS-CoV-2-L5K_Y39V_Y119L,10.317824363708496,train,10.3,1.03,0.017824363708495383
SARS-CoV-2-P54R_T201M,10.303426742553713,train,10.31,1.0310000000000001,0.0065732574462877835
SARS-CoV-2-V37R_K199M,10.527626037597656,train,10.55,1.0550000000000002,0.02237396240234446
SARS-CoV-2-K87I_P149S_Q168T,10.464893341064451,train,10.48,1.048,0.015106658935549078
SARS-CoV-2-S200R,10.31217098236084,train,10.3,1.03,0.012170982360839133
SARS-CoV-2-P7R_K87T_T100L,10.442155838012695,train,10.45,1.045,0.007844161987303977
SARS-CoV-2-G9W_Y39S,10.424493789672852,train,10.45,1.045,0.025506210327147727
SARS-CoV-2-Y39V_V173S,10.417865753173828,train,10.43,1.043,0.01213424682617159
SARS-CoV-2-Q84T_D98H,10.360450744628906,train,10.32,1.032,0.040450744628905966
SARS-CoV-2-V37F_L60R_E141G,10.570655822753906,train,10.58,1.058,0.009344177246093821
SARS-CoV-2-T85V_N130K,10.493948936462402,train,10.51,1.051,0.016051063537597443
SARS-CoV-2-R78G,10.348368644714355,train,10.37,1.037,0.02163135528564375
SARS-CoV-2-P7E_I72L_K87T,10.47182846069336,train,10.49,1.0490000000000002,0.018171539306640838
SARS-CoV-2-F160Y_T201N,10.374948501586914,train,10.33,1.0330000000000001,0.04494850158691399
SARS-CoV-2-V32R,10.439329147338867,train,10.43090909090909,1.043090909090909,0.00842005642977739
SARS-CoV-2-I2P_P149R,10.344232559204102,train,10.35,1.035,0.005767440795898082
SARS-CoV-2-L122S_F156T,10.531744956970217,train,10.55,1.0550000000000002,0.01825504302978409
SARS-CoV-2-N120I_P197Y,10.491292953491213,train,10.5,1.05,0.008707046508787286
SARS-CoV-2-T100L_V153D,10.480908393859863,train,10.51,1.051,0.029091606140136506
SARS-CoV-2-N4T_V37R_L60Y,10.667882919311523,train,10.68,1.068,0.012117080688476278
SARS-CoV-2-T170Q_K198T,10.529006004333496,train,10.55,1.0550000000000002,0.020993995666504617
SARS-CoV-2-Q144S_P197A,10.462343215942385,train,10.47,1.0470000000000002,0.007656784057616051
SARS-CoV-2-K198L,10.41850471496582,train,10.403,1.0403,0.015504714965819844
SARS-CoV-2-V37T_Q84T,10.624794960021973,train,10.64,1.064,0.015205039978027912
SARS-CoV-2-L5W_E154T,10.342329025268556,train,10.36,1.036,0.017670974731442968
SARS-CoV-2-G117K_Q168H,10.402453422546388,train,10.38,1.038,0.022453422546387714
SARS-CoV-2-G152D_G172R,10.462077140808104,train,10.46,1.046,0.0020771408081028397
SARS-CoV-2-Y35V_A42S_I138E,10.368038177490234,train,10.39,1.0390000000000001,0.021961822509766193
SARS-CoV-2-I28C_N40H_K87N_Y175E,10.34820556640625,train,10.38,1.038,0.03179443359375078
SARS-CoV-2-S113A_L122R,10.487505912780762,train,10.48,1.048,0.007505912780761292
SARS-CoV-2-T100C_Y119N_Y175A,10.379522323608398,train,10.38,1.038,0.0004776763916023441
SARS-CoV-2-N1G_F17W,10.38127899169922,train,10.42,1.042,0.0387210083007794
SARS-CoV-2-R27Q_Y35W_Y143L,10.29668426513672,train,10.34,1.034,0.04331573486327933
SARS-CoV-2-V37N_S200R,10.428275108337402,train,10.44,1.044,0.011724891662597159
SARS-CoV-2-K87Y_F156V,10.485136032104492,train,10.46,1.046,0.025136032104491335
SARS-CoV-2-I2L_Y39G_P197A,10.65660285949707,train,10.66,1.066,0.0033971405029298296
SARS-CoV-2-I2F_P54A_P197R,10.54231071472168,train,10.53,1.053,0.012310714721680327
SARS-CoV-2-G9R_K198H,10.641524314880373,train,10.65,1.0650000000000002,0.008475685119627485
SARS-CoV-2-V37T_K56S_S129V,10.452946662902832,train,10.46,1.046,0.007053337097168821
SARS-CoV-2-S29G_K199H,10.478310585021973,train,10.48,1.048,0.00168941497802777
SARS-CoV-2-Y119R_P197D,10.5628080368042,train,10.58,1.058,0.017191963195800852
SARS-CoV-2-A33W_V65C,10.491521835327148,train,10.5,1.05,0.008478164672851562
SARS-CoV-2-Y35W_S200L,10.631502151489258,train,10.65,1.0650000000000002,0.018497848510742543
SARS-CoV-2-K87L_L122Y_F160R,10.435235023498535,train,10.45,1.045,0.014764976501464133
SARS-CoV-2-T55G_G174A,10.333203315734863,train,10.33,1.0330000000000001,0.00320331573486321
SARS-CoV-2-T55K_Y175K,10.29764175415039,train,10.33,1.0330000000000001,0.032358245849609446
SARS-CoV-2-C61S_L125P_S129D,10.298852920532228,train,10.32,1.032,0.021147079467771945
SARS-CoV-2-P149E_G166S,10.340219497680664,train,10.32,1.032,0.02021949768066378
SARS-CoV-2-D59Q,10.471317291259766,train,10.46,1.046,0.011317291259764772
SARS-CoV-2-C61N_L125K_N130W,10.330745697021484,train,10.335,1.0335,0.004254302978516478
SARS-CoV-2-R16T_T100K,10.495393753051758,train,10.485,1.0485,0.010393753051758381
SARS-CoV-2-G51R_T148S,10.370521545410156,train,10.37,1.037,0.0005215454101570316
SARS-CoV-2-S43H_Q144R,10.395554542541504,train,10.415,1.0414999999999999,0.01944545745849524
SARS-CoV-2-P197E,10.333944320678713,train,10.373333333333331,1.0373333333333332,0.03938901265461858
SARS-CoV-2-K48V,10.30776023864746,train,10.286,1.0286,0.021760238647459573
SARS-CoV-2-I2E_G9M_D90R_L125K,10.376599311828612,train,10.42,1.042,0.043400688171388424
SARS-CoV-2-K199E,10.387008666992188,train,10.4025,1.0402500000000001,0.015491333007812358
SARS-CoV-2-T55L_R73S,10.37435817718506,train,10.43,1.043,0.055641822814939346
SARS-CoV-2-K87E_V115K_G172T,10.44631576538086,train,10.465,1.0465,0.018684234619140483
SARS-CoV-2-G9L_Y39M_P197R,10.439926147460938,train,10.47,1.0470000000000002,0.03007385253906314
SARS-CoV-2-R16D_L122T,10.440582275390623,train,10.49,1.0490000000000002,0.04941772460937699
SARS-CoV-2-N1Q_G51R_F62W_T201S,10.524176597595217,train,10.56,1.056,0.03582340240478388
SARS-CoV-2-V37I_K56Q,10.339229583740234,train,10.36,1.036,0.020770416259765057
SARS-CoV-2-Q168F,10.48035717010498,train,10.51,1.051,0.029642829895019318
SARS-CoV-2-R27S_E141D,10.398407936096191,train,10.395,1.0395,0.0034079360961918326
SARS-CoV-2-I2G_N110R,10.334013938903809,train,10.37,1.037,0.035986061096190625
SARS-CoV-2-K56E_G116S,10.307624816894531,train,10.32,1.032,0.012375183105469034
SARS-CoV-2-R27S_S45D,10.431740760803224,train,10.47,1.0470000000000002,0.03825923919677621
SARS-CoV-2-I2R_V37I_K87W,10.602023124694824,train,10.6,1.06,0.002023124694824574
SARS-CoV-2-S41N_F62V_D98E,10.416729927062988,train,10.48,1.048,0.06327007293701215
SARS-CoV-2-V37S_E154I,10.34141731262207,train,10.35,1.035,0.008582687377929332
SARS-CoV-2-P54R_Y123K,10.47837257385254,train,10.48,1.048,0.0016274261474595875
SARS-CoV-2-G9K_N151Y_V153L_G172N,10.402505874633787,train,10.44,1.044,0.037494125366212216
SARS-CoV-2-P149S_Q168Y,10.595941543579102,train,10.63,1.0630000000000002,0.03405845642089922
SARS-CoV-2-Y119M_K132N,10.34827995300293,train,10.33,1.0330000000000001,0.018279953002929616
SARS-CoV-2-T55N_Y159W,10.333614349365234,train,10.3,1.03,0.033614349365233664
SARS-CoV-2-P7A_F47I,10.537128448486328,train,10.49,1.0490000000000002,0.04712844848632791
SARS-CoV-2-T3D_F156S_K198W,10.532705307006836,train,10.56,1.056,0.02729469299316456
SARS-CoV-2-Y119S_G166N,10.576598167419434,train,10.56,1.056,0.016598167419433096
SARS-CoV-2-T3H_F156Q,10.514726638793944,train,10.56,1.056,0.04527336120605696
SARS-CoV-2-Y39N_S129H_T170E,10.381743431091309,train,10.43,1.043,0.04825656890869112
SARS-CoV-2-R16Q,10.589357376098633,train,10.62,1.062,0.030642623901366406
SARS-CoV-2-S147P_T170Y,10.334009170532228,train,10.32,1.032,0.014009170532228055
SARS-CoV-2-V37T_N120H,10.33038330078125,train,10.3,1.03,0.03038330078124929
SARS-CoV-2-L5E_F44Y,10.57089900970459,train,10.58,1.058,0.009100990295410227
SARS-CoV-2-A190R,10.308671951293944,train,10.35,1.035,0.04132804870605611
SARS-CoV-2-V37F,10.489198684692385,train,10.47625,1.047625,0.012948684692384305
SARS-CoV-2-V37F_L183V,10.323153495788574,train,10.41,1.0410000000000001,0.08684650421142592
SARS-CoV-2-L111A,10.387161254882812,train,10.39,1.0390000000000001,0.0028387451171880684
SARS-CoV-2-K26T_L125S_K198T,10.541824340820312,train,10.56,1.056,0.018175659179687997
SARS-CoV-2-N64A_T100V_S129P,10.357483863830566,train,10.4,1.04,0.04251613616943395
SARS-CoV-2-V37W_T140A,10.622125625610352,train,10.62,1.062,0.002125625610352344
SARS-CoV-2-R78D_I104A,10.385613441467283,train,10.4,1.04,0.014386558532716975
SARS-CoV-2-F160S_S200M,10.333208084106444,train,10.32,1.032,0.013208084106443252
SARS-CoV-2-I2P_E141D,10.308748245239258,train,10.315,1.0315,0.00625175476074169
SARS-CoV-2-Y50F_F156V_T201W,10.38679313659668,train,10.37,1.037,0.01679313659668047
SARS-CoV-2-Y119V_T140C,10.34621238708496,train,10.4,1.04,0.053787612915041194
SARS-CoV-2-Y39M_T170H,10.658035278320312,train,10.65,1.0650000000000002,0.008035278320312145
SARS-CoV-2-S43Y_Q168N,10.52943229675293,train,10.56,1.056,0.03056770324707081
SARS-CoV-2-L5N_R16N,10.455774307250977,train,10.46,1.046,0.00422569274902429
SARS-CoV-2-N120T_Y143F_T201S,10.318821907043455,train,10.36,1.036,0.04117809295654418
SARS-CoV-2-T63Y_K87L_G172K_S184H,10.501745223999023,train,10.49,1.0490000000000002,0.011745223999023224
SARS-CoV-2-C61E_D97M_E141R,10.40484619140625,train,10.45,1.045,0.04515380859374929
SARS-CoV-2-K114E,10.349870681762695,train,10.352857142857143,1.0352857142857144,0.0029864610944478898
SARS-CoV-2-A145N_T201C,10.434579849243164,train,10.48,1.048,0.045420150756836364
SARS-CoV-2-K56M_G117E,10.35028076171875,train,10.38,1.038,0.02971923828125078
SARS-CoV-2-G9E_K132D_K198L,10.39870262145996,train,10.42,1.042,0.021297378540040768
SARS-CoV-2-A89P_T201S,10.468971252441406,train,10.48,1.048,0.011028747558594176
SARS-CoV-2-T55C_T201K,10.31169319152832,train,10.35,1.035,0.03830680847167933
SARS-CoV-2-K114R_S129V_Q168T,10.391705513000488,train,10.46,1.046,0.06829448699951257
SARS-CoV-2-K87M_T140A,10.477476119995115,train,10.49,1.0490000000000002,0.012523880004884802
SARS-CoV-2-N1P_F156S,10.438392639160156,train,10.42,1.042,0.01839263916015632
SARS-CoV-2-F126V,10.367897987365724,train,10.37625,1.037625,0.008352012634276207
SARS-CoV-2-G9D_T201K,10.43305492401123,train,10.47,1.0470000000000002,0.03694507598877017
SARS-CoV-2-K56Q_R78T_T140L,10.453729629516602,train,10.49,1.0490000000000002,0.03627037048339865
SARS-CoV-2-A33W_G166V,10.527236938476562,train,10.58,1.058,0.05276306152343757
SARS-CoV-2-F156N_G166A,10.349528312683104,train,10.36,1.036,0.01047168731689574
SARS-CoV-2-K87S_F156T,10.313631057739258,train,10.23,1.0230000000000001,0.08363105773925739
SARS-CoV-2-T3S_T100C,10.483339309692385,train,10.44,1.044,0.043339309692385086
SARS-CoV-2-L38I_P54A,10.488667488098145,train,10.5,1.05,0.011332511901855469
SARS-CoV-2-G83R_E141S,10.325695991516112,train,10.32,1.032,0.005695991516111221
SARS-CoV-2-D98T_S147T,10.519195556640623,train,10.5,1.05,0.019195556640623224
SARS-CoV-2-Y175M,10.36750602722168,train,10.367142857142856,1.0367142857142857,0.00036317007882402663
SARS-CoV-2-L38I_Y119G,10.493273735046388,train,10.52,1.052,0.02672626495361108
SARS-CoV-2-R16T_T201R,10.537017822265623,train,10.55,1.0550000000000002,0.012982177734377487
SARS-CoV-2-Y119H_T170M,10.51311492919922,train,10.48,1.048,0.0331149291992201
SARS-CoV-2-T63A,10.366950988769531,train,10.39375,1.0393750000000002,0.02679901123046946
SARS-CoV-2-L187I_K198L,10.521013259887695,train,10.55,1.0550000000000002,0.028986740112305398
SARS-CoV-2-F156L_Q163S,10.36461067199707,train,10.36,1.036,0.004610671997070881
SARS-CoV-2-Y35L_P149H,10.424283981323242,train,10.41,1.0410000000000001,0.014283981323242045
SARS-CoV-2-K87N_K199L,10.422439575195312,train,10.48,1.048,0.057560424804687926
SARS-CoV-2-T100L,10.439412117004396,train,10.419,1.0419,0.020412117004395824
SARS-CoV-2-L38I_L122Y,10.354422569274902,train,10.395,1.0395,0.04057743072509723
SARS-CoV-2-Y39H,10.350725173950195,train,10.361428571428572,1.0361428571428573,0.010703397478376786
SARS-CoV-2-K87H,10.418987274169922,train,10.444,1.0444000000000002,0.025012725830078963
SARS-CoV-2-V37F_P177A_K198C,10.6546630859375,train,10.66,1.066,0.005336914062500142
SARS-CoV-2-T15E_I28W_N110Q_G146N,10.354818344116213,train,10.38,1.038,0.025181655883788068
SARS-CoV-2-T55G_R78H,10.41753101348877,train,10.41,1.0410000000000001,0.007531013488769389
SARS-CoV-2-K87N_F160A,10.435392379760742,train,10.4,1.04,0.03539237976074183
SARS-CoV-2-Y175N,10.445222854614258,train,10.4525,1.04525,0.007277145385742756
SARS-CoV-2-N40G_S45D_V71I,10.3328275680542,train,10.36,1.036,0.027172431945800213
SARS-CoV-2-C61N_T100F,10.355217933654783,train,10.41,1.0410000000000001,0.05478206634521676
SARS-CoV-2-G9P_S43V_T63A_Y175G,10.405217170715332,train,10.4,1.04,0.005217170715331676
SARS-CoV-2-N24V_Y35F,10.521974563598633,train,10.51,1.051,0.011974563598633026
SARS-CoV-2-F134Y_G196R,10.374796867370604,train,10.35,1.035,0.024796867370604048
SARS-CoV-2-T85C,10.380985260009766,train,10.45,1.045,0.06901473999023366
SARS-CoV-2-T85R_L122Q,10.50344944000244,train,10.51,1.051,0.006550559997560157
SARS-CoV-2-R27K_T63G_F156M,10.573993682861328,train,10.61,1.061,0.03600631713867131
SARS-CoV-2-K87L_L125Y_L188I,10.307381629943848,train,10.33,1.0330000000000001,0.022618370056152415
SARS-CoV-2-N24S_S147N,10.559123992919922,train,10.58,1.058,0.020876007080078196
SARS-CoV-2-G9D_G117D,10.579543113708496,train,10.625,1.0625,0.045456886291503906
SARS-CoV-2-Y91L_Y175N,10.302492141723633,train,10.34,1.034,0.037507858276367045
SARS-CoV-2-E154S_K198Q,10.315906524658203,train,10.33,1.0330000000000001,0.014093475341796946
SARS-CoV-2-L5W_G166S,10.347895622253418,train,10.38,1.038,0.03210437774658281
SARS-CoV-2-T55I_V173A,10.315629959106444,train,10.33,1.0330000000000001,0.014370040893556535
SARS-CoV-2-Y175L,10.415287017822266,train,10.395714285714286,1.0395714285714286,0.019572732107979718
SARS-CoV-2-T55D_N64P,10.348454475402832,train,10.37,1.037,0.021545524597167187
SARS-CoV-2-C61S_T201S,10.40339469909668,train,10.4,1.04,0.0033946990966793322
SARS-CoV-2-V37W_F44M_L122M,10.597954750061035,train,10.585,1.0585000000000002,0.012954750061034304
SARS-CoV-2-N120E_N151Q,10.428366661071776,train,10.45,1.045,0.021633338928223722
SARS-CoV-2-T100K_Y119K,10.378875732421877,train,10.36,1.036,0.018875732421877345
SARS-CoV-2-A192S_G196E,10.45344352722168,train,10.48,1.048,0.02655647277832074
SARS-CoV-2-G196I,10.364273071289062,train,10.31,1.0310000000000001,0.054273071289062
SARS-CoV-2-N4P_T201W,10.298799514770508,train,10.3,1.03,0.001200485229492898
SARS-CoV-2-T148Q_Y175H,10.655838012695312,train,10.67,1.067,0.014161987304687429
SARS-CoV-2-V115Y_A190R,10.339441299438477,train,10.38,1.038,0.04055870056152422
SARS-CoV-2-I28M_T85M_L122W_G155E,10.332624435424805,train,10.37,1.037,0.03737556457519453
SARS-CoV-2-F156C,10.418882369995115,train,10.411428571428573,1.0411428571428574,0.007453798566542602
SARS-CoV-2-Y39L_G117K_R136Q,10.313204765319824,train,10.33,1.0330000000000001,0.016795234680175852
SARS-CoV-2-K87W_L187M,10.328510284423828,train,10.33,1.0330000000000001,0.001489715576171946
SARS-CoV-2-C195Y_S200P,10.363311767578123,train,10.36,1.036,0.003311767578123792
SARS-CoV-2-V37F_G116P_S200C,10.438151359558104,train,10.43,1.043,0.008151359558103977
SARS-CoV-2-Y39H_N171E,10.335371017456056,train,10.35,1.035,0.014628982543943181
SARS-CoV-2-N130H,10.37582778930664,train,10.4,1.04,0.02417221069335973
SARS-CoV-2-T3H_P197T,10.470392227172852,train,10.48,1.048,0.009607772827148864
SARS-CoV-2-I28L_F126Y,10.50048828125,train,10.52,1.052,0.019511718749999574
SARS-CoV-2-G9S_N157Q,10.507241249084473,train,10.5,1.05,0.007241249084472656
SARS-CoV-2-Y121L_G166L_S200L,10.300206184387209,train,10.33,1.0330000000000001,0.029793815612791263
SARS-CoV-2-G9Q_K198R,10.420241355895996,train,10.43,1.043,0.009758644104003622
SARS-CoV-2-K114E_L122K_K128V_N157S,10.348373413085938,train,10.36,1.036,0.011626586914061932
SARS-CoV-2-F160T,10.390043258666992,train,10.345,1.0345000000000002,0.04504325866699155
SARS-CoV-2-N4G_Y175G,10.389790534973145,train,10.38,1.038,0.00979053497314375
SARS-CoV-2-Y66T_D98N,10.34341049194336,train,10.33,1.0330000000000001,0.013410491943359304
SARS-CoV-2-S43T_S53V,10.485478401184082,train,10.49,1.0490000000000002,0.004521598815918182
SARS-CoV-2-Y39K_C61K,10.369173049926758,train,10.38,1.038,0.010826950073242969
SARS-CoV-2-P54H_Y121L,10.45232105255127,train,10.47,1.0470000000000002,0.017678947448731108
SARS-CoV-2-C61D_G166R,10.38502025604248,train,10.43,1.043,0.04497974395751925
SARS-CoV-2-E141F_P197L,10.489068031311035,train,10.49,1.0490000000000002,0.0009319686889650569
SARS-CoV-2-I2P_D97L_T201L,10.320806503295898,train,10.33,1.0330000000000001,0.009193496704101634
SARS-CoV-2-V77L_Y121F,10.33348560333252,train,10.37,1.037,0.03651439666747969
SARS-CoV-2-K56M_L125V,10.494142532348633,train,10.52,1.052,0.02585746765136676
SARS-CoV-2-L187G,10.581911087036133,train,10.55,1.0550000000000002,0.0319110870361321
SARS-CoV-2-T201I,10.298004150390623,train,10.32388888888889,1.032388888888889,0.025884738498266557
SARS-CoV-2-L5Q_T201S,10.432031631469728,train,10.45,1.045,0.01796836853027095
SARS-CoV-2-I2C_Q168E_T201L,10.435959815979004,train,10.45,1.045,0.014040184020995383
SARS-CoV-2-A190T_K199V,10.440467834472656,train,10.45,1.045,0.00953216552734304
SARS-CoV-2-L122R,10.46672821044922,train,10.456428571428573,1.0456428571428573,0.010299639020647788
SARS-CoV-2-Y35V_N110T_Y119Q,10.392881393432615,train,10.4,1.04,0.007118606567384944
SARS-CoV-2-I2S_N171P,10.337489128112791,train,10.33,1.0330000000000001,0.007489128112791121
SARS-CoV-2-G9S_N40R_P149T,10.406719207763672,train,10.44,1.044,0.03328079223632763
SARS-CoV-2-R16S_G174L,10.530084609985352,train,10.61,1.061,0.07991539001464787
SARS-CoV-2-N64P_R78S,10.320594787597656,train,10.37,1.037,0.04940521240234297
SARS-CoV-2-S43L_I104F_P197R,10.462008476257324,train,10.44,1.044,0.022008476257324716
SARS-CoV-2-L5V_T55Y,10.59304428100586,train,10.58,1.058,0.013044281005859304
SARS-CoV-2-L125A,10.402631759643556,train,10.395,1.0395,0.00763175964355689
SARS-CoV-2-S29T_K132I_T201Y,10.32290267944336,train,10.29,1.029,0.03290267944336023
SARS-CoV-2-Y119R_F156N,10.393534660339355,train,10.37,1.037,0.02353466033935625
SARS-CoV-2-L5S_K199W,10.436685562133787,train,10.44,1.044,0.0033144378662122165
SARS-CoV-2-K56M_F156P,10.4890718460083,train,10.5,1.05,0.010928153991699219
SARS-CoV-2-C61R_G166V,10.34745979309082,train,10.33,1.0330000000000001,0.01745979309082024
SARS-CoV-2-F99W_F160Y_N171W,10.475982666015623,train,10.47,1.0470000000000002,0.005982666015622584
SARS-CoV-2-G9S_Y35W_E154G,10.345528602600098,train,10.36,1.036,0.014471397399901775
SARS-CoV-2-D97A_S129A,10.40481662750244,train,10.43,1.043,0.025183372497560086
SARS-CoV-2-G9V_N130P,10.35690975189209,train,10.36,1.036,0.003090248107909588
SARS-CoV-2-T85R_L111Y,10.442795753479004,train,10.49,1.0490000000000002,0.04720424652099631
SARS-CoV-2-T55W_F62L_K128S,10.375225067138672,train,10.4,1.04,0.02477493286132848
SARS-CoV-2-R16F_T201R,10.35903549194336,train,10.36,1.036,0.0009645080566400566
SARS-CoV-2-Y35L_T46M_P197V,10.311131477355955,train,10.32,1.032,0.00886852264404503
SARS-CoV-2-S43E_N120E_Q168L_T201V,10.590109825134276,train,10.61,1.061,0.019890174865723864
SARS-CoV-2-Y119S_K128I_F156R,10.32929229736328,train,10.32,1.032,0.00929229736327919
SARS-CoV-2-G152K_G166A,10.3555908203125,train,10.4,1.04,0.044409179687500355
SARS-CoV-2-D98N_Y119Q,10.382190704345703,train,10.38,1.038,0.0021907043457023434
SARS-CoV-2-N151K,10.41160774230957,train,10.383333333333333,1.0383333333333333,0.028274408976237453
SARS-CoV-2-V37F_T140K,10.655466079711914,train,10.65,1.0650000000000002,0.005466079711913707
SARS-CoV-2-Y119I_N151M,10.292577743530272,train,10.29,1.029,0.002577743530272514
SARS-CoV-2-K56Q_G174D,10.319215774536133,train,10.365,1.0365,0.0457842254638674
SARS-CoV-2-D59N_F156S,10.422754287719728,train,10.44,1.044,0.017245712280271164
SARS-CoV-2-A190G,10.406978607177734,train,10.465,1.0465,0.05802139282226548
SARS-CoV-2-L5T_S43T_N120S_A190C_P197S,10.499335289001465,train,10.51,1.051,0.010664710998534943
SARS-CoV-2-F126R_F156V,10.50451946258545,train,10.48,1.048,0.024519462585448792
SARS-CoV-2-L5I_V153Q,10.487221717834473,train,10.49,1.0490000000000002,0.002778282165527557
SARS-CoV-2-S113M_P197K,10.457326889038086,train,10.45,1.045,0.007326889038086648
SARS-CoV-2-E10S_N64T,10.32480812072754,train,10.26,1.026,0.06480812072754105
SARS-CoV-2-I28M_G51N_F160L,10.687873840332031,train,10.71,1.0710000000000002,0.022126159667969603
SARS-CoV-2-N1F_G9E_L122M,10.32968044281006,train,10.34,1.034,0.010319557189939488
SARS-CoV-2-V52F_K132R,10.426315307617188,train,10.42,1.042,0.006315307617187571
SARS-CoV-2-A190Q,10.34858226776123,train,10.37,1.037,0.02141773223876875
SARS-CoV-2-V32T_K114P_E141A_P197A,10.350082397460938,train,10.38,1.038,0.02991760253906328
SARS-CoV-2-V37G_F62V_T140S,10.463820457458496,train,10.45,1.045,0.013820457458496804
SARS-CoV-2-H189C_T201N,10.465002059936523,train,10.52,1.052,0.054997940063476136
SARS-CoV-2-L5G_V32Y_T63K_T85H,10.47536849975586,train,10.52,1.052,0.0446315002441402
SARS-CoV-2-I2S_K128C_G174A,10.335034370422363,train,10.35,1.035,0.014965629577636363
SARS-CoV-2-K114T_N157K_P197H,10.65165901184082,train,10.63,1.0630000000000002,0.02165901184081953
SARS-CoV-2-R27C_L122M,10.471731185913086,train,10.49,1.0490000000000002,0.018268814086914276
SARS-CoV-2-N4A_P197Q,10.539276123046877,train,10.55,1.0550000000000002,0.010723876953123934
SARS-CoV-2-S29E,10.60849380493164,train,10.62,1.062,0.011506195068358593
SARS-CoV-2-C61A_T100Y,10.475663185119627,train,10.45,1.045,0.02566318511962784
SARS-CoV-2-V37M_A192T,10.48690128326416,train,10.47,1.0470000000000002,0.016901283264159517
SARS-CoV-2-A22R_I104L,10.324857711791992,train,10.35,1.035,0.025142288208007457
SARS-CoV-2-P197V_T201D,10.52371311187744,train,10.52,1.052,0.0037131118774400562
SARS-CoV-2-D98A_S200G,10.378768920898438,train,10.41,1.0410000000000001,0.031231079101562642
SARS-CoV-2-S53N_E154T_K199Y,10.338715553283691,train,10.38,1.038,0.041284446716309375
SARS-CoV-2-L5T_Y35W_K56R,10.602792739868164,train,10.6,1.06,0.0027927398681644178
SARS-CoV-2-G9S_L122K,10.463000297546388,train,10.41,1.0410000000000001,0.05300029754638835
SARS-CoV-2-S43R_I138L,10.358174324035645,train,10.38,1.038,0.02182567596435625
SARS-CoV-2-L131I_F156I,10.50218391418457,train,10.51,1.051,0.007816085815429474
SARS-CoV-2-S53E_R73G,10.320938110351562,train,10.33,1.0330000000000001,0.009061889648437571
SARS-CoV-2-I2G_V173I,10.38059902191162,train,10.35,1.035,0.030599021911619673
SARS-CoV-2-Y39L_N151S_V173E,10.503643035888672,train,10.52,1.052,0.0163569641113277
SARS-CoV-2-K87T_N151L,10.616765975952148,train,10.63,1.0630000000000002,0.013234024047852344
SARS-CoV-2-T55P_K128A,10.353564262390137,train,10.42,1.042,0.06643573760986321
SARS-CoV-2-D59S_L122Y,10.45503044128418,train,10.45,1.045,0.005030441284180398
SARS-CoV-2-K56N_K114N_L125A,10.576353073120115,train,10.59,1.059,0.013646926879884447
SARS-CoV-2-T63K_S147T,10.40261459350586,train,10.39,1.0390000000000001,0.012614593505858807
SARS-CoV-2-G9D_Y119K,10.527300834655762,train,10.53,1.053,0.0026991653442376418
SARS-CoV-2-K87T_D98N_A190G,10.486452102661133,train,10.52,1.052,0.03354789733886676
SARS-CoV-2-I2N_P7K_Y35F,10.497419357299805,train,10.44,1.044,0.057419357299805185
SARS-CoV-2-I2H_F62Y,10.419957160949709,train,10.43,1.043,0.010042839050290908
SARS-CoV-2-V37F_T46H_R73M_T85S_T100V,10.697372436523438,train,10.71,1.0710000000000002,0.012627563476563353
SARS-CoV-2-R16V_N64T,10.463533401489258,train,10.47,1.0470000000000002,0.006466598510742827
SARS-CoV-2-V37W_S53R,10.620977401733398,train,10.62,1.062,0.000977401733399219
SARS-CoV-2-C195I,10.447641372680664,train,10.42,1.042,0.027641372680664134
SARS-CoV-2-S129D_T148K,10.501718521118164,train,10.51,1.051,0.008281478881835724
SARS-CoV-2-L122A,10.38662052154541,train,10.385555555555555,1.0385555555555557,0.001064965989854727
SARS-CoV-2-N157M_G172Q,10.463881492614746,train,10.46,1.046,0.003881492614745241
SARS-CoV-2-G9D_Y21F_I138V,10.65182876586914,train,10.72,1.072,0.06817123413086001
SARS-CoV-2-S113V_L122Y_S129N,10.396223068237305,train,10.4,1.04,0.0037769317626956678
SARS-CoV-2-Y39M_K56N_S129I,10.384626388549805,train,10.4,1.04,0.015373611450195668
SARS-CoV-2-G166Y_P191T,10.292588233947754,train,10.32,1.032,0.027411766052246378
SARS-CoV-2-G9N_Y121F,10.386259078979492,train,10.41,1.0410000000000001,0.023740921020507955
SARS-CoV-2-N24R_G166C,10.471330642700195,train,10.5,1.05,0.028669357299804688
SARS-CoV-2-N30A_G172D,10.430416107177734,train,10.48,1.048,0.04958389282226605
SARS-CoV-2-N4T_L122T,10.31648063659668,train,10.37,1.037,0.05351936340331953
SARS-CoV-2-L122K_T201Y,10.638473510742188,train,10.62,1.062,0.01847351074218828
SARS-CoV-2-A42Q_K87D,10.30412483215332,train,10.32,1.032,0.01587516784667997
SARS-CoV-2-N24D_S129T,10.350553512573242,train,10.39,1.0390000000000001,0.03944648742675838
SARS-CoV-2-T63Y_F156S,10.34704875946045,train,10.35,1.035,0.002951240539550426
SARS-CoV-2-L122G_V173M,10.429648399353027,train,10.43,1.043,0.00035160064697237203
SARS-CoV-2-Y35L_T63G,10.503918647766112,train,10.5,1.05,0.003918647766111505
SARS-CoV-2-V37L_Y119Q_S147M,10.52383804321289,train,10.5,1.05,0.023838043212890625
SARS-CoV-2-V37S_T85S_F126Y_K132P,10.463552474975586,train,10.44,1.044,0.023552474975586435
SARS-CoV-2-V37F_F44A_T201L,10.649611473083496,train,10.625,1.0625,0.024611473083496094
SARS-CoV-2-R27C_Y175G,10.49131202697754,train,10.48,1.048,0.011312026977540413
SARS-CoV-2-T140S_S184V,10.46342945098877,train,10.48,1.048,0.016570549011230895
SARS-CoV-2-N40G_E141S,10.308170318603516,train,10.24,1.024,0.06817031860351541
SARS-CoV-2-Y119C_H189N,10.46713638305664,train,10.47,1.0470000000000002,0.0028636169433600145
SARS-CoV-2-Y35F_A89P_F156R,10.411161422729492,train,10.39,1.0390000000000001,0.02116142272949162
SARS-CoV-2-P149L_G166T,10.329146385192873,train,10.34,1.034,0.010853614807126988
SARS-CoV-2-D59T_L122K_N130F,10.428983688354492,train,10.45,1.045,0.021016311645507102
SARS-CoV-2-K26M_K199V,10.39134407043457,train,10.42,1.042,0.028655929565429616
SARS-CoV-2-G83N_G174A,10.439363479614258,train,10.495,1.0494999999999999,0.055636520385741406
SARS-CoV-2-E141Q_T148A,10.42255973815918,train,10.425,1.0425000000000002,0.002440261840821023
SARS-CoV-2-S41R_K87T_G166K,10.552396774291992,train,10.53,1.053,0.022396774291992827
SARS-CoV-2-T15S_Q163S,10.48086929321289,train,10.49,1.0490000000000002,0.009130706787109588
SARS-CoV-2-L5G_S36R,10.31037425994873,train,10.31,1.0310000000000001,0.00037425994872997137
SARS-CoV-2-Y119R_G166T_H189R,10.533071517944336,train,10.535,1.0535,0.0019284820556642046
SARS-CoV-2-L5Q_G116T_T201G,10.45256519317627,train,10.45,1.045,0.002565193176270242
SARS-CoV-2-T148I_F156T,10.649991989135742,train,10.66,1.066,0.010008010864257955
SARS-CoV-2-T3K_R27V,10.431840896606444,train,10.48,1.048,0.04815910339355689
SARS-CoV-2-Y35W_V115C_K128V,10.516474723815918,train,10.53,1.053,0.013525276184081392
SARS-CoV-2-V37S_F62S,10.42949676513672,train,10.43,1.043,0.0005032348632791894
SARS-CoV-2-D98N_P149H_F156L,10.463804244995115,train,10.49,1.0490000000000002,0.026195755004884802
SARS-CoV-2-K87L_S113Q_A192S,10.324068069458008,train,10.31,1.0310000000000001,0.014068069458007315
SARS-CoV-2-S36M_I138V,10.408992767333984,train,10.42,1.042,0.011007232666015554
SARS-CoV-2-C61P_T170Q,10.295190811157228,train,10.27,1.027,0.025190811157228765
SARS-CoV-2-E10V_L122R,10.316205978393556,train,10.32,1.032,0.0037940216064438204
SARS-CoV-2-K87L_G117M,10.53880786895752,train,10.57,1.0570000000000002,0.031192131042480753
SARS-CoV-2-Y39R_I138C,10.557391166687012,train,10.5,1.05,0.05739116668701172
SARS-CoV-2-V37R_F62C,10.447931289672852,train,10.45,1.045,0.002068710327147727
SARS-CoV-2-P54W_S129N,10.440550804138184,train,10.5,1.05,0.059449195861816406
SARS-CoV-2-K199F,10.46643352508545,train,10.4925,1.04925,0.026066474914550497
SARS-CoV-2-T3L_Y39F,10.452142715454102,train,10.48,1.048,0.027857284545898864
SARS-CoV-2-A14K_K87I_Y119N_S200D,10.485895156860352,train,10.515,1.0515,0.029104843139649006
SARS-CoV-2-S36E_T85S,10.451191902160645,train,10.45,1.045,0.0011919021606452418
SARS-CoV-2-S53T_Y119F,10.720341682434082,train,10.74,1.074,0.019658317565918182
SARS-CoV-2-Y119Q_G155S_V173A_T201D,10.656511306762695,train,10.65,1.0650000000000002,0.006511306762694957
SARS-CoV-2-G9M_Y35M_L122S,10.519753456115724,train,10.53,1.053,0.010246543884274928
SARS-CoV-2-G51K_T170S,10.326896667480469,train,10.38,1.038,0.05310333251953203
SARS-CoV-2-S41H_K48Q,10.321002960205078,train,10.35,1.035,0.02899703979492152
SARS-CoV-2-R16I_S139D,10.364171981811523,train,10.34,1.034,0.02417198181152358
SARS-CoV-2-D98V_N130K,10.435539245605469,train,10.49,1.0490000000000002,0.05446075439453146
SARS-CoV-2-N151L,10.311724662780762,train,10.303333333333333,1.0303333333333333,0.00839132944742893
SARS-CoV-2-S36D_D98E,10.372800827026367,train,10.38,1.038,0.007199172973633594
SARS-CoV-2-V32C,10.442994117736816,train,10.45,1.045,0.007005882263182883
SARS-CoV-2-V37T_S41R,10.37907886505127,train,10.39,1.0390000000000001,0.010921134948731037
SARS-CoV-2-T85H_Y121H_Q168L,10.418846130371094,train,10.45,1.045,0.03115386962890554
SARS-CoV-2-D59Q_P149G,10.3347749710083,train,10.34,1.034,0.005225028991699077
SARS-CoV-2-A22H_K87I,10.558250427246094,train,10.57,1.0570000000000002,0.011749572753906534
SARS-CoV-2-V37Y_S53V_K87V_F126L,10.496952056884766,train,10.48,1.048,0.0169520568847652
SARS-CoV-2-N120S_E141T,10.299554824829102,train,10.37,1.037,0.07044517517089766
SARS-CoV-2-K87N_P149Q_F156G_A190E,10.52480125427246,train,10.56,1.056,0.035198745727541336
SARS-CoV-2-Y39L_T140R_T170L,10.542255401611328,train,10.54,1.054,0.0022554016113289777
SARS-CoV-2-G117R_A192G,10.383739471435549,train,10.41,1.0410000000000001,0.02626052856445149
SARS-CoV-2-P149T_F156P_P197L,10.547038078308104,train,10.57,1.0570000000000002,0.022961921691896592
SARS-CoV-2-D75E_K87N,10.406038284301758,train,10.41,1.0410000000000001,0.00396171569824233
SARS-CoV-2-Y175G,10.317363739013672,train,10.293333333333331,1.0293333333333332,0.02403040568034065
SARS-CoV-2-T46V_P197V,10.47412395477295,train,10.46,1.046,0.014123954772948366
SARS-CoV-2-K128G_G174N,10.397007942199709,train,10.43,1.043,0.03299205780029091
SARS-CoV-2-K56E_K198L,10.520986557006836,train,10.52,1.052,0.0009865570068363638
SARS-CoV-2-D97H_N171Q,10.311345100402832,train,10.285,1.0285,0.02634510040283189
SARS-CoV-2-D59R_Y175S_T201M,10.43821144104004,train,10.46,1.046,0.021788558959960014
SARS-CoV-2-L5D_S43G_I138T_N157K,10.330187797546388,train,10.37,1.037,0.03981220245361072
SARS-CoV-2-S53T,10.378225326538086,train,10.39,1.0390000000000001,0.011774673461914631
SARS-CoV-2-T100M_T201M,10.50752067565918,train,10.55,1.0550000000000002,0.04247932434082102
SARS-CoV-2-K56D_K198M,10.49527359008789,train,10.52,1.052,0.02472640991210895
SARS-CoV-2-N130R_G166H,10.588351249694824,train,10.54,1.054,0.04835124969482507
SARS-CoV-2-S147I,10.303596496582031,train,10.33,1.0330000000000001,0.02640350341796882
SARS-CoV-2-L60V_R78P_L122F,10.362438201904297,train,10.36,1.036,0.0024382019042974434
SARS-CoV-2-A192T_S200V,10.569208145141602,train,10.57,1.0570000000000002,0.0007918548583987217
SARS-CoV-2-I2R_V37E_T201C,10.61729621887207,train,10.61,1.061,0.007296218872070881
SARS-CoV-2-T100M_N157T,10.341312408447266,train,10.37,1.037,0.028687591552733593
SARS-CoV-2-D59E_T201H,10.460718154907228,train,10.45,1.045,0.01071815490722905
SARS-CoV-2-I2R_N64R_K87V_F156R,10.5237455368042,train,10.48,1.048,0.04374553680419879
SARS-CoV-2-Y119D_Q163N_Y175N,10.4979248046875,train,10.48,1.048,0.017924804687499574
SARS-CoV-2-L125Y_P149S,10.58951473236084,train,10.64,1.064,0.050485267639160725
SARS-CoV-2-T3P_S45D_Q163E,10.464887619018556,train,10.47,1.0470000000000002,0.005112380981444176
SARS-CoV-2-F160H,10.37596321105957,train,10.384444444444446,1.0384444444444447,0.008481233384875608
SARS-CoV-2-C61V_Y91F_V153L,10.435240745544434,train,10.45,1.045,0.014759254455565696
SARS-CoV-2-G9K_K87H_D97C,10.32816219329834,train,10.31,1.0310000000000001,0.018162193298339346
SARS-CoV-2-K87N_Y119F_T201W,10.320008277893066,train,10.33,1.0330000000000001,0.009991722106933665
SARS-CoV-2-I2T_G172L,10.322186470031738,train,10.3,1.03,0.02218647003173757
SARS-CoV-2-L125V_K198T,10.478227615356444,train,10.48,1.048,0.0017723846435568902
SARS-CoV-2-G116H_S129K_L187E,10.325395584106444,train,10.32,1.032,0.005395584106443252
SARS-CoV-2-E186Q,10.401270866394045,train,10.43,1.043,0.02872913360595497
SARS-CoV-2-T63V_K132A,10.334535598754885,train,10.34,1.034,0.005464401245115269
SARS-CoV-2-T148V_N171K,10.372374534606934,train,10.36,1.036,0.012374534606934162
SARS-CoV-2-Y119K,10.312479972839355,train,10.282142857142857,1.0282142857142857,0.030337115696498884
SARS-CoV-2-A42K_N58T,10.319757461547852,train,10.41,1.0410000000000001,0.09024253845214858
SARS-CoV-2-Y119T_V153T_S200E,10.35586166381836,train,10.36,1.036,0.0041383361816400566
SARS-CoV-2-D97S_L122T_N130K,10.366449356079102,train,10.39,1.0390000000000001,0.023550643920899006
SARS-CoV-2-I104Y_Y119K,10.43834400177002,train,10.43,1.043,0.008344001770019815
SARS-CoV-2-R16E_T85S,10.536842346191406,train,10.56,1.056,0.023157653808594247
SARS-CoV-2-G83K_K198E,10.29404067993164,train,10.29,1.029,0.004040679931641478
SARS-CoV-2-T3S_T201K,10.350545883178713,train,10.37,1.037,0.019454116821286505
SARS-CoV-2-L5S_R27L,10.363544464111328,train,10.37,1.037,0.006455535888671093
SARS-CoV-2-S113G_P169H,10.392293930053713,train,10.41,1.0410000000000001,0.017706069946287428
SARS-CoV-2-C61R_G172E,10.502928733825684,train,10.5,1.05,0.0029287338256835938
SARS-CoV-2-Y91F_P149M,10.412209510803224,train,10.42,1.042,0.007790489196775496
SARS-CoV-2-Y39R_K198E,10.394793510437012,train,10.39,1.0390000000000001,0.00479351043701115
SARS-CoV-2-Y66T_Q163S,10.318286895751951,train,10.33,1.0330000000000001,0.011713104248048722
SARS-CoV-2-F8L_S129N,10.50110149383545,train,10.51,1.051,0.008898506164550568
SARS-CoV-2-G9T_I28Y_C61N_N107A,10.370058059692385,train,10.39,1.0390000000000001,0.01994194030761598
SARS-CoV-2-T3D_K128P,10.3190336227417,train,10.34,1.034,0.02096637725830064
SARS-CoV-2-G83K,10.375856399536133,train,10.385000000000002,1.0385000000000002,0.00914360046386875
SARS-CoV-2-S113C_Q168K,10.376004219055176,train,10.39,1.0390000000000001,0.013995780944824787
SARS-CoV-2-C61Y_L125D,10.398977279663086,train,10.44,1.044,0.041022720336913565
SARS-CoV-2-R27T_S29T_G152S_F156S,10.406740188598633,train,10.41,1.0410000000000001,0.0032598114013673296
SARS-CoV-2-Y35F_K56A,10.511235237121582,train,10.49,1.0490000000000002,0.021235237121581818
SARS-CoV-2-I2T_K56E_K128Y,10.524502754211426,train,10.54,1.054,0.015497245788573366
SARS-CoV-2-S36E_F160I_V173I_L187K,10.389238357543944,train,10.37,1.037,0.019238357543944318
SARS-CoV-2-Y39F_R78H,10.571136474609377,train,10.61,1.061,0.038863525390622655
SARS-CoV-2-K48N_P197A,10.49197769165039,train,10.52,1.052,0.02802230834960895
SARS-CoV-2-L60Y_F126Y,10.49624252319336,train,10.46,1.046,0.03624252319335852
SARS-CoV-2-C61A_I138T_P149L_L188V,10.303167343139648,train,10.3,1.03,0.003167343139647727
SARS-CoV-2-T140D_P149I_F160N_P197L,10.40711784362793,train,10.43,1.043,0.02288215637207003
SARS-CoV-2-D90S_K199Y,10.309696197509766,train,10.3,1.03,0.009696197509764914
SARS-CoV-2-S45D_S200N,10.446029663085938,train,10.45,1.045,0.0039703369140617895
SARS-CoV-2-T100C_K198E,10.39035701751709,train,10.43,1.043,0.03964298248290987
SARS-CoV-2-V37G,10.345809936523438,train,10.36153846153846,1.036153846153846,0.015728525015022754
SARS-CoV-2-S45A_N118D,10.337203979492188,train,10.32,1.032,0.017203979492187216
SARS-CoV-2-T55A,10.385881423950195,train,10.398823529411764,1.0398823529411765,0.012942105461569042
SARS-CoV-2-K87R_P96S_K128H,10.336673736572266,train,10.36,1.036,0.023326263427733807
SARS-CoV-2-T55S_T201Y,10.416160583496094,train,10.42,1.042,0.003839416503906179
SARS-CoV-2-K128R_Q168L,10.39982795715332,train,10.43,1.043,0.030172042846679403
SARS-CoV-2-K128M_Y175A,10.348960876464844,train,10.37,1.037,0.02103912353515547
SARS-CoV-2-V52M_N171D,10.50056266784668,train,10.5,1.05,0.0005626678466796875
SARS-CoV-2-S200L,10.309127807617188,train,10.354285714285714,1.0354285714285714,0.04515790666852659
SARS-CoV-2-N4R_Y119A,10.518969535827637,train,10.51,1.051,0.008969535827636932
SARS-CoV-2-C61N_I142S_G152S_F160S,10.552205085754396,train,10.59,1.059,0.03779491424560355
SARS-CoV-2-K56S_N64A_H189Y,10.38912582397461,train,10.42,1.042,0.030874176025390554
SARS-CoV-2-V173R_S200T,10.406635284423828,train,10.42,1.042,0.013364715576171804
SARS-CoV-2-I104C_F160H_Y175L,10.318220138549805,train,10.37,1.037,0.05177986145019453
SARS-CoV-2-L60H_K114G,10.311415672302246,train,10.33,1.0330000000000001,0.018584327697753977
SARS-CoV-2-Q168K,10.376977920532228,train,10.411,1.0411,0.03402207946777125
SARS-CoV-2-C61V_Y121L,10.358867645263672,train,10.31,1.0310000000000001,0.04886764526367138
SARS-CoV-2-N120F_S147Q_K199I,10.71843147277832,train,10.74,1.074,0.0215685272216799
SARS-CoV-2-V37M_C61N_D90K,10.342273712158203,train,10.355,1.0355,0.012726287841797301
SARS-CoV-2-L188I,10.397357940673828,train,10.42,1.042,0.022642059326171804
SARS-CoV-2-P149Q_T201R,10.32129955291748,train,10.32,1.032,0.0012995529174801845
SARS-CoV-2-K87A,10.408857345581056,train,10.435,1.0435,0.026142654418944034
SARS-CoV-2-L5G_T201K,10.409222602844238,train,10.43,1.043,0.020777397155761435
SARS-CoV-2-G83R_K132A,10.341523170471191,train,10.34,1.034,0.0015231704711915484
SARS-CoV-2-T85M_N120L_Y175A,10.34607219696045,train,10.33,1.0330000000000001,0.016072196960449148
SARS-CoV-2-Y35W_P133K_G172S,10.309221267700195,train,10.3,1.03,0.009221267700194602
SARS-CoV-2-R27V_I138K,10.339567184448242,train,10.37,1.037,0.03043281555175703
SARS-CoV-2-V37C_K56Q_Q163S,10.308544158935549,train,10.33,1.0330000000000001,0.02145584106445142
SARS-CoV-2-G166A,10.32793140411377,train,10.32,1.032,0.007931404113769247
SARS-CoV-2-Y175S_T201A,10.60245132446289,train,10.61,1.061,0.0075486755371088066
SARS-CoV-2-F62M_F160P,10.344635009765623,train,10.36,1.036,0.015364990234376208
SARS-CoV-2-K198P,10.337708473205566,train,10.384,1.0384,0.046291526794433935
SARS-CoV-2-V115D_F126M,10.444740295410156,train,10.47,1.0470000000000002,0.02525970458984439
SARS-CoV-2-N4G_G152N,10.33958625793457,train,10.35,1.035,0.010413742065429332
SARS-CoV-2-Y39T_I104V,10.35660171508789,train,10.35,1.035,0.00660171508789098
SARS-CoV-2-I142M_Q168M,10.312445640563965,train,10.35,1.035,0.0375543594360348
SARS-CoV-2-K199W,10.40446662902832,train,10.401666666666666,1.0401666666666667,0.0027999623616548064
SARS-CoV-2-Y119C_T170Q_V173A,10.358704566955566,train,10.38,1.038,0.021295433044434375
SARS-CoV-2-N120H,10.47103500366211,train,10.438,1.0438,0.033035003662108764
SARS-CoV-2-F8L_P149H,10.304021835327148,train,10.33,1.0330000000000001,0.025978164672851634
SARS-CoV-2-G172D_K198V,10.409147262573242,train,10.43,1.043,0.02085273742675753
SARS-CoV-2-T100M,10.296426773071287,train,10.345714285714283,1.0345714285714285,0.049287512642996134
SARS-CoV-2-L122Q_T148G,10.398496627807615,train,10.41,1.0410000000000001,0.011503372192384731
SARS-CoV-2-K26M_V32F_L122R,10.450935363769531,train,10.46,1.046,0.009064636230469603
SARS-CoV-2-N64L_F126Y,10.377294540405272,train,10.38,1.038,0.0027054595947291205
SARS-CoV-2-S29C_P149K,10.321515083312988,train,10.31,1.0310000000000001,0.011515083312987784
SARS-CoV-2-V37G_D59T,10.397201538085938,train,10.41,1.0410000000000001,0.012798461914062642
SARS-CoV-2-V52M_C61S,10.39196491241455,train,10.4,1.04,0.008035087585449574
SARS-CoV-2-Y119S_T148C_Y159S,10.456134796142578,train,10.5,1.05,0.043865203857421875
SARS-CoV-2-T55R_Q144A,10.443092346191406,train,10.47,1.0470000000000002,0.02690765380859439
SARS-CoV-2-R27E_S41T_K56E,10.3133544921875,train,10.34,1.034,0.026645507812499858
SARS-CoV-2-G9D_T201P,10.46692180633545,train,10.5,1.05,0.03307819366455078
SARS-CoV-2-G116Y_G166Q,10.355566024780272,train,10.38,1.038,0.02443397521972912
SARS-CoV-2-G116E_E154N_L187N,10.436748504638672,train,10.45,1.045,0.013251495361327414
SARS-CoV-2-V37I_F160W_T170K,10.482223510742188,train,10.43,1.043,0.052223510742187784
SARS-CoV-2-Y39G_T201I,10.413172721862791,train,10.4,1.04,0.013172721862790837
SARS-CoV-2-V37F_E141L,10.73794174194336,train,10.75,1.075,0.012058258056640625
SARS-CoV-2-D98N,10.321338653564451,train,10.359375,1.0359375,0.03803634643554865
SARS-CoV-2-Q84A,10.536380767822266,train,10.55,1.0550000000000002,0.013619232177735086
SARS-CoV-2-Y35L_S108T_T201S,10.470643997192385,train,10.49,1.0490000000000002,0.019356002807615624
SARS-CoV-2-H189Q,10.472129821777344,train,10.47,1.0470000000000002,0.0021298217773431105
SARS-CoV-2-I28M_Y35S_C61Y,10.568122863769531,train,10.6,1.06,0.031877136230468395
SARS-CoV-2-Y35L_K128S_Y143S,10.463541984558104,train,10.49,1.0490000000000002,0.02645801544189652
SARS-CoV-2-V37L_K199V,10.464154243469238,train,10.52,1.052,0.05584575653076129
SARS-CoV-2-L5N_V32Y_T170R,10.333441734313965,train,10.27,1.027,0.06344173431396527
SARS-CoV-2-F62W_G83F,10.61113166809082,train,10.61,1.061,0.001131668090820881
SARS-CoV-2-N1G_N157G,10.330604553222656,train,10.33,1.0330000000000001,0.0006045532226561789
SARS-CoV-2-S36G_G166K,10.385931015014648,train,10.4,1.04,0.014068984985351918
SARS-CoV-2-P7A_V37S_L187Q,10.51358127593994,train,10.49,1.0490000000000002,0.023581275939939417
SARS-CoV-2-G9F_Y35L,10.47862434387207,train,10.52,1.052,0.04137565612792926
SARS-CoV-2-I2Y_F156V_G166R,10.500167846679688,train,10.5,1.05,0.0001678466796875
SARS-CoV-2-G116T_T148M,10.46820068359375,train,10.48,1.048,0.011799316406250426
SARS-CoV-2-Y39M_E154S,10.62066650390625,train,10.63,1.0630000000000002,0.009333496093750782
SARS-CoV-2-R16Y_G172V,10.42559051513672,train,10.42,1.042,0.005590515136720597
SARS-CoV-2-I104F_P149N,10.515336990356444,train,10.54,1.054,0.02466300964355561
SARS-CoV-2-A33W_D59K_T201M,10.555373191833496,train,10.58,1.058,0.024626808166503977
SARS-CoV-2-I2Y,10.31201457977295,train,10.329375,1.0329375,0.01736042022705142
SARS-CoV-2-S29Q_T63K,10.424755096435549,train,10.43,1.043,0.005244903564451064
SARS-CoV-2-T3G_N171Q,10.37271213531494,train,10.37,1.037,0.0027121353149404115
SARS-CoV-2-A18P_P149H_N171W,10.676165580749512,train,10.7,1.07,0.02383441925048757
SARS-CoV-2-Y119T_L125P,10.327762603759766,train,10.27,1.027,0.05776260375976605
SARS-CoV-2-T55G,10.396011352539062,train,10.403333333333334,1.0403333333333336,0.00732198079427171
SARS-CoV-2-Y35F_G117R,10.312896728515623,train,10.31,1.0310000000000001,0.0028967285156227263
SARS-CoV-2-N40G,10.467123031616213,train,10.474444444444444,1.0474444444444444,0.0073214128282312885
SARS-CoV-2-V20P_Y35L_K48D,10.486183166503906,train,10.5,1.05,0.01381683349609375
SARS-CoV-2-V37R_N130V_F156L,10.58110809326172,train,10.57,1.0570000000000002,0.011108093261720242
SARS-CoV-2-I2C_T15E_V37F,10.681998252868652,train,10.71,1.0710000000000002,0.02800174713134851
SARS-CoV-2-I2T_Q168I_K198S,10.368029594421388,train,10.4,1.04,0.03197040557861186
SARS-CoV-2-V37G_S129V,10.387850761413574,train,10.38,1.038,0.007850761413573437
SARS-CoV-2-N171M_L187Y,10.365751266479492,train,10.36,1.036,0.005751266479492756
SARS-CoV-2-T170K,10.295928955078123,train,10.305,1.0305,0.009071044921876492
SARS-CoV-2-I80V_G116E_F156K,10.30406665802002,train,10.37,1.037,0.06593334197997969
SARS-CoV-2-R16T_F44E_K87M,10.301228523254396,train,10.3,1.03,0.001228523254395597
SARS-CoV-2-P54K_T201K,10.429555892944336,train,10.43,1.043,0.0004441070556637783
SARS-CoV-2-P149H_P197S,10.396509170532228,train,10.42,1.042,0.02349082946777159
SARS-CoV-2-K87S_V173R,10.373641967773438,train,10.36,1.036,0.013641967773438068
SARS-CoV-2-N120L_Y175S,10.55275535583496,train,10.56,1.056,0.007244644165041336
SARS-CoV-2-Y175A,10.429006576538086,train,10.426666666666668,1.0426666666666669,0.0023399098714182998
SARS-CoV-2-V194I,10.338726043701172,train,10.36,1.036,0.021273956298827557
SARS-CoV-2-Q84S_E186N,10.33734893798828,train,10.4,1.04,0.06265106201172088
SARS-CoV-2-G166T,10.478602409362791,train,10.4575,1.04575,0.02110240936279162
SARS-CoV-2-N4Q_L125S_P197F,10.684309005737305,train,10.69,1.069,0.005690994262694815
SARS-CoV-2-S147V_F160N,10.36965560913086,train,10.37,1.037,0.0003443908691398434
SARS-CoV-2-D59E_G116R_Y175C,10.481393814086914,train,10.5,1.05,0.018606185913085938
SARS-CoV-2-G116E,10.381780624389648,train,10.348,1.0348000000000002,0.033780624389647684
SARS-CoV-2-V37F_I142P_G152H,10.49160099029541,train,10.53,1.053,0.038399009704589204
SARS-CoV-2-S53L_R78S_T201Q,10.488200187683104,train,10.51,1.051,0.021799812316896094
SARS-CoV-2-T3G_T201N,10.33595848083496,train,10.36,1.036,0.02404151916504027
SARS-CoV-2-Y119S_T201V,10.352205276489258,train,10.34,1.034,0.012205276489257955
SARS-CoV-2-G9S_Y123F,10.350301742553713,train,10.33,1.0330000000000001,0.020301742553712643
SARS-CoV-2-K48N_L122H_G166A,10.599701881408691,train,10.62,1.062,0.020298118591307812
SARS-CoV-2-D59G_Q84A_Y119S,10.362550735473633,train,10.33,1.0330000000000001,0.03255073547363274
SARS-CoV-2-L5T_H189Q,10.372025489807127,train,10.37,1.037,0.0020254898071279115
SARS-CoV-2-I2T_Y35F_A81E,10.641210556030272,train,10.67,1.067,0.028789443969728268
SARS-CoV-2-V37S_T55F,10.533029556274414,train,10.58,1.058,0.04697044372558601
SARS-CoV-2-L5A_K87A_D97L,10.315444946289062,train,10.3,1.03,0.01544494628906179
SARS-CoV-2-K87L_E154D,10.545513153076172,train,10.55,1.0550000000000002,0.0044868469238288355
SARS-CoV-2-V37M_F156L,10.628045082092283,train,10.62,1.062,0.008045082092284161
SARS-CoV-2-R16I_Y39Q,10.454833984375,train,10.46,1.046,0.005166015625000853
SARS-CoV-2-R16I_Y175C,10.46684455871582,train,10.5,1.05,0.03315544128417969
SARS-CoV-2-D59H,10.348892211914062,train,10.38,1.038,0.03110778808593828
SARS-CoV-2-S129N_G155S,10.55581283569336,train,10.56,1.056,0.004187164306641122
SARS-CoV-2-P54L,10.32762622833252,train,10.36111111111111,1.0361111111111112,0.033484882778591185
SARS-CoV-2-F62S_P149D,10.332507133483888,train,10.31,1.0310000000000001,0.022507133483887998
SARS-CoV-2-S36N_P54I_V173F_T201Y,10.49716091156006,train,10.54,1.054,0.04283908843993878
SARS-CoV-2-R16E_N40R_K56A_P149H,10.33438205718994,train,10.36,1.036,0.0256179428100598
SARS-CoV-2-V37F_N110P_Y175V,10.45175552368164,train,10.45,1.045,0.0017555236816413355
SARS-CoV-2-I2T,10.386555671691896,train,10.40857142857143,1.040857142857143,0.022015756879532944
SARS-CoV-2-A145I_L187S,10.576539039611816,train,10.56,1.056,0.01653903961181591
SARS-CoV-2-S36H_Y91F,10.29422664642334,train,10.33,1.0330000000000001,0.03577335357666023
SARS-CoV-2-V32S_Y119K,10.384950637817385,train,10.43,1.043,0.04504936218261513
SARS-CoV-2-I2N_V37D_T140R_G174P,10.43502712249756,train,10.43,1.043,0.005027122497560654
SARS-CoV-2-V11L_T46H_C61K_T85S,10.367392539978027,train,10.34,1.034,0.027392539978027486
SARS-CoV-2-Y119D_P197L,10.481303215026855,train,10.49,1.0490000000000002,0.008696784973144744
SARS-CoV-2-S41W_F160A,10.36596965789795,train,10.41,1.0410000000000001,0.04403034210205092
SARS-CoV-2-V37N_C61S,10.483060836791992,train,10.48,1.048,0.003060836791991761
SARS-CoV-2-N64F_N130R_T201M,10.355369567871094,train,10.34,1.034,0.015369567871093892
SARS-CoV-2-S53V_N110L_S147Q,10.341403007507324,train,10.33,1.0330000000000001,0.011403007507324148
SARS-CoV-2-G9W_V173I,10.58226203918457,train,10.59,1.059,0.007737960815429545
SARS-CoV-2-L5Y_T63R_S129K,10.540925979614258,train,10.56,1.056,0.019074020385742685
SARS-CoV-2-Y35V_C61A_V65I_K87S,10.462532997131348,train,10.45,1.045,0.012532997131348367
SARS-CoV-2-K87T_Y119N,10.433300018310549,train,10.45,1.045,0.016699981689450638
SARS-CoV-2-A18S_L60Y_K198Y,10.346080780029297,train,10.37,1.037,0.023919219970702343
SARS-CoV-2-D97W_L122G_I138T,10.293325424194336,train,10.28,1.028,0.013325424194336577
SARS-CoV-2-F47V_L60R_S129K_G155S_P197L,10.523323059082031,train,10.59,1.059,0.06667694091796861
SARS-CoV-2-T55L_F156Q,10.604833602905272,train,10.59,1.059,0.014833602905271803
SARS-CoV-2-I2M_V173I_T201F,10.470067977905272,train,10.48,1.048,0.009932022094728765
SARS-CoV-2-L5I_N40D,10.458149909973145,train,10.47,1.0470000000000002,0.011850090026856108
SARS-CoV-2-F12L_Y119T_P197T,10.353459358215332,train,10.34,1.034,0.013459358215332173
SARS-CoV-2-D97I_T201G,10.432518005371094,train,10.46,1.046,0.027481994628907103
SARS-CoV-2-R27V_N40G_K56T_F156Y_L188P,10.306316375732422,train,10.25,1.0250000000000001,0.056316375732421875
SARS-CoV-2-N40H_S45E,10.698396682739258,train,10.71,1.0710000000000002,0.01160331726074304
SARS-CoV-2-S43M,10.331995964050291,train,10.35,1.035,0.018004035949708452
SARS-CoV-2-I2T_A42E_G174K,10.374019622802734,train,10.39,1.0390000000000001,0.015980377197266193
SARS-CoV-2-I104L,10.33578872680664,train,10.304,1.0304,0.031788726806640355
SARS-CoV-2-Y119S_L125R_K128S_K132F,10.44268035888672,train,10.41,1.0410000000000001,0.032680358886720384
SARS-CoV-2-P7E_N120D,10.34769344329834,train,10.32,1.032,0.02769344329833956
SARS-CoV-2-S36R_T201N,10.548925399780272,train,10.55,1.0550000000000002,0.0010746002197290494
SARS-CoV-2-L122S_V153I,10.51254177093506,train,10.57,1.0570000000000002,0.057458229064939914
SARS-CoV-2-C61S_H189Y,10.300287246704102,train,10.31,1.0310000000000001,0.009712753295898935
SARS-CoV-2-S43A_K87Q_G166L,10.483061790466309,train,10.48,1.048,0.0030617904663081674
SARS-CoV-2-Y159I_T170K,10.423324584960938,train,10.46,1.046,0.03667541503906335
SARS-CoV-2-S53N_H189S,10.309137344360352,train,10.3,1.03,0.009137344360350852
SARS-CoV-2-Y35L_F47W,10.328960418701172,train,10.37,1.037,0.04103958129882734
SARS-CoV-2-L5A_A42G,10.531368255615234,train,10.52,1.052,0.011368255615234801
SARS-CoV-2-N110P_Y119E,10.556340217590332,train,10.56,1.056,0.003659782409668466
SARS-CoV-2-G9Y_G166K,10.478127479553224,train,10.47,1.0470000000000002,0.008127479553223793
SARS-CoV-2-I72L_F156I,10.426362991333008,train,10.4,1.04,0.026362991333007457
SARS-CoV-2-G117L_K199S,10.361330032348633,train,10.37,1.037,0.008669967651366406
SARS-CoV-2-Y35L_F62V,10.61252784729004,train,10.63,1.0630000000000002,0.017472152709959943
SARS-CoV-2-A192V_K199L,10.526289939880373,train,10.53,1.053,0.0037100601196264904
SARS-CoV-2-T63R_G196V,10.303346633911133,train,10.33,1.0330000000000001,0.02665336608886726
SARS-CoV-2-T170M,10.340974807739258,train,10.36909090909091,1.036909090909091,0.028116101351651324
SARS-CoV-2-Y119C_P149E,10.536297798156738,train,10.54,1.054,0.003702201843260866
SARS-CoV-2-S41T_K128D_Q168N,10.45810890197754,train,10.46,1.046,0.0018910980224600138
SARS-CoV-2-L5A_N157H,10.469348907470703,train,10.47,1.0470000000000002,0.0006510925292975145
SARS-CoV-2-P54T,10.304174423217772,train,10.338888888888889,1.0338888888888889,0.03471446567111691
SARS-CoV-2-L5M_K87L,10.650382041931152,train,10.66,1.066,0.009617958068847798
SARS-CoV-2-L95I_K199Y,10.469985961914062,train,10.46,1.046,0.009985961914061647
SARS-CoV-2-K128H_S200Q,10.292562484741213,train,10.295,1.0295,0.002437515258787215
SARS-CoV-2-L125P_P169Q,10.306655883789062,train,10.31,1.0310000000000001,0.0033441162109379974
SARS-CoV-2-D98E_L122M_P169E,10.37966537475586,train,10.36,1.036,0.019665374755859943
SARS-CoV-2-A42K_T85K,10.544062614440918,train,10.53,1.053,0.014062614440918608
SARS-CoV-2-N24K_N130Y,10.392945289611816,train,10.37,1.037,0.022945289611817188
SARS-CoV-2-N64D_L122K,10.323189735412598,train,10.25,1.0250000000000001,0.07318973541259766
SARS-CoV-2-L125V_S164M,10.449756622314451,train,10.44,1.044,0.009756622314451846
SARS-CoV-2-L5R_V173M,10.303267478942873,train,10.32,1.032,0.016732521057127414
SARS-CoV-2-I2N_N110S_T201V,10.349279403686523,train,10.37,1.037,0.02072059631347578
SARS-CoV-2-T100F_A190G_T201V,10.533140182495115,train,10.555,1.0555,0.021859817504884305
SARS-CoV-2-K87Y_K198L,10.507713317871094,train,10.54,1.054,0.0322866821289054
SARS-CoV-2-G172R,10.405513763427734,train,10.428181818181818,1.0428181818181819,0.0226680547540834
SARS-CoV-2-T55L,10.368242263793944,train,10.379473684210527,1.0379473684210527,0.01123142041658376
SARS-CoV-2-C61N_K114L,10.528482437133787,train,10.54,1.054,0.011517562866211861
SARS-CoV-2-F62V_N109K_F156T,10.443634033203123,train,10.44,1.044,0.003634033203123721
SARS-CoV-2-A42E_D98K_Y119D,10.606446266174316,train,10.61,1.061,0.0035537338256830253
SARS-CoV-2-S129N_G172H,10.387537002563477,train,10.37,1.037,0.017537002563477344
SARS-CoV-2-T100F_E154F,10.392022132873535,train,10.4,1.04,0.007977867126465199
SARS-CoV-2-I2Q_N64F_A145G_S200A,10.393621444702148,train,10.4,1.04,0.006378555297851918
SARS-CoV-2-L5W_Q168F,10.30794620513916,train,10.35,1.035,0.04205379486083949
SARS-CoV-2-L187I,10.378129959106444,train,10.39,1.0390000000000001,0.011870040893557032
SARS-CoV-2-F156M_G196P,10.468832969665527,train,10.49,1.0490000000000002,0.02116703033447287
SARS-CoV-2-N130A_K199M,10.483444213867188,train,10.47,1.0470000000000002,0.01344421386718686
SARS-CoV-2-S36R_G174K,10.525341987609863,train,10.54,1.054,0.014658012390135866
SARS-CoV-2-K56G,10.43431282043457,train,10.448571428571428,1.044857142857143,0.014258608136858086
SARS-CoV-2-T100I_Y119L_G174R,10.307872772216797,train,10.34,1.034,0.03212722778320298
SARS-CoV-2-Y66T,10.325543403625488,train,10.34,1.034,0.014456596374511577
SARS-CoV-2-P169A,10.432337760925291,train,10.4,1.04,0.03233776092529084
SARS-CoV-2-K48N_N171M,10.39065933227539,train,10.39,1.0390000000000001,0.0006593322753900566
SARS-CoV-2-N4D_V37S_F62A_K114H,10.589183807373049,train,10.59,1.059,0.0008161926269512065
SARS-CoV-2-G196N,10.313982009887695,train,10.348,1.0348000000000002,0.03401799011230544
SARS-CoV-2-C61R_F160L,10.487520217895508,train,10.48,1.048,0.007520217895507386
SARS-CoV-2-T170S_T201R,10.40927791595459,train,10.4,1.04,0.009277915954589488
SARS-CoV-2-L122V_V153E,10.293743133544922,train,10.295,1.0295,0.001256866455078054
SARS-CoV-2-I104F_S164V,10.452642440795898,train,10.46,1.046,0.007357559204102415
SARS-CoV-2-F126W_P149K,10.355680465698242,train,10.37,1.037,0.014319534301757031
SARS-CoV-2-F8I_F126I_F156Y,10.373749732971191,train,10.39,1.0390000000000001,0.016250267028809162
SARS-CoV-2-N4M_P54I,10.315794944763184,train,10.28,1.028,0.03579494476318423
SARS-CoV-2-Y35F_K87H_S113M,10.333779335021973,train,10.34,1.034,0.006220664978027202
SARS-CoV-2-V37A_S139K,10.543258666992188,train,10.55,1.0550000000000002,0.0067413330078132105
SARS-CoV-2-Y119I_P197R,10.40832233428955,train,10.4,1.04,0.008322334289550426
SARS-CoV-2-S36R_Y119N,10.485398292541504,train,10.49,1.0490000000000002,0.004601707458496307
SARS-CoV-2-T63H_F156L,10.6136474609375,train,10.66,1.066,0.04635253906250014
SARS-CoV-2-Y50F_N171L,10.42253875732422,train,10.41,1.0410000000000001,0.012538757324220384
SARS-CoV-2-N120P_G174L,10.37747859954834,train,10.38,1.038,0.002521400451660938
SARS-CoV-2-I138L,10.3716459274292,train,10.376363636363635,1.0376363636363635,0.004717708934435905
SARS-CoV-2-L125K_T148L_A192V,10.441137313842772,train,10.48,1.048,0.038862686157228765
SARS-CoV-2-F8I_K114M_Y175K_K199T,10.427105903625488,train,10.49,1.0490000000000002,0.06289409637451193
SARS-CoV-2-S41A_L125S_G152S,10.328229904174805,train,10.4,1.04,0.07177009582519567
SARS-CoV-2-I2S_R27Q,10.36571979522705,train,10.39,1.0390000000000001,0.024280204772949787
SARS-CoV-2-K87M_T201R,10.39824676513672,train,10.4,1.04,0.001753234863279829
SARS-CoV-2-S36E_G166D,10.638211250305176,train,10.62,1.062,0.018211250305176563
SARS-CoV-2-N120P_Q168I,10.443079948425291,train,10.47,1.0470000000000002,0.026920051574709447
SARS-CoV-2-S43L_L122E,10.390396118164062,train,10.43,1.043,0.039603881835937216
SARS-CoV-2-I28L_K199T,10.68210792541504,train,10.7,1.07,0.01789207458495845
SARS-CoV-2-T85S_A145R,10.343345642089844,train,10.355,1.0355,0.011654357910156676
SARS-CoV-2-I2V_E141V,10.33013916015625,train,10.35,1.035,0.019860839843749645
SARS-CoV-2-D98E_N130A,10.484844207763672,train,10.48,1.048,0.004844207763671449
SARS-CoV-2-I2T_C61D_K114P,10.335046768188477,train,10.4,1.04,0.06495323181152379
SARS-CoV-2-E141D,10.40999698638916,train,10.442631578947369,1.044263157894737,0.03263459255820855
SARS-CoV-2-G9S_G83Y,10.438234329223633,train,10.45,1.045,0.011765670776366477
SARS-CoV-2-S43T_T201V,10.567316055297852,train,10.61,1.061,0.04268394470214787
SARS-CoV-2-N120M,10.317733764648438,train,10.352941176470589,1.035294117647059,0.03520741182215126
SARS-CoV-2-S41T_P54R_N130A,10.476629257202148,train,10.485,1.0485,0.008370742797850994
SARS-CoV-2-Y35L_N130T_S200C,10.510096549987791,train,10.53,1.053,0.019903450012208168
SARS-CoV-2-S43M_I138M,10.39537239074707,train,10.4,1.04,0.004627609252930043
SARS-CoV-2-T46S,10.322942733764648,train,10.30125,1.030125,0.021692733764648864
SARS-CoV-2-N4P_N171A,10.298141479492188,train,10.3,1.03,0.0018585205078132105
SARS-CoV-2-G9T_C61K_F156R,10.40325927734375,train,10.44,1.044,0.0367407226562495
SARS-CoV-2-I104V_G172S_A190E,10.422189712524414,train,10.43,1.043,0.007810287475585653
SARS-CoV-2-L122W_I138T,10.493343353271484,train,10.52,1.052,0.0266566467285152
SARS-CoV-2-S41L_G172R,10.303014755249023,train,10.31,1.0310000000000001,0.00698524475097706
SARS-CoV-2-P54Q_L60E_N110S_Y119H,10.29408073425293,train,10.29,1.029,0.00408073425293054
SARS-CoV-2-L125T,10.465276718139648,train,10.455,1.0455,0.010276718139648366
SARS-CoV-2-Y119D,10.442617416381836,train,10.425454545454546,1.0425454545454547,0.017162870927290186
SARS-CoV-2-F126Y_T170S,10.42936897277832,train,10.43,1.043,0.0006310272216794033
SARS-CoV-2-T55M_T85S_G166N,10.331589698791504,train,10.34,1.034,0.008410301208495952
SARS-CoV-2-I138V_Q163M,10.700653076171877,train,10.75,1.075,0.049346923828123224
SARS-CoV-2-V32T_T170V_A190S,10.513343811035156,train,10.55,1.0550000000000002,0.03665618896484446
SARS-CoV-2-T55G_N64S,10.547834396362305,train,10.535,1.0535,0.012834396362304545
SARS-CoV-2-G9T_T55S,10.36872100830078,train,10.32,1.032,0.04872100830077919
SARS-CoV-2-I138T_G155S,10.481534004211426,train,10.5,1.05,0.01846599578857422
SARS-CoV-2-G9S_V77L,10.517084121704102,train,10.49,1.0490000000000002,0.02708412170410135
SARS-CoV-2-V37S_P191K,10.313173294067385,train,10.32,1.032,0.006826705932615695
SARS-CoV-2-T3R_V37Q,10.493020057678224,train,10.5,1.05,0.006979942321775567
SARS-CoV-2-L5K_Y35V,10.365461349487305,train,10.41,1.0410000000000001,0.044538650512695455
SARS-CoV-2-S36W_Y119Q,10.421475410461426,train,10.4,1.04,0.021475410461425426
SARS-CoV-2-T46H_L122R,10.631026268005373,train,10.63,1.0630000000000002,0.0010262680053720885
SARS-CoV-2-K26T_T55Y_L125K_T170E,10.435585975646973,train,10.47,1.0470000000000002,0.03441402435302798
SARS-CoV-2-F160E_G166S,10.317437171936035,train,10.34,1.034,0.0225628280639647
SARS-CoV-2-L60F_G174L,10.50209140777588,train,10.57,1.0570000000000002,0.0679085922241196
SARS-CoV-2-V37W_L187E,10.454394340515137,train,10.44,1.044,0.014394340515137216
SARS-CoV-2-Y39R,10.502440452575684,train,10.45375,1.045375,0.04869045257568416
SARS-CoV-2-T148S,10.320226669311523,train,10.32888888888889,1.0328888888888892,0.008662219577367125
SARS-CoV-2-G9D_P133S,10.3311767578125,train,10.42,1.042,0.08882324218749993
SARS-CoV-2-Q84M_K199S,10.552377700805664,train,10.56,1.056,0.007622299194336435
SARS-CoV-2-T85S_D97L_L188M,10.376070976257324,train,10.46,1.046,0.08392902374267663
SARS-CoV-2-A33L_I104F_N151T,10.42509651184082,train,10.44,1.044,0.01490348815917919
SARS-CoV-2-K56M_L60R,10.31000518798828,train,10.34,1.034,0.029994812011720384
SARS-CoV-2-V37N_T46L_V173L,10.436877250671388,train,10.45,1.045,0.013122749328610794
SARS-CoV-2-G9Q_N157E_K198R,10.380146980285645,train,10.4,1.04,0.019853019714355824
SARS-CoV-2-P149R,10.336030006408691,train,10.317777777777778,1.031777777777778,0.01825222863091369
SARS-CoV-2-N130K_V173N,10.5260591506958,train,10.54,1.054,0.013940849304198366
SARS-CoV-2-P54W,10.337892532348633,train,10.385,1.0385,0.047107467651366974
SARS-CoV-2-Y119V_K198Q,10.432230949401855,train,10.45,1.045,0.01776905059814382
SARS-CoV-2-N120T_G172E,10.363224029541016,train,10.35,1.035,0.01322402954101598
SARS-CoV-2-G152A_P197S,10.439449310302734,train,10.45,1.045,0.010550689697264914
SARS-CoV-2-I28M_S36R,10.653913497924805,train,10.62,1.062,0.03391349792480547
SARS-CoV-2-G9E_V32R,10.449207305908203,train,10.45,1.045,0.0007926940917961645
SARS-CoV-2-V194L,10.34066390991211,train,10.37,1.037,0.029336090087889843
SARS-CoV-2-R27V_P149G,10.333187103271484,train,10.32,1.032,0.01318710327148409
SARS-CoV-2-K94R_F156K,10.352581024169922,train,10.35,1.035,0.0025810241699222303
SARS-CoV-2-D75S,10.465120315551758,train,10.47,1.0470000000000002,0.004879684448242827
SARS-CoV-2-L5Q_D75N_K87T,10.423206329345703,train,10.46,1.046,0.03679367065429773
SARS-CoV-2-S43G,10.368582725524902,train,10.38,1.038,0.011417274475098438
SARS-CoV-2-N120L_S129Q,10.344500541687012,train,10.35,1.035,0.005499458312987926
SARS-CoV-2-S29P_L60Y,10.481831550598145,train,10.47,1.0470000000000002,0.011831550598143892
SARS-CoV-2-K26T_G83Y_R136K_N151D,10.494778633117676,train,10.58,1.058,0.08522136688232429
SARS-CoV-2-V37Y_V173T,10.442963600158691,train,10.45,1.045,0.007036399841307883
SARS-CoV-2-V37N_N151H,10.439153671264648,train,10.45,1.045,0.010846328735350852
SARS-CoV-2-I2C_N120T_S184T,10.496393203735352,train,10.53,1.053,0.0336067962646478
SARS-CoV-2-T63H_L122Q,10.471572875976562,train,10.5,1.05,0.0284271240234375
SARS-CoV-2-P54V,10.411935806274414,train,10.375555555555556,1.0375555555555556,0.03638025071885842
SARS-CoV-2-N24Q_T201L,10.402429580688477,train,10.4,1.04,0.0024295806884762072
SARS-CoV-2-S36D,10.552831649780272,train,10.608333333333333,1.0608333333333333,0.05550168355306084
SARS-CoV-2-L122K_E154S_S200P,10.455995559692385,train,10.46,1.046,0.004004440307616264
SARS-CoV-2-K114C_K199F,10.352306365966797,train,10.37,1.037,0.017693634033202343
SARS-CoV-2-T3G_T55D_N120T,10.32094383239746,train,10.38,1.038,0.05905616760254162
SARS-CoV-2-N24K_Q84S,10.539209365844728,train,10.55,1.0550000000000002,0.010790634155272372
SARS-CoV-2-K114D,10.383659362792969,train,10.37,1.037,0.013659362792969532
SARS-CoV-2-T170A,10.427213668823242,train,10.442,1.0442,0.014786331176757983
SARS-CoV-2-R73M_H189S,10.431333541870115,train,10.42,1.042,0.011333541870115482
SARS-CoV-2-I138V_F156V,10.419637680053713,train,10.42,1.042,0.0003623199462872151
SARS-CoV-2-V173R,10.369336128234863,train,10.376666666666669,1.037666666666667,0.007330538431805422
SARS-CoV-2-N4T_T85R,10.586868286132812,train,10.6,1.06,0.013131713867187145
SARS-CoV-2-S29N_S36L_A42P,10.40597152709961,train,10.43,1.043,0.02402847290039034
SARS-CoV-2-L5Y_S41R_K87Y,10.439056396484377,train,10.48,1.048,0.04094360351562365
SARS-CoV-2-N1H,10.294425010681152,train,10.32,1.032,0.02557498931884794
SARS-CoV-2-V37W_N64A_G83H_T100S,10.380884170532228,train,10.41,1.0410000000000001,0.029115829467771803
SARS-CoV-2-T55S_Y121L_V153S,10.468181610107422,train,10.49,1.0490000000000002,0.021818389892578338
SARS-CoV-2-S53T_K87M,10.454410552978516,train,10.43,1.043,0.02441055297851591
SARS-CoV-2-I72L,10.358306884765623,train,10.375,1.0375,0.016693115234376776
SARS-CoV-2-S53V_D98S,10.339363098144531,train,10.38,1.038,0.04063690185546953
SARS-CoV-2-G9Q_G166M,10.389585494995115,train,10.38,1.038,0.00958549499511463
SARS-CoV-2-V37M_A42T,10.505707740783691,train,10.52,1.052,0.014292259216308167
SARS-CoV-2-L122S_V173G,10.42281723022461,train,10.45,1.045,0.027182769775389914
SARS-CoV-2-L60I_A190D,10.327607154846191,train,10.36,1.036,0.032392845153808025
SARS-CoV-2-K128A_K199L,10.405536651611328,train,10.43,1.043,0.02446334838867159
SARS-CoV-2-I28L_G117C,10.501912117004396,train,10.53,1.053,0.028087882995603053
SARS-CoV-2-K87E,10.314581871032717,train,10.344615384615384,1.0344615384615385,0.03003351358266748
SARS-CoV-2-L122K_K128L_F156K,10.464092254638672,train,10.46,1.046,0.004092254638671022
SARS-CoV-2-N40S_L188Q,10.353141784667969,train,10.36,1.036,0.0068582153320306816
SARS-CoV-2-I142T_E154S,10.348382949829102,train,10.34,1.034,0.008382949829101705
SARS-CoV-2-G83N_N151K,10.548038482666016,train,10.56,1.056,0.011961517333984872
SARS-CoV-2-R16V_G174V,10.356204986572266,train,10.39,1.0390000000000001,0.03379501342773494
SARS-CoV-2-D59A_N120T,10.364267349243164,train,10.41,1.0410000000000001,0.04573265075683608
SARS-CoV-2-N151S_S164Q,10.311307907104492,train,10.32,1.032,0.008692092895508097
SARS-CoV-2-A42T_Y119M,10.305334091186523,train,10.33,1.0330000000000001,0.024665908813476634
SARS-CoV-2-L125F,10.393770217895508,train,10.39,1.0390000000000001,0.003770217895507244
SARS-CoV-2-N40T_K87L,10.303970336914062,train,10.31,1.0310000000000001,0.006029663085937997
SARS-CoV-2-N151V,10.309965133666992,train,10.29,1.029,0.01996513366699304
SARS-CoV-2-L5E_T170K,10.362221717834473,train,10.34,1.034,0.0222217178344728
SARS-CoV-2-D90S_L125A_L188M_K199V,10.39402198791504,train,10.41,1.0410000000000001,0.015978012084959303
SARS-CoV-2-V32K_T148R,10.32198715209961,train,10.31,1.0310000000000001,0.011987152099608878
SARS-CoV-2-V37E_I104V,10.541226387023926,train,10.58,1.058,0.03877361297607429
SARS-CoV-2-K87F_Y123F,10.394655227661133,train,10.41,1.0410000000000001,0.01534477233886733
SARS-CoV-2-R78N_V194I,10.376715660095217,train,10.4,1.04,0.023284339904783735
SARS-CoV-2-I28F,10.640833854675291,train,10.68,1.068,0.03916614532470852
SARS-CoV-2-Y39M_G166N,10.496955871582031,train,10.52,1.052,0.023044128417968324
SARS-CoV-2-F62A,10.31832790374756,train,10.368,1.0368000000000002,0.04967209625243996
SARS-CoV-2-L5G_N120P,10.38136100769043,train,10.39,1.0390000000000001,0.008638992309570881
SARS-CoV-2-F44I_N64T_F134Y,10.356417655944824,train,10.36,1.036,0.003582344055175213
SARS-CoV-2-L188F,10.332075119018556,train,10.35,1.035,0.01792488098144318
SARS-CoV-2-T55Q_N64E_G146S,10.508368492126465,train,10.54,1.054,0.031631507873534304
SARS-CoV-2-T55E_N120R_I138L,10.326147079467772,train,10.36,1.036,0.03385292053222777
SARS-CoV-2-A67L_K132L,10.362293243408203,train,10.35,1.035,0.01229324340820348
SARS-CoV-2-Y119F_T201M,10.47905731201172,train,10.49,1.0490000000000002,0.010942687988279687
SARS-CoV-2-F126S_G172R,10.7344388961792,train,10.76,1.076,0.025561103820800568
SARS-CoV-2-L122G_G152S_T201E,10.327482223510742,train,10.34,1.034,0.01251777648925767
SARS-CoV-2-N4R_V37D_N151K,10.382841110229492,train,10.39,1.0390000000000001,0.007158889770508381
SARS-CoV-2-G172S,10.451967239379885,train,10.44,1.044,0.011967239379885086
SARS-CoV-2-Y159S_Y175M,10.570515632629396,train,10.56,1.056,0.01051563262939581
SARS-CoV-2-V32K_N110T,10.55778694152832,train,10.6,1.06,0.04221305847167933
SARS-CoV-2-N64Y_S147R_F156H,10.335268020629885,train,10.36,1.036,0.024731979370114843
SARS-CoV-2-C61A_D97T_T201S,10.363883972167969,train,10.42,1.042,0.05611602783203118
SARS-CoV-2-Y119R_K132R,10.337706565856934,train,10.34,1.034,0.002293434143066264
SARS-CoV-2-S41T_L122S,10.370970726013184,train,10.43,1.043,0.05902927398681612
SARS-CoV-2-T55L_V115Q_T201E,10.382959365844728,train,10.45,1.045,0.06704063415527095
SARS-CoV-2-K114A,10.313766479492188,train,10.352,1.0352000000000001,0.03823352050781281
SARS-CoV-2-I142Y_Y175E,10.468507766723633,train,10.465,1.0465,0.0035077667236329546
SARS-CoV-2-Y39N_K56D,10.670342445373535,train,10.71,1.0710000000000002,0.039657554626465696
SARS-CoV-2-T63N_T201M,10.327689170837402,train,10.32,1.032,0.0076891708374020595
SARS-CoV-2-V32R_N64F,10.353093147277832,train,10.34,1.034,0.013093147277832173
SARS-CoV-2-V37R_N157S_T201R,10.393891334533691,train,10.36,1.036,0.033891334533691975
SARS-CoV-2-T100H_K114E,10.393953323364258,train,10.41,1.0410000000000001,0.01604667663574233
SARS-CoV-2-Y119F_L188P,10.43739128112793,train,10.41,1.0410000000000001,0.027391281127929545
SARS-CoV-2-C61R_N109S_Q176D,10.477571487426758,train,10.535,1.0535,0.05742851257324233
SARS-CoV-2-S129Q_T148F,10.32399082183838,train,10.34,1.034,0.016009178161619175
SARS-CoV-2-R73M,10.353062629699709,train,10.373333333333331,1.0373333333333332,0.02027070363362249
SARS-CoV-2-N24D,10.480300903320312,train,10.52,1.052,0.039699096679687074
SARS-CoV-2-T55A_G174S,10.458873748779297,train,10.5,1.05,0.041126251220703125
SARS-CoV-2-L5T_L60M,10.463245391845703,train,10.46,1.046,0.0032453918457022723
SARS-CoV-2-G9R_Q163A_V173K,10.297821044921877,train,10.29,1.029,0.007821044921877629
SARS-CoV-2-T140Q_Q168A,10.488859176635742,train,10.46,1.046,0.028859176635741335
SARS-CoV-2-L95I_Y119K,10.38722038269043,train,10.37,1.037,0.01722038269043047
SARS-CoV-2-F134Y_G152S,10.43929386138916,train,10.43,1.043,0.00929386138916044
SARS-CoV-2-Y159I,10.437835693359377,train,10.48,1.048,0.04216430664062365
SARS-CoV-2-V37K_T63N,10.514780044555664,train,10.52,1.052,0.005219955444335511
SARS-CoV-2-K56Q_N110S,10.319099426269531,train,10.4,1.04,0.0809005737304691
SARS-CoV-2-K114Y_T148L_P197Q,10.523178100585938,train,10.52,1.052,0.0031781005859379263
SARS-CoV-2-F8L_Y91F,10.319215774536133,train,10.33,1.0330000000000001,0.010784225463867259
SARS-CoV-2-F44L_K87T_L122R_T148S_Y159I,10.609146118164062,train,10.67,1.067,0.06085388183593743
SARS-CoV-2-N130F_Y175Q,10.304282188415527,train,10.32,1.032,0.01571781158447294
SARS-CoV-2-G9V_R27K,10.337610244750977,train,10.345,1.0345000000000002,0.007389755249024077
SARS-CoV-2-P169C_P197R,10.300098419189451,train,10.26,1.026,0.04009841918945156
SARS-CoV-2-K48R_S129V_P149I_S200M,10.3700590133667,train,10.41,1.0410000000000001,0.03994098663330092
SARS-CoV-2-C61A_P149A,10.41474437713623,train,10.38,1.038,0.03474437713622969
SARS-CoV-2-K56A_Y119L_N157D,10.596163749694824,train,10.61,1.061,0.013836250305175213
SARS-CoV-2-K87T_E141S_G152N_V173F,10.372692108154297,train,10.4,1.04,0.02730789184570348
SARS-CoV-2-D98R_P197S,10.46275234222412,train,10.45,1.045,0.012752342224120028
SARS-CoV-2-Y39L_G146S_N157R,10.60549545288086,train,10.63,1.0630000000000002,0.024504547119141407
SARS-CoV-2-L5R_N157H_T170H,10.427978515625,train,10.44,1.044,0.012021484374999503
SARS-CoV-2-G174L_T201Q,10.329147338867188,train,10.33,1.0330000000000001,0.0008526611328125711
SARS-CoV-2-C61A_L122M,10.534543991088867,train,10.55,1.0550000000000002,0.015456008911133523
SARS-CoV-2-F62Y_D98S_H189E,10.346054077148438,train,10.355,1.0355,0.008945922851562926
SARS-CoV-2-Y119G_S200P,10.420872688293455,train,10.44,1.044,0.019127311706544248
SARS-CoV-2-Y119S_S200M,10.521785736083984,train,10.54,1.054,0.018214263916014772
SARS-CoV-2-N120E_G172L_P197Y,10.519760131835938,train,10.5,1.05,0.0197601318359375
SARS-CoV-2-L125W_A145G,10.364052772521973,train,10.36,1.036,0.004052772521973225
SARS-CoV-2-L122Y,10.442977905273438,train,10.446666666666667,1.0446666666666669,0.0036887613932297114
SARS-CoV-2-V37L_Y66T,10.340944290161133,train,10.36,1.036,0.01905570983886662
SARS-CoV-2-K26Q_G172I,10.30520248413086,train,10.33,1.0330000000000001,0.024797515869140696
SARS-CoV-2-T148E,10.382058143615724,train,10.358,1.0358,0.024058143615723893
SARS-CoV-2-V77L_L122R_S129V,10.543319702148438,train,10.55,1.0550000000000002,0.0066802978515632105
SARS-CoV-2-V37T_F156C_E186D,10.517087936401367,train,10.54,1.054,0.02291206359863196
SARS-CoV-2-Y39L_F62L_L125A,10.302760124206545,train,10.35,1.035,0.0472398757934549
SARS-CoV-2-Q84M_Y119S_E141T,10.484539031982422,train,10.49,1.0490000000000002,0.005460968017578338
SARS-CoV-2-T100V_P149T,10.507852554321287,train,10.55,1.0550000000000002,0.042147445678713424
SARS-CoV-2-L5M_S36M,10.398292541503906,train,10.42,1.042,0.02170745849609368
SARS-CoV-2-F62A_Q168V,10.329411506652832,train,10.39,1.0390000000000001,0.06058849334716854
SARS-CoV-2-N58Q_T85K,10.48859405517578,train,10.5,1.05,0.011405944824220526
SARS-CoV-2-K56S_N120E,10.49124813079834,train,10.52,1.052,0.02875186920165973
SARS-CoV-2-I2S_K87G,10.377638816833496,train,10.39,1.0390000000000001,0.012361183166504475
SARS-CoV-2-L60M_K132L,10.414896965026855,train,10.41,1.0410000000000001,0.004896965026855327
SARS-CoV-2-Y159W,10.298851013183594,train,10.3,1.03,0.0011489868164069605
SARS-CoV-2-Y159F_K199I,10.415221214294434,train,10.42,1.042,0.004778785705566335
SARS-CoV-2-R27K_P149L,10.465991973876951,train,10.48,1.048,0.014008026123049078
SARS-CoV-2-R27Q,10.370412826538086,train,10.412,1.0412000000000001,0.04158717346191487
SARS-CoV-2-T55Y_L122E,10.410066604614258,train,10.41,1.0410000000000001,6.660461425767039e-05
SARS-CoV-2-G116V_K199T,10.393556594848633,train,10.42,1.042,0.026443405151367116
SARS-CoV-2-I2L_I142L,10.383333206176758,train,10.43,1.043,0.0466667938232419
SARS-CoV-2-R16M_T63D,10.374759674072266,train,10.4,1.04,0.02524032592773473
SARS-CoV-2-I28L_P54K_C61P_N120S,10.29486846923828,train,10.36,1.036,0.06513153076171996
SARS-CoV-2-L5P_V37L_Y175M,10.520648956298828,train,10.51,1.051,0.010648956298828338
SARS-CoV-2-C61T_L125H,10.358951568603516,train,10.32,1.032,0.03895156860351534
SARS-CoV-2-G152D,10.38628387451172,train,10.424,1.0424,0.03771612548827896
SARS-CoV-2-P54A_T201L,10.418039321899414,train,10.44,1.044,0.02196067810058544
SARS-CoV-2-Y39F_D97E_L125R_F160V,10.561561584472656,train,10.6,1.06,0.038438415527343395
SARS-CoV-2-G83Y_K199S,10.48690414428711,train,10.47,1.0470000000000002,0.016904144287108736
SARS-CoV-2-G9V_S43F_L125N,10.480688095092772,train,10.51,1.051,0.029311904907228126
SARS-CoV-2-S19D_Y175S,10.299676895141602,train,10.29,1.029,0.009676895141602415
SARS-CoV-2-R16T_K87M_G155T_T201G,10.51927375793457,train,10.5,1.05,0.019273757934570312
SARS-CoV-2-E10D_S29Q,10.353336334228516,train,10.31,1.0310000000000001,0.04333633422851513
SARS-CoV-2-S43N_G174N,10.525647163391112,train,10.52,1.052,0.005647163391111931
SARS-CoV-2-A22E,10.361368179321287,train,10.391666666666666,1.0391666666666666,0.030298487345378433
SARS-CoV-2-L60N_Y119P_N171L,10.38543701171875,train,10.48,1.048,0.09456298828125043
SARS-CoV-2-F62A_T85N,10.33176326751709,train,10.38,1.038,0.04823673248291094
SARS-CoV-2-E10N_V37E_C61T_S129D_I138T,10.299094200134276,train,10.31,1.0310000000000001,0.01090579986572493
SARS-CoV-2-T100I_A145Y,10.38317584991455,train,10.41,1.0410000000000001,0.02682415008544936
SARS-CoV-2-N1L_Y35W_I138T,10.435340881347656,train,10.44,1.044,0.004659118652343253
SARS-CoV-2-N58D,10.334775924682615,train,10.354,1.0353999999999999,0.019224075317383793
SARS-CoV-2-D97H_L122R,10.372651100158691,train,10.39,1.0390000000000001,0.017348899841309162
SARS-CoV-2-A22Q_T201E,10.406490325927734,train,10.36,1.036,0.04649032592773494
SARS-CoV-2-T85I_D97L_L125R,10.296052932739258,train,10.31,1.0310000000000001,0.013947067260742685
SARS-CoV-2-Y119S_S129T,10.437530517578123,train,10.39,1.0390000000000001,0.047530517578122655
SARS-CoV-2-K199T,10.478686332702637,train,10.54,1.054,0.06131366729736243
SARS-CoV-2-E141N_F160P,10.305070877075195,train,10.32,1.032,0.014929122924804972
SARS-CoV-2-T55D_D97G_P197K,10.556392669677734,train,10.58,1.058,0.023607330322265696
SARS-CoV-2-R27N_T55N_F62T_P149R,10.401666641235352,train,10.42,1.042,0.018333358764648366
SARS-CoV-2-T3I_T100F,10.314476013183594,train,10.3,1.03,0.01447601318359304
SARS-CoV-2-N110A_T140R_S200I,10.563426971435549,train,10.57,1.0570000000000002,0.006573028564451633
SARS-CoV-2-R27T_T170H,10.469146728515623,train,10.54,1.054,0.07085327148437592
SARS-CoV-2-V37L_T46S,10.410566329956056,train,10.44,1.044,0.02943367004394304
SARS-CoV-2-L5T_K87N,10.360687255859377,train,10.37,1.037,0.009312744140622442
SARS-CoV-2-G51N_T85R_S184T,10.367101669311523,train,10.42,1.042,0.05289833068847649
SARS-CoV-2-Y119C,10.339747428894045,train,10.36111111111111,1.0361111111111112,0.02136368221706597
SARS-CoV-2-T55M_S200M,10.499177932739258,train,10.49,1.0490000000000002,0.0091779327392576
SARS-CoV-2-A22H,10.488487243652344,train,10.465,1.0465,0.023487243652343892
SARS-CoV-2-P7R_R27K_T148S,10.385420799255373,train,10.34,1.034,0.04542079925537301
SARS-CoV-2-T55A_T100V_F156T,10.648398399353027,train,10.67,1.067,0.021601600646972585
SARS-CoV-2-E141I_N171D,10.375749588012695,train,10.37,1.037,0.005749588012696094
SARS-CoV-2-K114L,10.330713272094728,train,10.380454545454546,1.0380454545454547,0.049741273359817484
SARS-CoV-2-A33W_Y91F_N120P,10.342971801757812,train,10.39,1.0390000000000001,0.04702819824218807
SARS-CoV-2-S43H_S147L,10.305975914001465,train,10.31,1.0310000000000001,0.004024085998535654
SARS-CoV-2-K56E_K114S_K198D,10.460169792175291,train,10.48,1.048,0.019830207824709234
SARS-CoV-2-Y159T_G166I,10.543526649475098,train,10.57,1.0570000000000002,0.026473350524902628
SARS-CoV-2-N4E_G9A_V32K_T63S_G172V,10.637314796447754,train,10.64,1.064,0.002685203552246662
SARS-CoV-2-L5N_N157E,10.549504280090332,train,10.54,1.054,0.009504280090332884
SARS-CoV-2-P54L_K114H_T201W,10.385174751281738,train,10.39,1.0390000000000001,0.004825248718262287
SARS-CoV-2-V32K_Q168E,10.46071434020996,train,10.46,1.046,0.0007143402099583085
SARS-CoV-2-R27K_Y39W,10.453889846801758,train,10.49,1.0490000000000002,0.0361101531982424
SARS-CoV-2-K56S_T85R,10.414548873901367,train,10.44,1.044,0.025451126098632315
SARS-CoV-2-I104V_Y119K_N130Q,10.334885597229004,train,10.31,1.0310000000000001,0.02488559722900341
SARS-CoV-2-N1Y_A18P,10.418495178222656,train,10.42,1.042,0.001504821777343679
SARS-CoV-2-V153E_Y175C_H189Y,10.299121856689451,train,10.32,1.032,0.020878143310548936
SARS-CoV-2-K114F_T170R,10.311515808105469,train,10.32,1.032,0.008484191894531534
SARS-CoV-2-K48E_F156H,10.459161758422852,train,10.42,1.042,0.039161758422851634
SARS-CoV-2-G83S_K199H,10.30564785003662,train,10.3,1.03,0.005647850036618607
SARS-CoV-2-Y39K,10.403152465820312,train,10.3925,1.03925,0.010652465820312429
SARS-CoV-2-S53A,10.52565097808838,train,10.57,1.0570000000000002,0.0443490219116196
SARS-CoV-2-F44Y_C61T_K128S,10.387144088745115,train,10.41,1.0410000000000001,0.02285591125488473
SARS-CoV-2-S43H_T100N,10.431354522705078,train,10.45,1.045,0.018645477294921164
SARS-CoV-2-G9S_Y175T,10.537745475769045,train,10.56,1.056,0.022254524230955752
SARS-CoV-2-Y119R_F134G,10.450026512145996,train,10.49,1.0490000000000002,0.03997348785400412
SARS-CoV-2-V37A_T201N,10.58115577697754,train,10.58,1.058,0.0011557769775407678
SARS-CoV-2-V37T_Q163V,10.374119758605955,train,10.42,1.042,0.045880241394044674
SARS-CoV-2-T148L_F160N,10.35826301574707,train,10.36,1.036,0.001736984252929119
SARS-CoV-2-F62W_Y175M,10.336406707763672,train,10.35,1.035,0.01359329223632777
SARS-CoV-2-C61L_Y119T,10.48957347869873,train,10.49,1.0490000000000002,0.0004265213012697444
SARS-CoV-2-N64A_S129E_G166E,10.441350936889648,train,10.44,1.044,0.0013509368896489349
SARS-CoV-2-T140L_P197M,10.530004501342772,train,10.52,1.052,0.010004501342772087
SARS-CoV-2-G9N_G174E,10.33688259124756,train,10.33,1.0330000000000001,0.006882591247560299
SARS-CoV-2-K26T_S43N_G172S,10.360740661621094,train,10.36,1.036,0.0007406616210943184
SARS-CoV-2-T55E,10.42358112335205,train,10.447142857142856,1.0447142857142857,0.02356173379080495
SARS-CoV-2-D98R_L125E_G174I,10.420976638793944,train,10.42,1.042,0.0009766387939436072
SARS-CoV-2-Q84G,10.388813018798828,train,10.435714285714283,1.0435714285714284,0.04690126691545515
SARS-CoV-2-F62C_G155S_L188A,10.410505294799805,train,10.39,1.0390000000000001,0.02050529479980412
SARS-CoV-2-G9S_Y91F_T170R,10.56414794921875,train,10.61,1.061,0.04585205078124943
SARS-CoV-2-C61T_V65I_T201P,10.46799659729004,train,10.54,1.054,0.07200340270995831
SARS-CoV-2-T46Q_N151T_Y175A,10.374885559082031,train,10.4,1.04,0.025114440917969105
SARS-CoV-2-V153D_G172N,10.347246170043944,train,10.35,1.035,0.0027538299560561086
SARS-CoV-2-V65I,10.388021469116213,train,10.4,1.04,0.011978530883787641
SARS-CoV-2-Y39K_T148E,10.667414665222168,train,10.69,1.069,0.022585334777831534
SARS-CoV-2-G172R_T201S,10.66429328918457,train,10.64,1.064,0.024293289184569744
SARS-CoV-2-V71I_Y175L,10.324115753173828,train,10.35,1.035,0.02588424682617152
SARS-CoV-2-P96G_Y175S,10.488937377929688,train,10.49,1.0490000000000002,0.0010626220703127132
SARS-CoV-2-C61S_G117T,10.510102272033691,train,10.58,1.058,0.06989772796630866
SARS-CoV-2-C61K_T85V_Y175H,10.334562301635742,train,10.36,1.036,0.025437698364257244
SARS-CoV-2-L122K_Y175L,10.46100616455078,train,10.41,1.0410000000000001,0.05100616455077933
SARS-CoV-2-L5I_T201N,10.608404159545898,train,10.63,1.0630000000000002,0.021595840454102344
SARS-CoV-2-S36D_D98S_G116K,10.333306312561035,train,10.31,1.0310000000000001,0.02330631256103466
SARS-CoV-2-L5W_A18S_R78D_T201S,10.51291847229004,train,10.5,1.05,0.012918472290040839
SARS-CoV-2-L5Q_S43Y_L60M_I138N,10.47487449645996,train,10.48,1.048,0.005125503540041265
SARS-CoV-2-T63N,10.373744010925291,train,10.386363636363637,1.0386363636363638,0.012619625438345494
SARS-CoV-2-V37S,10.394951820373535,train,10.457777777777778,1.045777777777778,0.06282595740424313
SARS-CoV-2-G9E_T201A,10.453567504882812,train,10.49,1.0490000000000002,0.03643249511718771
SARS-CoV-2-G83Y_S129D,10.39950942993164,train,10.39,1.0390000000000001,0.009509429931640057
SARS-CoV-2-E10D_F62A,10.387510299682615,train,10.39,1.0390000000000001,0.0024897003173851573
SARS-CoV-2-G174A,10.41032886505127,train,10.423333333333334,1.0423333333333333,0.013004468282064252
SARS-CoV-2-K26S_V37L_F156R,10.420648574829102,train,10.45,1.045,0.029351425170897727
SARS-CoV-2-N1K_N107S_L125R,10.311725616455078,train,10.34,1.034,0.028274383544921733
SARS-CoV-2-Y119G_T201R,10.473608016967772,train,10.44,1.044,0.03360801696777216
SARS-CoV-2-T15A_L122S_G166A,10.310992240905762,train,10.34,1.034,0.02900775909423814
SARS-CoV-2-T46Y,10.419286727905272,train,10.42,1.042,0.0007132720947282678
SARS-CoV-2-V37E_T46M,10.38027572631836,train,10.4,1.04,0.01972427368164098
SARS-CoV-2-Y119S_S200G,10.464296340942385,train,10.49,1.0490000000000002,0.025703659057615624
SARS-CoV-2-V37R_L125T_E141K_P169D_L187T,10.551088333129885,train,10.55,1.0550000000000002,0.0010883331298838783
SARS-CoV-2-V37G_P197M,10.40846061706543,train,10.4,1.04,0.008460617065429332
SARS-CoV-2-K114H_N130S,10.408843994140623,train,10.39,1.0390000000000001,0.018843994140622655
SARS-CoV-2-Y35F_F62I,10.317463874816896,train,10.32,1.032,0.0025361251831039766
SARS-CoV-2-I138D,10.324085235595703,train,10.3075,1.03075,0.016585235595703907
SARS-CoV-2-L5T_N110G_Y119H_T170L,10.385665893554688,train,10.38,1.038,0.005665893554686718
SARS-CoV-2-C61H_D97N,10.3100004196167,train,10.31,1.0310000000000001,4.196166987213701e-07
SARS-CoV-2-N120Q_T201N,10.487815856933594,train,10.51,1.051,0.022184143066406037
SARS-CoV-2-N64S_N118S,10.358539581298828,train,10.37,1.037,0.011460418701171093
SARS-CoV-2-Y91W_T100L_L125A,10.546887397766112,train,10.52,1.052,0.02688739776611193
SARS-CoV-2-V115L,10.353845596313477,train,10.337142857142856,1.0337142857142856,0.016702739170620262
SARS-CoV-2-K87Y_F156A,10.598766326904297,train,10.58,1.058,0.018766326904296804
SARS-CoV-2-R73T_P197V,10.387277603149414,train,10.41,1.0410000000000001,0.02272239685058608
SARS-CoV-2-Y66F,10.459683418273926,train,10.465,1.0465,0.005316581726074077
SARS-CoV-2-S164K,10.495162963867188,train,10.52,1.052,0.024837036132812074
SARS-CoV-2-Y175L_S184T,10.547585487365724,train,10.59,1.059,0.042414512634275425
SARS-CoV-2-K56Q_T201H,10.397289276123049,train,10.4,1.04,0.002710723876951704
SARS-CoV-2-N130V_N151L,10.403169631958008,train,10.42,1.042,0.016830368041992116
SARS-CoV-2-V37S_V153R,10.620222091674805,train,10.64,1.064,0.01977790832519588
SARS-CoV-2-P169E_Y175H,10.535091400146484,train,10.535,1.0535,9.140014648423289e-05
SARS-CoV-2-Y119D_G196L,10.437026977539062,train,10.38,1.038,0.05702697753906172
SARS-CoV-2-N120D_A145N_G174M,10.551836013793944,train,10.6,1.06,0.04816398620605611
SARS-CoV-2-P54I_Q84S,10.462251663208008,train,10.44,1.044,0.02225166320800831
SARS-CoV-2-K48Q_Q84S,10.369467735290527,train,10.47,1.0470000000000002,0.1005322647094733
SARS-CoV-2-L60F_L125S,10.555347442626951,train,10.61,1.061,0.05465255737304808
SARS-CoV-2-P54W_Y119S,10.361918449401855,train,10.38,1.038,0.018081550598145313
SARS-CoV-2-N24R_Y39M_D75Y,10.591863632202148,train,10.6,1.06,0.008136367797851207
SARS-CoV-2-A42S_Y121L_G155A_L188I_T201Y,10.449256896972656,train,10.45,1.045,0.0007431030273430395
SARS-CoV-2-L5M_Y175S,10.484498023986816,train,10.48,1.048,0.00449802398681598
SARS-CoV-2-D97Q_Y119H_A192E,10.344133377075195,train,10.24,1.024,0.1041333770751951
SARS-CoV-2-S53D,10.370421409606934,train,10.39,1.0390000000000001,0.019578590393066975
SARS-CoV-2-S36R_F47W_K87I,10.49796199798584,train,10.53,1.053,0.03203800201415952
SARS-CoV-2-L5T_S29C_L122E,10.561058044433594,train,10.58,1.058,0.01894195556640632
SARS-CoV-2-Y119E,10.44351863861084,train,10.428461538461535,1.0428461538461535,0.015057100149304503
SARS-CoV-2-R78W,10.446317672729492,train,10.455,1.0455,0.008682327270507884
SARS-CoV-2-N130H_T170S,10.460857391357422,train,10.51,1.051,0.04914260864257791
SARS-CoV-2-N1A_E154T,10.34130859375,train,10.35,1.035,0.008691406249999645
SARS-CoV-2-Y119E_P149K,10.575372695922852,train,10.57,1.0570000000000002,0.005372695922851278
SARS-CoV-2-Y119T_G155T,10.34024143218994,train,10.29,1.029,0.05024143218994048
SARS-CoV-2-T201V,10.376235961914062,train,10.392857142857142,1.0392857142857144,0.01662118094307985
SARS-CoV-2-G9S_R27M_F62W_Y119V_K198P,10.317142486572266,train,10.33,1.0330000000000001,0.012857513427734446
SARS-CoV-2-K48Q_I138R_P197R,10.324644088745115,train,10.36,1.036,0.03535591125488402
SARS-CoV-2-G9S_K132T,10.33110237121582,train,10.36,1.036,0.02889762878417912
SARS-CoV-2-T100M_Y121L_Y175L,10.323406219482422,train,10.37,1.037,0.04659378051757734
SARS-CoV-2-V37D_Y66F,10.500160217285156,train,10.5,1.05,0.00016021728515625
SARS-CoV-2-L5T_K199Q,10.321449279785156,train,10.34,1.034,0.018550720214843608
SARS-CoV-2-E141T_F156W,10.440561294555664,train,10.46,1.046,0.01943870544433679
SARS-CoV-2-P54Q,10.506122589111328,train,10.525,1.0525,0.01887741088867223
SARS-CoV-2-T201R,10.308046340942385,train,10.257428571428571,1.025742857142857,0.05061776951381347
SARS-CoV-2-K87T_K132Y,10.401874542236328,train,10.42,1.042,0.018125457763671804
SARS-CoV-2-I28M_T100Y,10.518804550170898,train,10.52,1.052,0.0011954498291011362
SARS-CoV-2-K48R_F156G,10.47358226776123,train,10.5,1.05,0.02641773223876953
SARS-CoV-2-N157S_Y175T,10.469378471374512,train,10.48,1.048,0.010621528625488708
SARS-CoV-2-V37A_P54T_T85K,10.60818576812744,train,10.61,1.061,0.0018142318725598017
SARS-CoV-2-G83N_K87V,10.50798511505127,train,10.53,1.053,0.02201488494872983
SARS-CoV-2-G83N_K198E,10.378461837768556,train,10.39,1.0390000000000001,0.011538162231444105
SARS-CoV-2-S41V_G166D,10.387327194213867,train,10.42,1.042,0.03267280578613274
SARS-CoV-2-C61L_R78S,10.320375442504885,train,10.32,1.032,0.00037544250488430464
SARS-CoV-2-I142M,10.300617218017578,train,10.300833333333332,1.0300833333333332,0.0002161153157533846
SARS-CoV-2-N40S_G166M,10.43430519104004,train,10.44,1.044,0.005694808959958664
SARS-CoV-2-L5M_S113Q,10.39410400390625,train,10.41,1.0410000000000001,0.015895996093750142
SARS-CoV-2-N120S_F160W,10.299006462097168,train,10.35,1.035,0.050993537902831676
SARS-CoV-2-F62A_Y175C,10.349306106567385,train,10.42,1.042,0.07069389343261534
SARS-CoV-2-E154P,10.318084716796877,train,10.365,1.0365,0.04691528320312344
SARS-CoV-2-L5E_L111F_Y119F,10.32882308959961,train,10.34,1.034,0.011176910400390483
SARS-CoV-2-K87I_E141V,10.477913856506348,train,10.48,1.048,0.00208614349365277
SARS-CoV-2-N4S_C61E_T148V,10.42572784423828,train,10.45,1.045,0.024272155761719816
SARS-CoV-2-T100S_N157G,10.347892761230469,train,10.38,1.038,0.03210723876953203
SARS-CoV-2-V37M_T55L_N157T_Y175S,10.568563461303713,train,10.58,1.058,0.011436538696287357
SARS-CoV-2-I28M_T201N,10.6068754196167,train,10.59,1.059,0.01687541961669936
SARS-CoV-2-C195A,10.356518745422363,train,10.3675,1.03675,0.010981254577636435
SARS-CoV-2-Q84R_N120E,10.317190170288086,train,10.33,1.0330000000000001,0.012809829711914134
SARS-CoV-2-R27E_V37D,10.405292510986328,train,10.44,1.044,0.03470748901367138
SARS-CoV-2-T3D_K26R_C61R_N130T,10.401671409606934,train,10.42,1.042,0.018328590393066335
SARS-CoV-2-P7T_Y39Q_I104M,10.445938110351562,train,10.42,1.042,0.02593811035156257
SARS-CoV-2-I28F_C61S_Q144R_T201C,10.33553695678711,train,10.38,1.038,0.04446304321289141
SARS-CoV-2-T3P_V11I_L60Y,10.407234191894531,train,10.4,1.04,0.007234191894530895
SARS-CoV-2-V52F_L122A,10.467092514038086,train,10.44,1.044,0.027092514038086435
SARS-CoV-2-Y35M_L57F,10.401422500610352,train,10.45,1.045,0.04857749938964773
SARS-CoV-2-N40S_G83N,10.41618537902832,train,10.44,1.044,0.02381462097167919
SARS-CoV-2-K26I_N130I,10.429534912109377,train,10.44,1.044,0.010465087890622726
SARS-CoV-2-C61Q_G117S_T201I,10.329495429992676,train,10.33,1.0330000000000001,0.0005045700073242898
SARS-CoV-2-D98S_G174N,10.339701652526855,train,10.375,1.0375,0.03529834747314453
SARS-CoV-2-L188H,10.29331398010254,train,10.325,1.0325,0.03168601989745845
SARS-CoV-2-L122R_I138L,10.322660446166992,train,10.31,1.0310000000000001,0.01266044616699169
SARS-CoV-2-K26R,10.588708877563477,train,10.604,1.0604,0.015291122436522642
SARS-CoV-2-Q84S_Q168F,10.484353065490724,train,10.52,1.052,0.03564693450927514
SARS-CoV-2-R16K_D97K,10.494945526123049,train,10.49,1.0490000000000002,0.004945526123048438
SARS-CoV-2-T85M_L122R,10.4254150390625,train,10.45,1.045,0.02458496093749929
SARS-CoV-2-T85S_V153S,10.55638027191162,train,10.59,1.059,0.03361972808838054
SARS-CoV-2-V32T_T46H_T170Y,10.602346420288086,train,10.63,1.0630000000000002,0.027653579711914844
SARS-CoV-2-G172Q_A192E,10.478602409362791,train,10.49,1.0490000000000002,0.01139759063720902
SARS-CoV-2-G172Y,10.308686256408691,train,10.335,1.0335,0.026313743591309446
SARS-CoV-2-L5V_T148H,10.333707809448242,train,10.37,1.037,0.03629219055175703
SARS-CoV-2-I2V_G196D,10.302366256713867,train,10.36,1.036,0.057633743286132244
SARS-CoV-2-C61Q_S129I,10.35409927368164,train,10.43,1.043,0.07590072631835909
SARS-CoV-2-S45T_A192S,10.393610000610352,train,10.41,1.0410000000000001,0.01638999938964858
SARS-CoV-2-L125G_K132L_P197K,10.618250846862791,train,10.58,1.058,0.03825084686279112
SARS-CoV-2-N24Q_Q84T,10.469401359558104,train,10.47,1.0470000000000002,0.0005986404418969471
SARS-CoV-2-L5S_D97L,10.41680145263672,train,10.41,1.0410000000000001,0.006801452636720384
SARS-CoV-2-I2V_C61I,10.430288314819336,train,10.42,1.042,0.010288314819336009
SARS-CoV-2-N151D,10.37229347229004,train,10.3675,1.03675,0.004793472290041123
SARS-CoV-2-G83L_T100V_I138V,10.55562686920166,train,10.56,1.056,0.004373130798340341
SARS-CoV-2-S41R_D90Q,10.423093795776367,train,10.49,1.0490000000000002,0.06690620422363303
SARS-CoV-2-L111K_T201K,10.304483413696287,train,10.29,1.029,0.014483413696288139
SARS-CoV-2-Y35L_S139R,10.64869499206543,train,10.68,1.068,0.03130500793457003
SARS-CoV-2-F126T,10.337249755859377,train,10.34,1.034,0.0027502441406230815
SARS-CoV-2-I28W_Y35R,10.320046424865724,train,10.36,1.036,0.039953575134275
SARS-CoV-2-L38M_D98E_L125S,10.468027114868164,train,10.46,1.046,0.00802711486816321
SARS-CoV-2-N109H,10.38983154296875,train,10.43,1.043,0.040168457031249716
SARS-CoV-2-Y119K_N171S,10.321352005004885,train,10.315,1.0315,0.006352005004885086
SARS-CoV-2-T63R_G116E,10.592768669128418,train,10.61,1.061,0.017231330871581463
SARS-CoV-2-Y35L_N58I_L122C,10.333508491516112,train,10.36,1.036,0.026491508483887927
SARS-CoV-2-K48N_L122A,10.449691772460938,train,10.445,1.0445,0.004691772460937216
SARS-CoV-2-L125V_S147F,10.56308937072754,train,10.57,1.0570000000000002,0.006910629272459445
SARS-CoV-2-E10A_K87R,10.41848850250244,train,10.41,1.0410000000000001,0.008488502502439488
SARS-CoV-2-S43I_L60Y_T100C,10.597436904907228,train,10.6,1.06,0.002563095092771306
SARS-CoV-2-I2D_T100Q_S129T,10.36138916015625,train,10.38,1.038,0.01861083984375078
SARS-CoV-2-N130L_G172K,10.594120979309082,train,10.6,1.06,0.0058790206909176135
SARS-CoV-2-L5W_T15P_L122Q_F160S,10.517817497253418,train,10.52,1.052,0.002182502746581605
SARS-CoV-2-V65L_F156A,10.440793991088867,train,10.43,1.043,0.010793991088867472
SARS-CoV-2-T100F_G196D,10.324979782104492,train,10.36,1.036,0.035020217895507244
SARS-CoV-2-A22M_S43M_K128H,10.49851894378662,train,10.52,1.052,0.021481056213380256
SARS-CoV-2-F126H,10.434344291687012,train,10.4125,1.04125,0.021844291687012074
SARS-CoV-2-D97F_T201I,10.30105686187744,train,10.36,1.036,0.0589431381225598
SARS-CoV-2-I142M_S147V,10.368398666381836,train,10.364999999999998,1.0365,0.0033986663818375007
SARS-CoV-2-R27T,10.346985816955566,train,10.348333333333333,1.0348333333333333,0.0013475163777663113
SARS-CoV-2-V37C_L95V_P197S,10.297595977783203,train,10.28,1.028,0.017595977783203764
SARS-CoV-2-G9Y_I142L,10.437501907348633,train,10.44,1.044,0.00249809265136669
SARS-CoV-2-S147P,10.452741622924805,train,10.46,1.046,0.007258377075196165
SARS-CoV-2-Y39T_K198G,10.549755096435549,train,10.57,1.0570000000000002,0.020244903564451633
SARS-CoV-2-N30E,10.309192657470703,train,10.243333333333332,1.0243333333333333,0.06585932413737083
SARS-CoV-2-C61R_L125V_T201W,10.457637786865234,train,10.47,1.0470000000000002,0.012362213134766264
SARS-CoV-2-G9Q_A145V_S164T,10.357667922973633,train,10.4,1.04,0.04233207702636754
SARS-CoV-2-V37Y_K56D,10.448158264160156,train,10.47,1.0470000000000002,0.02184173583984439
SARS-CoV-2-I2R_S53T,10.323202133178713,train,10.34,1.034,0.016797866821287144
SARS-CoV-2-K87M_S129A,10.573967933654783,train,10.58,1.058,0.006032066345216691
SARS-CoV-2-L5N_Y119T_P197G,10.674150466918944,train,10.67,1.067,0.004150466918943607
SARS-CoV-2-T148C_G174D,10.563786506652832,train,10.59,1.059,0.026213493347167827
SARS-CoV-2-S53H_K87R_T100I_A190S,10.622430801391602,train,10.63,1.0630000000000002,0.007569198608399219
SARS-CoV-2-R27I_K87R_G117F,10.315322875976562,train,10.35,1.035,0.034677124023437145
SARS-CoV-2-Y119Q_S129R,10.421735763549805,train,10.41,1.0410000000000001,0.011735763549804545
SARS-CoV-2-F160P,10.43254280090332,train,10.41125,1.041125,0.02129280090331953
SARS-CoV-2-Y39T_T148N,10.486985206604004,train,10.5,1.05,0.013014793395996094
SARS-CoV-2-L5E,10.414266586303713,train,10.43214285714286,1.043214285714286,0.01787627083914778
SARS-CoV-2-N1P_G174M,10.406837463378906,train,10.41,1.0410000000000001,0.003162536621093892
SARS-CoV-2-K87L_P149L_T170I,10.347572326660156,train,10.31,1.0310000000000001,0.03757232666015575
SARS-CoV-2-P54L_T100Y_G117D,10.40294361114502,train,10.44,1.044,0.03705638885497997
SARS-CoV-2-T55S_K198A,10.32361125946045,train,10.35,1.035,0.026388740539550426
SARS-CoV-2-I28L_L122A,10.3260498046875,train,10.355,1.0355,0.028950195312500426
SARS-CoV-2-K56T,10.358501434326172,train,10.38818181818182,1.038818181818182,0.02968038385564853
SARS-CoV-2-L5Y_Q84S_F126W_A190T,10.43617057800293,train,10.45,1.045,0.013829421997069602
SARS-CoV-2-T148K,10.413253784179688,train,10.3975,1.0397500000000002,0.015753784179686647
SARS-CoV-2-A42G_T140V_G174M,10.424931526184082,train,10.46,1.046,0.03506847381591882
SARS-CoV-2-S200W,10.596407890319824,train,10.62,1.062,0.023592109680175
SARS-CoV-2-T55S_V77L_S164Y_T201R,10.358201026916504,train,10.36,1.036,0.0017989730834955253
SARS-CoV-2-Y159M,10.317242622375488,train,10.35,1.035,0.032757377624511363
SARS-CoV-2-G9S_G116L,10.422306060791016,train,10.51,1.051,0.08769393920898416
SARS-CoV-2-N110V_S129Q,10.495869636535645,train,10.46,1.046,0.03586963653564368
SARS-CoV-2-Y35I_I138M,10.350749969482422,train,10.36,1.036,0.009250030517577557
SARS-CoV-2-P7L_V37F_G152S,10.348962783813477,train,10.36,1.036,0.011037216186522869
SARS-CoV-2-N58Q_P149D,10.37557601928711,train,10.4,1.04,0.02442398071289098
SARS-CoV-2-I2V_V37G_T55A_R73K_R78S,10.446818351745604,train,10.47,1.0470000000000002,0.023181648254396947
SARS-CoV-2-Q144G_G172P,10.42084789276123,train,10.42,1.042,0.0008478927612305398
SARS-CoV-2-A18S_F156V_Q168A,10.34376335144043,train,10.3,1.03,0.04376335144042898
SARS-CoV-2-K56S_Y91F_Q168M,10.29775047302246,train,10.32,1.032,0.022249526977541123
SARS-CoV-2-I28M_N64G,10.52739429473877,train,10.5,1.05,0.02739429473876953
SARS-CoV-2-K114W_L122S,10.41545867919922,train,10.4,1.04,0.015458679199220171
SARS-CoV-2-R16Y_G155R_G166S,10.558491706848145,train,10.59,1.059,0.03150829315185533
SARS-CoV-2-A42R_L95V_G117D_Q168K,10.304605484008787,train,10.26,1.026,0.0446054840087875
SARS-CoV-2-L5R_Y66V_L122E,10.324951171875,train,10.34,1.034,0.015048828124999858
SARS-CoV-2-Y175H,10.353591918945312,train,10.344,1.0344,0.009591918945313083
SARS-CoV-2-S36A_V173K,10.550493240356444,train,10.58,1.058,0.029506759643556535
SARS-CoV-2-A42G_F134G,10.295364379882812,train,10.34,1.034,0.04463562011718736
SARS-CoV-2-T140K_V173F_L187R,10.43384075164795,train,10.43,1.043,0.003840751647949503
SARS-CoV-2-Y119K_T201N,10.432821273803713,train,10.41,1.0410000000000001,0.022821273803712572
SARS-CoV-2-T63S_K128E,10.346881866455078,train,10.355,1.0355,0.008118133544922301
SARS-CoV-2-F156D,10.443523406982422,train,10.446000000000002,1.0446000000000002,0.0024765930175796314
SARS-CoV-2-K198Q,10.361848831176758,train,10.37375,1.037375,0.011901168823241548
SARS-CoV-2-K87E_V173Q,10.325546264648438,train,10.36,1.036,0.03445373535156193
SARS-CoV-2-N151T_T201L,10.367525100708008,train,10.41,1.0410000000000001,0.04247489929199233
SARS-CoV-2-L5S_K56F_F62W,10.348684310913086,train,10.32,1.032,0.028684310913085653
SARS-CoV-2-P7N_L95M,10.367156982421877,train,10.35,1.035,0.01715698242187713
SARS-CoV-2-Q168H,10.393383026123049,train,10.342,1.0342,0.051383026123048126
SARS-CoV-2-I2T_I28M_T100K_F126R_E154L_G166M,10.380276679992676,train,10.39,1.0390000000000001,0.009723320007324787
SARS-CoV-2-I138N_T170Q_T201V,10.340621948242188,train,10.36,1.036,0.01937805175781193
SARS-CoV-2-N171R,10.41798210144043,train,10.452857142857145,1.0452857142857146,0.034875041416714936
SARS-CoV-2-L5V_K87R,10.367799758911133,train,10.37,1.037,0.002200241088866406
SARS-CoV-2-K87W_D97M_V115D,10.351187705993652,train,10.41,1.0410000000000001,0.0588122940063478
SARS-CoV-2-L5Q_L60M_L125I_T148M,10.594863891601562,train,10.63,1.0630000000000002,0.03513610839843828
SARS-CoV-2-A18N,10.318763732910156,train,10.326,1.0326000000000002,0.007236267089844262
SARS-CoV-2-K114W,10.351160049438477,train,10.34142857142857,1.034142857142857,0.009731478009905814
SARS-CoV-2-A42E_P149F_Y175S,10.50393009185791,train,10.49,1.0490000000000002,0.013930091857909943
SARS-CoV-2-L5E_N64K,10.44719696044922,train,10.47,1.0470000000000002,0.022803039550780113
SARS-CoV-2-N1K_K87Y_N171F,10.507939338684082,train,10.52,1.052,0.012060661315917542
SARS-CoV-2-T55D_Y119A_K128T_F156D,10.482172012329102,train,10.5,1.05,0.017827987670898438
SARS-CoV-2-T55S_G116N_E154D,10.343196868896484,train,10.36,1.036,0.016803131103515057
SARS-CoV-2-S129A_E141K,10.338619232177734,train,10.365,1.0365,0.026380767822265838
SARS-CoV-2-K114S_P169R,10.294057846069336,train,10.31,1.0310000000000001,0.01594215393066456
SARS-CoV-2-Q84M,10.39596939086914,train,10.46,1.046,0.06403060913086023
SARS-CoV-2-T63R_F156P,10.53574562072754,train,10.53,1.053,0.005745620727541478
SARS-CoV-2-I28F_F44N_K198N,10.516851425170898,train,10.54,1.054,0.02314857482910071
SARS-CoV-2-S139G_C195N,10.30899715423584,train,10.39,1.0390000000000001,0.08100284576416072
SARS-CoV-2-Y39I_K132I,10.376153945922852,train,10.36,1.036,0.01615394592285213
SARS-CoV-2-C61L_L122R,10.346940994262695,train,10.35,1.035,0.0030590057373043322
SARS-CoV-2-L122W,10.323795318603516,train,10.354545454545455,1.0354545454545456,0.03075013594193976
SARS-CoV-2-Q163N,10.375319480895996,train,10.39,1.0390000000000001,0.014680519104004475
SARS-CoV-2-Y39A_T55S_S147I_V173L,10.63276195526123,train,10.59,1.059,0.04276195526123061
SARS-CoV-2-N1L_G174M,10.370384216308594,train,10.39,1.0390000000000001,0.01961578369140682
SARS-CoV-2-L95I_Q163R_K199H,10.38856315612793,train,10.41,1.0410000000000001,0.021436843872070455
SARS-CoV-2-S36D_N118T_T170Y,10.36469841003418,train,10.37,1.037,0.005301589965819531
SARS-CoV-2-I2N_D59R,10.300848007202148,train,10.32,1.032,0.019151992797851847
SARS-CoV-2-V37L_T148R_F156L,10.567878723144531,train,10.54,1.054,0.027878723144532103
SARS-CoV-2-P149I_F160N,10.298290252685549,train,10.285,1.0285,0.01329025268554851
SARS-CoV-2-P197D,10.42027759552002,train,10.45,1.045,0.029722404479979758
SARS-CoV-2-N40T_Y143F,10.313559532165527,train,10.34,1.034,0.026440467834472514
SARS-CoV-2-P149Y_T201N,10.561113357543944,train,10.54,1.054,0.02111335754394439
SARS-CoV-2-I2Y_T85R_G166A,10.403640747070312,train,10.39,1.0390000000000001,0.013640747070311932
SARS-CoV-2-I2Y_P197Q,10.443334579467772,train,10.45,1.045,0.006665420532227628
SARS-CoV-2-T3R_Y35V,10.53071403503418,train,10.58,1.058,0.049285964965820384
SARS-CoV-2-K114A_E154Q,10.410417556762695,train,10.41,1.0410000000000001,0.0004175567626951704
SARS-CoV-2-K114W_T140N,10.309911727905272,train,10.38,1.038,0.07008827209472912
SARS-CoV-2-G117E_F160N,10.40096950531006,train,10.44,1.044,0.03903049468993913
SARS-CoV-2-L122R_F160L,10.382256507873535,train,10.36,1.036,0.022256507873535725
SARS-CoV-2-R27K_N40R_N64W,10.369426727294922,train,10.32,1.032,0.04942672729492159
SARS-CoV-2-S45E_Q84M_T201C,10.403525352478027,train,10.45,1.045,0.046474647521971946
SARS-CoV-2-N120H_N157S,10.453083038330078,train,10.48,1.048,0.0269169616699223
SARS-CoV-2-T15S_S129K_P197S,10.422802925109863,train,10.43,1.043,0.0071970748901364345
SARS-CoV-2-T55Q_D97S,10.35628890991211,train,10.38,1.038,0.023711090087891407
SARS-CoV-2-K87I_S147F,10.379331588745115,train,10.39,1.0390000000000001,0.010668411254885157
SARS-CoV-2-Y39N_F47M_C61V,10.325010299682615,train,10.31,1.0310000000000001,0.015010299682614914
SARS-CoV-2-Y35W_P149E_Y178F,10.360357284545898,train,10.38,1.038,0.019642715454102344
SARS-CoV-2-I2R_K199P,10.483192443847656,train,10.5,1.05,0.01680755615234375
SARS-CoV-2-L5I_S200L,10.397467613220217,train,10.45,1.045,0.05253238677978267
SARS-CoV-2-S36L_L122S,10.575081825256348,train,10.61,1.061,0.034918174743651775
SARS-CoV-2-K48N_P169G,10.514148712158203,train,10.55,1.0550000000000002,0.035851287841797586
SARS-CoV-2-A145M,10.295175552368164,train,10.34,1.034,0.044824447631835795
SARS-CoV-2-T3L_S41E_P197L,10.373602867126465,train,10.38,1.038,0.006397132873535938
SARS-CoV-2-E154L_S164K,10.402140617370604,train,10.44,1.044,0.03785938262939581
SARS-CoV-2-T85R_G174W,10.3772554397583,train,10.44,1.044,0.06274456024169872
SARS-CoV-2-L122S_T170R,10.347650527954102,train,10.34,1.034,0.007650527954101705
SARS-CoV-2-C61V_K87V,10.46306037902832,train,10.43,1.043,0.0330603790283206
SARS-CoV-2-R78T_Y91F_G174K,10.47567653656006,train,10.49,1.0490000000000002,0.014323463439939843
SARS-CoV-2-Y50W_Q163A,10.344341278076172,train,10.36,1.036,0.015658721923827557
SARS-CoV-2-Y119G_F156V_V194I,10.346975326538086,train,10.41,1.0410000000000001,0.0630246734619142
SARS-CoV-2-N58P_Y66I,10.426271438598633,train,10.46,1.046,0.03372856140136804
SARS-CoV-2-L5Y_V37F_P54R_E141Y,10.690542221069336,train,10.7,1.07,0.009457778930663352
SARS-CoV-2-K56E_N109V_F160Y,10.304579734802246,train,10.305,1.0305,0.00042026519775362203
SARS-CoV-2-V37S_R73K,10.312718391418455,train,10.35,1.035,0.03728160858154439
SARS-CoV-2-P54S_N120G,10.297359466552734,train,10.33,1.0330000000000001,0.032640533447265696
SARS-CoV-2-K56T_P191N,10.342130661010742,train,10.38,1.038,0.037869338989258594
SARS-CoV-2-N120P_S200C,10.392457962036133,train,10.41,1.0410000000000001,0.01754203796386733
SARS-CoV-2-N4Q_V37E_N157R,10.413252830505373,train,10.41,1.0410000000000001,0.003252830505372728
SARS-CoV-2-P197M,10.643329620361328,train,10.67,1.067,0.026670379638671804
SARS-CoV-2-L5R_T55S_N64T,10.465143203735352,train,10.47,1.0470000000000002,0.004856796264649077
SARS-CoV-2-V153L_G196N,10.51624584197998,train,10.55,1.0550000000000002,0.03375415802002024
SARS-CoV-2-D97N_T140L,10.337634086608888,train,10.3,1.03,0.037634086608887785
SARS-CoV-2-S43L_P149S,10.32497501373291,train,10.33,1.0330000000000001,0.005024986267089915
SARS-CoV-2-Y119N_K199V,10.513311386108398,train,10.5,1.05,0.013311386108398438
SARS-CoV-2-Y39V_K56S,10.493900299072266,train,10.53,1.053,0.036099700927733736
SARS-CoV-2-C61A,10.344785690307615,train,10.323333333333332,1.0323333333333333,0.02145235697428305
SARS-CoV-2-L187T,10.608139038085938,train,10.6,1.06,0.008139038085937855
SARS-CoV-2-R73A_T201H,10.409733772277832,train,10.43,1.043,0.020266227722167685
SARS-CoV-2-V37L_F62Y_G174L,10.457927703857422,train,10.49,1.0490000000000002,0.03207229614257834
SARS-CoV-2-N4Q_F156E,10.516043663024902,train,10.54,1.054,0.023956336975096804
SARS-CoV-2-G9A,10.38620948791504,train,10.391428571428571,1.0391428571428571,0.00521908351353062
SARS-CoV-2-Y35L_V52L,10.47486686706543,train,10.48,1.048,0.005133132934570739
SARS-CoV-2-N4D_T201H,10.44548225402832,train,10.49,1.0490000000000002,0.0445177459716799
SARS-CoV-2-V37S_N120T_T170V,10.524662017822266,train,10.53,1.053,0.0053379821777337355
SARS-CoV-2-E135Q,10.412887573242188,train,10.43,1.043,0.017112426757812216
SARS-CoV-2-P54L_N120G_G166A,10.599132537841797,train,10.58,1.058,0.019132537841796804
SARS-CoV-2-F8L_G9Y_G116S,10.424908638000488,train,10.5,1.05,0.07509136199951172
SARS-CoV-2-N120S_Y143I_P197T,10.390810012817385,train,10.43,1.043,0.03918998718261513
SARS-CoV-2-G9C_L122F_P197L,10.375192642211914,train,10.4,1.04,0.024807357788086293
SARS-CoV-2-L122W_S139N,10.351409912109377,train,10.37,1.037,0.018590087890622442
SARS-CoV-2-G117S_E154I,10.305913925170898,train,10.32,1.032,0.014086074829101847
SARS-CoV-2-Y35M_S41Y,10.310443878173828,train,10.37,1.037,0.05955612182617109
SARS-CoV-2-L5S_S36I,10.30938720703125,train,10.32,1.032,0.010612792968750284
SARS-CoV-2-V37R_K87I,10.578662872314451,train,10.6,1.06,0.021337127685548296
SARS-CoV-2-K114T_P149Q,10.400324821472168,train,10.43,1.043,0.029675178527831747
SARS-CoV-2-G117T,10.385762214660645,train,10.421666666666669,1.042166666666667,0.0359044520060241
SARS-CoV-2-F17W_K87M,10.307697296142578,train,10.29,1.029,0.017697296142578978
SARS-CoV-2-N24R_G83R_F160R,10.34138011932373,train,10.3,1.03,0.04138011932372976
SARS-CoV-2-S36E_N58M_G172R,10.58689308166504,train,10.6,1.06,0.013106918334958806
SARS-CoV-2-F160D,10.381073951721191,train,10.3675,1.03675,0.01357395172119169
SARS-CoV-2-L122Y_C195N,10.42355728149414,train,10.46,1.046,0.03644271850586023
SARS-CoV-2-L125G_P149T,10.405460357666016,train,10.46,1.046,0.05453964233398523
SARS-CoV-2-G9D_E141S,10.580408096313477,train,10.63,1.0630000000000002,0.04959190368652422
SARS-CoV-2-G9S_T15S,10.442996978759766,train,10.43,1.043,0.01299697875976591
SARS-CoV-2-T3G_F156Q,10.323665618896484,train,10.32,1.032,0.0036656188964840908
SARS-CoV-2-V11I_Q168L,10.6441068649292,train,10.63,1.0630000000000002,0.014106864929198437
SARS-CoV-2-T85H_H189D,10.556241035461426,train,10.6,1.06,0.043758964538573863
SARS-CoV-2-L188R,10.349258422851562,train,10.362,1.0362,0.0127415771484376
SARS-CoV-2-I2L_S41T_T100I_G116L,10.320643424987791,train,10.29,1.029,0.030643424987792045
SARS-CoV-2-N64A_Y119H_Y143F,10.454730987548828,train,10.43,1.043,0.02473098754882841
SARS-CoV-2-Y35F_C61E_T100M,10.421253204345703,train,10.38,1.038,0.04125320434570234
SARS-CoV-2-F160R_Q168K,10.59937572479248,train,10.58,1.058,0.019375724792480398
SARS-CoV-2-I104V_T201A,10.34177017211914,train,10.37,1.037,0.028229827880858593
SARS-CoV-2-A42Q,10.378189086914062,train,10.4075,1.04075,0.02931091308593814
SARS-CoV-2-S53T_Y159L,10.404634475708008,train,10.48,1.048,0.07536552429199261
SARS-CoV-2-G9S_G116V_L125S,10.567268371582031,train,10.58,1.058,0.012731628417968821
SARS-CoV-2-Y66T_R78E_K132M,10.42721939086914,train,10.425,1.0425000000000002,0.0022193908691399145
SARS-CoV-2-K26R_G83M_V153H_Q163R,10.544073104858398,train,10.58,1.058,0.035926895141601634
SARS-CoV-2-S29E_T148N_S164R_N171F,10.326831817626951,train,10.34,1.034,0.01316818237304851
SARS-CoV-2-R27S_S200I,10.335235595703123,train,10.37,1.037,0.034764404296875995
SARS-CoV-2-C61L_T201M,10.340131759643556,train,10.37,1.037,0.029868240356442755
SARS-CoV-2-V37L_T85S_T201M,10.34919548034668,train,10.38,1.038,0.030804519653321094
SARS-CoV-2-I2L_T100L_Y119D_S129F,10.463360786437988,train,10.48,1.048,0.016639213562012145
SARS-CoV-2-T55D_T148K,10.684706687927246,train,10.69,1.069,0.005293312072753409
SARS-CoV-2-L122V_F156L,10.504167556762695,train,10.49,1.0490000000000002,0.0141675567626951
SARS-CoV-2-I2P_T201I,10.370991706848145,train,10.38,1.038,0.00900829315185625
SARS-CoV-2-C61R_S164A,10.473306655883787,train,10.465,1.0465,0.008306655883787428
SARS-CoV-2-V37L_E154I,10.505374908447266,train,10.51,1.051,0.004625091552734162
SARS-CoV-2-T100M_T170F,10.33298110961914,train,10.36,1.036,0.027018890380858807
SARS-CoV-2-V37W_S43W,10.575645446777344,train,10.57,1.0570000000000002,0.005645446777343466
SARS-CoV-2-S139T,10.345308303833008,train,10.36,1.036,0.014691696166991619
SARS-CoV-2-T55Y_K198N,10.663799285888672,train,10.66,1.066,0.003799285888671733
SARS-CoV-2-V65M_P197L,10.357648849487305,train,10.37,1.037,0.012351150512694531
SARS-CoV-2-T148S_A190K,10.36573600769043,train,10.37,1.037,0.004263992309569531
SARS-CoV-2-Y35W_P96G,10.455674171447754,train,10.43,1.043,0.02567417144775419
SARS-CoV-2-A33W_T201D,10.518603324890137,train,10.53,1.053,0.011396675109862642
SARS-CoV-2-S53D_P197R,10.430126190185549,train,10.45,1.045,0.019873809814450638
SARS-CoV-2-V153H_K198Y,10.302533149719238,train,10.31,1.0310000000000001,0.007466850280762216
SARS-CoV-2-K26V,10.350421905517578,train,10.385,1.0385,0.03457809448242166
SARS-CoV-2-P54L_Y119S_T201D,10.57568359375,train,10.57,1.0570000000000002,0.005683593749999716
SARS-CoV-2-K87L_P149L,10.336557388305664,train,10.34,1.034,0.0034426116943357954
SARS-CoV-2-I2Q_K48R,10.345110893249512,train,10.4,1.04,0.054889106750488637
SARS-CoV-2-I28W_Q144N_S200E,10.749561309814451,train,10.78,1.078,0.030438690185548012
SARS-CoV-2-V37W_G116W,10.385881423950195,train,10.41,1.0410000000000001,0.02411857604980483
SARS-CoV-2-A42R_F62T_P149A,10.485979080200195,train,10.43,1.043,0.0559790802001956
SARS-CoV-2-L122Q_S147Q_K198L,10.558238983154297,train,10.54,1.054,0.018238983154297728
SARS-CoV-2-K87L_G155E_T201D,10.601693153381348,train,10.6,1.06,0.0016931533813480115
SARS-CoV-2-K87S_P197R,10.757518768310549,train,10.83,1.083,0.07248123168945142
SARS-CoV-2-Y39V_L122M_K128S,10.71278953552246,train,10.72,1.072,0.007210464477541478
SARS-CoV-2-G155N_G172S,10.68997573852539,train,10.73,1.0730000000000002,0.0400242614746098
SARS-CoV-2-N118H_F134G,10.331377029418944,train,10.33,1.0330000000000001,0.001377029418943465
SARS-CoV-2-I28M,10.512657165527344,train,10.4875,1.04875,0.02515716552734304
SARS-CoV-2-L122M_P197Y,10.341253280639648,train,10.32,1.032,0.021253280639648153
SARS-CoV-2-G9Y_F47I_Y119A_L125R,10.360760688781738,train,10.38,1.038,0.0192393112182625
SARS-CoV-2-G166F,10.29916000366211,train,10.3275,1.03275,0.028339996337891193
SARS-CoV-2-Q168L_T201Y,10.384392738342283,train,10.4,1.04,0.015607261657716975
SARS-CoV-2-S43N_G172M,10.301332473754885,train,10.24,1.024,0.061332473754884376
SARS-CoV-2-L5E_N109Y,10.29595184326172,train,10.28,1.028,0.015951843261721166
SARS-CoV-2-F44D_N130K,10.424737930297852,train,10.44,1.044,0.01526206970214794
SARS-CoV-2-I2S_G116S,10.324445724487305,train,10.34,1.034,0.01555427551269517
SARS-CoV-2-Y119F_S200D,10.505462646484377,train,10.52,1.052,0.014537353515622797
SARS-CoV-2-K114N_G166N,10.492290496826172,train,10.47,1.0470000000000002,0.022290496826171236
SARS-CoV-2-A42G_T140H,10.316153526306152,train,10.31,1.0310000000000001,0.006153526306151846
SARS-CoV-2-N4T_V37C,10.51597785949707,train,10.55,1.0550000000000002,0.0340221405029304
SARS-CoV-2-T3P_T148I,10.36465072631836,train,10.4,1.04,0.03534927368164098
SARS-CoV-2-K56A_N107P_L125S,10.4019136428833,train,10.42,1.042,0.018086357116699148
SARS-CoV-2-K87T_N109L_N151M,10.315526962280272,train,10.33,1.0330000000000001,0.01447303771972841
SARS-CoV-2-D97I_S147N,10.39446258544922,train,10.47,1.0470000000000002,0.07553741455078011
SARS-CoV-2-N58D_I104M,10.361614227294922,train,10.37,1.037,0.008385772705077343
SARS-CoV-2-K114P,10.34335231781006,train,10.358,1.0358,0.01464768218994017
SARS-CoV-2-F44W,10.382272720336914,train,10.4,1.04,0.017727279663086293
SARS-CoV-2-S29T_K198A,10.524526596069336,train,10.54,1.054,0.01547340393066321
SARS-CoV-2-G146S,10.373376846313477,train,10.3725,1.03725,0.0008768463134760651
SARS-CoV-2-Y119V,10.327988624572754,train,10.3325,1.03325,0.004511375427245667
SARS-CoV-2-L60V_G174E,10.426267623901367,train,10.46,1.046,0.033732376098633665
SARS-CoV-2-R16K,10.492643356323242,train,10.508,1.0508,0.015356643676756931
SARS-CoV-2-T3K_Y39H_K199S,10.405462265014648,train,10.45,1.045,0.04453773498535085
SARS-CoV-2-S29T_N40H,10.585314750671388,train,10.6,1.06,0.01468524932861115
SARS-CoV-2-G155D_G174Q,10.41346836090088,train,10.43,1.043,0.016531639099119033
SARS-CoV-2-G83R_K87V,10.326662063598633,train,10.27,1.027,0.05666206359863324
SARS-CoV-2-R16S,10.461721420288086,train,10.471,1.0471000000000001,0.009278579711914148
SARS-CoV-2-S29C_Y39E_P197K,10.569975852966309,train,10.53,1.053,0.03997585296630923
SARS-CoV-2-S164E_G174N,10.310791015625,train,10.28,1.028,0.03079101562500064
SARS-CoV-2-Y39K_T201N,10.523077964782717,train,10.5,1.05,0.02307796478271662
SARS-CoV-2-G9N_Q144N,10.454010009765623,train,10.445,1.0445,0.00901000976562294
SARS-CoV-2-I28L_N110S_N120T,10.48761749267578,train,10.52,1.052,0.0323825073242201
SARS-CoV-2-V37Q_C61R_T201H,10.72094440460205,train,10.75,1.075,0.02905559539794922
SARS-CoV-2-H189P,10.311147689819336,train,10.323333333333332,1.0323333333333333,0.012185643513996425
SARS-CoV-2-Y35W_A42M_Y119N,10.32331657409668,train,10.33,1.0330000000000001,0.0066834259033203836
SARS-CoV-2-N4E_T201N,10.355728149414062,train,10.38,1.038,0.02427185058593828
SARS-CoV-2-L122W_T201M,10.438363075256348,train,10.46,1.046,0.021636924743653196
SARS-CoV-2-C61S_S129P,10.336832046508787,train,10.31,1.0310000000000001,0.02683204650878679
SARS-CoV-2-L131V_K199W,10.367803573608398,train,10.4,1.04,0.03219642639160192
SARS-CoV-2-V37W_C61V_N120K_K128M,10.657386779785156,train,10.64,1.064,0.01738677978515568
SARS-CoV-2-D90N_Y119Q_G166C,10.347530364990234,train,10.35,1.035,0.0024696350097652697
SARS-CoV-2-R16I,10.362815856933594,train,10.375,1.0375,0.01218414306640625
SARS-CoV-2-D97N_V115G,10.307605743408203,train,10.3,1.03,0.0076057434082024145
SARS-CoV-2-N130A_P197M,10.61397647857666,train,10.58,1.058,0.033976478576660085
SARS-CoV-2-K87A_D97A_A192T,10.36966323852539,train,10.38,1.038,0.010336761474610157
SARS-CoV-2-I104M_T148S,10.325376510620115,train,10.34,1.034,0.014623489379884447
SARS-CoV-2-D98N_K128F,10.349163055419922,train,10.37,1.037,0.020836944580077343
SARS-CoV-2-K26R_L60Y_I142L,10.439234733581545,train,10.45,1.045,0.010765266418454544
SARS-CoV-2-S29E_Y159N,10.349279403686523,train,10.36,1.036,0.010720596313475994
SARS-CoV-2-Y35W_R73A_S113C,10.603696823120115,train,10.65,1.0650000000000002,0.046303176879884944
SARS-CoV-2-K87Y_Y175M_V180I,10.465672492980955,train,10.45,1.045,0.015672492980955965
SARS-CoV-2-V37F_P149A_L188M,10.522501945495604,train,10.535,1.0535,0.01249805450439645
SARS-CoV-2-S129E_T201D,10.326966285705566,train,10.35,1.035,0.02303371429443324
SARS-CoV-2-S43M_T148K,10.50948715209961,train,10.48,1.048,0.02948715209960895
SARS-CoV-2-S43F_G155S_T201P,10.318926811218262,train,10.33,1.0330000000000001,0.011073188781738352
SARS-CoV-2-K87T_T201C,10.470123291015623,train,10.485,1.0485,0.014876708984376208
SARS-CoV-2-R78S_K87H_K199M,10.368906021118164,train,10.39,1.0390000000000001,0.021093978881836506
SARS-CoV-2-G152M,10.355183601379396,train,10.37,1.037,0.01481639862060291
SARS-CoV-2-V37F_S43L_G152R,10.504051208496094,train,10.51,1.051,0.005948791503906037
SARS-CoV-2-K132S,10.30699348449707,train,10.33,1.0330000000000001,0.02300651550292976
SARS-CoV-2-I2P_S45Q_N120T,10.29295539855957,train,10.36,1.036,0.06704460144042912
SARS-CoV-2-N64S_R78H,10.64829444885254,train,10.66,1.066,0.011705551147459303
SARS-CoV-2-S36H,10.330217361450195,train,10.33,1.0330000000000001,0.00021736145019524145
SARS-CoV-2-C61H_T201V,10.393756866455078,train,10.4,1.04,0.00624313354492223
SARS-CoV-2-Y35M_T55P_S129R,10.414864540100098,train,10.44,1.044,0.025135459899901846
SARS-CoV-2-Y35L_N118H,10.39434051513672,train,10.37,1.037,0.024340515136721308
SARS-CoV-2-F8W_S43Y,10.355342864990234,train,10.37,1.037,0.014657135009764843
SARS-CoV-2-E154C,10.350746154785156,train,10.393333333333333,1.0393333333333332,0.042587178548176396
SARS-CoV-2-L125Y,10.439492225646973,train,10.415,1.0414999999999999,0.02449222564697351
SARS-CoV-2-G9T_K198M,10.52716064453125,train,10.55,1.0550000000000002,0.02283935546875071
SARS-CoV-2-D59E,10.485024452209473,train,10.483333333333333,1.0483333333333333,0.0016911188761401519
SARS-CoV-2-N118E_L125S,10.409826278686523,train,10.38,1.038,0.029826278686522656
SARS-CoV-2-N151F_P197L,10.482952117919922,train,10.48,1.048,0.0029521179199214487
SARS-CoV-2-A22E_A145R,10.321593284606934,train,10.36,1.036,0.03840671539306584
SARS-CoV-2-C61E_Q168V_G174E,10.416343688964844,train,10.42,1.042,0.003656311035156179
SARS-CoV-2-T193P,10.334635734558104,train,10.34,1.034,0.0053642654418961655
SARS-CoV-2-Y123R_S129V,10.348438262939451,train,10.365,1.0365,0.016561737060548865
SARS-CoV-2-K87T_S184R,10.446456909179688,train,10.5,1.05,0.0535430908203125
SARS-CoV-2-N171L_A190T,10.41903305053711,train,10.415,1.0414999999999999,0.004033050537110228
SARS-CoV-2-Q168T_L187M,10.619837760925291,train,10.65,1.0650000000000002,0.030162239074709163
SARS-CoV-2-S29F_S43L_F62C_Y175E,10.581306457519531,train,10.56,1.056,0.021306457519530753
SARS-CoV-2-N4I_I104F_L122W_N130A_F160S,10.317952156066896,train,10.31,1.0310000000000001,0.00795215606689581
SARS-CoV-2-L5D,10.37376308441162,train,10.392,1.0392,0.018236915588380143
SARS-CoV-2-K132T_F160N,10.401256561279297,train,10.45,1.045,0.048743438720702414
SARS-CoV-2-K87R_E154S,10.327720642089844,train,10.35,1.035,0.022279357910155895
SARS-CoV-2-Y35F_Y123K,10.44031810760498,train,10.4,1.04,0.040318107604980113
SARS-CoV-2-V37I_S43V,10.579082489013672,train,10.6,1.06,0.02091751098632777
SARS-CoV-2-T100M_G174I,10.545808792114258,train,10.58,1.058,0.03419120788574226
SARS-CoV-2-C61N_Q144M_N157G,10.301905632019045,train,10.32,1.032,0.01809436798095554
SARS-CoV-2-N58P,10.311997413635254,train,10.346,1.0346,0.03400258636474618
SARS-CoV-2-L5T_L60Q_T100I_N120D_L125M,10.49510383605957,train,10.5,1.05,0.0048961639404296875
SARS-CoV-2-Q84G_Y119K,10.454288482666016,train,10.48,1.048,0.0257115173339848
SARS-CoV-2-N4G_I138L,10.357966423034668,train,10.41,1.0410000000000001,0.05203357696533217
SARS-CoV-2-G152S_N171D,10.442398071289062,train,10.46,1.046,0.017601928710938353
SARS-CoV-2-Y39R_T148Q,10.619930267333984,train,10.59,1.059,0.029930267333984517
SARS-CoV-2-I2N,10.371326446533203,train,10.411,1.0411,0.03967355346679646
SARS-CoV-2-Y119R_N157Q,10.4600191116333,train,10.47,1.0470000000000002,0.009980888366699858
SARS-CoV-2-P149S_Q168A,10.432388305664062,train,10.41,1.0410000000000001,0.022388305664062358
SARS-CoV-2-D59K_L122Y,10.335206985473633,train,10.36,1.036,0.02479301452636662
SARS-CoV-2-K114C_N151K_F156S_Y178H,10.394638061523438,train,10.43,1.043,0.035361938476562216
SARS-CoV-2-Q144P_P197V,10.294650077819824,train,10.33,1.0330000000000001,0.03534992218017585
SARS-CoV-2-R27V_T170N,10.552306175231934,train,10.58,1.058,0.027693824768066477
SARS-CoV-2-I138C,10.478719711303713,train,10.48,1.048,0.0012802886962877125
SARS-CoV-2-L188V_T201Q,10.422992706298828,train,10.42,1.042,0.002992706298828196
SARS-CoV-2-T55S_G116A_N130A,10.370853424072266,train,10.36,1.036,0.010853424072266193
SARS-CoV-2-Q163V,10.38554859161377,train,10.42,1.042,0.0344514083862304
SARS-CoV-2-R16H_Y35F_D90T,10.485214233398438,train,10.5,1.05,0.0147857666015625
SARS-CoV-2-I2M_Y119S,10.518924713134766,train,10.53,1.053,0.011075286865233736
SARS-CoV-2-Q84E_S164R,10.360896110534668,train,10.35,1.035,0.010896110534668324
SARS-CoV-2-C61S_K198V,10.338306427001951,train,10.35,1.035,0.011693572998048296
SARS-CoV-2-V37L_I142D_Q168F_Y175N,10.750622749328612,train,10.77,1.077,0.01937725067138807
SARS-CoV-2-K87T_N118S_L122T,10.56613826751709,train,10.59,1.059,0.023861732482910014
SARS-CoV-2-N4E_Y119H,10.448456764221191,train,10.43,1.043,0.01845676422119169
SARS-CoV-2-F134L_Y175E_K199L,10.702494621276855,train,10.73,1.0730000000000002,0.027505378723144958
SARS-CoV-2-V37N_Y119F_E141T,10.39173412322998,train,10.43,1.043,0.03826587677001925
SARS-CoV-2-Y119S_N151S,10.388849258422852,train,10.42,1.042,0.031150741577148366
SARS-CoV-2-Q79E,10.357728004455566,train,10.38,1.038,0.022271995544434375
SARS-CoV-2-K87Y_F160L,10.346452713012695,train,10.34,1.034,0.006452713012695455
SARS-CoV-2-Y121L_E141T,10.397446632385254,train,10.41,1.0410000000000001,0.012553367614746236
SARS-CoV-2-E10Q_V37M_L122N_F156V,10.449392318725586,train,10.42,1.042,0.02939231872558601
SARS-CoV-2-K87Y_K128T,10.462698936462402,train,10.49,1.0490000000000002,0.02730106353759787
SARS-CoV-2-P169S_A190R,10.388519287109377,train,10.41,1.0410000000000001,0.021480712890623366
SARS-CoV-2-I2L_E154D,10.56376838684082,train,10.59,1.059,0.026231613159179545
SARS-CoV-2-K48R_G83L_F156H,10.430290222167969,train,10.46,1.046,0.029709777832032103
SARS-CoV-2-R16M_K87T_Y119S,10.437660217285156,train,10.46,1.046,0.022339782714844603
SARS-CoV-2-I28M_A42E_K132S,10.659655570983888,train,10.6,1.06,0.05965557098388885
SARS-CoV-2-V37E_S43G_K87S_L122Y_K132S,10.584961891174316,train,10.59,1.059,0.005038108825683452
SARS-CoV-2-T46I_P197C,10.454395294189451,train,10.44,1.044,0.014395294189451846
SARS-CoV-2-T148C_P197R,10.328531265258787,train,10.37,1.037,0.04146873474121193
SARS-CoV-2-C61K_D90Q_N120H,10.389740943908691,train,10.4,1.04,0.010259056091308949
SARS-CoV-2-N110E,10.48543930053711,train,10.456666666666669,1.045666666666667,0.0287726338704406
SARS-CoV-2-Q163K,10.449915885925291,train,10.425,1.0425000000000002,0.024915885925290482
SARS-CoV-2-E141A_T201S,10.311439514160156,train,10.28,1.028,0.03143951416015689
SARS-CoV-2-K56Q_G116K,10.333822250366213,train,10.33,1.0330000000000001,0.003822250366212643
SARS-CoV-2-I2F_Y119Q_I142P_V173A,10.455442428588867,train,10.44,1.044,0.015442428588867685
SARS-CoV-2-T46H,10.317890167236328,train,10.345,1.0345000000000002,0.027109832763672514
SARS-CoV-2-L5I_A18P_G146S,10.51821517944336,train,10.53,1.053,0.011784820556639986
SARS-CoV-2-N151Q,10.443214416503906,train,10.44,1.044,0.0032144165039067474
SARS-CoV-2-G9T_K87T_Y119H,10.550357818603516,train,10.55,1.0550000000000002,0.00035781860351491446
SARS-CoV-2-I2F_K87L_F134S,10.408737182617188,train,10.45,1.045,0.04126281738281179
SARS-CoV-2-N130K_Y159A,10.335283279418944,train,10.3,1.03,0.035283279418942826
SARS-CoV-2-F134H_N157E,10.329174041748049,train,10.32,1.032,0.009174041748048367
SARS-CoV-2-V37S_T85S,10.481532096862791,train,10.5,1.05,0.018467903137208808
SARS-CoV-2-F126I_G146S,10.386045455932615,train,10.4,1.04,0.013954544067384944
SARS-CoV-2-N4L_I104F,10.330557823181152,train,10.38,1.038,0.04944217681884844
SARS-CoV-2-R27V_G152N,10.702543258666992,train,10.74,1.074,0.037456741333008026
SARS-CoV-2-S43L_L187T,10.46353530883789,train,10.45,1.045,0.013535308837891336
SARS-CoV-2-N1E_P149R,10.40199851989746,train,10.38,1.038,0.02199851989745838
SARS-CoV-2-G9Q_F160P,10.52963161468506,train,10.515,1.0515,0.014631614685059802
SARS-CoV-2-I2H_L122A,10.590225219726562,train,10.6,1.06,0.009774780273437145
SARS-CoV-2-I104V_K114S,10.391502380371094,train,10.38,1.038,0.011502380371092968
SARS-CoV-2-T55H_K114G,10.359535217285156,train,10.35,1.035,0.009535217285156605
SARS-CoV-2-N151F_F156K,10.449508666992188,train,10.48,1.048,0.030491333007812926
SARS-CoV-2-K132N_Y175S_K199I,10.538262367248535,train,10.58,1.058,0.041737632751464915
SARS-CoV-2-K87V_G146V,10.368751525878906,train,10.35,1.035,0.018751525878906605
SARS-CoV-2-R16D_Y39V_L122T,10.5120849609375,test,10.59,1.059,0.07791503906249986
SARS-CoV-2-N110Y_L125V,10.414077758789062,test,10.45,1.045,0.03592224121093679
SARS-CoV-2-I2E_N151K,10.29640769958496,test,10.35,1.035,0.053592300415040484
SARS-CoV-2-K48E_N157G,10.347206115722656,test,10.23,1.0230000000000001,0.11720611572265582
SARS-CoV-2-L125S_P149V,10.41111183166504,test,10.07,1.0070000000000001,0.34111183166504055
SARS-CoV-2-L125D_Y143W,10.449848175048828,test,10.36,1.036,0.0898481750488287
SARS-CoV-2-G155S_H189Q,10.50826644897461,test,10.02,1.002,0.4882664489746098
SARS-CoV-2-G9N_T15S_S45D_T201G,10.364217758178713,test,10.42,1.042,0.055782241821287215
SARS-CoV-2-T85R_L125P,10.379877090454102,test,10.48,1.048,0.10012290954589886
SARS-CoV-2-L111D_G172A,10.44159698486328,test,10.27,1.027,0.1715969848632799
SARS-CoV-2-R16Y_K87N,10.317214012145996,test,10.42,1.042,0.10278598785400384
SARS-CoV-2-V37T_K48R,10.43030071258545,test,10.64,1.064,0.20969928741455135
SARS-CoV-2-Y39F_L60Q,10.52802276611328,test,10.5,1.05,0.028022766113279474
SARS-CoV-2-S29R,10.308205604553224,test,10.334,1.0334,0.025794395446775198
SARS-CoV-2-G9T,10.31443977355957,test,10.317142857142857,1.0317142857142858,0.002703083583286414
SARS-CoV-2-D59H_Y119R,10.309589385986328,test,10.49,1.0490000000000002,0.1804106140136721
SARS-CoV-2-I28M_L60I,10.50563144683838,test,10.56,1.056,0.054368553161619815
SARS-CoV-2-S43T_G166V,10.37665557861328,test,10.27,1.027,0.1066555786132799
SARS-CoV-2-K56D_N151R,10.435907363891602,test,10.54,1.054,0.10409263610839758
SARS-CoV-2-S29A,10.32147216796875,test,10.475,1.0475,0.15352783203124964
SARS-CoV-2-V37M_K114W,10.425287246704102,test,10.25,1.0250000000000001,0.17528724670410156
SARS-CoV-2-Q163M_P197Q,10.419944763183594,test,10.58,1.058,0.16005523681640632
SARS-CoV-2-N120H_I138V,10.580245971679688,test,10.58,1.058,0.00024597167968742895
SARS-CoV-2-C61R_A192H,10.405733108520508,test,10.46,1.046,0.05426689147949304
SARS-CoV-2-S129T_P149S,10.355535507202148,test,10.46,1.046,0.10446449279785242
SARS-CoV-2-C61Q_T201Y,10.324417114257812,test,10.5,1.05,0.1755828857421875
SARS-CoV-2-G9Y_Q84M_N120E_V173L,10.313669204711914,test,10.39,1.0390000000000001,0.0763307952880865
SARS-CoV-2-G166H,10.425056457519531,test,10.33,1.0330000000000001,0.09505645751953118
SARS-CoV-2-L5H_Q84E,10.324380874633787,test,10.06,1.006,0.2643808746337868
SARS-CoV-2-T55S_K87V,10.414663314819336,test,10.54,1.054,0.1253366851806632
SARS-CoV-2-N130F_G172K,10.390796661376951,test,10.29,1.029,0.1007966613769522
SARS-CoV-2-R16T,10.434690475463867,test,10.384444444444446,1.0384444444444447,0.05024603101942127
SARS-CoV-2-V32R_V37L_T85V,10.303112983703612,test,10.24,1.024,0.06311298370361129
SARS-CoV-2-N118T_F156I,10.39299201965332,test,10.5,1.05,0.10700798034667969
SARS-CoV-2-K128R_T140R_T201M,10.334110260009766,test,10.33,1.0330000000000001,0.004110260009765554
SARS-CoV-2-K56A,10.374980926513672,test,10.276,1.0276,0.09898092651367207
SARS-CoV-2-V37L_N64D,10.426713943481444,test,10.33,1.0330000000000001,0.09671394348144347
SARS-CoV-2-N1D_P54V_K87M,10.374671936035156,test,10.26,1.026,0.11467193603515646
SARS-CoV-2-I138N_G172A,10.398155212402344,test,10.45,1.045,0.05184478759765554
SARS-CoV-2-L5A_V37A_Q168S,10.309015274047852,test,10.61,1.061,0.30098472595214787
SARS-CoV-2-Y39K_E141A,10.34849739074707,test,10.13,1.0130000000000001,0.21849739074706953
SARS-CoV-2-K56E_K128M,10.43869972229004,test,10.1,1.01,0.3386997222900412
SARS-CoV-2-P54K_N120T_N157K,10.409523010253906,test,10.71,1.0710000000000002,0.3004769897460946
SARS-CoV-2-P197F,10.493499755859377,test,10.375,1.0375,0.11849975585937678
SARS-CoV-2-L60M,10.39305305480957,test,10.404666666666666,1.0404666666666667,0.011613611857095307
SARS-CoV-2-I2T_Y175T,10.366411209106444,test,9.98,0.9980000000000001,0.3864112091064431
SARS-CoV-2-V37L_N64V,10.345739364624023,test,10.7,1.07,0.35426063537597585
SARS-CoV-2-A42K_Q84M_L122A_K199H,10.513699531555176,test,10.77,1.077,0.2563004684448238
SARS-CoV-2-L122M_K132L,10.424331665039062,test,10.43,1.043,0.005668334960937216
SARS-CoV-2-K56D_V115G,10.41909885406494,test,10.265,1.0265000000000002,0.15409885406493906
SARS-CoV-2-L122K_G166S_G174A,10.453764915466309,test,10.6,1.06,0.14623508453369105
SARS-CoV-2-N120T,10.373329162597656,test,10.42058823529412,1.0420588235294121,0.047259072696464344
SARS-CoV-2-A42M_L122K_I138L,10.464462280273438,test,10.35,1.035,0.11446228027343786
SARS-CoV-2-Q163M_G166D_T201K,10.459328651428224,test,10.32,1.032,0.13932865142822415
SARS-CoV-2-S184T,10.488447189331056,test,10.425999999999998,1.0426,0.062447189331058084
SARS-CoV-2-S36I_L125R_N171S,10.299789428710938,test,10.56,1.056,0.260210571289063
SARS-CoV-2-P54M_I142F_P197R,10.32326889038086,test,10.51,1.051,0.1867311096191404
SARS-CoV-2-T201H,10.393285751342772,test,10.47888888888889,1.0478888888888889,0.08560313754611748
SARS-CoV-2-N130D_S147R,10.295488357543944,test,10.13,1.0130000000000001,0.16548835754394275
SARS-CoV-2-G9W_V77L_Y119N,10.31644058227539,test,10.47,1.0470000000000002,0.15355941772461001
SARS-CoV-2-I104W_Y119S_T148D_Y175N,10.313764572143556,test,10.35,1.035,0.03623542785644318
SARS-CoV-2-A33W_F160S,10.392430305480955,test,10.41,1.0410000000000001,0.017569694519044887
SARS-CoV-2-I2W_G174E,10.433001518249512,test,10.33,1.0330000000000001,0.10300151824951165
SARS-CoV-2-G51R_V115Q,10.317193984985352,test,10.45,1.045,0.13280601501464773
SARS-CoV-2-T140R_G172R,10.460917472839355,test,10.53,1.053,0.06908252716064389
SARS-CoV-2-A22R_L125Q,10.430973052978516,test,10.49,1.0490000000000002,0.05902694702148459
SARS-CoV-2-F126Y_I138M_Q163E,10.323320388793944,test,10.54,1.054,0.2166796112060556
SARS-CoV-2-S29A_A190S_K198D,10.434741973876951,test,10.44,1.044,0.005258026123048154
SARS-CoV-2-I2E_Y35L,10.449317932128906,test,10.5,1.05,0.05068206787109375
SARS-CoV-2-T55S_C61K,10.356040000915527,test,10.35,1.035,0.006040000915527699
SARS-CoV-2-Y50F_D98S_Y175E,10.33700180053711,test,10.37,1.037,0.03299819946288984
SARS-CoV-2-S29E_D98E,10.329894065856934,test,10.05,1.0050000000000001,0.2798940658569329
SARS-CoV-2-G51N_Y119M,10.356818199157717,test,10.39,1.0390000000000001,0.03318180084228395
SARS-CoV-2-R16K_Y119R,10.363069534301758,test,10.5,1.05,0.1369304656982422
SARS-CoV-2-L5H_N120S,10.495190620422363,test,10.31,1.0310000000000001,0.18519062042236278
SARS-CoV-2-Y35M_A145I,10.31044864654541,test,10.36,1.036,0.049551353454589275
SARS-CoV-2-K114A_L122A,10.411222457885742,test,10.34,1.034,0.07122245788574233
SARS-CoV-2-L122H,10.444005966186523,test,10.486666666666666,1.0486666666666666,0.04266070048014292
SARS-CoV-2-K87P_S200Y,10.452205657958984,test,10.48,1.048,0.02779434204101605
SARS-CoV-2-G51N_F62L_K198G,10.322681427001951,test,10.34,1.034,0.01731857299804851
SARS-CoV-2-N130P_S184V,10.436431884765623,test,10.42,1.042,0.016431884765623295
SARS-CoV-2-S43E,10.620960235595703,test,10.1725,1.01725,0.4484602355957037
SARS-CoV-2-I28M_L187Q_P197A,10.675474166870115,test,10.58,1.058,0.09547416687011534
SARS-CoV-2-F156L_A192H,10.384073257446287,test,10.2,1.02,0.184073257446288
SARS-CoV-2-T55L_K198L,10.472576141357422,test,10.45,1.045,0.022576141357422586
SARS-CoV-2-L122R_S200L,10.519729614257812,test,10.44,1.044,0.079729614257813
SARS-CoV-2-V37N_T148H,10.34511947631836,test,10.1,1.01,0.24511947631835973
SARS-CoV-2-N24K_Y35M,10.53848934173584,test,10.11,1.011,0.4284893417358404
SARS-CoV-2-T3P_Y119T,10.347820281982422,test,10.395,1.0395,0.0471797180175777
SARS-CoV-2-T3S_V173M,10.418128967285156,test,10.48,1.048,0.061871032714844176
SARS-CoV-2-S43C_G174Q,10.496158599853516,test,10.27,1.027,0.22615859985351605
SARS-CoV-2-G9S_T55L,10.30678367614746,test,10.47,1.0470000000000002,0.16321632385254148
SARS-CoV-2-Q163R_T201G,10.443296432495115,test,10.48,1.048,0.036703567504885015
SARS-CoV-2-Y66F_Y175H,10.343017578125,test,10.35,1.035,0.006982421874999645
SARS-CoV-2-V37D_L111Q,10.435930252075195,test,10.5,1.05,0.06406974792480469
SARS-CoV-2-I28L_N120V_Y175K,10.412866592407228,test,10.4,1.04,0.012866592407227984
SARS-CoV-2-Y35L_K48R,10.299118041992188,test,10.53,1.053,0.23088195800781186
SARS-CoV-2-L38F_T55E_T170K,10.475605010986328,test,10.44,1.044,0.03560501098632862
SARS-CoV-2-K114A_Y159S,10.320908546447754,test,10.53,1.053,0.20909145355224545
SARS-CoV-2-S129A,10.458688735961914,test,10.388,1.0388,0.07068873596191416
SARS-CoV-2-T100L_F156A_T201R,10.488420486450195,test,10.39,1.0390000000000001,0.09842048645019474
SARS-CoV-2-N64S_P197K,10.329106330871582,test,10.13,1.0130000000000001,0.19910633087158125
SARS-CoV-2-F134G_T148L_G172E,10.389081001281738,test,10.49,1.0490000000000002,0.10091899871826193
SARS-CoV-2-S43N_F62C,10.452927589416504,test,10.44,1.044,0.012927589416504404
SARS-CoV-2-A22R_R27K_Y91F_K128E,10.330011367797852,test,10.0,1.0,0.33001136779785156
SARS-CoV-2-D59Q_K114E,10.378700256347656,test,10.32,1.032,0.058700256347655966
SARS-CoV-2-L125K_T140H_P149A,10.490395545959473,test,10.58,1.058,0.08960445404052741
SARS-CoV-2-I2S_N120M,10.31344985961914,test,10.1,1.01,0.21344985961914098
SARS-CoV-2-P7N_V173H,10.331493377685549,test,10.58,1.058,0.24850662231445142
SARS-CoV-2-L5E_S43R_N120T,10.47257137298584,test,10.55,1.0550000000000002,0.07742862701416087
SARS-CoV-2-P197T,10.421993255615234,test,10.377333333333333,1.0377333333333334,0.04465992228190174
SARS-CoV-2-T100F_L125P,10.413338661193848,test,10.5,1.05,0.08666133880615234
SARS-CoV-2-N58Q,10.376510620117188,test,10.340000000000002,1.0340000000000003,0.036510620117185866
SARS-CoV-2-F44I_T148S_P197L,10.32397174835205,test,10.35,1.035,0.026028251647948863
SARS-CoV-2-S43Q_T55S,10.336127281188965,test,9.95,0.995,0.38612728118896555
SARS-CoV-2-G9M_V37F_L188M,10.501468658447266,test,10.57,1.0570000000000002,0.06853134155273466
SARS-CoV-2-I28F_S43F,10.508573532104492,test,10.55,1.0550000000000002,0.04142646789550852
SARS-CoV-2-C61L_Y119P,10.293100357055664,test,10.25,1.0250000000000001,0.04310035705566406
SARS-CoV-2-D90E_G166D,10.43951416015625,test,10.46,1.046,0.020485839843750853
SARS-CoV-2-V32S_P54R,10.298150062561035,test,10.15,1.0150000000000001,0.1481500625610348
SARS-CoV-2-T201Q,10.404181480407717,test,10.37375,1.037375,0.03043148040771726
SARS-CoV-2-S129C_P197V,10.468335151672363,test,10.47,1.0470000000000002,0.0016648483276373582
SARS-CoV-2-N120K_K132N,10.298362731933594,test,10.3,1.03,0.0016372680664069605
SARS-CoV-2-R16Y_T100Y,10.385161399841309,test,10.36,1.036,0.025161399841309162
SARS-CoV-2-A33W,10.33971881866455,test,10.55,1.0550000000000002,0.21028118133544993
SARS-CoV-2-K114M,10.462569236755373,test,10.46,1.046,0.0025692367553720175
SARS-CoV-2-R27V_Y143F_T201S,10.368261337280272,test,10.53,1.053,0.1617386627197277
SARS-CoV-2-F126V_T193K,10.378604888916016,test,10.27,1.027,0.10860488891601605
SARS-CoV-2-P149R_T201A,10.309531211853027,test,10.32,1.032,0.01046878814697294
SARS-CoV-2-I2Y_R16I_C61N_Y159W,10.364981651306152,test,10.03,1.003,0.334981651306153
SARS-CoV-2-V32E_S43N,10.559015274047852,test,10.55,1.0550000000000002,0.009015274047850852
SARS-CoV-2-A192Y_T201M,10.314599990844728,test,10.52,1.052,0.20540000915527123
SARS-CoV-2-F126A,10.363123893737791,test,10.29,1.029,0.07312389373779205
SARS-CoV-2-I72L_T201G,10.308023452758787,test,10.37,1.037,0.06197654724121193
SARS-CoV-2-S29T_G116E,10.389691352844238,test,10.45,1.045,0.06030864715576101
SARS-CoV-2-D98S_T170Q,10.313349723815918,test,10.12,1.012,0.19334972381591875
SARS-CoV-2-Y39Q_R78T_K132M,10.36367130279541,test,10.55,1.0550000000000002,0.18632869720459055
SARS-CoV-2-G166S_H189N,10.456679344177246,test,9.94,0.994,0.5166793441772466
SARS-CoV-2-L122V_A190P,10.33558177947998,test,10.62,1.062,0.28441822052001875
SARS-CoV-2-V115M,10.310516357421877,test,9.79,0.979,0.5205163574218776
SARS-CoV-2-N118T_T201D,10.349390029907228,test,10.3,1.03,0.04939002990722763
SARS-CoV-2-N110E_Y119C,10.48813819885254,test,10.32,1.032,0.16813819885254055
SARS-CoV-2-V37M_T55Y_C61H,10.464475631713867,test,10.58,1.058,0.11552436828613288
SARS-CoV-2-Y119M_G174A_T201L,10.352418899536133,test,10.29,1.029,0.062418899536133665
SARS-CoV-2-A42M_T201Q,10.500328063964844,test,10.23,1.0230000000000001,0.2703280639648433
SARS-CoV-2-R78P_S129D,10.457571029663086,test,10.61,1.061,0.1524289703369135
SARS-CoV-2-T201F,10.315360069274902,test,10.37142857142857,1.0371428571428571,0.056068502153667765
SARS-CoV-2-S43T_N64Y_N110L_P197V,10.37718391418457,test,10.48,1.048,0.10281608581543011
SARS-CoV-2-Y35I_C61R,10.346319198608398,test,10.37,1.037,0.02368080139160078
SARS-CoV-2-T3N_V11I,10.310559272766112,test,10.5,1.05,0.1894407272338885
SARS-CoV-2-V115Y_L122A,10.435209274291992,test,10.19,1.019,0.24520927429199268
SARS-CoV-2-V37Y_V115G,10.38681411743164,test,10.41,1.0410000000000001,0.023185882568359517
SARS-CoV-2-S45D_F126C,10.399361610412598,test,10.18,1.018,0.21936161041259794
SARS-CoV-2-T63A_Y119S,10.330083847045898,test,10.48,1.048,0.149916152954102
SARS-CoV-2-K87S_N120S_T148M,10.29850959777832,test,10.44,1.044,0.1414904022216792
SARS-CoV-2-I2T_A42G,10.340974807739258,test,10.44,1.044,0.09902519226074169
SARS-CoV-2-I28L_G116N,10.41158390045166,test,10.68,1.068,0.26841609954833956
SARS-CoV-2-L125E,10.47614860534668,test,10.436666666666666,1.0436666666666665,0.03948193868001404
SARS-CoV-2-V37A_S200I,10.449395179748535,test,10.54,1.054,0.09060482025146399
SARS-CoV-2-K87N_N109T,10.41810417175293,test,10.45,1.045,0.0318958282470696
SARS-CoV-2-G9D_C61L,10.385790824890137,test,10.24,1.024,0.1457908248901365
SARS-CoV-2-S41T_T170S,10.423242568969728,test,10.53,1.053,0.10675743103027102
SARS-CoV-2-K199S,10.515769958496094,test,10.4725,1.04725,0.04326995849609361
SARS-CoV-2-T55R_F156I_Y175K,10.311111450195312,test,10.51,1.051,0.1988885498046873
SARS-CoV-2-C61R_K87N,10.380766868591309,test,10.65,1.0650000000000002,0.26923313140869176
SARS-CoV-2-S36E,10.489444732666016,test,10.36375,1.036375,0.12569473266601605
SARS-CoV-2-T63K_R78H,10.349451065063477,test,10.25,1.0250000000000001,0.09945106506347656
SARS-CoV-2-N130K,10.424575805664062,test,10.458333333333334,1.0458333333333334,0.033757527669271425
SARS-CoV-2-N4S_N24Q_S139T_F156E,10.429391860961914,test,10.21,1.0210000000000001,0.2193918609619132
SARS-CoV-2-S139N_F156T,10.381717681884766,test,10.25,1.0250000000000001,0.13171768188476562
SARS-CoV-2-P7D_R78T,10.504422187805176,test,10.54,1.054,0.035577812194823366
SARS-CoV-2-V32Y_N110M,10.309346199035645,test,10.49,1.0490000000000002,0.18065380096435568
SARS-CoV-2-N109K,10.411904335021973,test,10.2,1.02,0.21190433502197337
SARS-CoV-2-F156Y,10.3065185546875,test,10.015833333333331,1.0015833333333333,0.29068522135416863
SARS-CoV-2-K87C,10.391939163208008,test,10.435,1.0435,0.043060836791992685
SARS-CoV-2-K56E_G174H,10.371603965759276,test,10.36,1.036,0.011603965759276136
SARS-CoV-2-K114Q_I138Q,10.292425155639648,test,10.13,1.0130000000000001,0.16242515563964766
SARS-CoV-2-R27H_R78P_D97L_F156R_Y175L,10.384210586547852,test,10.46,1.046,0.07578941345214929
SARS-CoV-2-A42M_V153N,10.38425636291504,test,9.52,0.952,0.8642563629150413
SARS-CoV-2-I2V_T15E_S36D_K87T,10.457148551940918,test,10.57,1.0570000000000002,0.11285144805908232
SARS-CoV-2-N40H_T100V,10.476476669311523,test,10.58,1.058,0.10352333068847663
SARS-CoV-2-V173L_T201A,10.363988876342772,test,10.33,1.0330000000000001,0.03398887634277159
SARS-CoV-2-S129D_H189T,10.320783615112305,test,10.48,1.048,0.15921638488769574
SARS-CoV-2-K87T_Y143I,10.450701713562012,test,10.44,1.044,0.010701713562012216
SARS-CoV-2-I2E_P54R,10.31599235534668,test,10.4,1.04,0.08400764465332067
SARS-CoV-2-S43H_C61T_Q168K,10.409942626953123,test,10.37,1.037,0.039942626953124005
SARS-CoV-2-Y119T_N157K,10.388009071350098,test,10.645,1.0645,0.2569909286499019
SARS-CoV-2-Y39L_D97L,10.547290802001951,test,10.54,1.054,0.007290802001952201
SARS-CoV-2-I138M_G152N_Y159S_P197T,10.408897399902344,test,10.49,1.0490000000000002,0.08110260009765646
SARS-CoV-2-R78P_K87F,10.438941955566406,test,10.39,1.0390000000000001,0.04894195556640568
SARS-CoV-2-T100I,10.396965026855469,test,10.384285714285712,1.0384285714285713,0.012679312569757073
SARS-CoV-2-V37K,10.471949577331545,test,10.488181818181818,1.0488181818181819,0.016232240850273527
SARS-CoV-2-Y119N_E154I_G166Q,10.425708770751951,test,10.6,1.06,0.1742912292480483
SARS-CoV-2-L60M_S139G_T201M,10.331778526306152,test,10.38,1.038,0.04822147369384844
SARS-CoV-2-I2Y_E154V_P197T,10.368280410766602,test,10.56,1.056,0.19171958923339893
SARS-CoV-2-I28Y_N64V,10.510053634643556,test,10.51,1.051,5.363464355667702e-05
SARS-CoV-2-G172D,10.395048141479492,test,10.423333333333334,1.0423333333333333,0.028285191853841596
SARS-CoV-2-T55K_V115G,10.328486442565918,test,10.47,1.0470000000000002,0.14151355743408267
SARS-CoV-2-R16F_Y35L,10.408907890319824,test,9.94,0.994,0.4689078903198247
SARS-CoV-2-K132R_T201K,10.30970287322998,test,10.32,1.032,0.010297126770019815
SARS-CoV-2-T100R_L122S,10.476726531982422,test,10.42,1.042,0.056726531982421946
SARS-CoV-2-K128D_T140E_P197A,10.331262588500977,test,10.67,1.067,0.33873741149902337
SARS-CoV-2-P7D_F62V_N157H,10.322898864746094,test,10.4,1.04,0.0771011352539066
SARS-CoV-2-F8L_V32S_Q168T,10.390707015991213,test,10.36,1.036,0.030707015991213282
SARS-CoV-2-V37Q_S129D_N151S_F160Y,10.394920349121094,test,10.64,1.064,0.24507965087890682
SARS-CoV-2-K128G_V153L_L188T,10.339324951171877,test,10.61,1.061,0.27067504882812266
SARS-CoV-2-N40G_Q163T,10.38099479675293,test,10.53,1.053,0.14900520324706967
SARS-CoV-2-I2F_A18P_N157E,10.512517929077148,test,10.38,1.038,0.13251792907714766
SARS-CoV-2-L5P_V153Y_L188R,10.39783000946045,test,10.51,1.051,0.11216999053955057
SARS-CoV-2-E10D_K114V_K198N,10.639223098754885,test,10.37,1.037,0.26922309875488537
SARS-CoV-2-S129D,10.450879096984863,test,10.402857142857142,1.0402857142857143,0.048021954127721145
SARS-CoV-2-I2G_S164E,10.354969024658203,test,10.445,1.0445,0.09003097534179716
SARS-CoV-2-S129E_N151L_T201V,10.366706848144531,test,10.1,1.01,0.2667068481445316
SARS-CoV-2-S36A,10.33407974243164,test,10.423333333333334,1.0423333333333333,0.08925359090169316
SARS-CoV-2-R27Q_K56M_F156L,10.48760986328125,test,10.4,1.04,0.08760986328124964
SARS-CoV-2-S43H,10.429540634155272,test,10.46,1.046,0.03045936584472919
SARS-CoV-2-N120I_Y175S,10.440778732299805,test,10.46,1.046,0.019221267700196165
SARS-CoV-2-T100I_T170L_L188R,10.405109405517578,test,10.16,1.016,0.24510940551757798
SARS-CoV-2-S43T_T201K,10.300477981567385,test,10.585,1.0585000000000002,0.28452201843261626
SARS-CoV-2-L125V_S200C,10.392406463623049,test,10.03,1.003,0.3624064636230493
SARS-CoV-2-Y159T,10.30949592590332,test,10.3275,1.03275,0.018004074096680256
SARS-CoV-2-S53A_T148F_Q168L_P197K,10.431472778320312,test,10.35,1.035,0.08147277832031286
SARS-CoV-2-S129D_G166D,10.539498329162598,test,10.41,1.0410000000000001,0.12949832916259751
SARS-CoV-2-I2T_N151R,10.406952857971191,test,10.12,1.012,0.2869528579711922
SARS-CoV-2-L125T_V180I,10.416662216186523,test,10.19,1.019,0.22666221618652393
SARS-CoV-2-N120P_S129N,10.398185729980469,test,9.85,0.985,0.5481857299804691
SARS-CoV-2-V37W_S200L,10.528355598449709,test,10.66,1.066,0.13164440155029133
SARS-CoV-2-Y39N_T201S,10.55961799621582,test,10.4,1.04,0.15961799621581996
SARS-CoV-2-R16H,10.311615943908691,test,10.416666666666666,1.0416666666666667,0.10505072275797467
SARS-CoV-2-S129G_S200L,10.317354202270508,test,9.98,0.9980000000000001,0.3373542022705074
SARS-CoV-2-G9S_K128A,10.516653060913086,test,10.44,1.044,0.07665306091308643
SARS-CoV-2-L5H_E141N_Q163S,10.321111679077148,test,10.27,1.027,0.051111679077148864
SARS-CoV-2-L187F,10.333870887756348,test,10.42,1.042,0.08612911224365227
SARS-CoV-2-K87L_V173H,10.302539825439451,test,10.43,1.043,0.12746017456054837
SARS-CoV-2-N24T_T55G,10.542478561401367,test,10.32,1.032,0.2224785614013669
SARS-CoV-2-T55K_G174A,10.309026718139648,test,10.6,1.06,0.2909732818603512
SARS-CoV-2-L60Y_P149R,10.45118522644043,test,10.43,1.043,0.02118522644042997
SARS-CoV-2-G152K,10.365667343139648,test,10.34,1.034,0.02566734313964858
SARS-CoV-2-S43I_L60A_I138V_G172N_G196Q,10.366809844970703,test,10.22,1.022,0.14680984497070249
SARS-CoV-2-N118E_F156L,10.44839096069336,test,10.3,1.03,0.14839096069335866
SARS-CoV-2-N40E_K48R,10.345574378967283,test,10.41,1.0410000000000001,0.06442562103271676
SARS-CoV-2-N157K_P191R,10.344223022460938,test,10.34,1.034,0.004223022460937642
SARS-CoV-2-K26L_L60M_L125R,10.31589698791504,test,10.5,1.05,0.18410301208495916
SARS-CoV-2-S43D_F156V_P169H,10.45923137664795,test,10.25,1.0250000000000001,0.20923137664794922
SARS-CoV-2-L122E_T148S,10.327713012695312,test,10.42,1.042,0.09228698730468743
SARS-CoV-2-G152S,10.296673774719238,test,10.201333333333334,1.0201333333333336,0.09534044138590403
SARS-CoV-2-I104F,10.460890769958496,test,10.433636363636364,1.0433636363636365,0.027254406322132496
SARS-CoV-2-P149E,10.382518768310549,test,10.335,1.0335,0.0475187683105478
SARS-CoV-2-S129H_S139T,10.358205795288086,test,10.47,1.0470000000000002,0.1117942047119147
SARS-CoV-2-G9A_S43A,10.3864107131958,test,10.34,1.034,0.04641071319580092
SARS-CoV-2-S129E_T148I,10.39931869506836,test,10.41,1.0410000000000001,0.010681304931640767
SARS-CoV-2-T100C_F134G,10.340032577514648,test,10.5,1.05,0.15996742248535156
SARS-CoV-2-L5S_Q168H,10.441944122314451,test,10.52,1.052,0.07805587768554823
SARS-CoV-2-Y119S_N157Q,10.445472717285156,test,10.59,1.059,0.1445272827148436
SARS-CoV-2-T170Y_P197Q,10.348984718322754,test,10.59,1.059,0.24101528167724595
SARS-CoV-2-Y119E_S129N,10.391230583190918,test,10.32,1.032,0.07123058319091768
SARS-CoV-2-N64T_K87L,10.45917797088623,test,10.41,1.0410000000000001,0.04917797088623033
SARS-CoV-2-Y35W_G155L,10.380617141723633,test,10.34,1.034,0.040617141723632955
SARS-CoV-2-V37E_L122R_H189G,10.604913711547852,test,10.71,1.0710000000000002,0.10508628845214929
SARS-CoV-2-N157S,10.32208251953125,test,9.97875,0.9978750000000001,0.3433325195312502
SARS-CoV-2-K56S_K87V_S139T_P197E,10.489763259887695,test,10.03,1.003,0.45976325988769595
SARS-CoV-2-S53L_F156K,10.435277938842772,test,10.55,1.0550000000000002,0.11472206115722905
SARS-CoV-2-K87G_G172Q,10.342327117919922,test,10.53,1.053,0.18767288208007749
SARS-CoV-2-E141S_P197T,10.385662078857422,test,10.34,1.034,0.04566207885742202
SARS-CoV-2-N4M_K87V_K114R_T201I,10.361492156982422,test,10.32,1.032,0.04149215698242159
SARS-CoV-2-T170E,10.524785041809082,test,10.4375,1.04375,0.08728504180908203
SARS-CoV-2-Y119M_A190K,10.339826583862305,test,10.32,1.032,0.019826583862304403
SARS-CoV-2-G9N_I138L,10.375303268432615,test,10.49,1.0490000000000002,0.1146967315673848
SARS-CoV-2-I2V_G174K,10.406665802001951,test,10.52,1.052,0.11333419799804823
SARS-CoV-2-K87T_I104F,10.539787292480469,test,10.26,1.026,0.27978729248046896
SARS-CoV-2-C61T_T100R_N120E,10.365737915039062,test,10.35,1.035,0.015737915039062855
SARS-CoV-2-F126Y,10.374873161315918,test,10.36,1.036,0.014873161315918537
SARS-CoV-2-R16D_T148E,10.439550399780272,test,10.43,1.043,0.009550399780271945
SARS-CoV-2-L122A_S129R,10.467580795288086,test,10.52,1.052,0.052419204711913636
SARS-CoV-2-V37T,10.450706481933594,test,10.375384615384617,1.0375384615384617,0.07532186654897721
SARS-CoV-2-T55H_T148K,10.360039710998535,test,10.29,1.029,0.07003971099853601
SARS-CoV-2-V52L_T170H,10.30158233642578,test,10.36,1.036,0.05841766357421996
SARS-CoV-2-L60C_T201C,10.31053352355957,test,10.12,1.012,0.1905335235595711
SARS-CoV-2-G9D_F156L_L162I,10.564470291137695,test,10.3,1.03,0.2644702911376946
SARS-CoV-2-I2F_P149A,10.30147647857666,test,10.31,1.0310000000000001,0.008523521423340341
SARS-CoV-2-P7D_K114Y,10.505281448364258,test,10.52,1.052,0.014718551635741761
SARS-CoV-2-V37T_L122S,10.53481674194336,test,10.77,1.077,0.2351832580566402
SARS-CoV-2-T55K_I142M,10.36416244506836,test,10.31,1.0310000000000001,0.05416244506835888
SARS-CoV-2-K56M_T148K,10.34950828552246,test,10.24,1.024,0.10950828552245895
SARS-CoV-2-K132R_T201Y,10.42820644378662,test,10.25,1.0250000000000001,0.17820644378661932
SARS-CoV-2-Y39I_Q168F_V173L_P197R,10.608381271362305,test,10.3,1.03,0.308381271362304
SARS-CoV-2-Y39L_I88V,10.366233825683594,test,10.16,1.016,0.2062338256835936
SARS-CoV-2-N4S_G9N,10.389519691467283,test,10.63,1.0630000000000002,0.2404803085327174
SARS-CoV-2-F126L_T201Q,10.302047729492188,test,9.98,0.9980000000000001,0.3220477294921871
SARS-CoV-2-C61R,10.408665657043455,test,10.180294117647058,1.018029411764706,0.22837153939639698
SARS-CoV-2-G9D_G155K,10.484112739562988,test,10.63,1.0630000000000002,0.1458872604370125
SARS-CoV-2-F12I_T55L_K87V_Y175K_K199L,10.2941312789917,test,10.7,1.07,0.40586872100830007
SARS-CoV-2-K87N_T140L,10.427278518676758,test,10.19,1.019,0.2372785186767583
SARS-CoV-2-G166I_T201G,10.42066764831543,test,10.52,1.052,0.09933235168456989
SARS-CoV-2-K56S_K87S_L122S,10.44359302520752,test,10.46,1.046,0.01640697479248132
SARS-CoV-2-V153D,10.334562301635742,test,9.781666666666666,0.9781666666666666,0.5528956349690759
SARS-CoV-2-K87Y_V173M,10.444653511047363,test,10.48,1.048,0.035346488952637145
SARS-CoV-2-K48R_V115T,10.361797332763672,test,10.325,1.0325,0.036797332763672586
SARS-CoV-2-S184H,10.341009140014648,test,9.73857142857143,0.973857142857143,0.6024377114432191
SARS-CoV-2-V37F_Q163L,10.65699291229248,test,10.71,1.0710000000000002,0.053007087707520384
SARS-CoV-2-Y35L_L122T,10.407353401184082,test,10.33,1.0330000000000001,0.07735340118408196
SARS-CoV-2-V37A_S43N_I138S_P149T,10.3480806350708,test,10.53,1.053,0.18191936492919858
SARS-CoV-2-K48I_N171F,10.349161148071287,test,9.93,0.993,0.41916114807128757
SARS-CoV-2-N120S_G166I,10.39197063446045,test,10.57,1.0570000000000002,0.17802936553955107
SARS-CoV-2-T55D_G117F,10.29368782043457,test,10.28,1.028,0.013687820434570952
SARS-CoV-2-I2A_T100F,10.418268203735352,test,10.53,1.053,0.1117317962646478
SARS-CoV-2-V37E_K87T_A105S_P149V,10.31528663635254,test,10.46,1.046,0.14471336364746
SARS-CoV-2-L5T_I142V_S147P,10.32440948486328,test,10.27,1.027,0.0544094848632799
SARS-CoV-2-A192G,10.369006156921388,test,10.355,1.0355,0.014006156921388069
SARS-CoV-2-S29F,10.373367309570312,test,10.24,1.024,0.1333673095703123
SARS-CoV-2-D97L,10.298168182373049,test,10.318695652173911,1.0318695652173913,0.02052746980086262
SARS-CoV-2-K128H,10.34768295288086,test,10.434,1.0433999999999999,0.0863170471191399
SARS-CoV-2-K56D_E141S,10.37325668334961,test,10.46,1.046,0.08674331665039148
SARS-CoV-2-K128N_K199M,10.30789566040039,test,10.42,1.042,0.1121043395996093
SARS-CoV-2-I2K_N120L_P197I,10.29896354675293,test,10.47,1.0470000000000002,0.17103645324707095
SARS-CoV-2-L5S_I28L_T55S_K114G,10.377037048339844,test,10.29,1.029,0.0870370483398446
SARS-CoV-2-I2V_Y35L_T55G_N120G,10.505470275878906,test,10.55,1.0550000000000002,0.04452972412109446
SARS-CoV-2-Y39V,10.296550750732422,test,10.53,1.053,0.23344924926757749
SARS-CoV-2-I2V_T201A,10.342933654785156,test,10.41,1.0410000000000001,0.06706634521484389
SARS-CoV-2-F44Y_K114Q,10.340545654296877,test,10.47,1.0470000000000002,0.12945434570312386
SARS-CoV-2-L5M_L60S_L122S,10.451250076293944,test,10.07,1.0070000000000001,0.38125007629394325
SARS-CoV-2-N118D,10.384504318237305,test,10.413333333333332,1.0413333333333332,0.028829015096027533
SARS-CoV-2-I2G_K87N_G117D,10.451008796691896,test,10.48,1.048,0.02899120330810412
SARS-CoV-2-I138L_K199Q,10.385824203491213,test,10.385,1.0385,0.000824203491212927
SARS-CoV-2-G166E,10.366785049438477,test,10.415,1.0414999999999999,0.048214950561522585
SARS-CoV-2-S129R_T201R,10.401118278503418,test,10.48,1.048,0.07888172149658246
SARS-CoV-2-P54V_Y119P,10.48161506652832,test,10.42,1.042,0.061615066528320384
SARS-CoV-2-G166W,10.348261833190918,test,10.305,1.0305,0.04326183319091825
SARS-CoV-2-Y39T,10.491056442260742,test,10.28,1.028,0.21105644226074283
SARS-CoV-2-Y39T_Y175K,10.487403869628906,test,10.47,1.0470000000000002,0.01740386962890561
SARS-CoV-2-T55Y,10.38701343536377,test,10.382307692307691,1.038230769230769,0.004705743056078404
SARS-CoV-2-C61K,10.40998077392578,test,10.42705882352941,1.0427058823529411,0.01707804960363113
SARS-CoV-2-A18H_A190G,10.369790077209473,test,10.38,1.038,0.010209922790528125
SARS-CoV-2-N130Q_Y175S,10.522623062133787,test,10.39,1.0390000000000001,0.13262306213378672
SARS-CoV-2-S147P_A190N,10.418132781982422,test,10.27,1.027,0.1481327819824223
SARS-CoV-2-K87T_F156K_K199F,10.408106803894045,test,10.33,1.0330000000000001,0.07810680389404467
SARS-CoV-2-F126R_F156A,10.442495346069336,test,10.45,1.045,0.007504653930663352
SARS-CoV-2-T85K_K198W,10.321176528930664,test,10.49,1.0490000000000002,0.16882347106933615
SARS-CoV-2-G9E_T201D,10.483720779418944,test,10.54,1.054,0.05627922058105561
SARS-CoV-2-N64Q_P197S,10.348344802856444,test,10.29,1.029,0.05834480285644439
SARS-CoV-2-D97N_Y119D,10.46298599243164,test,10.46,1.046,0.0029859924316397723
SARS-CoV-2-L5T_T100I,10.387088775634766,test,10.255,1.0255,0.13208877563476484
SARS-CoV-2-I2F_S29R,10.346267700195312,test,10.34,1.034,0.006267700195312642
SARS-CoV-2-F156V,10.398070335388184,test,10.28529411764706,1.0285294117647061,0.11277621774112312
SARS-CoV-2-Y35F_A42Q,10.464595794677734,test,10.29,1.029,0.17459579467773523
SARS-CoV-2-T15P_A33W,10.370609283447266,test,10.04,1.004,0.3306092834472665
SARS-CoV-2-V37L_K56T_Y119R,10.508514404296877,test,10.45,1.045,0.05851440429687749
SARS-CoV-2-Y39Q,10.304557800292969,test,10.48,1.048,0.17544219970703168
SARS-CoV-2-I2S_I104F,10.515270233154297,test,10.07,1.0070000000000001,0.4452702331542966
SARS-CoV-2-T46V_S129N_F156A,10.448464393615724,test,8.91,0.891,1.5384643936157243
SARS-CoV-2-G172Q,10.482421875,test,10.533333333333331,1.0533333333333332,0.05091145833333144
SARS-CoV-2-K114T,10.366674423217772,test,10.435555555555556,1.0435555555555556,0.06888113233778448
SARS-CoV-2-T55G_Y178H,10.394649505615234,test,10.57,1.0570000000000002,0.1753504943847659
SARS-CoV-2-K198F,10.362361907958984,test,10.46,1.046,0.09763809204101648
SARS-CoV-2-V37I_L188Q_S200W,10.345672607421877,test,10.29,1.029,0.05567260742187763
SARS-CoV-2-L187H,10.309721946716309,test,10.356666666666667,1.0356666666666667,0.04694471995035876
SARS-CoV-2-T85S_F156S,10.38154411315918,test,10.39,1.0390000000000001,0.008455886840820881
SARS-CoV-2-F44W_P149A,10.431146621704102,test,10.34,1.034,0.0911466217041017
SARS-CoV-2-G9S_V173T,10.424436569213867,test,10.39,1.0390000000000001,0.03443656921386662
SARS-CoV-2-R27S_D98N_T201M,10.389155387878418,test,10.41,1.0410000000000001,0.020844612121582173
SARS-CoV-2-L5P_V32M_T140S,10.329626083374023,test,10.26,1.026,0.06962608337402365
SARS-CoV-2-L122Q_E154L,10.352731704711914,test,10.33,1.0330000000000001,0.02273170471191399
SARS-CoV-2-C61V_G166T_T201S,10.304701805114746,test,10.51,1.051,0.2052981948852537
SARS-CoV-2-K26T_V37C,10.34463882446289,test,10.42,1.042,0.0753611755371093
SARS-CoV-2-Y39A_N64T,10.539973258972168,test,10.49,1.0490000000000002,0.049973258972167756
SARS-CoV-2-V37W_K198E,10.451434135437012,test,10.38,1.038,0.07143413543701094
SARS-CoV-2-K114C,10.349298477172852,test,10.056666666666668,1.005666666666667,0.29263181050618314
SARS-CoV-2-P54R_K198E,10.429166793823242,test,10.38,1.038,0.049166793823241406
SARS-CoV-2-V32E_Y175Q,10.533556938171388,test,10.45,1.045,0.0835569381713892
SARS-CoV-2-Y39L_G83N_P149I,10.361181259155272,test,10.41,1.0410000000000001,0.04881874084472848
SARS-CoV-2-T3P_G166T,10.392080307006836,test,10.32,1.032,0.07208030700683565
SARS-CoV-2-T55L_L111M,10.396778106689451,test,10.38,1.038,0.016778106689450567
SARS-CoV-2-T55A_N64S,10.468852996826172,test,10.58,1.058,0.1111470031738282
SARS-CoV-2-R27V_Y39L_G155A,10.350830078125,test,10.58,1.058,0.22916992187500007
SARS-CoV-2-K48R_T55N,10.353891372680664,test,10.24,1.024,0.11389137268066385
SARS-CoV-2-V153S,10.420769691467283,test,10.377142857142855,1.0377142857142856,0.04362683432442793
SARS-CoV-2-V37K_S139T,10.537038803100586,test,9.67,0.9670000000000001,0.867038803100586
SARS-CoV-2-V173K,10.371618270874023,test,10.393333333333333,1.0393333333333332,0.02171506245930921
SARS-CoV-2-T55E_L131V,10.298277854919434,test,10.05,1.0050000000000001,0.24827785491943288
SARS-CoV-2-T63A_F156R,10.391952514648438,test,10.52,1.052,0.12804748535156207
SARS-CoV-2-T148A_Q163A,10.368593215942385,test,9.97,0.9970000000000001,0.39859321594238395
SARS-CoV-2-V173Y_P197G,10.359766006469728,test,10.41,1.0410000000000001,0.0502339935302718
SARS-CoV-2-I28L_G116S,10.333030700683594,test,10.25,1.0250000000000001,0.08303070068359375
SARS-CoV-2-T85S_G155S,10.379331588745115,test,10.43,1.043,0.050668411254884305
SARS-CoV-2-Y119Q,10.321941375732422,test,10.41875,1.0418749999999999,0.09680862426757741
SARS-CoV-2-T100Q_K198N,10.441080093383787,test,10.62,1.062,0.17891990661621193
SARS-CoV-2-C61Q_T201M,10.388956069946287,test,10.43,1.043,0.04104393005371243
SARS-CoV-2-S36L_Y175S,10.361753463745115,test,10.52,1.052,0.15824653625488416
SARS-CoV-2-S43A_A190S_T201I,10.408191680908203,test,10.31,1.0310000000000001,0.09819168090820263
SARS-CoV-2-Q168L_P197R,10.41807746887207,test,10.26,1.026,0.15807746887207053
SARS-CoV-2-I2S_A190L_S200N,10.35669994354248,test,10.36,1.036,0.003300056457518963
SARS-CoV-2-L5V_N171M,10.309948921203612,test,10.29,1.029,0.019948921203612358
SARS-CoV-2-N4A_T100Y_G146S,10.30501937866211,test,9.66,0.9660000000000001,0.6450193786621092
SARS-CoV-2-Q84S_V173I,10.36335563659668,test,9.27,0.927,1.0933556365966801
SARS-CoV-2-L122E,10.355809211730955,test,10.4925,1.04925,0.13669078826904446
SARS-CoV-2-T63R_S200C,10.38141918182373,test,10.41,1.0410000000000001,0.028580818176269673
SARS-CoV-2-L5S_T201V,10.41594123840332,test,10.36,1.036,0.05594123840332088
SARS-CoV-2-A18P_N64V_T148D,10.444987297058104,test,10.58,1.058,0.13501270294189638
SARS-CoV-2-T55H_Q84T,10.29932975769043,test,10.375,1.0375,0.07567024230957031
SARS-CoV-2-V37L_S129K,10.516935348510742,test,10.49,1.0490000000000002,0.026935348510741974
SARS-CoV-2-K128S_T201K,10.326433181762695,test,10.505,1.0505000000000002,0.17856681823730547
SARS-CoV-2-K87V_Y119F,10.402938842773438,test,10.53,1.053,0.12706115722656186
SARS-CoV-2-K26R_T100M_V153E,10.462275505065918,test,10.61,1.061,0.14772449493408146
SARS-CoV-2-V153Q_Q168N,10.360206604003906,test,10.47,1.0470000000000002,0.10979339599609439
SARS-CoV-2-I104F_Y143V,10.367199897766112,test,10.42,1.042,0.052800102233888424
SARS-CoV-2-Y119T_K198C,10.461606979370115,test,10.44,1.044,0.02160697937011591
SARS-CoV-2-N40K_S129H,10.33413314819336,test,10.41,1.0410000000000001,0.07586685180664077
SARS-CoV-2-N4S_Y119S,10.35246467590332,test,9.65,0.9650000000000001,0.70246467590332
SARS-CoV-2-Y119M_T201S,10.300058364868164,test,10.47,1.0470000000000002,0.16994163513183658
SARS-CoV-2-A33W_I138K_G174N,10.300422668457031,test,10.39,1.0390000000000001,0.08957733154296932
SARS-CoV-2-L125H_G146S,10.533123970031738,test,10.37,1.037,0.16312397003173906
SARS-CoV-2-S53V_K87T_T201Y,10.539937019348145,test,6.85,0.685,3.689937019348145
SARS-CoV-2-T3S_K56G,10.441591262817385,test,10.015,1.0015,0.426591262817384
SARS-CoV-2-V37S_G116F_Y175S,10.497867584228516,test,10.62,1.062,0.1221324157714836
SARS-CoV-2-G117M,10.295732498168944,test,10.37,1.037,0.07426750183105568
SARS-CoV-2-I28W_F160V_G172Q,10.516264915466309,test,10.73,1.0730000000000002,0.21373508453369183
SARS-CoV-2-S129N_S200V,10.408181190490724,test,10.43,1.043,0.021818809509275283
SARS-CoV-2-E154T,10.314717292785645,test,10.3425,1.03425,0.02778270721435483
SARS-CoV-2-L125E_T201M,10.396625518798828,test,9.93,0.993,0.4666255187988284
SARS-CoV-2-G83R_G117D_L122S_G166E,10.498634338378906,test,10.34,1.034,0.1586343383789064
SARS-CoV-2-N40R_V153T,10.429303169250488,test,10.44,1.044,0.010696830749511221
SARS-CoV-2-A33W_G117V,10.340940475463867,test,10.31,1.0310000000000001,0.03094047546386669
SARS-CoV-2-L5V_V37D,10.467872619628906,test,10.11,1.011,0.3578726196289068
SARS-CoV-2-V37S_F44Y,10.504804611206056,test,9.99,0.9990000000000001,0.5148046112060563
SARS-CoV-2-T170N,10.435897827148438,test,10.383636363636365,1.0383636363636366,0.05226146351207284
SARS-CoV-2-L188P,10.409097671508787,test,10.2825,1.02825,0.12659767150878665
SARS-CoV-2-K87S_L125G,10.407054901123049,test,10.45,1.045,0.04294509887695064
SARS-CoV-2-L122G,10.348727226257324,test,10.444615384615386,1.0444615384615386,0.0958881583580613
SARS-CoV-2-V153M,10.410907745361328,test,10.476,1.0476,0.06509225463867274
SARS-CoV-2-F126S_G174R,10.32196044921875,test,10.33,1.0330000000000001,0.008039550781250071
SARS-CoV-2-T3A_Y39L,10.50071907043457,test,10.34,1.034,0.16071907043457045
SARS-CoV-2-A18P_P149L,10.528252601623535,test,10.49,1.0490000000000002,0.03825260162353494
SARS-CoV-2-G83R_Y175H_T201N,10.349681854248049,test,10.54,1.054,0.1903181457519505
SARS-CoV-2-Y39V_T85K,10.318232536315918,test,10.38,1.038,0.06176746368408281
SARS-CoV-2-F62M_Y119S,10.465014457702637,test,10.42,1.042,0.04501445770263679
SARS-CoV-2-Y121L_T201L,10.317506790161133,test,10.32,1.032,0.0024932098388674717
SARS-CoV-2-I28M_N58P,10.52923583984375,test,9.69,0.969,0.8392358398437505
SARS-CoV-2-V32A_L125A_Q163K_T201S,10.452467918395996,test,10.3,1.03,0.15246791839599538
SARS-CoV-2-T63K_E186N,10.299039840698242,test,10.02,1.002,0.2790398406982426
SARS-CoV-2-I2R_K87S_L122W_T170E,10.325157165527344,test,10.41,1.0410000000000001,0.08484283447265639
SARS-CoV-2-Y39N_C61D_S147R,10.3155517578125,test,10.19,1.019,0.1255517578125005
SARS-CoV-2-K56R_L122R,10.41368293762207,test,10.44,1.044,0.02631706237792919
SARS-CoV-2-P191N,10.327104568481444,test,10.42,1.042,0.09289543151855639
SARS-CoV-2-S29K_N64S_K87M,10.480619430541992,test,10.47,1.0470000000000002,0.010619430541991548
SARS-CoV-2-S41T_N130R_G166K,10.41910171508789,test,10.3,1.03,0.11910171508788991
SARS-CoV-2-N64S_V115A,10.414813995361328,test,10.175,1.0175,0.23981399536132741
SARS-CoV-2-P169S,10.29674243927002,test,10.367142857142856,1.0367142857142857,0.07040041787283613
SARS-CoV-2-D59T_N157E,10.38498878479004,test,10.34,1.034,0.04498878479004098
SARS-CoV-2-K198A,10.404655456542969,test,10.465,1.0465,0.06034454345703111
SARS-CoV-2-V32Y_T148Q,10.308791160583496,test,10.67,1.067,0.36120883941650384
SARS-CoV-2-G117C_L188E,10.33066749572754,test,10.3,1.03,0.03066749572754013
SARS-CoV-2-V52C_L125H_F160N,10.505535125732422,test,10.57,1.0570000000000002,0.06446487426757841
SARS-CoV-2-T3G_S184T,10.294157028198242,test,10.4,1.04,0.10584297180175817
SARS-CoV-2-L5V_V173Q,10.31104850769043,test,9.83,0.9830000000000001,0.4810485076904296
SARS-CoV-2-S164K_T170Q,10.474727630615234,test,10.35,1.035,0.12472763061523473
SARS-CoV-2-N24K_C61N,10.40872859954834,test,10.28,1.028,0.12872859954834048
SARS-CoV-2-G9R_Y175M,10.33498764038086,test,10.53,1.053,0.19501235961913999
SARS-CoV-2-N64S_P197S,10.43727684020996,test,10.56,1.056,0.12272315979004134
SARS-CoV-2-P169E,10.337977409362791,test,10.44,1.044,0.10202259063720831
SARS-CoV-2-Q168A_A190G,10.41335678100586,test,10.34,1.034,0.07335678100585952
SARS-CoV-2-L122S_Q168N,10.366617202758787,test,10.43,1.043,0.06338279724121243
SARS-CoV-2-L60Y,10.467679977416992,test,10.254285714285714,1.0254285714285716,0.21339426313127774
SARS-CoV-2-N120S_G172M,10.414536476135254,test,10.29,1.029,0.12453647613525476
SARS-CoV-2-V37L_S43L,10.412898063659668,test,10.68,1.068,0.26710193634033175
SARS-CoV-2-S36A_N64S_F160S,10.314940452575684,test,10.59,1.059,0.27505954742431626
SARS-CoV-2-Y119P_E141N,10.446556091308594,test,10.18,1.018,0.26655609130859403
SARS-CoV-2-I2S_I28W_T201R,10.533758163452148,test,10.49,1.0490000000000002,0.043758163452148224
SARS-CoV-2-F62A_N120A,10.31513214111328,test,10.435,1.0435,0.11986785888672102
SARS-CoV-2-L5T,10.319473266601562,test,10.428888888888888,1.042888888888889,0.10941562228732593
SARS-CoV-2-L187M,10.408048629760742,test,10.54,1.054,0.13195137023925696
SARS-CoV-2-T201Y,10.330371856689451,test,10.399565217391304,1.0399565217391304,0.06919336070185267
SARS-CoV-2-T85R_L122M_A190K,10.430253982543944,test,10.34,1.034,0.09025398254394368
SARS-CoV-2-Q163C,10.29957675933838,test,9.95,0.995,0.3495767593383814
SARS-CoV-2-R78S_A190T,10.409417152404783,test,10.41,1.0410000000000001,0.0005828475952167622
SARS-CoV-2-Q84S_D97L,10.334392547607422,test,10.43,1.043,0.09560745239257784
SARS-CoV-2-S29V_V37W,10.480924606323242,test,10.41,1.0410000000000001,0.07092460632324205
SARS-CoV-2-N130T_T201H,10.447031021118164,test,10.55,1.0550000000000002,0.10296897888183665
SARS-CoV-2-Y119Q_E154D,10.385476112365724,test,10.16,1.016,0.2254761123657243
SARS-CoV-2-Y119N_P149L,10.329565048217772,test,10.33,1.0330000000000001,0.0004349517822284099
SARS-CoV-2-T3S_K56R,10.402166366577148,test,10.38,1.038,0.022166366577147656
SARS-CoV-2-P149F_T201Q,10.462820053100586,test,10.24,1.024,0.22282005310058572
SARS-CoV-2-Y39L_N118E_G174I,10.406364440917969,test,10.46,1.046,0.0536355590820321
SARS-CoV-2-N58T_L125A,10.294204711914062,test,10.29,1.029,0.004204711914063353
SARS-CoV-2-A192T,10.470261573791504,test,10.427142857142856,1.0427142857142857,0.04311871664864775
SARS-CoV-2-N120T_P149Q,10.36833667755127,test,10.28,1.028,0.08833667755127017
SARS-CoV-2-L5P_V37D_N110E,10.58892822265625,test,10.28,1.028,0.30892822265625064
SARS-CoV-2-L187V,10.391658782958984,test,10.225,1.0225,0.16665878295898473
SARS-CoV-2-F134R_P197L,10.505555152893066,test,10.0,1.0,0.5055551528930664
SARS-CoV-2-K87T_T170R,10.42694854736328,test,10.43,1.043,0.003051452636720242
SARS-CoV-2-V37T_I138V,10.65964126586914,test,7.94,0.794,2.7196412658691402
SARS-CoV-2-N24R_N157D,10.43467903137207,test,9.87,0.987,0.5646790313720711
SARS-CoV-2-G9N,10.352760314941406,test,10.25125,1.025125,0.10151031494140561
SARS-CoV-2-Y39L_Y159S,10.468799591064451,test,10.42,1.042,0.04879959106445142
SARS-CoV-2-I2S_N151L,10.332218170166016,test,10.5,1.05,0.16778182983398438
SARS-CoV-2-Y121L_G172W,10.311574935913086,test,10.01,1.0010000000000001,0.30157493591308615
SARS-CoV-2-V32R_K87N,10.487672805786133,test,10.59,1.059,0.10232719421386705
SARS-CoV-2-Y119H_P149R,10.498327255249023,test,10.33,1.0330000000000001,0.16832725524902337
SARS-CoV-2-N1S_V173I,10.347183227539062,test,10.31,1.0310000000000001,0.037183227539062
SARS-CoV-2-S36R_T201L,10.413997650146484,test,10.54,1.054,0.12600234985351477
SARS-CoV-2-T63N_Y175S,10.45246696472168,test,10.54,1.054,0.08753303527831946
SARS-CoV-2-G116S_G172D,10.413426399230955,test,10.37,1.037,0.043426399230956036
SARS-CoV-2-E141R_Y175S,10.42709255218506,test,10.54,1.054,0.11290744781493878
SARS-CoV-2-G83M_K87T,10.430383682250977,test,10.25,1.0250000000000001,0.18038368225097656
SARS-CoV-2-G166M,10.359746932983398,test,10.2425,1.02425,0.11724693298339872
SARS-CoV-2-K87T_G117V_V173W,10.294577598571776,test,10.64,1.064,0.345422401428225
SARS-CoV-2-F62W_Y91W_A192K_K199S,10.29884147644043,test,10.37,1.037,0.07115852355956953
SARS-CoV-2-V37S_C61A_P149K_G155T,10.311914443969728,test,10.5,1.05,0.18808555603027166
SARS-CoV-2-N24S_Q168L,10.333303451538086,test,10.79,1.079,0.4566965484619132
SARS-CoV-2-Q163R_Y175S_T201I,10.434247016906738,test,10.4,1.04,0.034247016906737926
SARS-CoV-2-Y119K_F156L,10.475614547729492,test,10.44,1.044,0.035614547729492685
SARS-CoV-2-L125G_T140G,10.370981216430664,test,10.53,1.053,0.1590187835693353
SARS-CoV-2-T46H_Q84T,10.384909629821776,test,10.43,1.043,0.04509037017822415
SARS-CoV-2-T55H_Y119K,10.366424560546877,test,9.94,0.994,0.4264245605468773
SARS-CoV-2-Y175D_K198R,10.387336730957031,test,10.44,1.044,0.05266326904296825
SARS-CoV-2-K48I,10.330133438110352,test,10.21375,1.021375,0.11638343811035234
SARS-CoV-2-A192Q_T201I,10.34066104888916,test,10.32,1.032,0.020661048889159872
SARS-CoV-2-G9A_V37F_D90E,10.503097534179688,test,10.63,1.0630000000000002,0.12690246582031328
SARS-CoV-2-Y119E_G166T,10.563282012939451,test,10.42,1.042,0.14328201293945142
SARS-CoV-2-E141V,10.307812690734863,test,10.130526315789472,1.0130526315789472,0.1772863749453908
SARS-CoV-2-K198N,10.49059772491455,test,10.365833333333333,1.0365833333333334,0.12476439158121799
SARS-CoV-2-C61A_L125M,10.428476333618164,test,10.33,1.0330000000000001,0.09847633361816399
SARS-CoV-2-R27Q_Y119G,10.438322067260742,test,8.87,0.887,1.568322067260743
SARS-CoV-2-I142P,10.347583770751951,test,10.24,1.024,0.10758377075195114
SARS-CoV-2-K198E,10.341312408447266,test,10.412857142857144,1.0412857142857144,0.07154473440987807
SARS-CoV-2-L5Y_G152D,10.392738342285156,test,10.305,1.0305,0.08773834228515653
SARS-CoV-2-R78C_A192T,10.470531463623049,test,10.35,1.035,0.120531463623049
SARS-CoV-2-R78T_G83R,10.294395446777344,test,10.27,1.027,0.024395446777344176
SARS-CoV-2-V37M_D97L,10.539127349853516,test,10.47,1.0470000000000002,0.06912734985351499
SARS-CoV-2-T85N_L125Y,10.372249603271484,test,10.02,1.002,0.3522496032714848
SARS-CoV-2-P7E_L125G_Q163W,10.38275909423828,test,10.24,1.024,0.14275909423827926
SARS-CoV-2-T100C_P191S,10.45875644683838,test,10.4,1.04,0.05875644683838033
SARS-CoV-2-G9N_S129C,10.3171968460083,test,10.52,1.052,0.2028031539916988
SARS-CoV-2-Y35F_C61H_G174Q,10.328689575195312,test,10.26,1.026,0.06868957519531271
SARS-CoV-2-V173I_K198Q,10.335089683532717,test,10.29,1.029,0.04508968353271747
SARS-CoV-2-Y39S_V115E,10.472087860107422,test,10.49,1.0490000000000002,0.017912139892578338
SARS-CoV-2-T100C,10.406558990478516,test,10.295,1.0295,0.1115589904785157
SARS-CoV-2-V37G_Q163R,10.432884216308594,test,10.4,1.04,0.032884216308593395
SARS-CoV-2-Y39T_Q168I,10.311704635620115,test,10.37,1.037,0.05829536437988381
SARS-CoV-2-I28W,10.57664394378662,test,10.33,1.0330000000000001,0.24664394378661925
SARS-CoV-2-F62Y_S200W,10.555100440979004,test,10.46,1.046,0.09510044097900305
SARS-CoV-2-A145N_T201L,10.343343734741213,test,10.32,1.032,0.02334373474121243
SARS-CoV-2-S43R_L122F_G152N,10.297748565673828,test,10.49,1.0490000000000002,0.1922514343261721
SARS-CoV-2-R16D_V37K_T201S,10.44831371307373,test,10.18,1.018,0.26831371307373075
SARS-CoV-2-A192R,10.440265655517578,test,9.92,0.992,0.5202656555175782
SARS-CoV-2-A18S_V37K,10.316797256469728,test,10.15,1.0150000000000001,0.16679725646972798
SARS-CoV-2-V37T_S200H,10.531347274780272,test,10.48,1.048,0.051347274780271235
SARS-CoV-2-V37R_C61R,10.542668342590332,test,9.94,0.994,0.6026683425903325
SARS-CoV-2-K114S_T201I,10.362578392028809,test,10.48,1.048,0.11742160797119183
SARS-CoV-2-G83R_T148V,10.301034927368164,test,10.03,1.003,0.2710349273681647
SARS-CoV-2-V173L,10.39397144317627,test,10.399285714285714,1.0399285714285715,0.0053142711094444905
SARS-CoV-2-Y35L_E141V,10.527557373046877,test,10.385,1.0385,0.142557373046877
SARS-CoV-2-S36K_F160Y,10.433472633361816,test,10.65,1.0650000000000002,0.21652736663818395
SARS-CoV-2-Y35L_A42Q,10.439428329467772,test,10.13,1.0130000000000001,0.3094283294677709
SARS-CoV-2-G9S_I72V,10.426406860351562,test,10.49,1.0490000000000002,0.06359313964843771
SARS-CoV-2-R16Y_G166L,10.35603141784668,test,10.23,1.0230000000000001,0.12603141784667926
SARS-CoV-2-F8L_F62V_G117T,10.310208320617676,test,10.42,1.042,0.10979167938232415
SARS-CoV-2-P7D_I104V,10.530799865722656,test,10.44,1.044,0.09079986572265675
SARS-CoV-2-G166K_L187F,10.365519523620604,test,10.48,1.048,0.11448047637939673
SARS-CoV-2-V32S_Y119H_G155K,10.411809921264648,test,10.53,1.053,0.11819007873535092
SARS-CoV-2-N24R_G174M,10.490667343139648,test,10.41,1.0410000000000001,0.0806673431396483
SARS-CoV-2-R16I_Y35M,10.3785982131958,test,10.51,1.051,0.131401786804199
SARS-CoV-2-V11I_K87F_K128A,10.455544471740724,test,10.49,1.0490000000000002,0.03445552825927578
SARS-CoV-2-V37F_N64G,10.555912017822266,test,10.58,1.058,0.024087982177734446
SARS-CoV-2-N120E,10.421672821044922,test,10.38,1.038,0.04167282104492109
SARS-CoV-2-G9N_Y39K_T85S,10.461170196533203,test,10.63,1.0630000000000002,0.16882980346679766
SARS-CoV-2-F156L,10.328371047973633,test,10.155909090909091,1.0155909090909092,0.1724619570645416
SARS-CoV-2-F126S_G166T,10.468552589416504,test,10.19,1.019,0.2785525894165044
SARS-CoV-2-V173M,10.414807319641112,test,10.58,1.058,0.16519268035888857
SARS-CoV-2-T3L_F156V,10.305389404296877,test,10.33,1.0330000000000001,0.024610595703123295
SARS-CoV-2-K87C_S200Y,10.40671730041504,test,10.1,1.01,0.3067173004150412
SARS-CoV-2-R16D_E141T_K198S,10.411284446716309,test,10.39,1.0390000000000001,0.021284446716308025
SARS-CoV-2-Y39T_V194A_K198L,10.478403091430664,test,10.21,1.0210000000000001,0.2684030914306632
SARS-CoV-2-G9D_L60M,10.486339569091797,test,10.63,1.0630000000000002,0.1436604309082039
SARS-CoV-2-S147L,10.390636444091797,test,10.232,1.0231999999999999,0.15863644409179756
SARS-CoV-2-V115N_L122A,10.391136169433594,test,10.31,1.0310000000000001,0.08113616943359325
SARS-CoV-2-R16M_V37S_P197T,10.46465301513672,test,10.56,1.056,0.09534698486327997
SARS-CoV-2-N24Q_K87L_K199S,10.59515380859375,test,10.41,1.0410000000000001,0.18515380859374986
SARS-CoV-2-F44Y,10.315213203430176,test,10.328888888888889,1.032888888888889,0.013675685458713005
SARS-CoV-2-Y39M_T140S,10.536890983581545,test,10.47,1.0470000000000002,0.0668909835815441
SARS-CoV-2-K87L_T201C,10.410360336303713,test,10.49,1.0490000000000002,0.0796396636962875
SARS-CoV-2-Y119I_Q163K,10.364975929260254,test,10.43,1.043,0.06502407073974581
SARS-CoV-2-Y119H,10.392780303955078,test,10.14625,1.014625,0.2465303039550779
SARS-CoV-2-V37A_N171S,10.31845760345459,test,10.64,1.064,0.3215423965454107
SARS-CoV-2-G9S_N157R,10.321702003479004,test,10.33,1.0330000000000001,0.008297996520996165
SARS-CoV-2-V37G_C61E,10.501477241516112,test,10.315,1.0315,0.186477241516112
SARS-CoV-2-I2R_G9E,10.321155548095703,test,10.37,1.037,0.04884445190429609
SARS-CoV-2-Y39M,10.562580108642578,test,10.57,1.0570000000000002,0.007419891357422159
SARS-CoV-2-N157K,10.341279983520508,test,10.409166666666666,1.0409166666666667,0.06788668314615798
SARS-CoV-2-G166L,10.375704765319824,test,10.377692307692309,1.037769230769231,0.001987542372484441
SARS-CoV-2-L5I_D97H_L125R,10.398147583007812,test,10.47,1.0470000000000002,0.07185241699218814
SARS-CoV-2-N4S_L122K_S200M,10.369913101196287,test,10.43,1.043,0.06008689880371243
SARS-CoV-2-N64V_K199F,10.364744186401367,test,10.57,1.0570000000000002,0.2052558135986331
SARS-CoV-2-N120T_T201G,10.430529594421388,test,10.25,1.0250000000000001,0.1805295944213885
SARS-CoV-2-K26T_C61S,10.358823776245115,test,10.55,1.0550000000000002,0.1911762237548853
SARS-CoV-2-L5M_Q84A_G152S,10.405136108398438,test,10.28,1.028,0.12513610839843814
SARS-CoV-2-P7Q,10.434518814086914,test,10.303333333333333,1.0303333333333333,0.13118548075358127
SARS-CoV-2-K114L_G174K,10.330318450927734,test,10.01,1.0010000000000001,0.3203184509277346
SARS-CoV-2-I2S_K56G,10.462678909301758,test,10.24,1.024,0.2226789093017576
SARS-CoV-2-V153R,10.384631156921388,test,10.336666666666668,1.0336666666666667,0.047964490254720715
SARS-CoV-2-K114T_T140K_T201S,10.364351272583008,test,10.11,1.011,0.2543512725830084
SARS-CoV-2-Y35M_Y91F,10.32992935180664,test,10.18,1.018,0.1499293518066409
SARS-CoV-2-N110H_K132Q,10.471185684204102,test,10.6,1.06,0.12881431579589808
SARS-CoV-2-T55N_K114S,10.413917541503906,test,10.54,1.054,0.1260824584960929
SARS-CoV-2-D97N,10.432336807250977,test,10.201875,1.0201875,0.2304618072509772
SARS-CoV-2-L5A_S29T,10.490728378295898,test,10.57,1.0570000000000002,0.07927162170410185
SARS-CoV-2-K87Q_P197G,10.44656467437744,test,10.66,1.066,0.2134353256225605
SARS-CoV-2-T63R_F156S,10.472841262817385,test,10.37,1.037,0.10284126281738537
SARS-CoV-2-T55S_K87W_L125V,10.3929443359375,test,10.71,1.0710000000000002,0.31705566406250085
SARS-CoV-2-T201S,10.347756385803224,test,10.3121875,1.03121875,0.03556888580322415
SARS-CoV-2-V37L_L122S_Y143F,10.57423210144043,test,10.58,1.058,0.0057678985595703836
SARS-CoV-2-N120P,10.425996780395508,test,10.275454545454544,1.0275454545454543,0.1505422349409642
SARS-CoV-2-F62T_T170H,10.29286289215088,test,10.58,1.058,0.2871371078491194
SARS-CoV-2-L5P_T140N,10.33356475830078,test,10.33,1.0330000000000001,0.0035647583007794026
SARS-CoV-2-F156T_E186D,10.46376609802246,test,10.32,1.032,0.14376609802245888
SARS-CoV-2-D97Q,10.310420989990234,test,10.191666666666666,1.0191666666666668,0.11875432332356795
SARS-CoV-2-Y39A_L60Q_D97K,10.326871871948242,test,10.3,1.03,0.026871871948241477
SARS-CoV-2-Y119T_A192Y,10.37746524810791,test,10.42,1.042,0.04253475189208977
SARS-CoV-2-Y35I_Y119N_Y178F,10.318466186523438,test,10.0,1.0,0.3184661865234375
SARS-CoV-2-I2N_L125S,10.509023666381836,test,10.63,1.0630000000000002,0.12097633361816484
SARS-CoV-2-S147L_Q163M,10.304754257202148,test,10.28,1.028,0.024754257202149077
SARS-CoV-2-N171H,10.310354232788086,test,9.976666666666668,0.9976666666666669,0.3336875661214176
SARS-CoV-2-F62L_K87N,10.367267608642578,test,10.52,1.052,0.15273239135742145
SARS-CoV-2-K26V_L125T,10.480815887451172,test,10.62,1.062,0.13918411254882734
SARS-CoV-2-I2S_V11I_K199I,10.37613010406494,test,10.64,1.064,0.26386989593506094
SARS-CoV-2-V77L_T201N,10.482704162597656,test,10.49,1.0490000000000002,0.007295837402343963
SARS-CoV-2-L5I_Y119Q,10.44983196258545,test,10.44,1.044,0.009831962585449716
SARS-CoV-2-N64T_S147V,10.34162712097168,test,10.26,1.026,0.0816271209716799
SARS-CoV-2-P7D,10.554521560668944,test,10.23,1.0230000000000001,0.3245215606689431
SARS-CoV-2-N4G_R16V,10.335275650024414,test,10.24,1.024,0.09527565002441385
SARS-CoV-2-I2H_S129T,10.50745964050293,test,10.34,1.034,0.16745964050292983
SARS-CoV-2-D97T,10.347227096557615,test,10.065833333333332,1.0065833333333332,0.28139376322428333
SARS-CoV-2-Y39L_T170E,10.497339248657228,test,10.7,1.07,0.20266075134277095
SARS-CoV-2-R16K_G83N_T201G,10.576156616210938,test,10.35,1.035,0.22615661621093786
SARS-CoV-2-V37S_S43Y_R73M,10.411718368530272,test,10.36,1.036,0.05171836853027223
SARS-CoV-2-F62V_L187S,10.476520538330078,test,10.47,1.0470000000000002,0.0065205383300774855
SARS-CoV-2-S164N,10.301782608032228,test,10.355,1.0355,0.05321739196777209
SARS-CoV-2-T100V_A190E,10.39565086364746,test,10.49,1.0490000000000002,0.09434913635254105
SARS-CoV-2-T100M_F134Y_T193I_P197C,10.442514419555664,test,10.46,1.046,0.01748558044433679
SARS-CoV-2-Y39A_N120R,10.297531127929688,test,10.4,1.04,0.10246887207031286
SARS-CoV-2-V115D,10.33396053314209,test,10.5,1.05,0.16603946685791016
SARS-CoV-2-G9D_L60F,10.369638442993164,test,10.48,1.048,0.11036155700683636
SARS-CoV-2-I104L_N120S_T201R,10.385208129882812,test,10.33,1.0330000000000001,0.05520812988281243
SARS-CoV-2-L122T_F156L_T201Y,10.478350639343262,test,9.89,0.9890000000000001,0.5883506393432612
SARS-CoV-2-S43N,10.45404815673828,test,9.647142857142857,0.9647142857142857,0.8069052995954227
SARS-CoV-2-G166K,10.43992805480957,test,10.44,1.044,7.194519042919012e-05
SARS-CoV-2-E141D_V173I,10.322965621948242,test,10.56,1.056,0.2370343780517583
SARS-CoV-2-Y35W,10.3723783493042,test,10.2125,1.02125,0.15987834930419886
SARS-CoV-2-A145Y,10.315423965454102,test,10.313333333333333,1.0313333333333332,0.002090632120768987
SARS-CoV-2-S29T_Y119Q,10.451249122619627,test,10.48,1.048,0.028750877380373296
SARS-CoV-2-N107S_L125E,10.310062408447266,test,10.48,1.048,0.1699375915527348
SARS-CoV-2-T55N_V115N_S139T,10.432557106018066,test,10.53,1.053,0.09744289398193295
SARS-CoV-2-P54R_L95V_L122Y_F156V_Y175K,10.305280685424805,test,10.57,1.0570000000000002,0.2647193145751956
SARS-CoV-2-F62Y_F126N_G166D_G172R,10.559391021728516,test,10.3,1.03,0.2593910217285149
SARS-CoV-2-L5I_D98N_T201W,10.321026802062988,test,10.38,1.038,0.0589731979370125
SARS-CoV-2-R16V_S200V,10.324512481689451,test,10.58,1.058,0.2554875183105487
SARS-CoV-2-K87H_G116R,10.299776077270508,test,10.15,1.0150000000000001,0.14977607727050746
SARS-CoV-2-G155T_G166S,10.411357879638672,test,10.45,1.045,0.038642120361327414
SARS-CoV-2-T3S_V37A_F62T,10.386083602905272,test,10.54,1.054,0.1539163970947275
SARS-CoV-2-I2H_V37N_C195K,10.31869888305664,test,9.55,0.9550000000000001,0.7686988830566399
SARS-CoV-2-T55E_G152A,10.421178817749023,test,10.41,1.0410000000000001,0.011178817749023295
SARS-CoV-2-N4S_Y175K,10.317571640014648,test,10.29,1.029,0.02757164001464929
SARS-CoV-2-Y119T_G152S_Q163S,10.360944747924805,test,10.29,1.029,0.07094474792480554
SARS-CoV-2-L5Q_Y119N,10.438822746276855,test,10.26,1.026,0.17882274627685568
SARS-CoV-2-I2S_Y175N_K199N,10.511014938354492,test,10.55,1.0550000000000002,0.03898506164550852
SARS-CoV-2-C61K_T100F_Y159T,10.37224006652832,test,10.52,1.052,0.14775993347167926
SARS-CoV-2-N4A_F156A,10.446306228637695,test,10.43,1.043,0.016306228637695597
SARS-CoV-2-K199V,10.460363388061523,test,10.43,1.043,0.03036338806152372
SARS-CoV-2-Y175R,10.308171272277832,test,10.372,1.0372000000000001,0.06382872772216786
SARS-CoV-2-L5R_N120D,10.386835098266602,test,10.29,1.029,0.09683509826660242
SARS-CoV-2-K132Q,10.308664321899414,test,10.402,1.0402,0.09333567810058518
SARS-CoV-2-R16T_Y119V_G196K,10.3402681350708,test,10.13,1.0130000000000001,0.2102681350708
SARS-CoV-2-S36E_E141Q,10.39802360534668,test,10.55,1.0550000000000002,0.15197639465332102
SARS-CoV-2-K87T_S147F,10.416324615478516,test,10.5,1.05,0.08367538452148438
SARS-CoV-2-C61D_L187S,10.38900089263916,test,9.93,0.993,0.45900089263916044
SARS-CoV-2-N40E,10.321243286132812,test,10.45,1.045,0.1287567138671868
SARS-CoV-2-S36D_C61R_Y143F_G174L,10.466876983642578,test,10.46,1.046,0.006876983642577272
SARS-CoV-2-K114G,10.343616485595703,test,10.405,1.0405,0.061383514404296236
SARS-CoV-2-Y175L_L188V,10.409111976623535,test,10.58,1.058,0.17088802337646491
SARS-CoV-2-Y119N_F160N,10.398588180541992,test,10.27,1.027,0.1285881805419926
SARS-CoV-2-K128A,10.296650886535645,test,10.328,1.0328,0.03134911346435487
SARS-CoV-2-L125S_T140I_P149N,10.44595432281494,test,10.49,1.0490000000000002,0.04404567718506058
SARS-CoV-2-T100V,10.407110214233398,test,10.331428571428573,1.0331428571428574,0.0756816428048257
SARS-CoV-2-L122A_N151D,10.405885696411133,test,10.41,1.0410000000000001,0.00411430358886733
SARS-CoV-2-S129A_T201L,10.429132461547852,test,10.54,1.054,0.11086753845214758
SARS-CoV-2-C61S_K198A,10.434529304504396,test,10.43,1.043,0.004529304504396592
SARS-CoV-2-V32K_P54R,10.549043655395508,test,10.37,1.037,0.1790436553955086
SARS-CoV-2-N4Q_V173D,10.312149047851562,test,10.56,1.056,0.247850952148438
SARS-CoV-2-R16N_K132R,10.394767761230469,test,9.84,0.984,0.5547677612304689
SARS-CoV-2-Y35I_T201Q,10.47722625732422,test,10.46,1.046,0.017226257324219674
SARS-CoV-2-I2Q_K87H,10.453990936279297,test,10.7,1.07,0.24600906372070241
SARS-CoV-2-T55D_G155E,10.416629791259766,test,10.05,1.0050000000000001,0.3666297912597649
SARS-CoV-2-E141H_P197V,10.365859985351562,test,10.53,1.053,0.16414001464843686
SARS-CoV-2-L131V,10.32281494140625,test,10.286666666666669,1.0286666666666668,0.036148274739581154
SARS-CoV-2-G9S_V173H,10.328989028930664,test,9.61,0.961,0.7189890289306646
SARS-CoV-2-V37F_D90F,10.408365249633787,test,10.45,1.045,0.041634750366212
SARS-CoV-2-K114M_V173A,10.29767608642578,test,10.25,1.0250000000000001,0.047676086425779474
SARS-CoV-2-R16N,10.37657356262207,test,10.615,1.0615,0.2384264373779299
SARS-CoV-2-N157E_T201F,10.442803382873535,test,10.36,1.036,0.08280338287353572
SARS-CoV-2-S29Q_I142L,10.584261894226074,test,10.41,1.0410000000000001,0.17426189422607408
SARS-CoV-2-Y35V_A190T_K199S,10.45523452758789,test,10.53,1.053,0.07476547241210874
SARS-CoV-2-R27E_T201Q,10.56605625152588,test,10.36,1.036,0.20605625152588125
SARS-CoV-2-L122Y_G146D,10.368173599243164,test,10.11,1.011,0.25817359924316463
SARS-CoV-2-S45T_F156A,10.42452335357666,test,10.3,1.03,0.12452335357665945
SARS-CoV-2-S36Q,10.444496154785156,test,8.7575,0.87575,1.686996154785156
SARS-CoV-2-K87I_G174A,10.43605613708496,test,10.53,1.053,0.0939438629150402
SARS-CoV-2-I28M_Y119C,10.47740364074707,test,10.255,1.0255,0.22240364074706953
SARS-CoV-2-S29Q_S41Y_N118Y_L125Q,10.343912124633787,test,10.38,1.038,0.036087875366213495
SARS-CoV-2-K87C_K114L,10.373617172241213,test,10.4,1.04,0.02638282775878764
SARS-CoV-2-L5M_T201A,10.347704887390137,test,10.48,1.048,0.1322951126098637
SARS-CoV-2-Y119A_G166Q_Y175Q,10.45163631439209,test,10.62,1.062,0.16836368560790937
SARS-CoV-2-P7Q_Y35L_Q168V,10.40787124633789,test,10.51,1.051,0.10212875366210916
SARS-CoV-2-P149L_T201N,10.429438591003418,test,10.27,1.027,0.1594385910034184
SARS-CoV-2-G166D_T170S,10.422555923461914,test,10.51,1.051,0.08744407653808572
SARS-CoV-2-Y35V,10.298784255981444,test,10.411818181818182,1.0411818181818182,0.11303392583673855
SARS-CoV-2-K132A,10.36098861694336,test,10.36,1.036,0.0009886169433599434
SARS-CoV-2-S36K_N110S,10.378450393676758,test,10.54,1.054,0.16154960632324133
SARS-CoV-2-G166I,10.322230339050291,test,10.415,1.0414999999999999,0.09276966094970795
SARS-CoV-2-N110K_Y119R_R124K,10.331568717956545,test,8.29,0.829,2.0415687179565456
SARS-CoV-2-Y119K_T148F,10.35877799987793,test,10.31,1.0310000000000001,0.04877799987792919
SARS-CoV-2-L60M_K87W_Y159S,10.327459335327148,test,9.94,0.994,0.38745933532714893
SARS-CoV-2-I28Y,10.590886116027832,test,10.5025,1.05025,0.08838611602783253
SARS-CoV-2-T55H_T63S,10.29543399810791,test,10.3,1.03,0.004566001892090554
SARS-CoV-2-A145F,10.334539413452148,test,10.14375,1.014375,0.19078941345214773
SARS-CoV-2-I2P_T100L,10.35468864440918,test,10.51,1.051,0.1553113555908201
SARS-CoV-2-A145N,10.34422779083252,test,10.2225,1.02225,0.12172779083251939
SARS-CoV-2-G166M_H189D_S200I,10.410005569458008,test,10.23,1.0230000000000001,0.1800055694580074
SARS-CoV-2-Y39L_T85I_T201S,10.380655288696287,test,10.13,1.0130000000000001,0.2506552886962865
SARS-CoV-2-R16H_G152S,10.306650161743164,test,10.21,1.0210000000000001,0.09665016174316321
SARS-CoV-2-Y175D,10.406856536865234,test,8.583333333333334,0.8583333333333334,1.8235232035319004
SARS-CoV-2-R27T_K128H_G166E,10.304776191711426,test,10.25,1.0250000000000001,0.05477619171142578
SARS-CoV-2-G9Q,10.316826820373535,test,10.36,1.036,0.043173179626464275
SARS-CoV-2-L5Q_Y50F,10.380989074707031,test,10.19,1.019,0.19098907470703175
SARS-CoV-2-K198T,10.454668045043944,test,10.363333333333332,1.036333333333333,0.09133471171061203
SARS-CoV-2-T148E_T201W,10.385567665100098,test,10.16,1.016,0.22556766510009751
SARS-CoV-2-P7D_A190R,10.561763763427734,test,10.32,1.032,0.2417637634277341
SARS-CoV-2-T170N_T201S,10.401681900024414,test,10.46,1.046,0.05831809997558679
SARS-CoV-2-V115N,10.320823669433594,test,10.306666666666668,1.0306666666666668,0.01415700276692533
SARS-CoV-2-G9T_L122S,10.472452163696287,test,10.43,1.043,0.04245216369628757
SARS-CoV-2-T55G_F156T,10.395866394042969,test,10.3,1.03,0.09586639404296804
SARS-CoV-2-S36N_V153E,10.522534370422363,test,10.65,1.0650000000000002,0.12746562957763707
SARS-CoV-2-G9A_G152K,10.38254451751709,test,10.23,1.0230000000000001,0.15254451751708942
SARS-CoV-2-K56D_T140R,10.386736869812012,test,10.43,1.043,0.043263130187988
SARS-CoV-2-A145V_P197R,10.397470474243164,test,10.44,1.044,0.04252952575683544
SARS-CoV-2-K87T_G172M_P197V,10.380269050598145,test,10.48,1.048,0.0997309494018559
SARS-CoV-2-V32M,10.314988136291504,test,10.59,1.059,0.27501186370849595
SARS-CoV-2-L5V_Y35M,10.413970947265623,test,10.44,1.044,0.02602905273437628
SARS-CoV-2-C61T_L125D_F156S,10.322486877441406,test,10.510000000000002,1.0510000000000002,0.1875131225585953
SARS-CoV-2-Y39L_K87N_D97N,10.387234687805176,test,10.25,1.0250000000000001,0.13723468780517578
SARS-CoV-2-V37H_R78Y_G166N_P197I,10.483131408691406,test,10.55,1.0550000000000002,0.06686859130859446
SARS-CoV-2-Y39A_N40K_N157E,10.461709976196287,test,10.42,1.042,0.04170997619628736
SARS-CoV-2-V32R_S53T_K87P,10.510137557983398,test,10.16,1.016,0.3501375579833983
SARS-CoV-2-I2F_I142M,10.314374923706056,test,10.29,1.029,0.024374923706057317
SARS-CoV-2-K48R_N151C,10.312307357788086,test,10.39,1.0390000000000001,0.07769264221191463
SARS-CoV-2-A145S_Y175L,10.364937782287598,test,10.5,1.05,0.13506221771240234
SARS-CoV-2-P7S_Y39I,10.339725494384766,test,10.58,1.058,0.24027450561523445
SARS-CoV-2-F156N_K199L,10.427014350891112,test,10.25,1.0250000000000001,0.1770143508911115
SARS-CoV-2-G9Y_K199C,10.385480880737305,test,10.45,1.045,0.0645191192626946
SARS-CoV-2-L5P_P54L,10.520626068115234,test,9.71,0.9710000000000001,0.8106260681152335
SARS-CoV-2-L95I_Y119D_Y175M,10.508455276489258,test,10.39,1.0390000000000001,0.11845527648925724
SARS-CoV-2-G9A_Y119E_T148E,10.40200901031494,test,10.16,1.016,0.2420090103149395
SARS-CoV-2-P149R_K198A,10.43418312072754,test,10.2,1.02,0.23418312072754155
SARS-CoV-2-P54F_T100Y,10.302974700927734,test,10.33,1.0330000000000001,0.027025299072265696
SARS-CoV-2-S36K_N118E,10.42534065246582,test,10.42,1.042,0.0053406524658203836
SARS-CoV-2-F160P_G172R,10.526521682739258,test,10.56,1.056,0.033478317260742685
SARS-CoV-2-Y119M_G152N,10.353500366210938,test,10.52,1.052,0.16649963378906207
SARS-CoV-2-V32S,10.308692932128906,test,10.585,1.0585000000000002,0.2763070678710946
SARS-CoV-2-S41T_A192V,10.374597549438477,test,10.31,1.0310000000000001,0.06459754943847607
SARS-CoV-2-H189A,10.37001609802246,test,10.16,1.016,0.21001609802245902
SARS-CoV-2-K128S_T170N,10.430025100708008,test,10.22,1.022,0.21002510070800717
SARS-CoV-2-Y35W_D97M,10.541777610778809,test,10.56,1.056,0.018222389221191904
SARS-CoV-2-K87A_T201V,10.45958423614502,test,10.55,1.0550000000000002,0.09041576385498118
SARS-CoV-2-P197I,10.486743927001951,test,10.53,1.053,0.04325607299804801
SARS-CoV-2-N120P_G166E,10.437207221984863,test,10.45,1.045,0.012792778015136008
SARS-CoV-2-P191G,10.397464752197266,test,10.16,1.016,0.23746475219726548
SARS-CoV-2-Q163N_T201D,10.379161834716797,test,10.09,1.0090000000000001,0.289161834716797
SARS-CoV-2-Y39M_C195S,10.511171340942385,test,10.35,1.035,0.16117134094238494
SARS-CoV-2-E141N_A190D,10.309656143188477,test,10.33,1.0330000000000001,0.02034385681152351
SARS-CoV-2-Y39L_Y119N_E141S,10.514183044433594,test,10.27,1.027,0.24418304443359418
SARS-CoV-2-Y119H_Q168L,10.343071937561035,test,10.2,1.02,0.14307193756103587
SARS-CoV-2-N120G_T201N,10.365863800048828,test,10.01,1.0010000000000001,0.35586380004882834
SARS-CoV-2-A190D,10.451196670532228,test,10.186666666666667,1.0186666666666668,0.2645300038655609
SARS-CoV-2-V37I_D97H_K198G,10.30447769165039,test,9.33,0.933,0.9744776916503906
SARS-CoV-2-T46Q_Y178F,10.339351654052734,test,10.67,1.067,0.33064834594726555
SARS-CoV-2-L5K_T100C,10.342275619506836,test,10.39,1.0390000000000001,0.04772438049316463
SARS-CoV-2-T55D_L60Y,10.396291732788086,test,10.37,1.037,0.02629173278808672
SARS-CoV-2-G9E_Y119V_F126Y,10.418279647827148,test,10.3,1.03,0.11827964782714773
SARS-CoV-2-K56S_F134Y,10.423097610473633,test,10.35,1.035,0.07309761047363317
SARS-CoV-2-K114M_T201D,10.441802024841309,test,10.37,1.037,0.07180202484130938
SARS-CoV-2-S43Y_E135Q,10.36514377593994,test,10.08,1.008,0.28514377593993956
SARS-CoV-2-E186N,10.31846809387207,test,10.43,1.043,0.1115319061279294
SARS-CoV-2-I104F_I142T,10.335688591003418,test,10.31,1.0310000000000001,0.02568859100341747
SARS-CoV-2-A42R_K87M_F156L,10.486842155456545,test,10.15,1.0150000000000001,0.3368421554565444
SARS-CoV-2-K26I_Y35M_F156R,10.477359771728516,test,10.39,1.0390000000000001,0.08735977172851506
SARS-CoV-2-Y119T_T201M,10.394487380981444,test,10.47,1.0470000000000002,0.0755126190185571
SARS-CoV-2-T55S_N120D_T201S,10.401289939880373,test,10.44,1.044,0.03871006011962663
SARS-CoV-2-K56D_T201G,10.523760795593262,test,10.6,1.06,0.07623920440673793
SARS-CoV-2-T15S_Y39T_P149L,10.338621139526367,test,10.07,1.0070000000000001,0.2686211395263669
SARS-CoV-2-Y39T_V65I,10.582670211791992,test,10.62,1.062,0.03732978820800703
SARS-CoV-2-F160T_Q168K,10.406579971313477,test,9.99,0.9990000000000001,0.41657997131347635
SARS-CoV-2-S29N,10.33022117614746,test,10.516666666666667,1.0516666666666667,0.18644549051920833
SARS-CoV-2-G9S_N130T,10.416929244995115,test,10.4,1.04,0.016929244995115056
SARS-CoV-2-V37I_S164K,10.478182792663574,test,10.51,1.051,0.03181720733642557
SARS-CoV-2-L5V_N120S,10.41335391998291,test,10.39,1.0390000000000001,0.023353919982909588
SARS-CoV-2-Y39L,10.596857070922852,test,10.482222222222225,1.0482222222222226,0.11463484870062679
SARS-CoV-2-K87A_T140L,10.32952117919922,test,10.5,1.05,0.17047882080077947
SARS-CoV-2-I28Y_K132S_E141D,10.553068161010742,test,10.57,1.0570000000000002,0.016931838989258097
SARS-CoV-2-Y35L_S41T_T55Q,10.499567031860352,test,10.35,1.035,0.14956703186035192
SARS-CoV-2-D59T_N120K,10.360832214355469,test,10.46,1.046,0.0991677856445321
SARS-CoV-2-S43N_K198L,10.348630905151367,test,10.32,1.032,0.028630905151366903
SARS-CoV-2-K114S,10.361412048339844,test,10.256666666666668,1.0256666666666667,0.10474538167317604
SARS-CoV-2-L5E_N64D,10.398859977722168,test,10.49,1.0490000000000002,0.09114002227783224
SARS-CoV-2-Y121L_L188P,10.340190887451172,test,10.07,1.0070000000000001,0.2701908874511716
SARS-CoV-2-T140M,10.307863235473633,test,10.4075,1.04075,0.09963676452636783
SARS-CoV-2-P54K_N151I_S200I,10.315839767456056,test,10.31,1.0310000000000001,0.0058397674560559665
SARS-CoV-2-N120K_P197K,10.495898246765137,test,10.28,1.028,0.21589824676513736
SARS-CoV-2-I2H_S53T,10.40643310546875,test,10.59,1.059,0.18356689453124986
SARS-CoV-2-S113A_G146S,10.30086898803711,test,10.51,1.051,0.2091310119628904
SARS-CoV-2-A192S,10.38451099395752,test,10.35142857142857,1.0351428571428571,0.033082422528948996
SARS-CoV-2-V37E_L60K,10.316320419311523,test,10.57,1.0570000000000002,0.25367958068847685
SARS-CoV-2-K48E_D98N,10.342855453491213,test,10.395,1.0395,0.05214454650878686
SARS-CoV-2-C61R_L122F_T201E,10.42924976348877,test,10.35,1.035,0.07924976348876989
SARS-CoV-2-D97T_S129A_Q168K,10.30614185333252,test,10.32,1.032,0.013858146667480753
SARS-CoV-2-G83K_Y119E,10.347223281860352,test,10.5,1.05,0.15277671813964844
SARS-CoV-2-I2T_V77L,10.376710891723633,test,10.37,1.037,0.006710891723633594
SARS-CoV-2-Y39K_F44W_T55Y,10.480233192443848,test,10.49,1.0490000000000002,0.009766807556152557
SARS-CoV-2-N40R_G172E,10.44453239440918,test,10.53,1.053,0.08546760559081967
SARS-CoV-2-I28M_S45A_L122E_Y143F,10.448917388916016,test,10.38,1.038,0.06891738891601484
SARS-CoV-2-S53H,10.313885688781738,test,10.18,1.018,0.13388568878173857
SARS-CoV-2-V37K_C61G_K114G_Y175S,10.333499908447266,test,10.38,1.038,0.04650009155273516
SARS-CoV-2-L122T_S200C,10.411967277526855,test,10.42,1.042,0.00803272247314446
SARS-CoV-2-I2K_L122F,10.376269340515137,test,10.49,1.0490000000000002,0.1137306594848635
SARS-CoV-2-N40E_G166E,10.429484367370604,test,10.44,1.044,0.01051563262939581
SARS-CoV-2-I2K_K114T,10.344359397888184,test,10.44,1.044,0.09564060211181591
SARS-CoV-2-T15S_Y66F,10.362131118774414,test,10.09,1.0090000000000001,0.2721311187744142
SARS-CoV-2-V32S_F160E_V173E,10.324402809143066,test,7.46,0.746,2.8644028091430664
SARS-CoV-2-D98S_F156R,10.36807632446289,test,10.25,1.0250000000000001,0.11807632446289062
SARS-CoV-2-Y159P,10.380151748657228,test,10.37,1.037,0.01015174865722912
SARS-CoV-2-G9D_Y39I_D59E_N151T,10.47245979309082,test,10.06,1.006,0.4124597930908198
SARS-CoV-2-V153Q,10.498111724853516,test,10.393333333333333,1.0393333333333332,0.10477839152018298
SARS-CoV-2-L122W_F156D,10.415789604187012,test,10.42,1.042,0.00421039581298821
SARS-CoV-2-N64H_Q168R_Y175R_H189S,10.374725341796877,test,10.05,1.0050000000000001,0.32472534179687607
SARS-CoV-2-V32Y_F160P,10.446097373962402,test,10.58,1.058,0.13390262603759773
SARS-CoV-2-L5V_N64T,10.326117515563965,test,10.37,1.037,0.043882484436034375
SARS-CoV-2-I28L_K56S,10.525978088378906,test,10.59,1.059,0.06402191162109361
SARS-CoV-2-N58H_Y119P,10.357032775878906,test,10.36,1.036,0.0029672241210931816
SARS-CoV-2-G174E,10.419880867004396,test,10.467,1.0467000000000002,0.04711913299560422
SARS-CoV-2-N64D,10.342689514160156,test,9.693333333333332,0.9693333333333332,0.6493561808268247
SARS-CoV-2-T55S,10.322335243225098,test,10.41777777777778,1.041777777777778,0.09544253455268148
SARS-CoV-2-T15S_K114M_Y175E,10.43784236907959,test,10.38,1.038,0.05784236907958906
SARS-CoV-2-P54H_G166D,10.425750732421877,test,10.17,1.0170000000000001,0.25575073242187685
SARS-CoV-2-S43T_Y119S,10.489672660827637,test,10.42,1.042,0.06967266082763679
SARS-CoV-2-F62C_N118S,10.311907768249512,test,10.61,1.061,0.2980922317504877
SARS-CoV-2-K87N_N171I,10.33521556854248,test,10.52,1.052,0.1847844314575191
SARS-CoV-2-Y121F_S129D,10.390539169311523,test,10.28,1.028,0.11053916931152408
SARS-CoV-2-I104L_N171Q,10.447750091552734,test,10.195,1.0195,0.2527500915527341
SARS-CoV-2-T170W,10.372371673583984,test,10.19,1.019,0.18237167358398487
SARS-CoV-2-R16D_G174K,10.470595359802246,test,10.45,1.045,0.020595359802246804
SARS-CoV-2-G9E_Q168I,10.297694206237791,test,10.66,1.066,0.36230579376220895
SARS-CoV-2-K128V_P197K,10.349676132202148,test,10.44,1.044,0.09032386779785107
SARS-CoV-2-L125Y_N151L,10.450160026550291,test,10.0,1.0,0.4501600265502912
SARS-CoV-2-V153N_T201M,10.391847610473633,test,10.48,1.048,0.08815238952636761
SARS-CoV-2-S41W_T46Q_L125R_L187I,10.305710792541504,test,10.28,1.028,0.025710792541504546
SARS-CoV-2-T55N_L188S,10.47637176513672,test,10.24,1.024,0.2363717651367203
SARS-CoV-2-A42R_Q163A,10.46079158782959,test,9.81,0.9810000000000001,0.6507915878295893
SARS-CoV-2-L125G_R136K,10.401411056518556,test,10.53,1.053,0.1285889434814429
SARS-CoV-2-E154L_Q168F,10.358114242553713,test,10.33,1.0330000000000001,0.028114242553712643
SARS-CoV-2-I2F_K114E,10.304152488708496,test,10.6,1.06,0.29584751129150355
SARS-CoV-2-V153D_T201K,10.34264087677002,test,10.39,1.0390000000000001,0.04735912322998104
SARS-CoV-2-S36A_T100C_K198Y,10.387824058532717,test,10.4,1.04,0.012175941467283735
SARS-CoV-2-D98S_Y119V_G172N,10.377670288085938,test,10.51,1.051,0.1323297119140623
SARS-CoV-2-S29A_L125P,10.40059757232666,test,10.38,1.038,0.020597572326659375
SARS-CoV-2-S43T_N64V,10.303505897521973,test,10.1,1.01,0.203505897521973
SARS-CoV-2-R78H_I104V_L187Q,10.356714248657228,test,10.32,1.032,0.036714248657228055
SARS-CoV-2-I2V_P54L,10.442514419555664,test,10.37,1.037,0.07251441955566484
SARS-CoV-2-C61Q_Q168L,10.299083709716797,test,10.38,1.038,0.0809162902832039
SARS-CoV-2-S53Q,10.413471221923828,test,10.435,1.0435,0.021528778076172372
SARS-CoV-2-K26V_V173M,10.426630020141602,test,10.4,1.04,0.026630020141601207
SARS-CoV-2-Y35M_C61S_A190K,10.444564819335938,test,10.47,1.0470000000000002,0.02543518066406314
SARS-CoV-2-V37E_T63N_G172Y,10.371705055236816,test,9.95,0.995,0.4217050552368171
SARS-CoV-2-I28Y_K56R_K87A,10.484345436096191,test,10.23,1.0230000000000001,0.254345436096191
SARS-CoV-2-T3S_F156P,10.350210189819336,test,10.52,1.052,0.16978981018066364
SARS-CoV-2-S147K,10.312026977539062,test,10.57,1.0570000000000002,0.2579730224609378
SARS-CoV-2-K87V,10.342930793762209,test,10.128,1.0128000000000001,0.2149307937622087
SARS-CoV-2-L5H_S129D,10.507198333740234,test,9.96,0.9960000000000001,0.5471983337402335
SARS-CoV-2-T3Q_K199F,10.408732414245604,test,10.06,1.006,0.3487324142456032
SARS-CoV-2-V153G,10.33694553375244,test,10.246666666666666,1.0246666666666666,0.09027886708577348
SARS-CoV-2-G9S_D98N_L122C,10.433771133422852,test,10.5,1.05,0.06622886657714844
SARS-CoV-2-L188V_K199I,10.36406421661377,test,10.56,1.056,0.19593578338623097
SARS-CoV-2-F17W_T170Q,10.436600685119627,test,10.56,1.056,0.12339931488037337
SARS-CoV-2-T100Y_T140A,10.33733367919922,test,10.21,1.0210000000000001,0.12733367919921967
SARS-CoV-2-R27E_T100F_Q168N,10.362021446228027,test,10.24,1.024,0.12202144622802713
SARS-CoV-2-A42G_Y175R,10.298174858093262,test,10.53,1.053,0.23182514190673764
SARS-CoV-2-P7Q_F44Y,10.32578945159912,test,10.12,1.012,0.2057894515991201
SARS-CoV-2-Q163E,10.469209671020508,test,10.25,1.0250000000000001,0.2192096710205078
SARS-CoV-2-R27V_K87E,10.301833152770996,test,10.285,1.0285,0.01683315277099595
SARS-CoV-2-I2T_T55Y,10.428850173950195,test,10.51,1.051,0.08114982604980447
SARS-CoV-2-R78H,10.501832008361816,test,10.405,1.0405,0.09683200836181705
SARS-CoV-2-S36G_F156N,10.359098434448242,test,10.53,1.053,0.17090156555175717
SARS-CoV-2-K87L_L122F,10.367067337036133,test,10.53,1.053,0.16293266296386655
SARS-CoV-2-R73K_T170Q,10.342782020568848,test,10.7,1.07,0.35721797943115163
SARS-CoV-2-N4Q_F126H,10.505023002624512,test,10.41,1.0410000000000001,0.09502300262451158
SARS-CoV-2-R78T_Y91L_F156H_Y178H,10.358475685119627,test,10.44,1.044,0.08152431488037237
SARS-CoV-2-Y35V_K114G,10.335485458374023,test,10.4,1.04,0.06451454162597692
SARS-CoV-2-N110S_T148E_T201Y,10.475869178771973,test,10.31,1.0310000000000001,0.16586917877197216
SARS-CoV-2-V37W_G116S,10.507946968078612,test,10.53,1.053,0.022053031921387856
SARS-CoV-2-Y39T_T201M,10.497526168823242,test,10.485,1.0485,0.012526168823242756
SARS-CoV-2-L125M_S147N,10.495473861694336,test,10.49,1.0490000000000002,0.005473861694335724
SARS-CoV-2-R78H_K87G,10.431394577026367,test,10.33,1.0330000000000001,0.10139457702636712
SARS-CoV-2-I2L_V37T,10.4356050491333,test,10.51,1.051,0.074394950866699
SARS-CoV-2-P54V_N130V_I142P_K198S,10.292831420898438,test,10.35,1.035,0.057168579101562145
SARS-CoV-2-N24T_N151L,10.393346786499023,test,10.49,1.0490000000000002,0.09665321350097678
SARS-CoV-2-K199G,10.387018203735352,test,10.446666666666667,1.0446666666666669,0.05964846293131565
SARS-CoV-2-K87S_Y121L,10.30821704864502,test,10.36,1.036,0.0517829513549799
SARS-CoV-2-V37S_C61L,10.355801582336426,test,10.33,1.0330000000000001,0.02580158233642571
SARS-CoV-2-V37W_Y119N,10.610702514648438,test,10.22,1.022,0.39070251464843686
SARS-CoV-2-V115Q,10.394087791442873,test,10.373333333333331,1.0373333333333332,0.020754458109541574
SARS-CoV-2-L125R_Y175M,10.498263359069824,test,10.61,1.061,0.11173664093017521
SARS-CoV-2-N1S_D98N,10.343862533569336,test,10.3,1.03,0.04386253356933523
SARS-CoV-2-K56G_K87S,10.297988891601562,test,10.52,1.052,0.22201110839843707
SARS-CoV-2-K132N,10.35496711730957,test,9.394,0.9394,0.9609671173095702
SARS-CoV-2-Y119R_Q163R,10.37538242340088,test,10.35,1.035,0.025382423400881038
SARS-CoV-2-N40R_T170K,10.31218719482422,test,10.43,1.043,0.11781280517577919
SARS-CoV-2-L60M_G146A_G174D,10.432413101196287,test,10.64,1.064,0.20758689880371328
SARS-CoV-2-V37E_G155R,10.305917739868164,test,10.32,1.032,0.014082260131836222
SARS-CoV-2-T100F,10.48467254638672,test,10.437857142857142,1.0437857142857143,0.04681540352957825
SARS-CoV-2-F134Y_Y143F_P149D,10.302146911621094,test,10.33,1.0330000000000001,0.02785308837890632
SARS-CoV-2-T63N_Y119N_K128S_F156G_A190R,10.43947982788086,test,10.35,1.035,0.08947982788085973
SARS-CoV-2-Y35F_F156P_K198C,10.508430480957031,test,10.5,1.05,0.00843048095703125
SARS-CoV-2-S53T_G166T,10.448526382446287,test,10.33,1.0330000000000001,0.11852638244628722
SARS-CoV-2-N151M,10.322078704833984,test,10.24,1.024,0.08207870483398416
SARS-CoV-2-V37G_P149I_G166T,10.322494506835938,test,10.26,1.026,0.06249450683593771
SARS-CoV-2-A192E_T201L,10.351353645324709,test,10.61,1.061,0.2586463546752906
SARS-CoV-2-G51R,10.380657196044922,test,10.345384615384615,1.0345384615384616,0.035272580660306474
SARS-CoV-2-D90N_Y175E_K198D,10.352701187133787,test,10.58,1.058,0.22729881286621278
SARS-CoV-2-L125R_K132Y,10.435335159301758,test,10.35,1.035,0.08533515930175817
SARS-CoV-2-K87S_V173K,10.443887710571287,test,10.52,1.052,0.07611228942871229
SARS-CoV-2-G9K_Y39M,10.367207527160645,test,10.43,1.043,0.06279247283935518
SARS-CoV-2-V37T_K48I_V153S,10.332642555236816,test,10.65,1.0650000000000002,0.31735744476318395
SARS-CoV-2-D97E_V173L,10.32270336151123,test,10.49,1.0490000000000002,0.16729663848876974
SARS-CoV-2-E154V_V173I_K199L,10.295866012573242,test,10.13,1.0130000000000001,0.1658660125732414
SARS-CoV-2-A18S_N64T,10.341768264770508,test,10.58,1.058,0.23823173522949226
SARS-CoV-2-V11I_T55E_T148H_Y175L,10.383079528808594,test,10.52,1.052,0.13692047119140582
SARS-CoV-2-I28F_L60R_G146S,10.357234001159668,test,10.21,1.0210000000000001,0.14723400115966712
SARS-CoV-2-T55A_K128R,10.393789291381836,test,10.36,1.036,0.033789291381836506
SARS-CoV-2-T100C_V153R,10.350937843322754,test,10.34,1.034,0.010937843322754048
SARS-CoV-2-F156E_T201P,10.328309059143066,test,10.54,1.054,0.21169094085693274
