seq_id,predicted_value,mode,ACE2-binding_affinity,threshold,abs_diff
SARS-CoV-2-L5S_A18S_Y123K_S129T,10.841137886047363,train,10.81,1.0810000000000002,0.031137886047362784
SARS-CoV-2-L60M_K132L,10.84556007385254,train,10.89,1.0890000000000002,0.04443992614745973
SARS-CoV-2-Y35F,10.792743682861328,train,10.765833333333331,1.0765833333333332,0.026910349527996758
SARS-CoV-2-Y35L_T201R,10.800141334533691,train,10.83,1.083,0.029858665466308665
SARS-CoV-2-F44Y_L131I,10.821685791015623,train,10.87,1.087,0.048314208984375995
SARS-CoV-2-N120Q_T201N,10.841205596923828,train,10.87,1.087,0.028794403076171093
SARS-CoV-2-K198G,10.81196117401123,train,10.7825,1.0782500000000002,0.02946117401122983
SARS-CoV-2-L122K_E135K,10.818336486816406,train,10.83,1.083,0.011663513183593821
SARS-CoV-2-I2L_T55Y,10.935853958129885,train,10.97,1.0970000000000002,0.03414604187011605
SARS-CoV-2-S43L,10.80817985534668,train,10.780833333333334,1.0780833333333335,0.027346522013345975
SARS-CoV-2-N58T_Y123F,10.948762893676758,train,10.99,1.099,0.0412371063232424
SARS-CoV-2-N110K,10.888795852661133,train,10.895,1.0895,0.006204147338866761
SARS-CoV-2-G9D_S139T,10.845831871032717,train,10.86,1.086,0.014168128967282811
SARS-CoV-2-Q163G_V173L,10.853696823120115,train,10.85,1.085,0.0036968231201157664
SARS-CoV-2-S41R_F62T_Q163A,10.847580909729004,train,10.885,1.0885,0.03741909027099588
SARS-CoV-2-I2P_N130V,10.883804321289062,train,10.88,1.088,0.0038043212890617184
SARS-CoV-2-V115I_P197E,10.802562713623049,train,10.82,1.082,0.017437286376951633
SARS-CoV-2-T100Y,10.83336353302002,train,10.8,1.08,0.03336353302001882
SARS-CoV-2-L5Q_R27Q,10.846002578735352,train,10.89,1.0890000000000002,0.043997421264649006
SARS-CoV-2-L5T_D98T_L122S,10.846786499023438,train,10.86,1.086,0.013213500976561932
SARS-CoV-2-G9E_V32R,10.863031387329102,train,10.88,1.088,0.01696861267089922
SARS-CoV-2-S43M_T148R_T201I,10.810373306274414,train,10.81,1.0810000000000002,0.0003733062744135651
SARS-CoV-2-T55F_R136K_P197V,10.82094383239746,train,10.79,1.079,0.030943832397460014
SARS-CoV-2-V153L_A192T,10.81418228149414,train,10.82,1.082,0.005817718505859659
SARS-CoV-2-L5Q_R136K,10.829216003417969,train,10.855,1.0855000000000001,0.025783996582031676
SARS-CoV-2-I28L_L122A,10.951700210571287,train,10.95,1.095,0.0017002105712879967
SARS-CoV-2-K56A_T148R,10.842887878417969,train,10.87,1.087,0.02711212158203047
SARS-CoV-2-A33W_T201H,10.918699264526367,train,10.94,1.094,0.021300735473632315
SARS-CoV-2-I2E_S129R,10.87599754333496,train,10.86,1.086,0.01599754333495973
SARS-CoV-2-D98K_N110K,10.845803260803224,train,10.88,1.088,0.03419673919677635
SARS-CoV-2-S147H,10.81649398803711,train,10.845,1.0845,0.028506011962891264
SARS-CoV-2-P197K,10.831891059875488,train,10.836666666666666,1.0836666666666666,0.004775606791177722
SARS-CoV-2-D98N_S147T,10.819720268249512,train,10.79,1.079,0.02972026824951257
SARS-CoV-2-N130K_V153L,10.824480056762695,train,10.82,1.082,0.004480056762695028
SARS-CoV-2-K56R_L122A,10.979870796203612,train,10.975,1.0975,0.00487079620361186
SARS-CoV-2-L122K_S129L,10.985761642456056,train,10.97,1.0970000000000002,0.015761642456055824
SARS-CoV-2-Y66M_P197A,10.851937294006348,train,10.87,1.087,0.018062705993651562
SARS-CoV-2-R16K_K128L_P197L,10.829437255859377,train,10.875,1.0875000000000001,0.045562744140623224
SARS-CoV-2-Y66T_F160A,10.81839656829834,train,10.85,1.085,0.0316034317016598
SARS-CoV-2-P197S,10.825250625610352,train,10.836666666666668,1.0836666666666668,0.011416041056316217
SARS-CoV-2-L122Q_S147Q_K198L,10.853181838989258,train,10.85,1.085,0.0031818389892581678
SARS-CoV-2-T55A_N64A,10.824506759643556,train,10.84,1.084,0.015493240356443394
SARS-CoV-2-T85M_N171V,10.858529090881348,train,10.86,1.086,0.0014709091186517753
SARS-CoV-2-T100V_Q163S,10.81833267211914,train,10.83,1.083,0.011667327880859446
SARS-CoV-2-R16S_K56S_G83N,10.851861000061035,train,10.84,1.084,0.011861000061035298
SARS-CoV-2-V37G_T148L,10.846396446228027,train,10.85,1.085,0.003603553771972301
SARS-CoV-2-Q168H_L188T,11.18606185913086,train,11.2,1.1199999999999999,0.013938140869139914
SARS-CoV-2-N4D,10.809999465942385,train,10.82875,1.082875,0.018750534057614843
SARS-CoV-2-N64Y_G152N,10.84336280822754,train,10.83,1.083,0.013362808227540768
SARS-CoV-2-N1P_V37I_Y39V_N130S,10.905776977539062,train,10.9,1.09,0.005776977539062145
SARS-CoV-2-L5K_S36L,10.821850776672363,train,10.83,1.083,0.00814922332763679
SARS-CoV-2-S43A_T201H,10.86118984222412,train,10.91,1.091,0.048810157775880825
SARS-CoV-2-S43R_P197Y,10.894818305969238,train,10.9,1.09,0.005181694030762074
SARS-CoV-2-I28F_E141F,10.922883987426758,train,10.93,1.093,0.007116012573241903
SARS-CoV-2-S43I_L60M,10.793695449829102,train,10.78,1.078,0.013695449829102202
SARS-CoV-2-S129K_F160C_T201I,10.862873077392578,train,10.86,1.086,0.0028730773925786934
SARS-CoV-2-F62S_T85K_Y123F,10.883825302124023,train,10.89,1.0890000000000002,0.006174697875977131
SARS-CoV-2-T55L_A192L,10.849692344665527,train,10.88,1.088,0.030307655334473438
SARS-CoV-2-V37L_K199V,10.907696723937988,train,10.94,1.094,0.03230327606201122
SARS-CoV-2-V37G_P197M,10.860559463500977,train,10.85,1.085,0.010559463500976918
SARS-CoV-2-P54K_S139N,10.816000938415527,train,10.81,1.0810000000000002,0.006000938415526846
SARS-CoV-2-S147V_F160N,10.81029987335205,train,10.83,1.083,0.01970012664794929
SARS-CoV-2-I2K_P54K,10.900344848632812,train,10.92,1.092,0.01965515136718743
SARS-CoV-2-L60A_Q168H,11.062055587768556,train,11.08,1.108,0.017944412231443607
SARS-CoV-2-I2H_G9S,10.839998245239258,train,10.85,1.085,0.010001754760741832
SARS-CoV-2-Q163Y_A192V,11.047147750854492,train,11.08,1.108,0.032852249145507884
SARS-CoV-2-Y39F_K198G,10.87870979309082,train,10.96,1.096,0.08129020690918054
SARS-CoV-2-F156M_Q168W,10.79384422302246,train,10.81,1.0810000000000002,0.016155776977541336
SARS-CoV-2-I2F_P54A_P197R,10.834113121032717,train,10.85,1.085,0.015886878967283025
SARS-CoV-2-T55F_P197V,10.86404800415039,train,10.89,1.0890000000000002,0.025951995849609943
SARS-CoV-2-S36L_K56E,10.81113052368164,train,10.81,1.0810000000000002,0.0011305236816401276
SARS-CoV-2-T85R_H189Y,10.821540832519531,train,10.82,1.082,0.0015408325195309658
SARS-CoV-2-P54T_Q84M_T100C_V153Y,10.802900314331056,train,10.81,1.0810000000000002,0.0070996856689440335
SARS-CoV-2-E10I_L122K,10.900091171264648,train,10.91,1.091,0.009908828735351705
SARS-CoV-2-D97R_N110K,10.804662704467772,train,10.81,1.0810000000000002,0.005337295532228836
SARS-CoV-2-T3Y_V37S,10.81960391998291,train,10.82,1.082,0.00039608001709012797
SARS-CoV-2-K56E_N120R,10.84366226196289,train,10.84,1.084,0.003662261962890767
SARS-CoV-2-S19P_T55I_L111I,10.855474472045898,train,10.88,1.088,0.024525527954102344
SARS-CoV-2-K199Q,10.813029289245604,train,10.875,1.0875000000000001,0.06197071075439631
SARS-CoV-2-I2S_A18S,10.80471134185791,train,10.82,1.082,0.015288658142090128
SARS-CoV-2-L5T_H189Q,10.821622848510742,train,10.82,1.082,0.0016228485107419033
SARS-CoV-2-V37R_L122M_P149S,10.793721199035645,train,10.8,1.08,0.006278800964356179
SARS-CoV-2-D59T_L122K_N130F,11.01663589477539,train,11.03,1.103,0.013364105224608736
SARS-CoV-2-P197E,10.800739288330078,train,10.836666666666666,1.0836666666666666,0.03592737833658788
SARS-CoV-2-S200H,10.823551177978516,train,10.833333333333334,1.0833333333333335,0.0097821553548183
SARS-CoV-2-S29T,10.814510345458984,train,10.825,1.0825,0.010489654541014914
SARS-CoV-2-F44M_P197A,10.796278953552246,train,10.78,1.078,0.016278953552246733
SARS-CoV-2-T15E_L122K,10.86671543121338,train,10.88,1.088,0.013284568786620099
SARS-CoV-2-L5G_F8L_K199D,10.81867790222168,train,10.86,1.086,0.041322097778319744
SARS-CoV-2-N1Q_P197R,10.824792861938477,train,10.82,1.082,0.004792861938476278
SARS-CoV-2-P197G,10.794163703918455,train,10.818,1.0818,0.02383629608154436
SARS-CoV-2-L5Q_R16Y_S164T,10.79704761505127,train,10.79,1.079,0.007047615051270384
SARS-CoV-2-V37F_T140K,10.881486892700195,train,10.92,1.092,0.038513107299804616
SARS-CoV-2-K26R_S53L_L60Y_E154R_T201Q,11.09477710723877,train,11.1,1.11,0.0052228927612301135
SARS-CoV-2-P149S_Q168Y,11.087486267089844,train,11.1,1.11,0.012513732910155895
SARS-CoV-2-Q163Y,10.907567977905272,train,10.915,1.0915,0.007432022094727486
SARS-CoV-2-S43R_S129T,10.859243392944336,train,10.85,1.085,0.009243392944336293
SARS-CoV-2-L5Q_T201S,10.794757843017578,train,10.77,1.077,0.02475784301757855
SARS-CoV-2-R16N_V32E,10.8369140625,train,10.82,1.082,0.016914062499999716
SARS-CoV-2-T201I,10.79661750793457,train,10.787142857142856,1.0787142857142855,0.009474650791714723
SARS-CoV-2-I2T_K199M,10.837665557861328,train,10.89,1.0890000000000002,0.05233444213867244
SARS-CoV-2-T46V_P197V,10.850624084472656,train,10.83,1.083,0.02062408447265618
SARS-CoV-2-F160S_S200M,10.84736442565918,train,10.86,1.086,0.012635574340819744
SARS-CoV-2-Y39K_T201N,10.793694496154783,train,10.8,1.08,0.006305503845217331
SARS-CoV-2-L188V,10.799179077148438,train,10.786666666666669,1.0786666666666669,0.012512410481768654
SARS-CoV-2-T140K_F160A,10.83123779296875,train,10.81,1.0810000000000002,0.021237792968749503
SARS-CoV-2-T3L_P54I,10.839677810668944,train,10.83,1.083,0.009677810668943465
SARS-CoV-2-P197V_T201D,10.80948257446289,train,10.79,1.079,0.019482574462891478
SARS-CoV-2-D59S,10.793327331542969,train,10.81,1.0810000000000002,0.016672668457031747
SARS-CoV-2-V37L_Y91F,10.871891021728516,train,10.87,1.087,0.0018910217285164066
SARS-CoV-2-N40R_T85R_D97Y_L122S_K199R,10.850093841552734,train,10.82,1.082,0.03009384155273409
SARS-CoV-2-T100F_A190G_T201V,10.850340843200684,train,10.825,1.0825,0.025340843200684304
SARS-CoV-2-T55S_T85K,10.831415176391602,train,10.84,1.084,0.008584823608398295
SARS-CoV-2-S147N,10.860148429870604,train,10.836666666666666,1.0836666666666666,0.02348176320393769
SARS-CoV-2-K87F_Y123F,10.916133880615234,train,10.94,1.094,0.023866119384765128
SARS-CoV-2-S129G_T201R,10.898927688598633,train,10.92,1.092,0.021072311401367116
SARS-CoV-2-V173R,10.82624626159668,train,10.803076923076922,1.0803076923076922,0.023169338519757332
SARS-CoV-2-A18T_P197S,10.803587913513184,train,10.79,1.079,0.013587913513184446
SARS-CoV-2-Y123K,10.967906951904297,train,10.92,1.092,0.047906951904296946
SARS-CoV-2-P7N_S36K,10.843159675598145,train,10.85,1.085,0.0068403244018551135
SARS-CoV-2-Y39F_S139T,10.84379768371582,train,10.85,1.085,0.006202316284179332
SARS-CoV-2-L122F_H189S,10.870672225952148,train,10.89,1.0890000000000002,0.01932777404785213
SARS-CoV-2-N1L_K198M,10.846723556518556,train,10.89,1.0890000000000002,0.043276443481444105
SARS-CoV-2-T140N_P191S,10.804841995239258,train,10.78,1.078,0.024841995239258452
SARS-CoV-2-D97F_P191R_T201R,10.829940795898438,train,10.83,1.083,5.9204101562571054e-05
SARS-CoV-2-A33F_D59S,10.822967529296877,train,10.84,1.084,0.01703247070312308
SARS-CoV-2-I2E_K198R,10.797260284423828,train,10.77,1.077,0.02726028442382855
SARS-CoV-2-N1S_T100I,10.828328132629396,train,10.86,1.086,0.031671867370603124
SARS-CoV-2-Y123K_P197M,11.094151496887209,train,11.09,1.109,0.00415149688720895
SARS-CoV-2-P54I_N64W_L122M,10.805561065673828,train,10.78,1.078,0.025561065673828764
SARS-CoV-2-S147T,10.803766250610352,train,10.785833333333334,1.0785833333333334,0.01793291727701707
SARS-CoV-2-N64Y_L122C,10.852869033813477,train,10.82,1.082,0.03286903381347628
SARS-CoV-2-Y39K_C61K,10.797237396240234,train,10.8,1.08,0.0027626037597663355
SARS-CoV-2-Y91F_Y123F,10.897878646850586,train,10.9,1.09,0.0021213531494144178
SARS-CoV-2-K128P_V173M,10.91790771484375,train,10.9,1.09,0.017907714843749645
SARS-CoV-2-P54R,10.821114540100098,train,10.78375,1.078375,0.037364540100098154
SARS-CoV-2-N4K_T46Q,10.84950828552246,train,10.85,1.085,0.0004917144775404836
SARS-CoV-2-N64S_G196W,10.802297592163086,train,10.82,1.082,0.017702407836914347
SARS-CoV-2-L5W_V37E,10.908117294311523,train,10.91,1.091,0.0018827056884767046
SARS-CoV-2-T3V_Y39V,10.82065773010254,train,10.83,1.083,0.009342269897459232
SARS-CoV-2-Y35L_S129T_T201R,10.805212020874023,train,10.79,1.079,0.01521202087402429
SARS-CoV-2-T3Q_S43G_L122Y,10.843961715698242,train,10.85,1.085,0.006038284301757457
SARS-CoV-2-I2D_T100Q_S129T,10.881418228149414,train,10.86,1.086,0.02141822814941463
SARS-CoV-2-A18S_V37L,10.88830280303955,train,10.87,1.087,0.018302803039551563
SARS-CoV-2-T55H,10.817684173583984,train,10.806,1.0806,0.011684173583985213
SARS-CoV-2-T55N,10.797341346740724,train,10.80714285714286,1.0807142857142862,0.00980151040213606
SARS-CoV-2-K26T,10.831809043884276,train,10.841666666666669,1.084166666666667,0.009857622782392994
SARS-CoV-2-K26R,10.833454132080078,train,10.798,1.0798,0.03545413208007808
SARS-CoV-2-T55S_K199M,10.801944732666016,train,10.8,1.08,0.0019447326660149145
SARS-CoV-2-L5S_D97L,10.812969207763672,train,10.82,1.082,0.007030792236328409
SARS-CoV-2-T148A_T201N,10.818411827087402,train,10.85,1.085,0.0315881729125973
SARS-CoV-2-N4S_S29K,10.821782112121582,train,10.86,1.086,0.0382178878784174
SARS-CoV-2-L5K_N40K,10.844260215759276,train,10.88,1.088,0.035739784240725214
SARS-CoV-2-G9S_L122K,11.066045761108398,train,11.07,1.107,0.003954238891601847
SARS-CoV-2-S53K_V173R,10.985490798950195,train,10.98,1.098,0.005490798950194886
SARS-CoV-2-T3H_I28Y,10.813386917114258,train,10.81,1.0810000000000002,0.003386917114257315
SARS-CoV-2-L111V,10.81923484802246,train,10.85,1.085,0.030765151977540484
SARS-CoV-2-G9D,10.882488250732422,train,10.881428571428572,1.0881428571428573,0.0010596793038502028
SARS-CoV-2-T100F_K199N,10.79330825805664,train,10.8,1.08,0.0066917419433600855
SARS-CoV-2-G146S_T201S,10.794106483459473,train,10.78,1.078,0.014106483459473296
SARS-CoV-2-I28Y_L57Y_N171T_L187K,10.859458923339844,train,10.84,1.084,0.019458923339843892
SARS-CoV-2-T85K_T148Q,10.856759071350098,train,10.91,1.091,0.053240928649902486
SARS-CoV-2-S36T_L60V_S147N,10.822795867919922,train,10.83,1.083,0.007204132080078196
SARS-CoV-2-N24K_N130Y,10.825586318969728,train,10.815,1.0815,0.010586318969728836
SARS-CoV-2-G51R_K114H,10.80487060546875,train,10.79,1.079,0.014870605468750853
SARS-CoV-2-T100V_N151G,10.816444396972656,train,10.86,1.086,0.04355560302734318
SARS-CoV-2-T148S_F160W,10.797359466552734,train,10.82,1.082,0.02264053344726591
SARS-CoV-2-N4T_L122T,10.80397605895996,train,10.77,1.077,0.03397605895995959
SARS-CoV-2-A33W_T201D,10.855377197265623,train,10.87,1.087,0.014622802734375995
SARS-CoV-2-P54L_D97N,10.820940017700195,train,10.83,1.083,0.009059982299804759
SARS-CoV-2-I28F_T148N,10.802356719970703,train,10.81,1.0810000000000002,0.007643280029297372
SARS-CoV-2-A42R_L122K,11.112276077270508,train,11.13,1.1130000000000002,0.01772392272949297
SARS-CoV-2-R16T_L60Q,10.803364753723145,train,10.84,1.084,0.03663524627685533
SARS-CoV-2-V37S_K128P,10.807994842529297,train,10.79,1.079,0.017994842529297728
SARS-CoV-2-L5I_S53V,10.81620979309082,train,10.83,1.083,0.013790206909179759
SARS-CoV-2-T140S_F160Y,10.822017669677734,train,10.82,1.082,0.0020176696777340908
SARS-CoV-2-T201A,10.813166618347168,train,10.789375,1.0789375,0.023791618347168253
SARS-CoV-2-K56T_T140A_T201M,10.796463966369627,train,10.8,1.08,0.0035360336303735806
SARS-CoV-2-E10R_Q163V,10.849081039428713,train,10.86,1.086,0.010918960571286718
SARS-CoV-2-P54A_C61E,10.82126235961914,train,10.84,1.084,0.018737640380859233
SARS-CoV-2-K128M_E154R,10.880078315734863,train,10.89,1.0890000000000002,0.009921684265137287
SARS-CoV-2-R27Q_S139K_N171W,10.864202499389648,train,10.88,1.088,0.015797500610352344
SARS-CoV-2-V37H,10.838149070739746,train,10.818,1.0818,0.020149070739746477
SARS-CoV-2-I2M,10.81322193145752,train,10.813,1.0813000000000001,0.00022193145751892018
SARS-CoV-2-T3D_E154R,10.949094772338867,train,10.94,1.094,0.009094772338867685
SARS-CoV-2-I142M,10.802383422851562,train,10.81142857142857,1.081142857142857,0.009045148577007112
SARS-CoV-2-L122T_V173F,10.870187759399414,train,10.88,1.088,0.009812240600586719
SARS-CoV-2-T3M_P197L,10.810197830200195,train,10.81,1.0810000000000002,0.00019783020019481512
SARS-CoV-2-K56N_T140R,10.820596694946287,train,10.79,1.079,0.03059669494628814
SARS-CoV-2-R16Q,10.809471130371094,train,10.75,1.075,0.05947113037109375
SARS-CoV-2-R16N_K132S,10.890825271606444,train,10.89,1.0890000000000002,0.0008252716064429677
SARS-CoV-2-N4T_T85R,10.817012786865234,train,10.81,1.0810000000000002,0.007012786865233878
SARS-CoV-2-V37F_F62S,10.88540267944336,train,10.9,1.09,0.01459732055664098
SARS-CoV-2-S41D_L60M_T201Y,10.801141738891602,train,10.82,1.082,0.01885826110839872
SARS-CoV-2-V52I_D98N_S129N,10.812711715698242,train,10.83,1.083,0.017288284301757884
SARS-CoV-2-Y39I,10.840776443481444,train,10.86875,1.086875,0.02797355651855682
SARS-CoV-2-L122S,10.829183578491213,train,10.818125,1.0818125,0.0110585784912125
SARS-CoV-2-V37A,10.91928482055664,train,10.925555555555556,1.0925555555555557,0.006270734998915728
SARS-CoV-2-K26V_T85N_I104Y_F160K,10.82990550994873,train,10.82,1.082,0.009905509948730185
SARS-CoV-2-T55L_L111V,10.814770698547363,train,10.84,1.084,0.025229301452636577
SARS-CoV-2-N4E,10.84189224243164,train,10.825,1.0825,0.016892242431641336
SARS-CoV-2-D97I_S129T,10.796870231628418,train,10.78,1.078,0.016870231628418608
SARS-CoV-2-T100R,10.79634952545166,train,10.784444444444444,1.0784444444444445,0.011905081007215657
SARS-CoV-2-Y39L_T55A,10.926115036010742,train,10.94,1.094,0.013884963989257315
SARS-CoV-2-K199P,10.801368713378906,train,10.8,1.08,0.0013687133789055395
SARS-CoV-2-T15S_K128A_P197Q,10.848260879516602,train,10.87,1.087,0.021739120483397656
SARS-CoV-2-N64K_L122K,10.827253341674805,train,10.81,1.0810000000000002,0.01725334167480419
SARS-CoV-2-L60Y_P197E,10.880157470703123,train,10.89,1.0890000000000002,0.009842529296877345
SARS-CoV-2-I2L_S129V,10.805155754089355,train,10.825,1.0825,0.01984424591064382
SARS-CoV-2-G83R_L111K_L122M_T201S,10.841102600097656,train,10.85,1.085,0.008897399902343395
SARS-CoV-2-V173I_T201L,10.895416259765623,train,10.96,1.096,0.06458374023437763
SARS-CoV-2-N64D_T100F_Q163L_P197F,10.847078323364258,train,10.86,1.086,0.012921676635741619
SARS-CoV-2-K56S_T85R,10.846464157104492,train,10.855,1.0855000000000001,0.008535842895508239
SARS-CoV-2-I2L_S129G,10.900001525878906,train,10.9,1.09,1.5258789058947286e-06
SARS-CoV-2-L5Y_T63R_S129K,10.822168350219728,train,10.83,1.083,0.007831649780271732
SARS-CoV-2-T85R_L111Y,10.835088729858398,train,10.85,1.085,0.014911270141601207
SARS-CoV-2-T55S_K114W_T201M,10.840925216674805,train,10.84,1.084,0.0009252166748048296
SARS-CoV-2-S41T_L122S,10.940032958984377,train,10.93,1.093,0.01003295898437706
SARS-CoV-2-K56L_P197A,10.814617156982422,train,10.88,1.088,0.0653828430175789
SARS-CoV-2-V37R_N64T,10.8492431640625,train,10.86,1.086,0.010756835937499432
SARS-CoV-2-V37P_T55Q,10.877286911010742,train,10.88,1.088,0.002713088989258594
SARS-CoV-2-L5W_K128T,10.81577968597412,train,10.81,1.0810000000000002,0.00577968597411882
SARS-CoV-2-R16E_T85S,10.879045486450195,train,10.89,1.0890000000000002,0.010954513549805256
SARS-CoV-2-N110H,10.793659210205078,train,10.796666666666669,1.079666666666667,0.0030074564615905075
SARS-CoV-2-P197T_T201S,10.82815647125244,train,10.82,1.082,0.008156471252439346
SARS-CoV-2-I2M_Y39T,10.849591255187988,train,10.83,1.083,0.01959125518798821
SARS-CoV-2-N24R_G83R_F160R,10.874593734741213,train,10.86,1.086,0.014593734741213282
SARS-CoV-2-Y39V_E141H_T201S,10.856538772583008,train,10.83,1.083,0.02653877258300774
SARS-CoV-2-K48R_K128N_S184H,10.794160842895508,train,10.81,1.0810000000000002,0.015839157104492685
SARS-CoV-2-L5W_Q168F,10.94090747833252,train,10.91,1.091,0.03090747833251939
SARS-CoV-2-Y35W_N64F_D90S,10.850516319274902,train,10.86,1.086,0.009483680725097088
SARS-CoV-2-L60M_T85K,10.824323654174805,train,10.81,1.0810000000000002,0.01432365417480419
SARS-CoV-2-T3R_K198G,10.804960250854492,train,10.82,1.082,0.015039749145508097
SARS-CoV-2-T55D_V173R,10.890708923339844,train,10.89,1.0890000000000002,0.0007089233398431816
SARS-CoV-2-D97I_T201P,10.824098587036133,train,10.84,1.084,0.015901412963867045
SARS-CoV-2-S164M,10.812745094299316,train,10.76,1.076,0.05274509429931662
SARS-CoV-2-D59E_T201H,10.867637634277344,train,10.89,1.0890000000000002,0.02236236572265682
SARS-CoV-2-P7N_K199S,10.88012981414795,train,10.89,1.0890000000000002,0.00987018585205135
SARS-CoV-2-F160Y,10.845312118530272,train,10.88,1.088,0.03468788146972912
SARS-CoV-2-P54L,10.807337760925291,train,10.814444444444444,1.0814444444444444,0.007106683519152668
SARS-CoV-2-L5E_F160S,10.882054328918455,train,10.92,1.092,0.037945671081544674
SARS-CoV-2-A18S_V173M,10.940071105957031,train,10.94,1.094,7.110595703174738e-05
SARS-CoV-2-S43Q_K48M,10.847723007202148,train,10.86,1.086,0.012276992797850994
SARS-CoV-2-I2R_V37E_T201C,10.886659622192385,train,10.87,1.087,0.01665962219238537
SARS-CoV-2-P149A,10.815872192382812,train,10.82,1.082,0.004127807617187784
SARS-CoV-2-N64T_Q163M,11.0297269821167,train,11.05,1.1050000000000002,0.020273017883301492
SARS-CoV-2-S36T_T55L_S129R_I138M,10.814638137817385,train,10.82,1.082,0.005361862182615695
SARS-CoV-2-G9C_P197M,10.801812171936035,train,10.81,1.0810000000000002,0.008187828063965341
SARS-CoV-2-V37W_S43W,10.856878280639648,train,10.85,1.085,0.006878280639648793
SARS-CoV-2-S184W,10.86176300048828,train,10.86,1.086,0.001763000488280042
SARS-CoV-2-Y50N_P191T_K198V,10.889291763305664,train,10.89,1.0890000000000002,0.0007082366943365059
SARS-CoV-2-G9S_Y123F,11.019332885742188,train,11.01,1.101,0.009332885742187713
SARS-CoV-2-Y35F_C61E_T100M,10.805015563964844,train,10.81,1.0810000000000002,0.004984436035156747
SARS-CoV-2-P197R,10.81540298461914,train,10.824285714285711,1.082428571428571,0.008882729666570555
SARS-CoV-2-L5S_F62C,10.798471450805664,train,10.82,1.082,0.02152854919433622
SARS-CoV-2-A18H_Y39V,10.834701538085938,train,10.82,1.082,0.014701538085937216
SARS-CoV-2-S36R_N110Q,10.80609130859375,train,10.85,1.085,0.043908691406249645
SARS-CoV-2-I2P_L122W,10.802324295043944,train,10.815,1.0815,0.012675704956055966
SARS-CoV-2-D75S,10.806610107421877,train,10.82,1.082,0.013389892578123508
SARS-CoV-2-N1Y_A18P,10.886468887329102,train,10.91,1.091,0.02353111267089858
SARS-CoV-2-D59E_K198N,10.871429443359377,train,10.88,1.088,0.008570556640624005
SARS-CoV-2-I142V_P197T,10.805870056152344,train,10.81,1.0810000000000002,0.004129943847656747
SARS-CoV-2-G9L_N64R_L95Y_E141A,10.831792831420898,train,10.84,1.084,0.00820716857910142
SARS-CoV-2-N120C_P197S,10.797889709472656,train,10.8,1.08,0.0021102905273444605
SARS-CoV-2-G51N_T140L,10.93498992919922,train,10.94,1.094,0.005010070800778976
SARS-CoV-2-V37N_K56S_L122T_S147N,11.036781311035156,train,11.04,1.1039999999999999,0.0032186889648428973
SARS-CoV-2-T63S_K128E,10.88109302520752,train,10.925,1.0925,0.04390697479248118
SARS-CoV-2-A89C_L122K,10.86642360687256,train,10.87,1.087,0.0035763931274388483
SARS-CoV-2-N130I,10.815004348754885,train,10.818333333333332,1.0818333333333332,0.003328984578446992
SARS-CoV-2-I2V,10.808233261108398,train,10.796875,1.0796875000000001,0.011358261108398438
SARS-CoV-2-R16T_V173F_K198T,10.830678939819336,train,10.82,1.082,0.010678939819335653
SARS-CoV-2-K56S_L122N,10.808342933654783,train,10.78,1.078,0.02834293365478402
SARS-CoV-2-V37T_N120H,10.823638916015623,train,10.86,1.086,0.03636108398437621
SARS-CoV-2-N151K_T201D,10.894983291625977,train,10.92,1.092,0.025016708374023366
SARS-CoV-2-I2E_S129V,10.953086853027344,train,10.92,1.092,0.03308685302734382
SARS-CoV-2-N109R,10.810649871826172,train,10.83,1.083,0.019350128173828196
SARS-CoV-2-F160N,10.808156967163086,train,10.813333333333333,1.0813333333333333,0.005176366170246638
SARS-CoV-2-V115T_S147P,10.817208290100098,train,10.79,1.079,0.02720829010009851
SARS-CoV-2-A42Q_L60Y_Q84E,10.832006454467772,train,10.87,1.087,0.03799354553222756
SARS-CoV-2-S36D_Q163Y,10.840478897094728,train,10.9,1.09,0.059521102905272016
SARS-CoV-2-L5I_L122T_K199N,10.812699317932127,train,10.8,1.08,0.01269931793212642
SARS-CoV-2-V153K,10.867802619934082,train,10.87,1.087,0.002197380065917187
SARS-CoV-2-Y91F_L122T,10.81966781616211,train,10.8,1.08,0.019667816162108664
SARS-CoV-2-Y123F,11.033391952514648,train,11.038571428571428,1.1038571428571429,0.005179476056779819
SARS-CoV-2-T85R,10.8546724319458,train,10.853333333333332,1.0853333333333333,0.0013390986124690585
SARS-CoV-2-R16Y_N151R,10.872905731201172,train,10.86,1.086,0.012905731201172443
SARS-CoV-2-L122Q_T201I,10.915985107421877,train,10.92,1.092,0.004014892578123153
SARS-CoV-2-A33Q_T55H_T100M_N171Y,11.016501426696776,train,11.02,1.102,0.0034985733032240063
SARS-CoV-2-T55L_S200L,10.804557800292969,train,10.86,1.086,0.05544219970703068
SARS-CoV-2-A42G_F160K,10.877677917480469,train,10.89,1.0890000000000002,0.012322082519531818
SARS-CoV-2-L60Q_T100R,10.809410095214844,train,10.83,1.083,0.02058990478515632
SARS-CoV-2-N1E_V173L,10.97690486907959,train,11.01,1.101,0.03309513092040994
SARS-CoV-2-S53E_T85K,10.98696517944336,train,11.0,1.1,0.013034820556640625
SARS-CoV-2-N24R_P82N_P197S,10.910593032836914,train,10.84,1.084,0.0705930328369142
SARS-CoV-2-S139T_A192R,10.83237075805664,train,10.83,1.083,0.002370758056640554
SARS-CoV-2-S129T_Y143F_A190H,10.830655097961426,train,10.84,1.084,0.009344902038574077
SARS-CoV-2-T3Y_Y39T,10.827240943908691,train,10.84,1.084,0.012759056091308452
SARS-CoV-2-V37G_S129V,10.873140335083008,train,10.84,1.084,0.033140335083007955
SARS-CoV-2-I2T_T15L_A33D_P54Y_F160T,10.975910186767578,train,10.97,1.0970000000000002,0.0059101867675774855
SARS-CoV-2-N171F_S200L,11.247808456420898,train,11.26,1.1260000000000001,0.01219154357910135
SARS-CoV-2-N120E_N130I,10.806207656860352,train,10.79,1.079,0.016207656860352415
SARS-CoV-2-T63H_L122Q,10.853805541992188,train,10.84,1.084,0.013805541992187642
SARS-CoV-2-T55Y_N130V,10.816855430603027,train,10.82,1.082,0.0031445693969729405
SARS-CoV-2-F44W_T201K,10.833608627319336,train,10.845,1.0845,0.011391372680664702
SARS-CoV-2-V37W_P191T,10.850175857543944,train,10.89,1.0890000000000002,0.03982414245605703
SARS-CoV-2-T55E_N120R_I138L,10.88586711883545,train,10.87,1.087,0.01586711883545
SARS-CoV-2-D98N_N120S,10.955219268798828,train,11.03,1.103,0.07478073120117124
SARS-CoV-2-S129Q,10.802007675170898,train,10.78,1.078,0.022007675170899077
SARS-CoV-2-N110K_N120S,11.071678161621094,train,11.09,1.109,0.018321838378906108
SARS-CoV-2-S43H_S147L,10.813130378723145,train,10.82,1.082,0.006869621276855753
SARS-CoV-2-V37H_G51N,10.850364685058594,train,10.84,1.084,0.010364685058593892
SARS-CoV-2-L122V,10.810580253601074,train,10.822173913043478,1.0822173913043478,0.011593659442404203
SARS-CoV-2-T15S_S43Y_K128P,10.926774978637695,train,10.91,1.091,0.01677497863769517
SARS-CoV-2-L131I,10.814935684204102,train,10.82,1.082,0.005064315795898722
SARS-CoV-2-S129E_V153N_K198S,10.84091567993164,train,10.85,1.085,0.00908432006835902
SARS-CoV-2-I2L,10.795232772827148,train,10.803846153846154,1.0803846153846155,0.008613381019005217
SARS-CoV-2-K114W_L122S,10.852346420288086,train,10.86,1.086,0.007653579711913494
SARS-CoV-2-I2N_N64S,10.802486419677734,train,10.83,1.083,0.027513580322265696
SARS-CoV-2-R16A_Y39F,10.881654739379885,train,10.88,1.088,0.0016547393798838073
SARS-CoV-2-P54L_S129R,10.863937377929688,train,10.864999999999998,1.0864999999999998,0.0010626220703109368
SARS-CoV-2-N120K,10.835617065429688,train,10.83625,1.083625,0.0006329345703122158
SARS-CoV-2-V153N,10.810739517211914,train,10.836,1.0836000000000001,0.025260482788086236
SARS-CoV-2-R16C_T55D,10.805055618286133,train,10.79,1.079,0.015055618286133665
SARS-CoV-2-K56S,10.818065643310549,train,10.843157894736844,1.0843157894736846,0.025092251426295675
SARS-CoV-2-T55M_S200M,10.852865219116213,train,10.85,1.085,0.002865219116213069
SARS-CoV-2-L5E,10.804122924804688,train,10.861333333333334,1.0861333333333334,0.057210408528646894
SARS-CoV-2-C61A_N120Q_K198Q,10.81877326965332,train,10.84,1.084,0.021226730346679545
SARS-CoV-2-V37W_T63K,10.869049072265623,train,10.9,1.09,0.03095092773437713
SARS-CoV-2-G9N_L122T_P149M,10.81778621673584,train,10.82,1.082,0.0022137832641604405
SARS-CoV-2-S36T_P149T,10.804136276245115,train,10.87,1.087,0.06586372375488381
SARS-CoV-2-K56N_S147P,10.88443374633789,train,10.86,1.086,0.024433746337891193
SARS-CoV-2-V37Q_L111Q,10.895084381103516,train,10.92,1.092,0.024915618896484304
SARS-CoV-2-L122S_S147K,10.797945022583008,train,10.79,1.079,0.007945022583008665
SARS-CoV-2-Q168A_V173R,10.892613410949709,train,10.92,1.092,0.02738658905029112
SARS-CoV-2-K48N_L122A,10.893978118896484,train,10.9,1.09,0.00602188110351598
SARS-CoV-2-K128P,10.828001976013184,train,10.814166666666669,1.081416666666667,0.01383530934651489
SARS-CoV-2-N1P_N130M,10.843929290771484,train,10.87,1.087,0.026070709228514843
SARS-CoV-2-L5H_K48R_T100I_T201V,10.916444778442385,train,10.91,1.091,0.006444778442384447
SARS-CoV-2-L122M_P197Y,10.859293937683104,train,10.87,1.087,0.010706062316895526
SARS-CoV-2-V65M_P197L,10.982933044433594,train,10.965,1.0965,0.017933044433593892
SARS-CoV-2-D90T_L122K,10.891164779663086,train,10.91,1.091,0.018835220336914205
SARS-CoV-2-K26A_K56A_L122V,10.90884780883789,train,10.93,1.093,0.02115219116210909
SARS-CoV-2-I2P_T201Q,10.85407257080078,train,10.87,1.087,0.015927429199219745
SARS-CoV-2-N130K_T201L,10.91425895690918,train,10.95,1.095,0.0357410430908196
SARS-CoV-2-S36K_Q168F,10.899869918823242,train,10.85,1.085,0.04986991882324254
SARS-CoV-2-S36A_V173K,10.91263484954834,train,10.93,1.093,0.017365150451659872
SARS-CoV-2-I2K_N64G,10.794625282287598,train,10.79,1.079,0.004625282287598509
SARS-CoV-2-T3G_T201N,10.826904296875,train,10.84,1.084,0.013095703124999858
SARS-CoV-2-N4G_T46L,10.909689903259276,train,10.93,1.093,0.02031009674072415
SARS-CoV-2-S200A,10.798898696899414,train,10.76,1.076,0.038898696899414276
SARS-CoV-2-R27T,10.821227073669434,train,10.753333333333332,1.0753333333333333,0.06789374033610152
SARS-CoV-2-K48N_P197A,10.79815673828125,train,10.8,1.08,0.0018432617187507105
SARS-CoV-2-V37D_Q163L,10.89299774169922,train,10.87,1.087,0.022997741699221308
SARS-CoV-2-D97T_V153Q,10.794401168823242,train,10.83,1.083,0.035598831176757884
SARS-CoV-2-S36K_D98S_L122R_K128G_P197R,10.837286949157717,train,10.82,1.082,0.017286949157716336
SARS-CoV-2-V37L_N64F,10.8533296585083,train,10.815,1.0815,0.03832965850830128
SARS-CoV-2-R16T_D97F,10.855201721191406,train,10.85,1.085,0.005201721191406605
SARS-CoV-2-V11I_S36N_F62Y,10.88765811920166,train,10.88,1.088,0.007658119201659375
SARS-CoV-2-L5A_P149L,10.816588401794434,train,10.86,1.086,0.04341159820556584
SARS-CoV-2-L122R_V173A_T201S,10.823058128356934,train,10.8,1.08,0.023058128356932883
SARS-CoV-2-Y39V_L122M_K128S,10.85541534423828,train,10.85,1.085,0.005415344238279829
SARS-CoV-2-N120Q,10.825098037719728,train,10.821428571428571,1.082142857142857,0.003669466291157164
SARS-CoV-2-D97H,10.810884475708008,train,10.801,1.0801,0.009884475708007656
SARS-CoV-2-R16N_A22R,10.818609237670898,train,10.82,1.082,0.0013907623291018467
SARS-CoV-2-I2S_P197E,10.876803398132324,train,10.86,1.086,0.016803398132324787
SARS-CoV-2-L5W_T15P_L122Q_F160S,10.799620628356934,train,10.78,1.078,0.019620628356934233
SARS-CoV-2-S113A_L122R,10.84463119506836,train,10.85,1.085,0.00536880493164027
SARS-CoV-2-N130H,10.815582275390623,train,10.82,1.082,0.004417724609377061
SARS-CoV-2-R16S_Y35V,10.830260276794434,train,10.85,1.085,0.01973972320556605
SARS-CoV-2-P54K,10.846145629882812,train,10.83,1.083,0.01614562988281243
SARS-CoV-2-I2V_E76Q,10.88881015777588,train,10.91,1.091,0.02118984222411946
SARS-CoV-2-D98N_S164R,10.882604598999023,train,10.89,1.0890000000000002,0.007395401000977131
SARS-CoV-2-R78T_P197Q,10.819759368896484,train,10.8,1.08,0.019759368896483664
SARS-CoV-2-L5S_K132S,10.811582565307615,train,10.82,1.082,0.008417434692384873
SARS-CoV-2-R27K_Y39W,10.970993041992188,train,11.0,1.1,0.0290069580078125
SARS-CoV-2-G9S_V32T_T140K,10.853034973144531,train,10.82,1.082,0.033034973144530966
SARS-CoV-2-N4S_T55D_Y91F_Y123K,11.0723876953125,train,11.085,1.1085,0.012612304687500853
SARS-CoV-2-P197A,10.82073974609375,train,10.8425,1.08425,0.02176025390624936
SARS-CoV-2-Y39T_T148N,10.805519104003906,train,10.83,1.083,0.02448089599609382
SARS-CoV-2-S129E,10.835355758666992,train,10.854285714285714,1.0854285714285714,0.018929955618721905
SARS-CoV-2-Y123F_K199S,10.934748649597168,train,10.93,1.093,0.004748649597168253
SARS-CoV-2-K132F_F156Y_N171Y,10.797148704528809,train,10.81,1.0810000000000002,0.012851295471191904
SARS-CoV-2-P149K_V153A,10.821207046508787,train,10.84,1.084,0.018792953491212572
SARS-CoV-2-T3S_T100C,10.870542526245115,train,10.89,1.0890000000000002,0.019457473754885157
SARS-CoV-2-K128E_S200I,10.850638389587402,train,10.86,1.086,0.009361610412597088
SARS-CoV-2-F134W_S164K,10.93388557434082,train,10.95,1.095,0.016114425659178977
SARS-CoV-2-K128E,10.853559494018556,train,10.82,1.082,0.03355949401855618
SARS-CoV-2-L60Y_N64E_T201S,10.856534957885742,train,10.89,1.0890000000000002,0.03346504211425838
SARS-CoV-2-R16I_Y39Q,10.834819793701172,train,10.85,1.085,0.01518020629882777
SARS-CoV-2-I28M_N120R,10.848419189453123,train,10.85,1.085,0.001580810546876421
SARS-CoV-2-Y35L_V173M,10.901888847351074,train,10.895,1.0895,0.006888847351074645
SARS-CoV-2-I28F_P149A,10.903350830078123,train,10.88,1.088,0.023350830078122442
SARS-CoV-2-V153L,10.825109481811523,train,10.857272727272727,1.0857272727272729,0.03216324546120397
SARS-CoV-2-S36E_T46S,10.793975830078123,train,10.8,1.08,0.006024169921877487
SARS-CoV-2-Y123V_Q163G_T201Y,10.814812660217283,train,10.8,1.08,0.01481266021728267
SARS-CoV-2-F160A,10.84278392791748,train,10.843,1.0843,0.00021607208251950283
SARS-CoV-2-S43G,10.797451972961426,train,10.796,1.0796,0.0014519729614264065
SARS-CoV-2-K48N_N130R,10.967947006225586,train,10.96,1.096,0.007947006225585085
SARS-CoV-2-L5V_V37Q_N64T_N109V,10.81790256500244,train,10.82,1.082,0.0020974349975606543
SARS-CoV-2-S129G_Q168W,10.863037109375,train,10.84,1.084,0.023037109375000142
SARS-CoV-2-P54V,10.849985122680664,train,10.83,1.083,0.01998512268066399
SARS-CoV-2-T85R_T201C,10.816004753112791,train,10.81,1.0810000000000002,0.006004753112790695
SARS-CoV-2-Y39F,10.8203125,train,10.748,1.0748,0.07231250000000067
SARS-CoV-2-I2D_T201W,10.798412322998049,train,10.81,1.0810000000000002,0.011587677001951846
SARS-CoV-2-A14R_S129T,10.857483863830566,train,10.86,1.086,0.0025161361694330253
SARS-CoV-2-I104W_L122A,10.965047836303713,train,10.95,1.095,0.015047836303713424
SARS-CoV-2-A192M,10.82496738433838,train,10.88,1.088,0.0550326156616201
SARS-CoV-2-I2Q_K48R,10.856236457824709,train,10.85,1.085,0.006236457824709163
SARS-CoV-2-I2K_D98G,10.806936264038086,train,10.79,1.079,0.01693626403808679
SARS-CoV-2-R16I,10.820672988891602,train,10.804,1.0804,0.016672988891601292
SARS-CoV-2-N24T_L122N,10.837557792663574,train,10.82,1.082,0.017557792663573935
SARS-CoV-2-S129D_T148K,10.80808448791504,train,10.82,1.082,0.011915512084959445
SARS-CoV-2-K56Q_T201A,10.86632251739502,train,10.9,1.09,0.033677482604980824
SARS-CoV-2-G146S_T201A,10.815757751464844,train,10.87,1.087,0.05424224853515547
SARS-CoV-2-T3N_L60T,10.811901092529297,train,10.83,1.083,0.018098907470703196
SARS-CoV-2-V37T_Q163V,10.854424476623535,train,10.82,1.082,0.03442447662353487
SARS-CoV-2-L122K_E141F_P149N,10.864612579345703,train,10.87,1.087,0.005387420654296093
SARS-CoV-2-D97I_T148R_T201F,10.801633834838867,train,10.82,1.082,0.018366165161133097
SARS-CoV-2-K128E_N130E,10.847683906555176,train,10.83,1.083,0.01768390655517571
SARS-CoV-2-S43G_T55D,10.852863311767578,train,10.85,1.085,0.0028633117675784803
SARS-CoV-2-N64Y_N110S_Q168H,11.119226455688477,train,11.095,1.1095000000000002,0.024226455688475923
SARS-CoV-2-T148H_P197V,10.881275177001951,train,10.9,1.09,0.018724822998049007
SARS-CoV-2-L38I_P54A,10.81367301940918,train,10.82,1.082,0.006326980590820597
SARS-CoV-2-G9N_S43R_D97I_Y178N,10.871112823486328,train,10.91,1.091,0.03888717651367202
SARS-CoV-2-V37S_T148S,10.87829303741455,train,10.89,1.0890000000000002,0.011706962585449787
SARS-CoV-2-N40R_L122K_E154Q,10.980062484741213,train,11.01,1.101,0.029937515258787073
SARS-CoV-2-I28F_S43K_N110F,10.817529678344728,train,10.8,1.08,0.01752967834472763
SARS-CoV-2-L5N_S41T,10.800765991210938,train,10.79,1.079,0.010765991210938353
SARS-CoV-2-V52F_K132R,10.79698657989502,train,10.81,1.0810000000000002,0.013013420104980966
SARS-CoV-2-T85S_D97L_L188M,10.839734077453612,train,10.86,1.086,0.020265922546387927
SARS-CoV-2-L5E_F160K,10.913946151733398,train,10.91,1.091,0.003946151733398295
SARS-CoV-2-L188N,10.81138038635254,train,10.81,1.0810000000000002,0.0013803863525403415
SARS-CoV-2-I2H_L122A,10.828901290893556,train,10.84,1.084,0.011098709106443394
SARS-CoV-2-I2S_P149A,10.822983741760254,train,10.83,1.083,0.007016258239746165
SARS-CoV-2-S200M,10.850618362426758,train,10.86,1.086,0.009381637573241619
SARS-CoV-2-T46I_P197C,10.809301376342772,train,10.81,1.0810000000000002,0.0006986236572288362
SARS-CoV-2-N171V,10.95981216430664,train,10.94,1.094,0.019812164306641122
SARS-CoV-2-V37M,10.801979064941406,train,10.83625,1.083625,0.034270935058593466
SARS-CoV-2-V37E_I104V,10.84630298614502,train,10.83,1.083,0.01630298614501946
SARS-CoV-2-I104Y_N110R,10.882722854614258,train,10.9,1.09,0.017277145385742543
SARS-CoV-2-E154K,10.90868854522705,train,10.852222222222222,1.0852222222222223,0.05646632300482857
SARS-CoV-2-Q84A_N151G,10.830781936645508,train,10.83,1.083,0.0007819366455077414
SARS-CoV-2-Y35W_P149E_Y178F,10.872713088989258,train,10.875,1.0875000000000001,0.0022869110107421875
SARS-CoV-2-L5P_A190E,10.816218376159668,train,10.83,1.083,0.013781623840332102
SARS-CoV-2-G9H_K26L,10.817648887634276,train,10.84,1.084,0.02235111236572429
SARS-CoV-2-Y50W_T55D,10.82423210144043,train,10.8,1.08,0.024232101440428977
SARS-CoV-2-N120A_K128P_T201Y,10.82053279876709,train,10.84,1.084,0.019467201232910014
SARS-CoV-2-T3W_F160N_T201I,10.92246150970459,train,10.93,1.093,0.007538490295409872
SARS-CoV-2-V37L_K56N_K199M,10.83690357208252,train,10.85,1.085,0.013096427917480113
SARS-CoV-2-S139T,10.800621032714844,train,10.82181818181818,1.0821818181818181,0.0211971491033367
SARS-CoV-2-N1C_N130Q_P197H,10.846877098083496,train,10.84,1.084,0.006877098083496236
SARS-CoV-2-L5T_S29R_D59N_L122T_P191S,10.8673734664917,train,10.88,1.088,0.012626533508301563
SARS-CoV-2-S45D_D59E,10.84706687927246,train,10.85,1.085,0.0029331207275404836
SARS-CoV-2-R16F_F44W,10.85883617401123,train,10.85,1.085,0.008836174011230824
SARS-CoV-2-S36E_T85S,10.929826736450195,train,10.93,1.093,0.00017326354980440328
SARS-CoV-2-V37Y_K56D,10.822339057922363,train,10.8,1.08,0.02233905792236257
SARS-CoV-2-T85R_L122Q,10.883282661437988,train,10.87,1.087,0.013282661437989063
SARS-CoV-2-L60Y_N120M,10.807842254638672,train,10.79,1.079,0.017842254638672728
SARS-CoV-2-A190E_K198Y,10.869248390197754,train,10.9,1.09,0.03075160980224645
SARS-CoV-2-N24Q_T201L,10.83216953277588,train,10.83,1.083,0.0021695327758806116
SARS-CoV-2-Q84V,10.79330825805664,train,10.798,1.0798,0.004691741943359418
SARS-CoV-2-N24T,10.794944763183594,train,10.802,1.0802,0.007055236816405852
SARS-CoV-2-L5F_P54V,10.855573654174805,train,10.84,1.084,0.01557365417480483
SARS-CoV-2-G9D_T201P,10.938594818115234,train,10.96,1.096,0.021405181884766478
SARS-CoV-2-P54K_K132I_L187V,10.82278060913086,train,10.81,1.0810000000000002,0.012780609130858878
SARS-CoV-2-I2S_R27T_F160S,10.804469108581545,train,10.83,1.083,0.025530891418455326
SARS-CoV-2-F8W_N64G,10.850565910339355,train,10.86,1.086,0.009434089660643963
SARS-CoV-2-V37P_S53D,10.825990676879885,train,10.79,1.079,0.03599067687988544
SARS-CoV-2-T100Y_K114R,10.884960174560549,train,10.95,1.095,0.06503982543945064
SARS-CoV-2-P54M_T85Q,10.812456130981444,train,10.81,1.0810000000000002,0.0024561309814430388
SARS-CoV-2-K114A_Y121F_Q168H,11.041146278381348,train,11.05,1.1050000000000002,0.008853721618653054
SARS-CoV-2-V37A_V77L,10.86678695678711,train,10.85,1.085,0.01678695678710973
SARS-CoV-2-T15V_Q168H,10.86902141571045,train,10.86,1.086,0.009021415710449787
SARS-CoV-2-V37W_S43Q,10.986577987670898,train,10.98,1.098,0.006577987670898011
SARS-CoV-2-L5S_Q84K,10.812557220458984,train,10.82,1.082,0.007442779541015909
SARS-CoV-2-G9D_E141S,10.800809860229492,train,10.8,1.08,0.000809860229491477
SARS-CoV-2-V37A_S53L_F160R,11.006437301635742,train,11.01,1.101,0.0035626983642575993
SARS-CoV-2-E154R,10.956329345703123,train,10.9475,1.0947500000000001,0.008829345703123437
SARS-CoV-2-N24K_T140K_A192T,10.80224323272705,train,10.79,1.079,0.012243232727051634
SARS-CoV-2-G83L_K114D_L122K,10.847768783569336,train,10.85,1.085,0.0022312164306637072
SARS-CoV-2-Y39L_T201M,10.897333145141602,train,10.9,1.09,0.0026668548583987928
SARS-CoV-2-Q84M,10.812771797180176,train,10.84,1.084,0.027228202819824077
SARS-CoV-2-A42N_Y50C_Q84H_A105N,10.834125518798828,train,10.74,1.074,0.09412551879882791
SARS-CoV-2-R27E_V37D,10.796733856201172,train,10.78,1.078,0.016733856201172514
SARS-CoV-2-S53I,10.806720733642578,train,10.85,1.085,0.04327926635742152
SARS-CoV-2-S36K,10.796135902404783,train,10.809166666666668,1.0809166666666667,0.013030764261884542
SARS-CoV-2-S53N,10.866594314575195,train,10.83,1.083,0.03659431457519524
SARS-CoV-2-F160M,10.795719146728516,train,10.776666666666666,1.0776666666666666,0.01905248006185012
SARS-CoV-2-V115P,10.838472366333008,train,10.8325,1.08325,0.005972366333008239
SARS-CoV-2-C6V_F99L_Y178S,11.28378963470459,train,11.22,1.122,0.0637896347045892
SARS-CoV-2-V37G_T140R,10.794961929321287,train,10.75,1.075,0.044961929321287286
SARS-CoV-2-P7N_N110Q,10.828054428100586,train,10.85,1.085,0.021945571899413707
SARS-CoV-2-F62R_L131A,10.849010467529297,train,10.85,1.085,0.0009895324707027697
SARS-CoV-2-P54W,10.90063762664795,train,10.895,1.0895,0.005637626647949645
SARS-CoV-2-N64S_L122K,11.041484832763672,train,11.08,1.108,0.038515167236328196
SARS-CoV-2-S29Q_Y35L,10.846839904785156,train,10.86,1.086,0.013160095214843182
SARS-CoV-2-D98E_N130A,10.911747932434082,train,10.94,1.094,0.02825206756591747
SARS-CoV-2-N64Y_Y123K_S129N,10.91224765777588,train,10.86,1.086,0.05224765777588125
SARS-CoV-2-R16H_T55V_L122S,10.893353462219238,train,10.89,1.0890000000000002,0.003353462219237713
SARS-CoV-2-N1F_T55E,10.815568923950195,train,10.81,1.0810000000000002,0.005568923950194815
SARS-CoV-2-F62M_T148S,10.82199478149414,train,10.83,1.083,0.008005218505859446
SARS-CoV-2-V65I_T201C,10.794084548950195,train,10.83,1.083,0.03591545104980476
SARS-CoV-2-I2S_I28F,10.994250297546388,train,11.03,1.103,0.035749702453610865
SARS-CoV-2-R27K_S45T,10.835288047790527,train,10.85,1.085,0.014711952209472301
SARS-CoV-2-I2K_V153H,10.853184700012209,train,10.88,1.088,0.026815299987791974
SARS-CoV-2-P191H_T201S,10.793964385986328,train,10.77,1.077,0.02396438598632855
SARS-CoV-2-E141F_P197L,10.87935733795166,train,10.88,1.088,0.0006426620483406253
SARS-CoV-2-F62Y_T85S,10.856287956237791,train,10.88,1.088,0.02371204376220959
SARS-CoV-2-V32T,10.819204330444336,train,10.8375,1.08375,0.018295669555664418
SARS-CoV-2-V37L_S147P,10.893282890319824,train,10.85,1.085,0.043282890319824574
SARS-CoV-2-S164H,10.871663093566896,train,10.88,1.088,0.008336906433104474
SARS-CoV-2-V37E_D98N,10.857621192932127,train,10.87,1.087,0.012378807067872089
SARS-CoV-2-L122R_F160L,10.831541061401367,train,10.84,1.084,0.00845893859863267
SARS-CoV-2-V37K_F160R,10.950883865356444,train,10.98,1.098,0.02911613464355689
SARS-CoV-2-L5W_V37F,10.858789443969728,train,10.85,1.085,0.008789443969728694
SARS-CoV-2-C61R_Y178H,10.817544937133787,train,10.82,1.082,0.002455062866212998
SARS-CoV-2-Y39V_T140S,10.82082176208496,train,10.85,1.085,0.029178237915040484
SARS-CoV-2-A42P_L111Y,10.803504943847656,train,10.84,1.084,0.03649505615234361
SARS-CoV-2-S53T,10.84881591796875,train,10.873333333333331,1.0873333333333333,0.024517415364581296
SARS-CoV-2-Y39T_D97M_P197W,10.98723030090332,train,11.01,1.101,0.022769699096679474
SARS-CoV-2-N130H_T148V,10.801684379577637,train,10.81,1.0810000000000002,0.008315620422363779
SARS-CoV-2-V37S_T201A,10.857820510864258,train,10.87,1.087,0.012179489135741406
SARS-CoV-2-N1E,10.841180801391602,train,10.775,1.0775000000000001,0.06618080139160121
SARS-CoV-2-S43T_T201V,10.864917755126951,train,10.93,1.093,0.06508224487304837
SARS-CoV-2-L122T,10.840045928955078,train,10.8355,1.08355,0.004545928955078438
SARS-CoV-2-S43T_L60R,10.804062843322754,train,10.84,1.084,0.03593715667724595
SARS-CoV-2-V37N_S200R,10.835735321044922,train,10.81,1.0810000000000002,0.025735321044921378
SARS-CoV-2-I2R_S53T,10.814081192016602,train,10.8,1.08,0.014081192016600852
SARS-CoV-2-N1K_L5D,10.84457778930664,train,10.85,1.085,0.00542221069335902
SARS-CoV-2-N130A,10.828651428222656,train,10.83,1.083,0.001348571777343821
SARS-CoV-2-I2R_P191G,10.832261085510254,train,10.84,1.084,0.007738914489745952
SARS-CoV-2-D97M_T201L,10.805018424987791,train,10.82,1.082,0.014981575012209092
SARS-CoV-2-K114L_T201S,10.83508014678955,train,10.88,1.088,0.04491985321045
SARS-CoV-2-N64S_Q84T_K128T,10.814434051513672,train,10.82,1.082,0.005565948486328409
SARS-CoV-2-K56T_P149V_N171W_K199I,10.876286506652832,train,10.88,1.088,0.0037134933471687503
SARS-CoV-2-K26R_V173Y,10.837105751037598,train,10.86,1.086,0.022894248962401775
SARS-CoV-2-I72V_D97M,10.827966690063477,train,10.85,1.085,0.022033309936523082
SARS-CoV-2-N130K_T140D_P191E,10.877216339111328,train,10.88,1.088,0.0027836608886726566
SARS-CoV-2-T3P_C61V,10.811382293701172,train,10.82,1.082,0.00861770629882841
SARS-CoV-2-S45R_L122K,10.834898948669434,train,10.82,1.082,0.01489894866943331
SARS-CoV-2-V37S_T85S,10.840476036071776,train,10.84,1.084,0.0004760360717757095
SARS-CoV-2-T140S_S200N,10.81528663635254,train,10.83,1.083,0.014713363647459232
SARS-CoV-2-S53N_E154T_K199Y,10.881908416748049,train,10.89,1.0890000000000002,0.008091583251951917
SARS-CoV-2-I2R_F44W,10.826082229614258,train,10.84,1.084,0.013917770385742045
SARS-CoV-2-I2M_N130M,10.815608978271484,train,10.81,1.0810000000000002,0.005608978271483878
SARS-CoV-2-I2G_K48A_T100L_P197F,10.842181205749512,train,10.85,1.085,0.007818794250487926
SARS-CoV-2-I2N_Y91F_Q163V,11.282100677490234,train,11.3,1.1300000000000001,0.017899322509766336
SARS-CoV-2-Y39L_T201L,10.955638885498049,train,11.0,1.1,0.04436111450195135
SARS-CoV-2-N64A_F160L,10.792978286743164,train,10.8,1.08,0.007021713256836648
SARS-CoV-2-L5E_S29D,10.794029235839844,train,10.8,1.08,0.0059707641601569605
SARS-CoV-2-I2F_Q163S_L187M,10.8373441696167,train,10.84,1.084,0.002655830383300639
SARS-CoV-2-N151F_P197L,10.870927810668944,train,10.88,1.088,0.009072189331057245
SARS-CoV-2-V52F_L188T,10.827651977539062,train,10.84,1.084,0.012348022460937358
SARS-CoV-2-N1S_I104F,10.800914764404297,train,10.81,1.0810000000000002,0.009085235595703622
SARS-CoV-2-L60Y_V115I,10.856584548950195,train,10.88,1.088,0.02341545104980547
SARS-CoV-2-T3R_S200F,10.79975700378418,train,10.81,1.0810000000000002,0.01024299621582081
SARS-CoV-2-D59Y_K198M,10.843839645385742,train,10.835,1.0835000000000001,0.008839645385741335
SARS-CoV-2-P54A,10.793695449829102,train,10.7875,1.07875,0.006195449829101918
SARS-CoV-2-Y39A_N130V,10.838804244995115,train,10.82,1.082,0.018804244995115127
SARS-CoV-2-T85Q_L111V_P149K,10.829595565795898,train,10.85,1.085,0.020404434204101207
SARS-CoV-2-V37K_K128R_T201W,10.85521125793457,train,10.86,1.086,0.004788742065429119
SARS-CoV-2-R16V,10.85173225402832,train,10.867142857142856,1.0867142857142855,0.015410603114535348
SARS-CoV-2-S43V_V153I,10.809182167053224,train,10.84,1.084,0.030817832946775425
SARS-CoV-2-V37F_P149A_L188M,10.802860260009766,train,10.795,1.0795000000000001,0.007860260009765696
SARS-CoV-2-L5N_V37G_F44W,10.816851615905762,train,10.79,1.079,0.02685161590576257
SARS-CoV-2-S129G_V173M,10.86772918701172,train,10.84,1.084,0.02772918701172067
SARS-CoV-2-V11D_F44P_S113D_N120F_P169S,10.820828437805176,train,10.84,1.084,0.019171562194824077
SARS-CoV-2-V173R_S200T,10.900602340698242,train,10.91,1.091,0.009397659301757955
SARS-CoV-2-G9S_K132T,10.834148406982422,train,10.84,1.084,0.005851593017577983
SARS-CoV-2-T3M_Q168A,10.824758529663086,train,10.82,1.082,0.004758529663085653
SARS-CoV-2-I2E,10.820609092712402,train,10.855,1.0855000000000001,0.03439090728759808
SARS-CoV-2-S53I_N110K,10.812379837036133,train,10.8,1.08,0.012379837036132102
SARS-CoV-2-L122K,10.890974044799805,train,10.896428571428572,1.0896428571428574,0.005454526628767553
SARS-CoV-2-G152S_P197L,10.822274208068848,train,10.82,1.082,0.002274208068847372
SARS-CoV-2-T148Q,10.803160667419434,train,10.8,1.08,0.003160667419432883
SARS-CoV-2-K56T_P197M,10.821173667907717,train,10.83,1.083,0.008826332092283451
SARS-CoV-2-V37R_Q84S,10.813179969787598,train,10.83,1.083,0.016820030212402415
SARS-CoV-2-K114S_P169R,10.914316177368164,train,10.96,1.096,0.04568382263183679
SARS-CoV-2-Y123F_N130S,11.095109939575195,train,11.12,1.1119999999999999,0.024890060424803906
SARS-CoV-2-A105S_K199P,10.819162368774414,train,10.85,1.085,0.030837631225585582
SARS-CoV-2-S29R_S36E,10.826138496398926,train,10.83,1.083,0.00386150360107429
SARS-CoV-2-V153I,10.806730270385742,train,10.77,1.077,0.036730270385742614
SARS-CoV-2-R16M_S129K,10.859325408935549,train,10.86,1.086,0.0006745910644507802
SARS-CoV-2-P54K_T201K,10.90552806854248,train,10.91,1.091,0.004471931457519673
SARS-CoV-2-L188N_P197E,10.861482620239258,train,10.87,1.087,0.008517379760741406
SARS-CoV-2-K128P_K199M,10.903472900390623,train,10.93,1.093,0.026527099609376492
SARS-CoV-2-Y39A_T55S_S147I_V173L,10.822826385498049,train,10.81,1.0810000000000002,0.012826385498048154
SARS-CoV-2-R16H_P54S_E154R,10.876514434814451,train,10.84,1.084,0.03651443481445149
SARS-CoV-2-A18P_P149H_N171W,10.907176971435549,train,10.89,1.0890000000000002,0.017176971435548083
SARS-CoV-2-V37G_R78S,10.86318016052246,train,10.85,1.085,0.013180160522459516
SARS-CoV-2-P197D,10.810592651367188,train,10.81,1.0810000000000002,0.0005926513671870026
SARS-CoV-2-N58L_L122K,10.825318336486816,train,10.84,1.084,0.014681663513183452
SARS-CoV-2-L5R_T201C,10.82763671875,train,10.835,1.0835000000000001,0.007363281250000853
SARS-CoV-2-G9A_S147T,10.79606819152832,train,10.81,1.0810000000000002,0.013931808471680185
SARS-CoV-2-Q168F_S200R,10.93441390991211,train,10.92,1.092,0.014413909912109446
SARS-CoV-2-K56E,10.824251174926758,train,10.828333333333331,1.082833333333333,0.004082158406573555
SARS-CoV-2-N1K_K87Y_N171F,11.007184982299805,train,10.96,1.096,0.047184982299803835
SARS-CoV-2-K26T_R136K,10.87876319885254,train,10.94,1.094,0.061236801147458664
SARS-CoV-2-E10S_N171Y,11.07033920288086,train,11.06,1.106,0.010339202880858878
SARS-CoV-2-N171Y_K198Q,11.237367630004885,train,11.25,1.125,0.012632369995115411
SARS-CoV-2-V37G_P54W,10.98363208770752,train,10.96,1.096,0.02363208770751868
SARS-CoV-2-N1T_A33V_K128M_P177C,10.859542846679688,train,10.84,1.084,0.019542846679687642
SARS-CoV-2-N4E_T201N,10.819344520568848,train,10.81,1.0810000000000002,0.009344520568847159
SARS-CoV-2-S36D,10.845775604248049,train,10.846666666666666,1.0846666666666667,0.000891062418617139
SARS-CoV-2-P149A_V173L,10.918817520141602,train,10.93,1.093,0.011182479858398153
SARS-CoV-2-K56Q_A192G,10.83225917816162,train,10.81,1.0810000000000002,0.02225917816161882
SARS-CoV-2-T100K,10.795406341552734,train,10.81375,1.0813750000000002,0.018343658447266264
SARS-CoV-2-V37F_D97L_N120F,10.874444961547852,train,10.88,1.088,0.005555038452149219
SARS-CoV-2-Y35L_S53T,10.84190559387207,train,10.85,1.085,0.008094406127929332
SARS-CoV-2-I28W_S129I_N171Y,11.256937980651855,train,11.24,1.124,0.016937980651855256
SARS-CoV-2-Y39I_F134L,10.848203659057615,train,10.84,1.084,0.008203659057615553
SARS-CoV-2-N64S_V115P,10.858430862426758,train,10.87,1.087,0.011569137573241406
SARS-CoV-2-V32K_T148R,10.806229591369627,train,10.81,1.0810000000000002,0.0037704086303733675
SARS-CoV-2-L5S_P149S,10.875499725341797,train,10.91,1.091,0.03450027465820327
SARS-CoV-2-P197M,10.896820068359377,train,10.906666666666666,1.0906666666666667,0.009846598307289511
SARS-CoV-2-I138M_S200V,10.851177215576172,train,10.88,1.088,0.028822784423828907
SARS-CoV-2-N1R_G9H,10.884645462036133,train,10.91,1.091,0.02535453796386733
SARS-CoV-2-F8W_T63R_N151K,10.814151763916016,train,10.83,1.083,0.015848236083984446
SARS-CoV-2-N4Q_K48N,10.801107406616213,train,10.78,1.078,0.021107406616213353
SARS-CoV-2-G152A_P197S,10.80510711669922,train,10.75,1.075,0.055107116699220526
SARS-CoV-2-N40H_S45E,10.801931381225586,train,10.8,1.08,0.001931381225585227
SARS-CoV-2-P7K_P197I,10.9150390625,train,10.9,1.09,0.015039062499999645
SARS-CoV-2-N40R_S129Q_E154S_K199R,10.810630798339844,train,10.83,1.083,0.01936920166015632
SARS-CoV-2-S53E_F62P_L122R,10.955808639526367,train,10.95,1.095,0.005808639526367898
SARS-CoV-2-V37L_L60V_N64A_P197V,10.911882400512695,train,10.86,1.086,0.05188240051269588
SARS-CoV-2-I104A_N130R,10.799413681030272,train,10.81,1.0810000000000002,0.010586318969728836
SARS-CoV-2-V37N_P197V_T201L,10.966880798339844,train,10.96,1.096,0.006880798339842897
SARS-CoV-2-F62W,10.877680778503418,train,10.882,1.0882,0.004319221496581704
SARS-CoV-2-R27T_P197R,10.883466720581056,train,10.88,1.088,0.0034667205810556823
SARS-CoV-2-R16F_K94R_L122Q,10.879669189453123,train,10.85,1.085,0.02966918945312358
SARS-CoV-2-N64F_N130R_T201M,10.9110746383667,train,10.91,1.091,0.0010746383666990766
SARS-CoV-2-Y35W_L60Y,11.050551414489746,train,11.07,1.107,0.01944858551025419
SARS-CoV-2-K48Q_Y143F,11.098254203796388,train,11.09,1.109,0.008254203796388637
SARS-CoV-2-L122K_S129A_K198V,10.976879119873049,train,11.03,1.103,0.05312088012695071
SARS-CoV-2-T140N_T193A,10.797076225280762,train,10.8,1.08,0.002923774719238992
SARS-CoV-2-L122V_T201M,10.804794311523438,train,10.82,1.082,0.015205688476562784
SARS-CoV-2-Y35F_T63D_G116P,10.81992530822754,train,10.83,1.083,0.010074691772459232
SARS-CoV-2-F44W_F160H,10.826459884643556,train,10.83,1.083,0.003540115356443607
SARS-CoV-2-T3M_T46S_N110V_N130K,10.83663558959961,train,10.82,1.082,0.01663558959960909
SARS-CoV-2-K48R_Q163L,11.040188789367676,train,11.06,1.106,0.019811210632324716
SARS-CoV-2-V37S_D97Y,10.835247039794922,train,10.84,1.084,0.004752960205077983
SARS-CoV-2-G9H_R27V_T201M,10.87167739868164,train,10.88,1.088,0.008322601318360157
SARS-CoV-2-N1I_L122M,10.849300384521484,train,10.86,1.086,0.010699615478515057
SARS-CoV-2-V37M_F160N,10.874494552612305,train,10.87,1.087,0.004494552612305469
SARS-CoV-2-A42E,10.800434112548828,train,10.85,1.085,0.04956588745117152
SARS-CoV-2-K56A_L187S,10.837241172790527,train,10.829999999999998,1.083,0.007241172790529049
SARS-CoV-2-G146S_F160W,10.799386978149414,train,10.79,1.079,0.009386978149414915
SARS-CoV-2-T100M_T201I,10.807794570922852,train,10.79,1.079,0.017794570922852415
SARS-CoV-2-I138L_Q163K,10.87702751159668,train,10.91,1.091,0.032972488403320455
SARS-CoV-2-S43L_T85I_T201P,10.8377685546875,train,10.85,1.085,0.012231445312499645
SARS-CoV-2-P54R_Y178H,10.893287658691406,train,10.895,1.0895,0.0017123413085933237
SARS-CoV-2-V32Q_T55D,10.836989402770996,train,10.82,1.082,0.01698940277099581
SARS-CoV-2-Y39F_T85R,10.91868495941162,train,10.97,1.0970000000000002,0.05131504058838132
SARS-CoV-2-C61K_T140R,10.914953231811523,train,10.91,1.091,0.004953231811523295
SARS-CoV-2-E10D_F62A,10.809374809265137,train,10.8,1.08,0.009374809265136008
SARS-CoV-2-T140K_V173F_L187R,10.966862678527832,train,11.0,1.1,0.03313732147216797
SARS-CoV-2-R27L_T201I,10.848518371582031,train,10.84,1.084,0.008518371582031392
SARS-CoV-2-S53D,10.852773666381836,train,10.873333333333337,1.0873333333333337,0.020559666951500688
SARS-CoV-2-V37A_T201N,10.87322235107422,train,10.875,1.0875000000000001,0.0017776489257794736
SARS-CoV-2-S41D_D97F_P197T,10.866998672485352,train,10.85,1.085,0.016998672485351918
SARS-CoV-2-T55F_E141Q_S147N_P197Q,10.86047649383545,train,10.86,1.086,0.0004764938354497872
SARS-CoV-2-V37E_T46M,10.857565879821776,train,10.84,1.084,0.01756587982177571
SARS-CoV-2-A42R_N64V,10.806503295898438,train,10.83,1.083,0.02349670410156257
SARS-CoV-2-N4R_G9S_V37A_T100E_N171F,10.85848331451416,train,10.89,1.0890000000000002,0.03151668548584041
SARS-CoV-2-R27W_V115E_Y178F,10.89082145690918,train,10.89,1.0890000000000002,0.0008214569091791191
SARS-CoV-2-V37L_D97R,10.81492519378662,train,10.8,1.08,0.014925193786618607
SARS-CoV-2-D98H_L122R,10.817377090454102,train,10.82,1.082,0.0026229095458987217
SARS-CoV-2-S129G_T140E,10.866992950439451,train,10.87,1.087,0.0030070495605478698
SARS-CoV-2-G9I_N120E_N130K,10.892804145812988,train,10.88,1.088,0.0128041458129875
SARS-CoV-2-D90Q_S147T,10.80116367340088,train,10.81,1.0810000000000002,0.008836326599119815
SARS-CoV-2-T55D_N64S_V194I,10.80886459350586,train,10.81,1.0810000000000002,0.0011354064941411224
SARS-CoV-2-N1G_F17W,10.854850769042969,train,10.9,1.09,0.045149230957031605
SARS-CoV-2-T85H_H189D,10.863101959228516,train,10.87,1.087,0.006898040771483593
SARS-CoV-2-K114R_L122A,10.872568130493164,train,10.88,1.088,0.007431869506836719
SARS-CoV-2-L5P_H189Y,10.864027976989746,train,10.89,1.0890000000000002,0.025972023010254475
SARS-CoV-2-N13D_L122K,10.808544158935549,train,10.8,1.08,0.00854415893554794
SARS-CoV-2-I28M_T100Y,10.796968460083008,train,10.81,1.0810000000000002,0.013031539916992685
SARS-CoV-2-V173M_S184T,10.801237106323242,train,10.78,1.078,0.021237106323242827
SARS-CoV-2-L5T_L60M,10.867036819458008,train,10.86,1.086,0.007036819458008381
SARS-CoV-2-T3L_Y39F,10.841651916503906,train,10.88,1.088,0.03834808349609453
SARS-CoV-2-V37R_Q163L,10.945274353027344,train,10.95,1.095,0.0047256469726555395
SARS-CoV-2-P7K_Y35V,10.793586730957031,train,10.785,1.0785,0.008586730957031108
SARS-CoV-2-G9E_T201A,10.903852462768556,train,10.91,1.091,0.006147537231443678
SARS-CoV-2-S29H_N110A,10.82241153717041,train,10.84,1.084,0.0175884628295897
SARS-CoV-2-D59T_N110R_K128G_L188S,10.793701171875,train,10.81,1.0810000000000002,0.016298828125000497
SARS-CoV-2-V37F_D97N,10.869203567504885,train,10.88,1.088,0.010796432495116193
SARS-CoV-2-S43I_T201R,10.969329833984377,train,11.03,1.103,0.060670166015622584
SARS-CoV-2-Q163M,11.121381759643556,train,11.18,1.118,0.05861824035644325
SARS-CoV-2-P149L_N171W,10.892014503479004,train,10.88,1.088,0.012014503479003125
SARS-CoV-2-S29E_T148N_S164R_N171F,11.158798217773438,train,11.16,1.116,0.0012017822265626421
SARS-CoV-2-I2M_D98N,10.883254051208496,train,10.86,1.086,0.023254051208496662
SARS-CoV-2-V32R_P149Q,10.83998203277588,train,10.86,1.086,0.02001796722411875
SARS-CoV-2-A42R,10.831188201904297,train,10.833636363636364,1.0833636363636365,0.002448161732067078
SARS-CoV-2-D98N_T201I,10.795862197875977,train,10.81,1.0810000000000002,0.014137802124023935
SARS-CoV-2-T3L_N40R_N171Y,10.902179718017578,train,10.895,1.0895,0.007179718017578551
SARS-CoV-2-N110R,10.802154541015623,train,10.7925,1.07925,0.009654541015622797
SARS-CoV-2-S129T_T201L,10.81954574584961,train,10.85,1.085,0.03045425415039027
SARS-CoV-2-K199C,10.832408905029297,train,10.853333333333332,1.0853333333333333,0.020924428304034848
SARS-CoV-2-T3S_L122S,10.863749504089355,train,10.85,1.085,0.013749504089355824
SARS-CoV-2-V32Y_L60M_K128G,10.841608047485352,train,10.84,1.084,0.0016080474853517046
SARS-CoV-2-L122S_Q168A,10.870161056518556,train,10.85,1.085,0.02016105651855682
SARS-CoV-2-L5P_S43A,10.863079071044922,train,10.895,1.0895,0.0319209289550777
SARS-CoV-2-I2N_T15S,10.82554817199707,train,10.82,1.082,0.005548171997070028
SARS-CoV-2-Y39V_L188P,10.87225341796875,train,10.86,1.086,0.012253417968750568
SARS-CoV-2-R16T_S139Q,10.801877975463867,train,10.78,1.078,0.021877975463867827
SARS-CoV-2-L122R_I138T,10.837048530578612,train,10.85,1.085,0.01295146942138814
SARS-CoV-2-S129Q_T201S,10.875802993774414,train,10.91,1.091,0.03419700622558608
SARS-CoV-2-L5V_N40H,10.80409336090088,train,10.795,1.0795000000000001,0.009093360900880754
SARS-CoV-2-T63H_Y178H,10.847591400146484,train,10.86,1.086,0.012408599853515057
SARS-CoV-2-G9D_S147P,10.819889068603516,train,10.81,1.0810000000000002,0.009889068603515128
SARS-CoV-2-N24S_Y39E,10.806567192077637,train,10.82,1.082,0.013432807922363565
SARS-CoV-2-N151S_S164Q,10.81525707244873,train,10.81,1.0810000000000002,0.005257072448729971
SARS-CoV-2-I28L_L187T,10.820571899414062,train,10.85,1.085,0.029428100585937145
SARS-CoV-2-Q144N_H189S,10.81148624420166,train,10.81,1.0810000000000002,0.0014862442016596589
SARS-CoV-2-A192W,10.797585487365724,train,10.8,1.08,0.002414512634276278
SARS-CoV-2-I2H_E154R,10.894861221313477,train,10.9,1.09,0.005138778686523793
SARS-CoV-2-A42R_F62V_T201C,10.855581283569336,train,10.86,1.086,0.004418716430663494
SARS-CoV-2-L5M_K199N,10.832670211791992,train,10.845,1.0845,0.012329788208008452
SARS-CoV-2-G9N_D59Y,10.829439163208008,train,10.86,1.086,0.03056083679199162
SARS-CoV-2-I2A_N120L_N171F,11.216042518615724,train,11.23,1.123,0.013957481384275994
SARS-CoV-2-L5N,10.79555320739746,train,10.8225,1.08225,0.026946792602540626
SARS-CoV-2-T55H_S139T,10.85431671142578,train,10.85,1.085,0.004316711425779829
SARS-CoV-2-V37S_S147Y,10.811054229736328,train,10.81,1.0810000000000002,0.0010542297363276276
SARS-CoV-2-R16I_E154Q_S200A,10.811211585998535,train,10.83,1.083,0.018788414001464915
SARS-CoV-2-N171F,11.064478874206545,train,11.063333333333333,1.1063333333333334,0.0011455408732121697
SARS-CoV-2-F62A_N151K_T201Y,10.804579734802246,train,10.79,1.079,0.014579734802246946
SARS-CoV-2-N58D_K198P,10.90213108062744,train,10.96,1.096,0.05786891937256122
SARS-CoV-2-F160R_A190H,10.84097671508789,train,10.84,1.084,0.0009767150878907671
SARS-CoV-2-R16T_T201R,10.873298645019531,train,10.86,1.086,0.013298645019531818
SARS-CoV-2-S129T_T201R,10.806493759155272,train,10.83,1.083,0.02350624084472841
SARS-CoV-2-L5Q_T55S,10.82941722869873,train,10.83,1.083,0.0005827713012696023
SARS-CoV-2-S36E_T100V,10.854605674743652,train,10.85,1.085,0.004605674743652699
SARS-CoV-2-E141L_Q168F,10.820982933044434,train,10.8,1.08,0.020982933044432883
SARS-CoV-2-S129R_V173W_P197L,10.864133834838867,train,10.86,1.086,0.004133834838867756
SARS-CoV-2-T63R_T85R,10.822120666503906,train,10.84,1.084,0.017879333496093608
SARS-CoV-2-T55N_L122A,10.963163375854492,train,10.95,1.095,0.013163375854492898
SARS-CoV-2-S29N_K199Q,10.803887367248535,train,10.78,1.078,0.023887367248535796
SARS-CoV-2-S36N,10.859487533569336,train,10.838,1.0837999999999999,0.021487533569336748
SARS-CoV-2-S29C_Y39E_P197K,10.812498092651367,train,10.81,1.0810000000000002,0.00249809265136669
SARS-CoV-2-I28M_D90R_L122S_V173R,10.86121940612793,train,10.87,1.087,0.008780593872069531
SARS-CoV-2-S43L_Q163T_A192I,10.829123497009276,train,10.84,1.084,0.01087650299072429
SARS-CoV-2-T3I_I138T,10.856231689453123,train,10.86,1.086,0.003768310546876208
SARS-CoV-2-R16S,10.850133895874023,train,10.841,1.0841,0.009133895874024134
SARS-CoV-2-R16K_D90N,10.883659362792969,train,10.92,1.092,0.03634063720703118
SARS-CoV-2-R16F,10.845505714416504,train,10.817142857142857,1.0817142857142856,0.02836285727364718
SARS-CoV-2-T55N_S200W,10.877172470092772,train,10.9,1.09,0.022827529907228694
SARS-CoV-2-D97E_L122T,10.80940055847168,train,10.79,1.079,0.01940055847168054
SARS-CoV-2-L5E_N130L,10.806421279907228,train,10.79,1.079,0.01642127990722919
SARS-CoV-2-N58H_F160Y_P197T,10.838787078857422,train,10.85,1.085,0.01121292114257777
SARS-CoV-2-V37L,10.852703094482422,train,10.802,1.0802,0.05070309448242227
SARS-CoV-2-L5D,10.79771614074707,train,10.803636363636365,1.0803636363636364,0.00592022288929428
SARS-CoV-2-V37W_F44M_L122M,10.815496444702148,train,10.825,1.0825,0.009503555297850852
SARS-CoV-2-T55A_N120E_L187R,10.914246559143066,train,10.9,1.09,0.014246559143066051
SARS-CoV-2-N64S,10.810941696166992,train,10.823333333333332,1.0823333333333334,0.012391637166340175
SARS-CoV-2-S29Q,10.858223915100098,train,10.94,1.094,0.08177608489990185
SARS-CoV-2-F8S_G101S_K132M,10.979818344116213,train,10.92,1.092,0.059818344116212785
SARS-CoV-2-N64F_V173L,10.857041358947754,train,10.84,1.084,0.01704135894775405
SARS-CoV-2-S36H,10.81371021270752,train,10.795,1.0795000000000001,0.018710212707519602
SARS-CoV-2-V37Q_N64S,10.93280792236328,train,10.98,1.098,0.04719207763672095
SARS-CoV-2-T3D_S36A,10.85116195678711,train,10.83,1.083,0.021161956787109304
SARS-CoV-2-S200L,10.821385383605955,train,10.830714285714285,1.0830714285714285,0.009328902108329373
SARS-CoV-2-D59A_F160R,10.808595657348633,train,10.8,1.08,0.008595657348632102
SARS-CoV-2-L5W_D90N,10.798791885375977,train,10.77,1.077,0.02879188537597699
SARS-CoV-2-V173Y_E186D,10.8425931930542,train,10.88,1.088,0.03740680694580156
SARS-CoV-2-R16F_T201S,10.904988288879396,train,10.9,1.09,0.004988288879395952
SARS-CoV-2-A18P_Y123F,10.922151565551758,train,10.91,1.091,0.01215156555175767
SARS-CoV-2-F47V_N130D_F160A_P197L,10.849699020385742,train,10.84,1.084,0.00969902038574233
SARS-CoV-2-T100M_T201M,10.88448715209961,train,10.92,1.092,0.035512847900390554
SARS-CoV-2-F160W,10.800984382629396,train,10.795,1.0795000000000001,0.005984382629396379
SARS-CoV-2-K48N_N171M,10.984641075134276,train,10.99,1.099,0.005358924865724646
SARS-CoV-2-P54E_T148R,10.885737419128418,train,10.91,1.091,0.024262580871582173
SARS-CoV-2-E141V_T201Y,10.804527282714844,train,10.805,1.0805,0.0004727172851559658
SARS-CoV-2-T55E,10.890206336975098,train,10.874285714285715,1.0874285714285716,0.015920622689382213
SARS-CoV-2-A192H,10.837011337280272,train,10.83,1.083,0.00701133728027159
SARS-CoV-2-L5H_R16V_N110Q,10.798995018005373,train,10.81,1.0810000000000002,0.011004981994627627
SARS-CoV-2-I138M_S200I,10.80758285522461,train,10.81,1.0810000000000002,0.0024171447753911224
SARS-CoV-2-Y35W_C61Y_T100L_Q163K,10.841171264648438,train,10.87,1.087,0.02882873535156172
SARS-CoV-2-A18H,10.798396110534668,train,10.793333333333337,1.0793333333333337,0.005062777201331414
SARS-CoV-2-V37W_L187E,10.848051071166992,train,10.86,1.086,0.011948928833007244
SARS-CoV-2-V37E_T201C,10.901121139526367,train,10.88,1.088,0.021121139526366406
SARS-CoV-2-N58M_L122R_I138R_E154S_S200L,10.827579498291016,train,10.8,1.08,0.027579498291014914
SARS-CoV-2-A42D_K56N,10.808733940124512,train,10.82,1.082,0.011266059875488565
SARS-CoV-2-S129Y_S200L,10.810392379760742,train,10.83,1.083,0.019607620239257884
SARS-CoV-2-S129G,10.832242965698242,train,10.844285714285714,1.0844285714285715,0.012042748587472119
SARS-CoV-2-N151K_Q168F,10.926568984985352,train,10.935,1.0935000000000001,0.008431015014648935
SARS-CoV-2-L38I_N130A,10.8010892868042,train,10.8,1.08,0.0010892868041985082
SARS-CoV-2-G83Y_K199S,10.795286178588867,train,10.81,1.0810000000000002,0.01471382141113331
SARS-CoV-2-N40R_F160S,10.89511489868164,train,10.91,1.091,0.014885101318359517
SARS-CoV-2-I2L_K48Q,10.82414436340332,train,10.78,1.078,0.04414436340332095
SARS-CoV-2-T55I_Q168H,11.075481414794922,train,11.09,1.109,0.014518585205077983
SARS-CoV-2-V37L_N171I,10.890758514404297,train,10.84,1.084,0.05075851440429702
SARS-CoV-2-Y39L_T100Y,10.92347812652588,train,10.95,1.095,0.026521873474118607
SARS-CoV-2-G9A_S129N,10.826776504516602,train,10.83,1.083,0.0032234954833985086
SARS-CoV-2-P54R_E141Q,10.898945808410645,train,10.96,1.096,0.06105419158935632
SARS-CoV-2-T55L_K128P,10.87380027770996,train,10.88,1.088,0.0061997222900416205
SARS-CoV-2-S43W_A192M_P197S_T201S,10.835556983947754,train,10.82,1.082,0.015556983947753622
SARS-CoV-2-G9E_T55H_T63S,10.881038665771484,train,10.88,1.088,0.0010386657714835934
SARS-CoV-2-K26M_K199V,10.799456596374512,train,10.79,1.079,0.009456596374512571
SARS-CoV-2-A42R_F62T_P149A,10.884623527526855,train,10.9,1.09,0.015376472473144887
SARS-CoV-2-Y35W_L60E_G83R,10.865029335021973,train,10.87,1.087,0.004970664978026562
SARS-CoV-2-E76Q,10.831039428710938,train,10.873333333333331,1.0873333333333333,0.042293904622393796
SARS-CoV-2-S164Q,10.811874389648438,train,10.83,1.083,0.01812561035156257
SARS-CoV-2-T55A_N64S_F160T,10.795385360717772,train,10.79,1.079,0.005385360717772514
SARS-CoV-2-D97H_L122R,10.840970993041992,train,10.84,1.084,0.0009709930419923296
SARS-CoV-2-D59N_N110K_A192W,10.818123817443848,train,10.81,1.0810000000000002,0.008123817443847159
SARS-CoV-2-K128S_Q163K,10.891274452209473,train,10.9,1.09,0.008725547790527699
SARS-CoV-2-Q168Y,10.92011833190918,train,10.918,1.0917999999999999,0.0021183319091804265
SARS-CoV-2-P54R_T201M,10.886531829833984,train,10.89,1.0890000000000002,0.0034681701660161934
SARS-CoV-2-Q163L,10.880456924438477,train,10.852666666666666,1.0852666666666666,0.027790257771810545
SARS-CoV-2-V37G_D59T,10.805301666259766,train,10.83,1.083,0.024698333740234446
SARS-CoV-2-S53A_N171T,10.980926513671877,train,11.0,1.1,0.019073486328123224
SARS-CoV-2-L5F_Y39T,10.81441879272461,train,10.82,1.082,0.005581207275390909
SARS-CoV-2-D97S_V173M,10.892837524414062,train,10.92,1.092,0.02716247558593743
SARS-CoV-2-V37D_K198E,10.869187355041504,train,10.89,1.0890000000000002,0.020812644958496662
SARS-CoV-2-Y50W_T140A,10.811971664428713,train,10.84,1.084,0.028028335571287144
SARS-CoV-2-D90Q,10.804033279418944,train,10.81,1.0810000000000002,0.005966720581056961
SARS-CoV-2-N110T_S200L,10.831391334533691,train,10.86,1.086,0.028608665466308025
SARS-CoV-2-G83M_S147P,10.861928939819336,train,10.86,1.086,0.001928939819336506
SARS-CoV-2-N64L_Q163Y,10.889692306518556,train,10.92,1.092,0.030307693481443465
SARS-CoV-2-K132M_K199S,10.796615600585938,train,10.8,1.08,0.0033843994140632105
SARS-CoV-2-N64S_L122Q,10.9773588180542,train,10.965,1.0965,0.01235881805419936
SARS-CoV-2-R27T_D97L,10.819233894348145,train,10.82,1.082,0.000766105651855753
SARS-CoV-2-I28L_P149S,10.846203804016112,train,10.87,1.087,0.023796195983887714
SARS-CoV-2-I2Y_P197Q,10.841032028198242,train,10.84,1.084,0.0010320281982423296
SARS-CoV-2-N58Q_P149D,10.81763744354248,train,10.81,1.0810000000000002,0.007637443542479971
SARS-CoV-2-N1Q_E154K,11.02273941040039,train,11.06,1.106,0.03726058959960987
SARS-CoV-2-T3D_Q163M,10.968369483947754,train,10.97,1.0970000000000002,0.0016305160522467332
SARS-CoV-2-T85S_P149R,10.820743560791016,train,10.83,1.083,0.009256439208984446
SARS-CoV-2-N64A_D90N_V173H,10.802179336547852,train,10.78,1.078,0.022179336547852202
SARS-CoV-2-S43Q_T140S,10.88841438293457,train,10.87,1.087,0.018414382934571094
SARS-CoV-2-N40L_K199G,10.81977081298828,train,10.84,1.084,0.020229187011720384
SARS-CoV-2-T55A_V153E_T201Y,10.864317893981934,train,10.88,1.088,0.015682106018067188
SARS-CoV-2-H189N,10.84575653076172,train,10.836,1.0836000000000001,0.009756530761720228
SARS-CoV-2-T55L_I80V_L188S,10.887535095214844,train,10.9,1.09,0.012464904785156605
SARS-CoV-2-P149Q_T201V,10.8002347946167,train,10.81,1.0810000000000002,0.009765205383301279
SARS-CoV-2-P54M_K132N,10.800444602966309,train,10.8,1.08,0.0004446029663078832
SARS-CoV-2-V37M_N120H,10.855463027954102,train,10.85,1.085,0.005463027954101918
SARS-CoV-2-L122M,10.838783264160156,train,10.83,1.083,0.008783264160156179
SARS-CoV-2-L122M_P197W,10.907621383666992,train,10.91,1.091,0.0023786163330079546
SARS-CoV-2-F8L_V37P,10.800186157226562,train,10.76,1.076,0.04018615722656271
SARS-CoV-2-I138V,10.806697845458984,train,10.767142857142858,1.0767142857142857,0.03955498831612658
SARS-CoV-2-D90N_L122K,10.824406623840332,train,10.83,1.083,0.00559337615966804
SARS-CoV-2-K199Y,10.82672882080078,train,10.846,1.0846,0.01927117919922061
SARS-CoV-2-S43V_P197K,10.89466953277588,train,10.9,1.09,0.005330467224119673
SARS-CoV-2-T55K,10.838737487792969,train,10.797,1.0797,0.04173748779296815
SARS-CoV-2-L122R_S147V,10.84589958190918,train,10.85,1.085,0.004100418090819957
SARS-CoV-2-H189K,10.813161849975586,train,10.815,1.0815,0.0018381500244135651
SARS-CoV-2-T148A_L188C,10.793157577514648,train,10.8,1.08,0.006842422485352273
SARS-CoV-2-D97A_F160Y,10.89770793914795,train,10.91,1.091,0.012292060852050923
SARS-CoV-2-I104V_T201S,10.802334785461426,train,10.82,1.082,0.017665214538574503
SARS-CoV-2-L5S_C61M_N110K,10.816296577453612,train,10.83,1.083,0.013703422546388566
SARS-CoV-2-F160R,10.847139358520508,train,10.8475,1.08475,0.0003606414794923296
SARS-CoV-2-I2L_P7N,10.87196159362793,train,10.86,1.086,0.011961593627930256
SARS-CoV-2-R16E,10.869848251342772,train,10.8475,1.08475,0.02234825134277152
SARS-CoV-2-N110G,10.807259559631348,train,10.785,1.0785,0.022259559631347514
SARS-CoV-2-S43R_D90N,10.864377975463867,train,10.864999999999998,1.0864999999999998,0.0006220245361312493
SARS-CoV-2-L5I_A18P_G146S,10.83258056640625,train,10.83,1.083,0.002580566406249929
SARS-CoV-2-P149D,10.796703338623049,train,10.807777777777778,1.0807777777777778,0.011074439154729276
SARS-CoV-2-T3G_K199H,10.808857917785645,train,10.81,1.0810000000000002,0.0011420822143559661
SARS-CoV-2-S164R,10.864635467529297,train,10.898571428571428,1.0898571428571429,0.03393596104213081
SARS-CoV-2-I2V_G9S,10.896424293518066,train,10.91,1.091,0.013575706481933736
SARS-CoV-2-N58D,10.830392837524414,train,10.822,1.0822,0.008392837524414887
SARS-CoV-2-V37E_I138M,10.862722396850586,train,10.84,1.084,0.02272239685058608
SARS-CoV-2-T63V_K132A,10.79936981201172,train,10.79,1.079,0.009369812011721379
SARS-CoV-2-V173I,10.81773567199707,train,10.842631578947367,1.0842631578947368,0.024895906950296975
SARS-CoV-2-K56Q_N110S,10.833871841430664,train,10.83,1.083,0.0038718414306639914
SARS-CoV-2-S200T,10.802209854125977,train,10.82,1.082,0.01779014587402372
SARS-CoV-2-T85H_V173L,10.87685203552246,train,10.88,1.088,0.0031479644775416205
SARS-CoV-2-A42M_N64V,10.815926551818848,train,10.825,1.0825,0.009073448181151633
SARS-CoV-2-S43M_D98N_N151L,10.843546867370604,train,10.83,1.083,0.013546867370603621
SARS-CoV-2-L5W_K132H,10.814661026000977,train,10.81,1.0810000000000002,0.004661026000976065
SARS-CoV-2-V37I_P197W,10.810347557067873,train,10.8,1.08,0.01034755706787216
SARS-CoV-2-R16T_N58H,10.79326057434082,train,10.785,1.0785,0.00826057434082017
SARS-CoV-2-Q163C_Q168F,10.893558502197266,train,10.89,1.0890000000000002,0.0035585021972650566
SARS-CoV-2-K56A_Q163F,11.083837509155272,train,11.11,1.111,0.02616249084472777
SARS-CoV-2-I2D_T140A,10.836305618286133,train,10.85,1.085,0.013694381713866832
SARS-CoV-2-S53N_H189S,10.90561866760254,train,10.9,1.09,0.005618667602540484
SARS-CoV-2-E154R_S200L,11.064595222473145,train,11.065,1.1065,0.00040477752685497137
SARS-CoV-2-F47L_L122S,10.825264930725098,train,10.82,1.082,0.005264930725097372
SARS-CoV-2-K26Q_K128P,10.82514190673828,train,10.82,1.082,0.005141906738279189
SARS-CoV-2-I72V,10.845563888549805,train,10.83,1.083,0.015563888549804616
SARS-CoV-2-R16Y_N24E_A42Y_D75S_T201S,10.803507804870604,train,10.77,1.077,0.03350780487060412
SARS-CoV-2-S200N,10.797584533691406,train,10.786666666666669,1.0786666666666669,0.010917867024737404
SARS-CoV-2-N24R_L122V,10.934896469116213,train,10.91,1.091,0.024896469116212572
SARS-CoV-2-H189P,10.823007583618164,train,10.81,1.0810000000000002,0.013007583618163565
SARS-CoV-2-L60I_L122M_Q163L,10.807458877563477,train,10.79,1.079,0.017458877563477415
SARS-CoV-2-G9E,10.80011749267578,train,10.776666666666667,1.0776666666666668,0.02345082600911219
SARS-CoV-2-V37R_T201S,10.848923683166504,train,10.84,1.084,0.008923683166504048
SARS-CoV-2-T55M,10.821535110473633,train,10.811666666666667,1.0811666666666668,0.009868443806965388
SARS-CoV-2-D59E_L122R,10.867355346679688,train,10.87,1.087,0.0026446533203117184
SARS-CoV-2-L122K_T201Y,10.872126579284668,train,10.88,1.088,0.007873420715332813
SARS-CoV-2-T3W_T100I,10.798985481262209,train,10.8,1.08,0.001014518737791903
SARS-CoV-2-I2S_S129K,10.814950942993164,train,10.82,1.082,0.005049057006836222
SARS-CoV-2-S36E_F160A_K198R,10.9370756149292,train,10.94,1.094,0.002924385070800284
SARS-CoV-2-T55S_S147R,10.809612274169922,train,10.81,1.0810000000000002,0.0003877258300786224
SARS-CoV-2-I2R_V37G,10.82676124572754,train,10.83,1.083,0.003238754272459232
SARS-CoV-2-L5Y_V37F_P54R_E141Y,10.904827117919922,train,10.87,1.087,0.03482711791992266
SARS-CoV-2-A42K_R127N,10.851083755493164,train,10.81,1.0810000000000002,0.041083755493163565
SARS-CoV-2-N64A,10.805134773254396,train,10.818461538461538,1.081846153846154,0.013326765207141378
SARS-CoV-2-V37S,10.841358184814451,train,10.8185,1.08185,0.02285818481445112
SARS-CoV-2-S29G_N171Y,11.05042839050293,train,11.05,1.1050000000000002,0.00042839050292897696
SARS-CoV-2-I2P_T201I,10.853144645690918,train,10.87,1.087,0.01685535430908125
SARS-CoV-2-A18S_L60Y_K198Y,10.82752513885498,train,10.85,1.085,0.022474861145019176
SARS-CoV-2-L5R_T193Y_V194G,10.82979965209961,train,10.83,1.083,0.00020034790039069605
SARS-CoV-2-L188S,10.879976272583008,train,10.906666666666666,1.0906666666666667,0.026690394083658475
SARS-CoV-2-N4Q,10.80600357055664,train,10.848,1.0848000000000002,0.04199642944336013
SARS-CoV-2-Q163A,11.068252563476562,train,11.1,1.11,0.031747436523437145
SARS-CoV-2-S43D_A192L,10.798456192016602,train,10.78,1.078,0.018456192016602202
SARS-CoV-2-A33W_T148S,10.87612533569336,train,10.87,1.087,0.006125335693360157
SARS-CoV-2-V37G_L122K_S200L,11.06955623626709,train,11.07,1.107,0.00044376373291044047
SARS-CoV-2-L5A_V153K,10.971397399902344,train,10.98,1.098,0.008602600097656676
SARS-CoV-2-D90S_L111I_N171M_T201L,11.057283401489258,train,11.06,1.106,0.002716598510742685
SARS-CoV-2-N151R,10.81890106201172,train,10.8175,1.0817500000000002,0.0014010620117197448
SARS-CoV-2-N1S_P149K_A190G,10.837997436523438,train,10.86,1.086,0.02200256347656193
SARS-CoV-2-T3P_N171F_T201R,11.102781295776367,train,11.07,1.107,0.0327812957763669
SARS-CoV-2-S53L_N110R,10.796295166015623,train,10.84,1.084,0.043704833984376634
SARS-CoV-2-I2V_S36K,10.80872917175293,train,10.82,1.082,0.011270828247070597
SARS-CoV-2-K48R,10.866533279418944,train,10.904545454545454,1.0904545454545456,0.03801217512651078
SARS-CoV-2-Y39L_T201S,10.842511177062988,train,10.85,1.085,0.0074888229370113635
SARS-CoV-2-A42M_T201L,10.809473037719728,train,10.835,1.0835000000000001,0.025526962280272514
SARS-CoV-2-R27E,10.801156997680664,train,10.802,1.0802,0.0008430023193355396
SARS-CoV-2-V37R_T55K,10.86361598968506,train,10.84,1.084,0.023615989685060512
SARS-CoV-2-T55K_Q84A,10.923518180847168,train,10.9,1.09,0.023518180847167613
SARS-CoV-2-S43R_K48Q_N64R,10.798569679260254,train,10.8,1.08,0.0014303207397468043
SARS-CoV-2-G9Q_K114M,10.793113708496094,train,10.79,1.079,0.0031137084960946027
SARS-CoV-2-V37D_T201Y,10.958284378051758,train,10.97,1.0970000000000002,0.011715621948242827
SARS-CoV-2-V37T_Q84T,10.862110137939451,train,10.87,1.087,0.00788986206054787
SARS-CoV-2-S129N,10.792871475219728,train,10.836666666666666,1.0836666666666666,0.043795191446937665
SARS-CoV-2-L122R_I138L,10.834444046020508,train,10.82,1.082,0.014444046020507528
SARS-CoV-2-D98N,10.827817916870115,train,10.81421052631579,1.081421052631579,0.01360739055432525
SARS-CoV-2-N24A_T100I,10.80319118499756,train,10.82,1.082,0.016808815002439914
SARS-CoV-2-P197N,10.811553001403809,train,10.78,1.078,0.03155300140380923
SARS-CoV-2-G83Y_E154K,10.874195098876951,train,10.87,1.087,0.00419509887695213
SARS-CoV-2-V32R_Y39K_S43L_N110K,10.815095901489258,train,10.83,1.083,0.014904098510742259
SARS-CoV-2-V37E,10.870439529418944,train,10.824166666666668,1.0824166666666668,0.046272862752275046
SARS-CoV-2-I2M_P82N_G152N,10.857139587402344,train,10.83,1.083,0.02713958740234368
SARS-CoV-2-V37S_L122N_K128D,10.83490753173828,train,10.83,1.083,0.004907531738279403
SARS-CoV-2-K56S_L60I,10.808931350708008,train,10.82,1.082,0.011068649291992472
SARS-CoV-2-N64Y_E141A,10.82122802734375,train,10.78,1.078,0.04122802734375064
SARS-CoV-2-G196M,10.800048828125,train,10.815,1.0815,0.014951171874999503
SARS-CoV-2-T55I_N64K_K132N_Q168H,10.846763610839844,train,10.85,1.085,0.0032363891601558947
SARS-CoV-2-N171V_L188W,10.959436416625977,train,10.98,1.098,0.020563583374023864
SARS-CoV-2-I2P_E141D,10.836776733398438,train,10.84,1.084,0.003223266601562358
SARS-CoV-2-T3H_T100Y,10.794519424438477,train,10.78,1.078,0.014519424438477202
SARS-CoV-2-N1D_I28F_P54E,10.904239654541016,train,10.92,1.092,0.015760345458984304
SARS-CoV-2-N120A,10.807100296020508,train,10.82,1.082,0.012899703979492472
SARS-CoV-2-I2A_D90S_T201S,10.802572250366213,train,10.81,1.0810000000000002,0.0074277496337877835
SARS-CoV-2-L187R,10.813684463500977,train,10.855,1.0855000000000001,0.041315536499023864
SARS-CoV-2-Y39G_K132R_I142L_V153I_N171Y,10.852766036987305,train,10.83,1.083,0.022766036987304616
SARS-CoV-2-V37F,10.886484146118164,train,10.883333333333333,1.0883333333333334,0.003150812784831203
SARS-CoV-2-S200E,10.82378101348877,train,10.85,1.085,0.026218986511230113
SARS-CoV-2-N130Q,10.796619415283203,train,10.808,1.0808,0.011380584716796704
SARS-CoV-2-N1S_A42K,10.834846496582031,train,10.86,1.086,0.02515350341796818
SARS-CoV-2-D98A_P197I,10.883153915405272,train,10.88,1.088,0.0031539154052708795
SARS-CoV-2-S43D_S200P,10.814910888671877,train,10.82,1.082,0.005089111328123508
SARS-CoV-2-V37D,10.80580711364746,train,10.76625,1.076625,0.03955711364745973
SARS-CoV-2-V37T_T148V,10.845083236694336,train,10.86,1.086,0.014916763305663494
SARS-CoV-2-N64T_T201R,10.798104286193848,train,10.78,1.078,0.018104286193848296
SARS-CoV-2-V37I_S200L,10.808954238891602,train,10.78,1.078,0.028954238891602202
SARS-CoV-2-N110D_T201L,10.831682205200195,train,10.87,1.087,0.038317794799803906
SARS-CoV-2-N40R_P197A,10.810321807861328,train,10.81,1.0810000000000002,0.0003218078613276276
SARS-CoV-2-T85R_F160A_T201G,10.950350761413574,train,10.97,1.0970000000000002,0.01964923858642642
SARS-CoV-2-R27L_I138T,10.847734451293944,train,10.865,1.0865,0.017265548706056677
SARS-CoV-2-L5P_T140K,10.884288787841797,train,10.87,1.087,0.014288787841797657
SARS-CoV-2-A42R_D97L,10.82896614074707,train,10.85,1.085,0.021033859252929332
SARS-CoV-2-L122S_T201R,10.919689178466797,train,10.92,1.092,0.00031082153320305395
SARS-CoV-2-L122I_P191H,10.793723106384276,train,10.82,1.082,0.026276893615724717
SARS-CoV-2-P54A_T201L,10.812128067016602,train,10.86,1.086,0.04787193298339787
SARS-CoV-2-S53K,10.862231254577637,train,10.87,1.087,0.0077687454223625
SARS-CoV-2-N24Q_Q84T,10.91201877593994,train,10.94,1.094,0.027981224060059873
SARS-CoV-2-T55Q_T148A,10.81361484527588,train,10.81,1.0810000000000002,0.0036148452758801852
SARS-CoV-2-A42Q,10.796506881713867,train,10.7725,1.07725,0.024006881713866335
SARS-CoV-2-N1V_G9Q,10.85537052154541,train,10.86,1.086,0.004629478454589275
SARS-CoV-2-L5G_T201K,10.805429458618164,train,10.8,1.08,0.005429458618163352
SARS-CoV-2-V37A_K56T_T201Q,10.827707290649414,train,10.85,1.085,0.022292709350585582
SARS-CoV-2-L5R_T100V,10.805944442749023,train,10.79,1.079,0.01594444274902429
SARS-CoV-2-E10L_L60Q_P197Y,10.900598526000977,train,10.88,1.088,0.02059852600097578
SARS-CoV-2-Y35F_S164F,10.811988830566406,train,10.82,1.082,0.008011169433594034
SARS-CoV-2-E10D_A190V,10.837247848510742,train,10.92,1.092,0.08275215148925774
SARS-CoV-2-T55R_K128R,10.82957649230957,train,10.835,1.0835000000000001,0.00542350769043054
SARS-CoV-2-L5P_A105T_N171F,11.086393356323242,train,11.07,1.107,0.016393356323241903
SARS-CoV-2-V37L_T85S_T201M,10.92510223388672,train,10.93,1.093,0.004897766113279189
SARS-CoV-2-T55R,10.877569198608398,train,10.895,1.0895,0.017430801391601136
SARS-CoV-2-N40H_P197K,10.880586624145508,train,10.88,1.088,0.0005866241455070309
SARS-CoV-2-Y123F_T148K,10.996885299682615,train,10.98,1.098,0.016885299682614985
SARS-CoV-2-G9D_Q144S_P149S,10.806715965270996,train,10.78,1.078,0.026715965270996733
SARS-CoV-2-H189Q,10.834943771362305,train,10.84,1.084,0.00505622863769517
SARS-CoV-2-V32Q,10.816709518432615,train,10.84,1.084,0.023290481567384447
SARS-CoV-2-S200Q,10.80881118774414,train,10.75,1.075,0.058811187744140625
SARS-CoV-2-K56E_Y66H_T201M,10.808971405029297,train,10.835,1.0835000000000001,0.026028594970703978
SARS-CoV-2-F8W_S43Y,10.842226028442385,train,10.85,1.085,0.007773971557615056
SARS-CoV-2-V37F_S43L_G152R,10.958462715148926,train,10.96,1.096,0.0015372848510750714
SARS-CoV-2-G9N_I104F,11.112493515014648,train,11.11,1.111,0.002493515014649006
SARS-CoV-2-K198S,10.79293441772461,train,10.80909090909091,1.080909090909091,0.01615649136630104
SARS-CoV-2-R27C_L122M,10.860859870910645,train,10.87,1.087,0.009140129089354687
SARS-CoV-2-Q168A_A192R,10.838367462158203,train,10.85,1.085,0.01163253784179652
SARS-CoV-2-V37S_T148Y,10.804632186889648,train,10.8,1.08,0.004632186889647727
SARS-CoV-2-G9H,10.80789279937744,train,10.833636363636364,1.0833636363636365,0.025743564258924323
SARS-CoV-2-L5Q_S19P_S43L_C61S_Q163A,10.840503692626951,train,10.83,1.083,0.010503692626951278
SARS-CoV-2-T3S_L122G,10.995384216308594,train,11.03,1.103,0.03461578369140561
SARS-CoV-2-F160K,10.89543628692627,train,10.906666666666666,1.0906666666666667,0.011230379740396756
SARS-CoV-2-N4S_N64S,10.798229217529297,train,10.81,1.0810000000000002,0.011770782470703622
SARS-CoV-2-V32I,10.854028701782228,train,10.926666666666668,1.092666666666667,0.0726379648844393
SARS-CoV-2-V32K,10.79775333404541,train,10.80714285714286,1.0807142857142862,0.009389523097450336
SARS-CoV-2-N110R_K128D,10.846389770507812,train,10.84,1.084,0.006389770507812642
SARS-CoV-2-Y121C_Q163V,10.817968368530272,train,10.78,1.078,0.0379683685302723
SARS-CoV-2-A33T_Q168H_T201N,10.815784454345703,train,10.81,1.0810000000000002,0.005784454345702628
SARS-CoV-2-Y35M_E154T,10.83751106262207,train,10.84,1.084,0.0024889373779295454
SARS-CoV-2-L5E_T63L,10.801751136779783,train,10.795,1.0795000000000001,0.006751136779783451
SARS-CoV-2-F99W_F160Y_N171W,10.834542274475098,train,10.83,1.083,0.004542274475097585
SARS-CoV-2-P7D_E141V_K198M,10.959436416625977,train,10.96,1.096,0.0005635833740242902
SARS-CoV-2-Y39I_I142L,10.821353912353516,train,10.84,1.084,0.018646087646484233
SARS-CoV-2-L5D_V37L,10.83473777770996,train,10.87,1.087,0.03526222229004006
SARS-CoV-2-A192T_S200V,10.8526029586792,train,10.9,1.09,0.047397041320801137
SARS-CoV-2-R16N_D90R,10.847814559936523,train,10.87,1.087,0.02218544006347578
SARS-CoV-2-D59E,10.833216667175291,train,10.82,1.082,0.013216667175290908
SARS-CoV-2-N130P,10.805734634399414,train,10.7375,1.0737500000000002,0.06823463439941335
SARS-CoV-2-N130R_P197Q,10.968854904174805,train,10.98,1.098,0.011145095825195739
SARS-CoV-2-N130P_V194I,10.89854335784912,train,10.91,1.091,0.011456642150880825
SARS-CoV-2-Y39F_D59S_L122V,10.795146942138672,train,10.78,1.078,0.015146942138672514
SARS-CoV-2-L60A_N171F_K198T,11.16286277770996,train,11.15,1.115,0.012862777709958806
SARS-CoV-2-R27V_V37L_D75K_Y123F_K128A,10.877742767333984,train,10.88,1.088,0.0022572326660164066
SARS-CoV-2-N24S,10.822208404541016,train,10.852,1.0852000000000002,0.029791595458984688
SARS-CoV-2-T15S_V37F_G83A_C195F,10.804351806640623,train,10.8,1.08,0.004351806640622513
SARS-CoV-2-L5V_S36Q,10.798345565795898,train,10.78,1.078,0.018345565795899077
SARS-CoV-2-I2R_P54W_E154K,11.001993179321287,train,11.0,1.1,0.001993179321287286
SARS-CoV-2-R27V_V37L_I138L_T201P,10.817481994628906,train,10.82,1.082,0.0025180053710940342
SARS-CoV-2-G9R_Q163A_V173K,10.885648727416992,train,10.895,1.0895,0.009351272583007386
SARS-CoV-2-S36G_D98N,10.798495292663574,train,10.8,1.08,0.0015047073364264918
SARS-CoV-2-K26M_V32F_L122R,10.926685333251951,train,10.94,1.094,0.013314666748048154
SARS-CoV-2-K56N_N58M,10.820556640625,train,10.83,1.083,0.009443359375000071
SARS-CoV-2-T15D_A42N_L60E_V77E_W106R,10.794074058532717,train,10.66,1.066,0.13407405853271648
SARS-CoV-2-I104F_P149N,10.904535293579102,train,10.91,1.091,0.00546470642089858
SARS-CoV-2-S43Q,10.923577308654783,train,10.93,1.093,0.006422691345216336
SARS-CoV-2-F62Y,10.832130432128906,train,10.815,1.0815,0.017130432128906747
SARS-CoV-2-C6L_A33T_A81V_K87S_Y91M_T100E,11.128058433532717,train,11.08,1.108,0.04805843353271655
SARS-CoV-2-K56T_N64H,10.838630676269531,train,10.83,1.083,0.008630676269531179
SARS-CoV-2-T3S_T201K,10.836231231689451,train,10.85,1.085,0.013768768310548296
SARS-CoV-2-A22E_S43R_N120G,10.809423446655272,train,10.81,1.0810000000000002,0.0005765533447288362
SARS-CoV-2-L5Q_V37W,10.79830837249756,train,10.8,1.08,0.0016916275024403404
SARS-CoV-2-A22S_N130H,10.798235893249512,train,10.79,1.079,0.008235893249512571
SARS-CoV-2-A22K_A190E,10.83784008026123,train,10.835,1.0835000000000001,0.002840080261229616
SARS-CoV-2-N171Y,11.13900661468506,train,11.125,1.1125,0.01400661468506037
SARS-CoV-2-V37A_S43Y,10.810197830200195,train,10.775,1.0775000000000001,0.03519783020019496
SARS-CoV-2-P149S_P197H,10.87265396118164,train,10.88,1.088,0.007346038818360157
SARS-CoV-2-A22M_S147N,10.807808876037598,train,10.81,1.0810000000000002,0.002191123962402841
SARS-CoV-2-N4Q_K48R,10.899327278137209,train,10.86,1.086,0.039327278137209376
SARS-CoV-2-Y39Q_K48E_S164H,10.815512657165527,train,10.8,1.08,0.015512657165526633
SARS-CoV-2-S41T_L122A_G152E,10.84033489227295,train,10.83,1.083,0.010334892272949148
SARS-CoV-2-I28M_S139T,10.816329956054688,train,10.81,1.0810000000000002,0.006329956054687003
SARS-CoV-2-G51N_N120K,10.887858390808104,train,10.86,1.086,0.02785839080810426
SARS-CoV-2-F160R_K199Q,10.80983829498291,train,10.8,1.08,0.009838294982909446
SARS-CoV-2-S147P,10.90981674194336,train,10.955,1.0955000000000001,0.045183258056640696
SARS-CoV-2-A192L,10.798328399658203,train,10.76,1.076,0.03832839965820334
SARS-CoV-2-I2V_K128T,10.80157470703125,train,10.79,1.079,0.011574707031250853
SARS-CoV-2-Q84S_Q168F,10.829229354858398,train,10.83,1.083,0.0007706451416016336
SARS-CoV-2-T85N,10.801332473754885,train,10.78,1.078,0.02133247375488523
SARS-CoV-2-T3S_T15S_Y39F_L122F_S200R,10.831052780151367,train,10.83,1.083,0.0010527801513671164
SARS-CoV-2-R16K,10.833141326904297,train,10.77,1.077,0.0631413269042973
SARS-CoV-2-I2L_S36A,10.875724792480469,train,10.87,1.087,0.005724792480469532
SARS-CoV-2-L122K_E154S_S200P,11.043712615966797,train,11.04,1.1039999999999999,0.0037126159667977277
SARS-CoV-2-N1M_S43D,10.860748291015623,train,10.85,1.085,0.010748291015623579
SARS-CoV-2-G9D_N110W,10.866098403930664,train,10.865,1.0865,0.0010984039306638493
SARS-CoV-2-N40S_T201W,10.795218467712402,train,10.805,1.0805,0.009781532287597372
SARS-CoV-2-G9A_K132S,10.81226634979248,train,10.83,1.083,0.017733650207519602
SARS-CoV-2-N130W_T201R,10.806097984313965,train,10.82,1.082,0.01390201568603544
SARS-CoV-2-V115R_T193Y_V194G,10.809684753417969,train,10.81,1.0810000000000002,0.0003152465820317474
SARS-CoV-2-P133S_N171M,10.833845138549805,train,10.84,1.084,0.00615486145019517
SARS-CoV-2-T140E_T201S,10.809844017028809,train,10.79,1.079,0.019844017028809446
SARS-CoV-2-V37P,10.805671691894531,train,10.78,1.078,0.02567169189453189
SARS-CoV-2-G9A_Q168W,10.954182624816896,train,10.96,1.096,0.005817375183104545
SARS-CoV-2-S53N_S139K,10.804388046264648,train,10.81,1.0810000000000002,0.00561195373535206
SARS-CoV-2-Q84S_N130K,10.95932388305664,train,10.97,1.0970000000000002,0.010676116943360014
SARS-CoV-2-I104V_P197T,10.81995964050293,train,10.84,1.084,0.02004035949707017
SARS-CoV-2-F134E_P197L,10.890522956848145,train,10.89,1.0890000000000002,0.0005229568481439628
SARS-CoV-2-P54A_E141V_T201V,10.80648422241211,train,10.81,1.0810000000000002,0.0035157775878911224
SARS-CoV-2-V37E_K56M,10.889892578125,train,10.88,1.088,0.009892578124999218
SARS-CoV-2-V153F_V173R_T201N,10.89511489868164,train,10.92,1.092,0.024885101318359304
SARS-CoV-2-N171I,10.828216552734377,train,10.746666666666668,1.0746666666666669,0.08154988606770885
SARS-CoV-2-D98R_P197S,10.845060348510742,train,10.84,1.084,0.00506034851074233
SARS-CoV-2-I138L_P197A,10.8392333984375,train,10.85,1.085,0.010766601562499645
SARS-CoV-2-P7N,10.798805236816406,train,10.775,1.0775000000000001,0.023805236816405895
SARS-CoV-2-H189V,10.802645683288574,train,10.81,1.0810000000000002,0.007354316711426279
SARS-CoV-2-D59K_K199S,10.825149536132812,train,10.86,1.086,0.03485046386718693
SARS-CoV-2-K56N,10.822566986083984,train,10.828571428571427,1.0828571428571427,0.006004442487443029
SARS-CoV-2-I72Y_T85V_T100Y_I104M_E186I,10.997200965881348,train,10.93,1.093,0.06720096588134794
SARS-CoV-2-L5W_P149E,10.816604614257812,train,10.81,1.0810000000000002,0.006604614257812003
SARS-CoV-2-P7N_L95M,10.796045303344728,train,10.81,1.0810000000000002,0.013954696655272159
SARS-CoV-2-L122A,10.882779121398926,train,10.865,1.0865,0.017779121398925568
SARS-CoV-2-K128E_S139R,10.842473030090332,train,10.84,1.084,0.0024730300903321734
SARS-CoV-2-C61R_N120K,10.852659225463867,train,10.9,1.09,0.04734077453613317
SARS-CoV-2-T55Q,10.84743309020996,train,10.834,1.0834,0.01343309020995953
SARS-CoV-2-I28F,10.926118850708008,train,10.95,1.095,0.023881149291991477
SARS-CoV-2-V173L_T201L,10.917047500610352,train,10.92,1.092,0.0029524993896483664
SARS-CoV-2-N1T,10.807071685791016,train,10.859,1.0859,0.05192831420898436
SARS-CoV-2-K128N_T140E_Q168H,11.125417709350586,train,11.13,1.1130000000000002,0.004582290649414844
SARS-CoV-2-L122S_V153I,10.821100234985352,train,10.793333333333337,1.0793333333333337,0.027766901652015008
SARS-CoV-2-R16H_Y21F,10.84792137145996,train,10.85,1.085,0.0020786285400404836
SARS-CoV-2-G9M_R16E_L122S,10.99832534790039,train,11.01,1.101,0.011674652099609162
SARS-CoV-2-N64L_E154R,10.821473121643066,train,10.85,1.085,0.02852687835693324
SARS-CoV-2-V37W_E141K,10.836238861083984,train,10.85,1.085,0.01376113891601527
SARS-CoV-2-N40Q,10.832592964172363,train,10.823333333333332,1.0823333333333334,0.009259630839030919
SARS-CoV-2-R16F_N171M,11.045802116394045,train,11.03,1.103,0.015802116394045385
SARS-CoV-2-S200V,10.829166412353516,train,10.815,1.0815,0.014166412353516122
SARS-CoV-2-V37F_P149I,10.902531623840332,train,10.9,1.09,0.002531623840331676
SARS-CoV-2-V37G_N130K,10.97695541381836,train,10.93,1.093,0.04695541381835966
SARS-CoV-2-V37H_T55P,10.945870399475098,train,10.95,1.095,0.004129600524901633
SARS-CoV-2-P54I_Q84S,10.808038711547852,train,10.83,1.083,0.02196128845214851
SARS-CoV-2-I28L_G146S,10.813033103942873,train,10.85,1.085,0.036966896057126775
SARS-CoV-2-A192P,10.839293479919434,train,10.84,1.084,0.0007065200805662641
SARS-CoV-2-F134Y,10.803145408630373,train,10.783333333333331,1.0783333333333331,0.01981207529704143
SARS-CoV-2-L5A,10.822643280029297,train,10.836666666666666,1.0836666666666666,0.014023386637369128
SARS-CoV-2-V37E_S45T,10.79762077331543,train,10.78,1.078,0.017620773315430327
SARS-CoV-2-D97M,10.793792724609377,train,10.756,1.0756000000000001,0.03779272460937655
SARS-CoV-2-R27V_G152N,10.816550254821776,train,10.82,1.082,0.003449745178224717
SARS-CoV-2-D34M_P82A_S129T,11.127851486206056,train,11.04,1.1039999999999999,0.08785148620605732
SARS-CoV-2-H189K_S200F,10.806839942932127,train,10.82,1.082,0.013160057067873154
SARS-CoV-2-I2N_K128H_K199H,10.892276763916016,train,10.87,1.087,0.022276763916016407
SARS-CoV-2-G51R_P197S,10.972914695739746,train,10.96,1.096,0.012914695739745241
SARS-CoV-2-N110T_V173L,10.892847061157228,train,10.9,1.09,0.007152938842772016
SARS-CoV-2-A18K_N171F,10.880324363708496,train,10.86,1.086,0.020324363708496662
SARS-CoV-2-A42G_T201S,10.81392765045166,train,10.81,1.0810000000000002,0.003927650451659659
SARS-CoV-2-N24R,10.878212928771973,train,10.89,1.0890000000000002,0.011787071228027912
SARS-CoV-2-L5D_S129N_S139G,10.853582382202148,train,10.84,1.084,0.01358238220214858
SARS-CoV-2-F44D_N130K,10.811030387878418,train,10.77,1.077,0.041030387878418395
SARS-CoV-2-T100R_H189N,10.887475967407228,train,10.91,1.091,0.022524032592771803
SARS-CoV-2-L5P_E135G_T201W,10.85118293762207,train,10.83,1.083,0.02118293762207024
SARS-CoV-2-G152S_S200L,10.825613021850586,train,10.82,1.082,0.005613021850585653
SARS-CoV-2-T85H,10.84419059753418,train,10.864999999999998,1.0864999999999998,0.02080940246581875
SARS-CoV-2-N4Q_T140S,10.797017097473145,train,10.78,1.078,0.01701709747314517
SARS-CoV-2-I2D_L122Q_A190V,10.948731422424316,train,10.95,1.095,0.0012685775756828832
SARS-CoV-2-V37F_S43F_F160N,10.813817977905272,train,10.81,1.0810000000000002,0.0038179779052711638
SARS-CoV-2-G9V_S200I,10.817256927490234,train,10.88,1.088,0.0627430725097664
SARS-CoV-2-L122K_I142F,11.006668090820312,train,11.04,1.1039999999999999,0.03333190917968665
SARS-CoV-2-S36D_T140S,10.82122802734375,train,10.815,1.0815,0.006228027343750497
SARS-CoV-2-Y35W_S200L,10.800182342529297,train,10.78,1.078,0.020182342529297514
SARS-CoV-2-S43I_G83M,10.798892974853516,train,10.79,1.079,0.008892974853516478
SARS-CoV-2-T46H_L122R,10.869701385498049,train,10.87,1.087,0.00029861450195056705
SARS-CoV-2-Q84T,10.797876358032228,train,10.801428571428572,1.0801428571428573,0.0035522133963432623
SARS-CoV-2-L187K,10.823968887329102,train,10.84,1.084,0.016031112670898295
SARS-CoV-2-A42G_T55A_D97L_K199Q,10.806621551513672,train,10.81,1.0810000000000002,0.0033784484863286224
SARS-CoV-2-L95I_K199Y,10.80384635925293,train,10.82,1.082,0.016153640747070597
SARS-CoV-2-N151R_L188M,10.823250770568848,train,10.84,1.084,0.0167492294311522
SARS-CoV-2-T55A,10.819170951843262,train,10.809444444444445,1.0809444444444445,0.009726507398816864
SARS-CoV-2-L188A,10.828696250915527,train,10.84,1.084,0.011303749084472514
SARS-CoV-2-S43M,10.806228637695312,train,10.855,1.0855000000000001,0.048771362304687926
SARS-CoV-2-S53E,10.93199348449707,train,10.916666666666666,1.0916666666666666,0.015326817830404238
SARS-CoV-2-N1K_R27V_P54E,10.947409629821776,train,10.95,1.095,0.002590370178223722
SARS-CoV-2-Y35I_A42G_T55H,10.813583374023438,train,10.8,1.08,0.01358337402343679
SARS-CoV-2-V37A_P54T_T85K,10.845918655395508,train,10.83,1.083,0.01591865539550774
SARS-CoV-2-Y39T_L122M,10.900873184204102,train,10.92,1.092,0.019126815795898366
SARS-CoV-2-P54K_L122D_N130A,10.83327293395996,train,10.82,1.082,0.013272933959958877
SARS-CoV-2-I2V_I104V_L122A,10.86756706237793,train,10.84,1.084,0.02756706237792983
SARS-CoV-2-T140A_F160Y,10.798912048339844,train,10.76,1.076,0.03891204833984396
SARS-CoV-2-T100L_P191S,10.826411247253418,train,10.85,1.085,0.023588752746581676
SARS-CoV-2-L131M_Q168Y,10.807249069213867,train,10.78,1.078,0.027249069213867827
SARS-CoV-2-T3S_N109K,10.87405014038086,train,10.87,1.087,0.004050140380860157
SARS-CoV-2-V37A_T55S_T148R,10.842643737792969,train,10.84,1.084,0.002643737792968892
SARS-CoV-2-G9T_V37Q,10.848155975341797,train,10.87,1.087,0.021844024658202343
SARS-CoV-2-D97S_L122T_N130K,10.95102882385254,train,10.95,1.095,0.0010288238525415494
SARS-CoV-2-I2H_F62Y,10.80272102355957,train,10.82,1.082,0.01727897644042997
SARS-CoV-2-L95M_L122K,10.913454055786133,train,10.94,1.094,0.02654594421386669
SARS-CoV-2-P7T_V37F_T148V,10.799812316894531,train,10.8,1.08,0.00018768310546946054
SARS-CoV-2-P149G_N171Y,11.03912353515625,train,11.05,1.1050000000000002,0.01087646484375071
SARS-CoV-2-P54Q_T201M,10.878576278686523,train,10.89,1.0890000000000002,0.011423721313477131
SARS-CoV-2-V37Y_T100F_K199L,10.873188018798828,train,10.88,1.088,0.006811981201172657
SARS-CoV-2-I138L_T148Q,10.814767837524414,train,10.8,1.08,0.014767837524413352
SARS-CoV-2-T3D_N171T,11.116205215454102,train,11.13,1.1130000000000002,0.013794784545899219
SARS-CoV-2-N64M_V103L_N107L_N171M_T201R,10.81181812286377,train,10.78,1.078,0.03181812286377017
SARS-CoV-2-L5Q_S36N,10.799520492553713,train,10.79,1.079,0.009520492553713567
SARS-CoV-2-G9V_T85R_P197T,10.839118957519531,train,10.85,1.085,0.010881042480468395
SARS-CoV-2-A190P,10.855191230773926,train,10.86,1.086,0.00480876922607365
SARS-CoV-2-S184T_S200Y,10.82387351989746,train,10.84,1.084,0.016126480102540697
SARS-CoV-2-L5F_T201S,10.81145191192627,train,10.83,1.083,0.01854808807373054
SARS-CoV-2-H189E,10.829774856567385,train,10.87,1.087,0.04022514343261463
SARS-CoV-2-V37S_K56M,10.794535636901855,train,10.79,1.079,0.004535636901856321
SARS-CoV-2-L5P,10.846638679504396,train,10.86125,1.086125,0.014611320495603763
SARS-CoV-2-G51Q_V173I,10.831354141235352,train,10.86,1.086,0.02864585876464787
SARS-CoV-2-F160L_N171Y,10.986303329467772,train,10.97,1.0970000000000002,0.01630332946777102
SARS-CoV-2-G9S_S41Q_V173Y_Y178H,10.802063941955566,train,10.8,1.08,0.0020639419555656957
SARS-CoV-2-R16Q_S53Q,10.86705207824707,train,10.86,1.086,0.007052078247070881
SARS-CoV-2-T85S,10.82144260406494,train,10.81608695652174,1.081608695652174,0.005355647543199282
SARS-CoV-2-S164K,10.883733749389648,train,10.86,1.086,0.023733749389649006
SARS-CoV-2-R27T_D59N,10.81663703918457,train,10.85,1.085,0.03336296081542933
SARS-CoV-2-N4S_V37G,10.823562622070312,train,10.805,1.0805,0.018562622070312784
SARS-CoV-2-F134Y_T201K,10.841489791870115,train,10.88,1.088,0.03851020812988537
SARS-CoV-2-L5E_S29C,10.799297332763672,train,10.81,1.0810000000000002,0.010702667236328622
SARS-CoV-2-R27S_N130R,10.855534553527832,train,10.85,1.085,0.0055345535278323865
SARS-CoV-2-I72C_N130K,10.849794387817385,train,10.865,1.0865,0.015205612182615624
SARS-CoV-2-T3P_T140Q,10.808070182800291,train,10.8,1.08,0.008070182800290482
SARS-CoV-2-N1L_R16N_N171T,11.07056999206543,train,11.07,1.107,0.0005699920654294033
SARS-CoV-2-S43L_V153I,10.861420631408691,train,10.89,1.0890000000000002,0.028579368591309162
SARS-CoV-2-I28Y_F160H,10.811833381652832,train,10.82,1.082,0.008166618347168253
SARS-CoV-2-N64S_F160R,10.885403633117676,train,10.89,1.0890000000000002,0.004596366882324787
SARS-CoV-2-G9N_V37S,10.956823348999023,train,10.99,1.099,0.033176651000976776
SARS-CoV-2-E141D,10.812918663024902,train,10.801,1.0801,0.011918663024902187
SARS-CoV-2-L111K_T201K,10.806076049804688,train,10.8,1.08,0.0060760498046867895
SARS-CoV-2-T55S_V173L_T201M,10.906384468078612,train,10.93,1.093,0.02361553192138821
SARS-CoV-2-I138M,10.819744110107422,train,10.836666666666668,1.0836666666666668,0.016922556559245905
SARS-CoV-2-E154L_S164K,10.850321769714355,train,10.83,1.083,0.020321769714355398
SARS-CoV-2-Q163K,10.828996658325195,train,10.839,1.0839,0.0100033416748051
SARS-CoV-2-L122Q_T148G,10.864481925964355,train,10.86,1.086,0.004481925964356037
SARS-CoV-2-L5E_S147Y_S164N_K198A,10.83000373840332,train,10.82,1.082,0.010003738403320028
SARS-CoV-2-G152A_P197V,10.809913635253906,train,10.86,1.086,0.05008636474609318
SARS-CoV-2-L5Q_V37W_G83Y,10.798853874206545,train,10.82,1.082,0.02114612579345554
SARS-CoV-2-I28L_K199E,10.817630767822266,train,10.87,1.087,0.05236923217773359
SARS-CoV-2-L5N_P54M,10.835372924804688,train,10.84,1.084,0.004627075195312358
SARS-CoV-2-V37W,10.89892864227295,train,10.94,1.094,0.041071357727050284
SARS-CoV-2-I28L_K199T,10.805204391479492,train,10.84,1.084,0.03479560852050767
SARS-CoV-2-V37F_L38I_T55R,10.871423721313477,train,10.86,1.086,0.011423721313477131
SARS-CoV-2-L111E,10.814775466918944,train,10.83,1.083,0.015224533081056535
SARS-CoV-2-K199F,10.792834281921388,train,10.826,1.0826,0.033165718078612016
SARS-CoV-2-I28L,10.795817375183104,train,10.798333333333332,1.0798333333333332,0.0025159581502283146
SARS-CoV-2-Q163V,10.861477851867676,train,10.844,1.0844,0.017477851867676364
SARS-CoV-2-Y175W,10.869104385375977,train,10.9025,1.09025,0.033395614624023295
SARS-CoV-2-P54I,10.818642616271973,train,10.845714285714283,1.0845714285714283,0.027071669442310764
SARS-CoV-2-T55H_D90L_P197K,10.799266815185549,train,10.79,1.079,0.009266815185549504
SARS-CoV-2-Y66W_T201Q,10.80747127532959,train,10.83,1.083,0.022528724670410227
SARS-CoV-2-N24S_S147N,10.93961238861084,train,10.98,1.098,0.04038761138916058
SARS-CoV-2-I2W_L122S_K198R,10.888507843017578,train,10.9,1.09,0.01149215698242223
SARS-CoV-2-P54W_S129N,10.808745384216309,train,10.78,1.078,0.028745384216309233
SARS-CoV-2-S36Q_P149Q,10.854928970336914,train,10.87,1.087,0.015071029663085156
SARS-CoV-2-A33W_Q84G,10.91094970703125,train,10.93,1.093,0.019050292968749716
SARS-CoV-2-Y35W_N64I_L122Q_T201A,11.145742416381836,train,11.14,1.114,0.005742416381835369
SARS-CoV-2-N130R,10.865583419799805,train,10.864,1.0864,0.0015834197998039201
SARS-CoV-2-Y35W_T63I_P149T,10.804174423217772,train,10.79,1.079,0.014174423217772514
SARS-CoV-2-I2D_S164H,10.96910572052002,train,10.99,1.099,0.020894279479980682
SARS-CoV-2-D59S_L122Y,10.796422958374023,train,10.795,1.0795000000000001,0.0014229583740235086
SARS-CoV-2-L5R_T55S_N64T,10.831832885742188,train,10.83,1.083,0.001832885742187429
SARS-CoV-2-I2L_Y35L_N120M,10.819805145263672,train,10.81,1.0810000000000002,0.009805145263671378
SARS-CoV-2-L5P_S129R_K198P,10.799753189086914,train,10.8,1.08,0.00024681091308664804
SARS-CoV-2-K199I,10.793306350708008,train,10.82,1.082,0.02669364929199247
SARS-CoV-2-N110A_K198W,10.81844997406006,train,10.81,1.0810000000000002,0.008449974060059873
SARS-CoV-2-G9D_R27V,10.918729782104492,train,10.93,1.093,0.011270217895507528
SARS-CoV-2-K132T_T201Y,10.80533218383789,train,10.83,1.083,0.024667816162109446
SARS-CoV-2-L5E_L38F,10.80593490600586,train,10.84,1.084,0.03406509399414048
SARS-CoV-2-D98N_L122G_I142L,10.79840087890625,train,10.8,1.08,0.0015991210937507105
SARS-CoV-2-H189S,10.837360382080078,train,10.820000000000002,1.0820000000000003,0.017360382080076064
SARS-CoV-2-P54R_Y123K,11.17229461669922,train,11.17,1.117,0.0022946166992205974
SARS-CoV-2-K26T_A42V,10.815156936645508,train,10.81,1.0810000000000002,0.005156936645507315
SARS-CoV-2-A89S_F160Y,10.853337287902832,train,10.89,1.0890000000000002,0.03666271209716854
SARS-CoV-2-N4T_N40A,10.798721313476562,train,10.81,1.0810000000000002,0.011278686523437997
SARS-CoV-2-L122G_V173M,10.819639205932615,train,10.76,1.076,0.059639205932615624
SARS-CoV-2-A18S,10.84028434753418,train,10.793636363636365,1.0793636363636365,0.04664798389781488
SARS-CoV-2-N1L_Y35W_I138T,10.96700382232666,train,10.96,1.096,0.007003822326659304
SARS-CoV-2-R16M,10.798211097717283,train,10.79,1.079,0.008211097717284233
SARS-CoV-2-L5P_Q144D,10.79621410369873,train,10.8,1.08,0.003785896301270242
SARS-CoV-2-T3K,10.7957181930542,train,10.790909090909093,1.0790909090909093,0.004809102145106436
SARS-CoV-2-L5E_L60R_V173K,10.884600639343262,train,10.89,1.0890000000000002,0.00539936065673885
SARS-CoV-2-Y35F_N151Q,10.819686889648438,train,10.84,1.084,0.020313110351562358
SARS-CoV-2-T55D_D97G_P197K,10.884203910827637,train,10.9,1.09,0.015796089172363637
SARS-CoV-2-V37M_A192T,10.79501247406006,train,10.79,1.079,0.005012474060061223
SARS-CoV-2-N64V_P149G,10.837160110473633,train,10.85,1.085,0.012839889526366832
SARS-CoV-2-L122K_Q163S,10.92103099822998,train,10.91,1.091,0.011030998229980327
SARS-CoV-2-V37K_G51N,10.841386795043944,train,10.85,1.085,0.008613204956056109
SARS-CoV-2-P7R_A190E,10.800310134887695,train,10.8,1.08,0.00031013488769460196
SARS-CoV-2-I2F_V37S_Y91F,10.913750648498535,train,10.94,1.094,0.026249351501464346
SARS-CoV-2-T46H_P149L_P197N,10.820924758911133,train,10.79,1.079,0.030924758911133665
SARS-CoV-2-N58D_F160N,10.823833465576172,train,10.84,1.084,0.016166534423827983
SARS-CoV-2-S29H,10.808160781860352,train,10.81,1.0810000000000002,0.0018392181396489349
SARS-CoV-2-V32W_L122T_S129D,10.809842109680176,train,10.8,1.08,0.00984210968017507
SARS-CoV-2-R16K_D97K,10.918633460998535,train,10.94,1.094,0.021366539001464346
SARS-CoV-2-T100F_L122Q_A192S,10.882768630981444,train,10.88,1.088,0.0027686309814427545
SARS-CoV-2-N24R_V37D,10.917284965515137,train,10.9,1.09,0.017284965515136363
SARS-CoV-2-N64Y,10.835433959960938,train,10.796875,1.0796875000000001,0.0385589599609375
SARS-CoV-2-I2L_V115S_F160Y,10.816853523254396,train,10.83,1.083,0.013146476745603763
SARS-CoV-2-V11I,10.809652328491213,train,10.7925,1.07925,0.017152328491212288
SARS-CoV-2-T85K_P149Q_A190Y_P197R,10.800755500793455,train,10.83,1.083,0.029244499206544816
SARS-CoV-2-S36K_S200F,10.802721977233888,train,10.81,1.0810000000000002,0.007278022766112002
SARS-CoV-2-V77L_L122R_S129V,10.81406021118164,train,10.83,1.083,0.015939788818359446
SARS-CoV-2-K128S_P197M,10.99460220336914,train,11.0,1.1,0.005397796630859375
SARS-CoV-2-S53Q_N151F,10.831714630126951,train,10.82,1.082,0.011714630126951064
SARS-CoV-2-K56E_K128T,10.865434646606444,train,10.88,1.088,0.014565353393557245
SARS-CoV-2-V52F_D59R_Y123K,10.873957633972168,train,10.84,1.084,0.03395763397216811
SARS-CoV-2-S53L_N130K,10.867385864257812,train,10.87,1.087,0.0026141357421867184
SARS-CoV-2-N4K_Y123K,10.929641723632812,train,10.94,1.094,0.010358276367187003
SARS-CoV-2-R16E_T55S,10.911378860473633,train,10.91,1.091,0.0013788604736326704
SARS-CoV-2-L5S_R27L,10.86799144744873,train,10.88,1.088,0.012008552551270313
SARS-CoV-2-D34I_K56W_S139A_P149A,10.803325653076172,train,10.82,1.082,0.01667434692382841
SARS-CoV-2-N130L_S200I,10.839277267456056,train,10.85,1.085,0.010722732543943181
SARS-CoV-2-A42R_K114M,10.819450378417969,train,10.8,1.08,0.01945037841796804
SARS-CoV-2-T201K,10.801664352416992,train,10.780277777777776,1.0780277777777776,0.021386574639215894
SARS-CoV-2-N24S_P197L,10.803756713867188,train,10.78,1.078,0.02375671386718814
SARS-CoV-2-D97Q_Q163V,10.97433853149414,train,10.99,1.099,0.015661468505859588
SARS-CoV-2-K56L_F134Y,10.84649658203125,train,10.89,1.0890000000000002,0.04350341796875057
SARS-CoV-2-V37F_L122M,10.915925979614258,train,10.92,1.092,0.0040740203857421164
SARS-CoV-2-N58R_T85R_L122K,10.938277244567873,train,10.94,1.094,0.0017227554321266325
SARS-CoV-2-T63Y_T148S,10.938122749328612,train,11.0,1.1,0.061877250671388495
SARS-CoV-2-T55K_T148F,10.795723915100098,train,10.8,1.08,0.004276084899903054
SARS-CoV-2-C195N,10.814769744873049,train,10.82,1.082,0.005230255126951633
SARS-CoV-2-Y50R_K128N,10.81093978881836,train,10.74,1.074,0.07093978881835916
SARS-CoV-2-K128S_Q163G,10.91237735748291,train,10.88,1.088,0.032377357482909375
SARS-CoV-2-N40R_T140A,10.79776668548584,train,10.81,1.0810000000000002,0.012233314514160654
SARS-CoV-2-S147P_V173F,10.854514122009276,train,10.86,1.086,0.005485877990723864
SARS-CoV-2-V52K_I138C_Y175S,10.81614589691162,train,10.77,1.077,0.046145896911619744
SARS-CoV-2-V32R,10.816047668457031,train,10.802727272727273,1.0802727272727273,0.013320395729758516
SARS-CoV-2-I28M_A42E_K132S,10.839731216430664,train,10.82,1.082,0.01973121643066378
SARS-CoV-2-A190V_P197I,10.956869125366213,train,10.97,1.0970000000000002,0.013130874633787926
SARS-CoV-2-N151K_A190E,10.793856620788574,train,10.78,1.078,0.013856620788574858
SARS-CoV-2-E154Q,10.82595443725586,train,10.83,1.083,0.004045562744140696
SARS-CoV-2-G9H_L95V,10.83835792541504,train,10.88,1.088,0.04164207458495994
SARS-CoV-2-L5S_S129T,10.912860870361328,train,10.93,1.093,0.01713912963867159
SARS-CoV-2-N64T_K132S,10.812053680419922,train,10.79,1.079,0.022053680419922728
SARS-CoV-2-A42Q_G83D,10.833526611328123,train,10.89,1.0890000000000002,0.056473388671877345
SARS-CoV-2-V37S_T201S,10.886419296264648,train,10.87,1.087,0.01641929626464922
SARS-CoV-2-V37I,10.799324989318848,train,10.7705,1.07705,0.02882498931884747
SARS-CoV-2-P54A_N64T,10.85396957397461,train,10.83,1.083,0.023969573974609304
SARS-CoV-2-N1R,10.819479942321776,train,10.792222222222222,1.0792222222222223,0.02725772009955385
SARS-CoV-2-E141K_T201K,10.795611381530762,train,10.79,1.079,0.005611381530762571
SARS-CoV-2-Y39I_K132I,10.854660034179688,train,10.87,1.087,0.015339965820311718
SARS-CoV-2-I2P_D97L_T201L,10.816761016845703,train,10.84,1.084,0.023238983154296733
SARS-CoV-2-Q163T,10.806172370910645,train,10.794285714285715,1.0794285714285716,0.01188665662492916
SARS-CoV-2-T3P_G9D_L60Y_D98T_Y121F,10.84574031829834,train,10.83,1.083,0.015740318298339773
SARS-CoV-2-T63S_I104W_L122Q_T201P,10.955781936645508,train,10.95,1.095,0.005781936645508523
SARS-CoV-2-I28L_T100F,10.873736381530762,train,10.89,1.0890000000000002,0.01626361846923885
SARS-CoV-2-I28Y_T201R,10.80335807800293,train,10.8,1.08,0.003358078002928977
SARS-CoV-2-V52I,10.793949127197266,train,10.801666666666668,1.0801666666666667,0.007717539469402013
SARS-CoV-2-P54L_K114H_T201W,10.821931838989258,train,10.835,1.0835000000000001,0.01306816101074304
SARS-CoV-2-P54Q,10.841163635253906,train,10.826666666666668,1.0826666666666669,0.014496968587238257
SARS-CoV-2-G9A,10.801429748535156,train,10.804285714285712,1.0804285714285713,0.002855965750555356
SARS-CoV-2-S147D,10.85030460357666,train,10.878,1.0878,0.027695396423339957
SARS-CoV-2-L122I,10.814233779907228,train,10.80818181818182,1.0808181818181821,0.006051961725408006
SARS-CoV-2-I2E_D97G,10.796783447265623,train,10.795,1.0795000000000001,0.0017834472656232947
SARS-CoV-2-K128S_V173L,10.870625495910645,train,10.885,1.0885,0.014374504089355256
SARS-CoV-2-T55S_R78A,10.801323890686035,train,10.8,1.08,0.0013238906860344457
SARS-CoV-2-R27K,10.840269088745115,train,10.845882352941176,1.0845882352941176,0.0056132641960608964
SARS-CoV-2-A18P_Y35W,10.802490234375,train,10.825,1.0825,0.02250976562499929
SARS-CoV-2-T63A_L122Y,10.794754028320312,train,10.78,1.078,0.01475402832031314
SARS-CoV-2-N64Y_T201N,10.93564796447754,train,10.93,1.093,0.005647964477541123
SARS-CoV-2-P149A_K198S,10.798809051513672,train,10.82,1.082,0.02119094848632841
SARS-CoV-2-R16T_T100K,10.938610076904297,train,10.945,1.0945,0.006389923095703409
SARS-CoV-2-Y39L_S113A,10.86241054534912,train,10.89,1.0890000000000002,0.02758945465088125
SARS-CoV-2-Y39T_K198G,10.826451301574709,train,10.81,1.0810000000000002,0.01645130157470831
SARS-CoV-2-Y35F_N120S,10.814544677734377,train,10.85,1.085,0.03545532226562287
SARS-CoV-2-G9K_S41N_F62W_L122A,11.191949844360352,train,11.22,1.122,0.028050155639649077
SARS-CoV-2-T100R_K198L,10.86845588684082,train,10.93,1.093,0.0615441131591794
SARS-CoV-2-L5V_T55Y,10.811849594116213,train,10.82,1.082,0.00815040588378757
SARS-CoV-2-N171M_L187Y,10.83005714416504,train,10.82,1.082,0.010057144165040555
SARS-CoV-2-S36R_P149A,10.853141784667969,train,10.87,1.087,0.01685821533203047
SARS-CoV-2-L5R_P197L,10.927238464355469,train,10.92,1.092,0.007238464355468821
SARS-CoV-2-T55G_T148K,10.841334342956545,train,10.84,1.084,0.0013343429565448872
SARS-CoV-2-I2C_E154S_T201G,10.809625625610352,train,10.77,1.077,0.03962562561035199
SARS-CoV-2-L162I_T201A,10.83498191833496,train,10.88,1.088,0.04501808166504162
SARS-CoV-2-T15S_Q163S,10.819483757019045,train,10.84,1.084,0.020516242980955113
SARS-CoV-2-N130A_P197M,10.964311599731444,train,10.97,1.0970000000000002,0.005688400268557103
SARS-CoV-2-A33W_T100R,10.829330444335938,train,10.84,1.084,0.010669555664062358
SARS-CoV-2-Y35L_T55E,10.861639976501465,train,10.86,1.086,0.0016399765014654122
SARS-CoV-2-S43A_K132R,10.911735534667969,train,10.94,1.094,0.028264465332030753
SARS-CoV-2-T140E,10.802910804748535,train,10.81,1.0810000000000002,0.007089195251465341
SARS-CoV-2-P149H_P197S,10.793363571166992,train,10.78,1.078,0.013363571166992827
SARS-CoV-2-F62T_A192I,10.83513069152832,train,10.84,1.084,0.004869308471679545
SARS-CoV-2-T85V_N130K,10.819971084594728,train,10.83,1.083,0.010028915405271732
SARS-CoV-2-K199M,10.827667236328123,train,10.843333333333334,1.0843333333333334,0.01566609700521049
SARS-CoV-2-V37S_V153R,11.015575408935549,train,11.05,1.1050000000000002,0.03442459106445206
SARS-CoV-2-P7L_V37F_K56E,10.8026123046875,train,10.78,1.078,0.02261230468750064
SARS-CoV-2-D59S_T85K_Y175W,10.831719398498535,train,10.87,1.087,0.03828060150146406
SARS-CoV-2-R16N_S129T,10.86628246307373,train,10.85,1.085,0.016282463073730824
SARS-CoV-2-V153L_L188M,10.830883026123049,train,10.86,1.086,0.02911697387695078
SARS-CoV-2-T3I_S43D_T55A_S147P,10.825675964355469,train,10.8,1.08,0.02567596435546804
SARS-CoV-2-S43L_D97H,10.818099975585938,train,10.83,1.083,0.011900024414062571
SARS-CoV-2-Y35L_P197S,10.902825355529783,train,10.91,1.091,0.007174644470216762
SARS-CoV-2-R16A,10.824260711669922,train,10.793333333333331,1.0793333333333333,0.03092737833659065
SARS-CoV-2-P54R_T201W,10.822437286376951,train,10.81,1.0810000000000002,0.012437286376950851
SARS-CoV-2-Y50W_Q163A,10.956934928894045,train,10.98,1.098,0.02306507110595568
SARS-CoV-2-S129E_T201D,10.821785926818848,train,10.84,1.084,0.0182140731811522
SARS-CoV-2-H189Q_T201F,10.90436553955078,train,10.915,1.0915,0.010634460449219674
SARS-CoV-2-D59E_S129V,10.797101974487305,train,10.81,1.0810000000000002,0.01289802551269581
SARS-CoV-2-S43A,10.823537826538086,train,10.764545454545454,1.0764545454545453,0.05899237199263219
SARS-CoV-2-S36L_L122S,10.992403984069824,train,10.99,1.099,0.0024039840698240056
SARS-CoV-2-Y39M_E154S,10.90414810180664,train,10.93,1.093,0.02585189819335909
SARS-CoV-2-T55K_S184T,10.929572105407717,train,10.97,1.0970000000000002,0.04042789459228402
SARS-CoV-2-A42K,10.799514770507812,train,10.784999999999998,1.0784999999999998,0.014514770507814134
SARS-CoV-2-T63G_Q168W,10.869867324829102,train,10.89,1.0890000000000002,0.020132675170899006
SARS-CoV-2-Q84A,10.905950546264648,train,10.95,1.095,0.04404945373535085
SARS-CoV-2-T55D,10.834381103515623,train,10.82,1.082,0.01438110351562294
SARS-CoV-2-G83F_T201N,11.34857177734375,train,11.41,1.141,0.06142822265625014
SARS-CoV-2-S43L_I104F_P197R,10.856566429138184,train,10.87,1.087,0.013433570861815625
SARS-CoV-2-D59E_N171I,10.911251068115234,train,10.87,1.087,0.04125106811523516
SARS-CoV-2-I2S_S164C,10.834258079528809,train,10.83,1.083,0.004258079528808523
SARS-CoV-2-G9S_Y35W_E154G,10.841032028198242,train,10.79,1.079,0.05103202819824304
SARS-CoV-2-T55D_T85R,10.85950756072998,train,10.88,1.088,0.020492439270020313
SARS-CoV-2-K128E_P149H,10.792762756347656,train,10.8,1.08,0.0072372436523444605
SARS-CoV-2-N4G_I138L,10.812858581542969,train,10.82,1.082,0.007141418457031534
SARS-CoV-2-H189T,10.839433670043944,train,10.839999999999998,1.0839999999999999,0.0005663299560545454
SARS-CoV-2-L5M_S36M,10.804577827453612,train,10.82,1.082,0.01542217254638878
SARS-CoV-2-L122M_S200F,10.879986763000488,train,10.87,1.087,0.009986763000489063
SARS-CoV-2-S43G_P197T,10.868857383728027,train,10.88,1.088,0.011142616271973438
SARS-CoV-2-V37F_P54A,10.950077056884766,train,10.97,1.0970000000000002,0.019922943115235014
SARS-CoV-2-A190H,10.82356071472168,train,10.865,1.0865,0.041439285278320526
SARS-CoV-2-N171T,10.800851821899414,train,10.81,1.0810000000000002,0.009148178100586435
SARS-CoV-2-I104F_P149M,10.80461311340332,train,10.8,1.08,0.004613113403319602
SARS-CoV-2-K128H_S200Q,10.828389167785645,train,10.82,1.082,0.008389167785644247
SARS-CoV-2-V37F_K56W_D97V_V153K,10.844853401184082,train,10.86,1.086,0.0151465988159174
SARS-CoV-2-S164M_V173I,10.922334671020508,train,10.95,1.095,0.027665328979491477
SARS-CoV-2-D98N_R136K,10.795536041259766,train,10.805,1.0805,0.00946395874023409
SARS-CoV-2-I2R_Q163V,11.034100532531738,train,11.04,1.1039999999999999,0.005899467468260866
SARS-CoV-2-I2L_Y39G_P197A,10.799358367919922,train,10.79,1.079,0.009358367919922728
SARS-CoV-2-S36T_Q163T,10.814576148986816,train,10.81,1.0810000000000002,0.004576148986815909
SARS-CoV-2-I2R_P149N,10.829872131347656,train,10.83,1.083,0.00012786865234382105
SARS-CoV-2-Q168F,10.927796363830566,train,10.95,1.095,0.022203636169432883
SARS-CoV-2-V37T_T201S,10.914441108703612,train,10.92,1.092,0.005558891296388424
SARS-CoV-2-Y39V_V173A,10.818567276000977,train,10.81,1.0810000000000002,0.008567276000976065
SARS-CoV-2-N24R_S36K_S200Y,10.923346519470217,train,10.93,1.093,0.006653480529783096
SARS-CoV-2-D97K_T201S,10.808642387390137,train,10.83,1.083,0.021357612609863352
SARS-CoV-2-V37Q,10.828339576721191,train,10.815555555555555,1.0815555555555556,0.012784021165636261
SARS-CoV-2-L122E_S147P,10.899808883666992,train,10.9,1.09,0.00019111633300816777
SARS-CoV-2-T201E,10.793560028076172,train,10.81,1.0810000000000002,0.016439971923828622
SARS-CoV-2-P197Q,10.882604598999023,train,10.871666666666664,1.0871666666666664,0.010937932332359068
SARS-CoV-2-N4K_I104Y,10.799822807312012,train,10.78,1.078,0.019822807312012358
SARS-CoV-2-R16V_V37Q_A42L_T201L,10.882137298583984,train,10.88,1.088,0.0021372985839835934
SARS-CoV-2-L5V_P54Q,10.803125381469728,train,10.81,1.0810000000000002,0.0068746185302721585
SARS-CoV-2-L122Q,10.841800689697266,train,10.868181818181816,1.0868181818181817,0.026381128484549876
SARS-CoV-2-V37S_S41G,10.800870895385742,train,10.8,1.08,0.000870895385741477
SARS-CoV-2-T3H_P197T,10.83396053314209,train,10.84,1.084,0.006039466857910014
SARS-CoV-2-V37I_S43V,10.798162460327148,train,10.79,1.079,0.00816246032714929
SARS-CoV-2-D59K_A192M,10.80941677093506,train,10.86,1.086,0.05058322906493906
SARS-CoV-2-P54F,10.80661392211914,train,10.82,1.082,0.01338607788085966
SARS-CoV-2-L5P_R16T_N151H,10.898309707641602,train,10.885000000000002,1.0885000000000002,0.0133097076416
SARS-CoV-2-I2D_G9H,10.801979064941406,train,10.84,1.084,0.03802093505859361
SARS-CoV-2-N171W,11.011388778686523,train,10.99,1.099,0.021388778686523224
SARS-CoV-2-L95V_S200M,10.80678367614746,train,10.82,1.082,0.013216323852541123
SARS-CoV-2-T3P,10.81888198852539,train,10.8325,1.08325,0.013618011474608949
SARS-CoV-2-D97M_N151K,10.795879364013672,train,10.8,1.08,0.0041206359863288355
SARS-CoV-2-V37I_N64H,10.831984519958496,train,10.83,1.083,0.0019845199584960227
SARS-CoV-2-V37N,10.828325271606444,train,10.821111111111112,1.0821111111111112,0.007214160495331967
SARS-CoV-2-F8W_F44W,10.79462718963623,train,10.82,1.082,0.025372810363769815
SARS-CoV-2-K56Y_L122R,10.80146598815918,train,10.8,1.08,0.001465988159178977
SARS-CoV-2-V37W_T140A,10.874938011169434,train,10.89,1.0890000000000002,0.015061988830566975
SARS-CoV-2-K132L_Y143F_P197W,10.847230911254885,train,10.82,1.082,0.027230911254884305
SARS-CoV-2-L5M_Y39V,10.843317031860352,train,10.85,1.085,0.006682968139648082
SARS-CoV-2-D97F_T201I,10.807981491088867,train,10.82,1.082,0.012018508911133097
SARS-CoV-2-I2V_K94H,10.794507026672363,train,10.83,1.083,0.03549297332763679
SARS-CoV-2-L5Q_V37E,10.940389633178713,train,10.96,1.096,0.01961036682128814
SARS-CoV-2-T15K_F160R,10.869272232055664,train,10.84,1.084,0.029272232055664205
SARS-CoV-2-L122T_F160R,10.882741928100586,train,10.895,1.0895,0.012258071899413636
SARS-CoV-2-Y35W_S43H_K132E,10.973376274108888,train,10.96,1.096,0.013376274108887642
SARS-CoV-2-S29H_V37Y,10.851168632507324,train,10.85,1.085,0.001168632507324574
SARS-CoV-2-V37G_N130R,10.989686965942385,train,10.96,1.096,0.029686965942383736
SARS-CoV-2-I2T_Q163A,10.916987419128418,train,10.92,1.092,0.00301258087158196
SARS-CoV-2-R16Y,10.889492988586426,train,10.873636363636365,1.0873636363636365,0.015856624950060905
SARS-CoV-2-T100R_N120S,10.810440063476562,train,10.84,1.084,0.029559936523437358
SARS-CoV-2-T100A_N130P,10.803958892822266,train,10.8,1.08,0.0039588928222649145
SARS-CoV-2-Q84V_S164K,10.89317512512207,train,10.88,1.088,0.013175125122069531
SARS-CoV-2-R27C_S36D,10.86573314666748,train,10.86,1.086,0.005733146667481037
SARS-CoV-2-N1A_E154T,10.83703327178955,train,10.85,1.085,0.012966728210448863
SARS-CoV-2-I28M_S36R,10.834667205810549,train,10.83,1.083,0.00466720581054858
SARS-CoV-2-N4A_T201S,10.804264068603516,train,10.82,1.082,0.01573593139648466
SARS-CoV-2-I2D_V115R_H189Y,10.85695743560791,train,10.84,1.084,0.0169574356079103
SARS-CoV-2-L5V_Y91F_T100L,10.802931785583496,train,10.8,1.08,0.002931785583495383
SARS-CoV-2-S53D_G152K,10.872204780578612,train,10.85,1.085,0.02220478057861186
SARS-CoV-2-N40D_R127V,10.833732604980469,train,10.86,1.086,0.02626739501953068
SARS-CoV-2-Y178H,10.87535572052002,train,10.8725,1.08725,0.002855720520019034
SARS-CoV-2-T201P,10.801596641540527,train,10.795384615384616,1.0795384615384618,0.006212026155910877
SARS-CoV-2-T55L_N110Q,10.846580505371094,train,10.91,1.091,0.06341949462890639
SARS-CoV-2-S147W,10.844676971435549,train,10.8775,1.08775,0.03282302856445085
SARS-CoV-2-S43R,10.810125350952148,train,10.8075,1.0807499999999999,0.002625350952149219
SARS-CoV-2-P149G_V153L,10.857644081115724,train,10.9,1.09,0.04235591888427592
SARS-CoV-2-V32M_Y39M,10.872488021850586,train,10.88,1.088,0.007511978149414844
SARS-CoV-2-C61R_Q144E,10.848247528076172,train,10.84,1.084,0.008247528076172017
SARS-CoV-2-L122R,10.80268096923828,train,10.812,1.0812,0.009319030761719915
SARS-CoV-2-L122V_Y143F_T201Q,10.860200881958008,train,10.89,1.0890000000000002,0.029799118041992756
SARS-CoV-2-N1H,10.794635772705078,train,10.783333333333331,1.0783333333333331,0.011302439371746686
SARS-CoV-2-F44Y_F160Y,10.807853698730469,train,10.82,1.082,0.012146301269531534
SARS-CoV-2-T55N_P149M,10.80013656616211,train,10.78,1.078,0.020136566162110014
SARS-CoV-2-N58P_Y66I,10.855669021606444,train,10.87,1.087,0.014330978393555682
SARS-CoV-2-I2F_P54S,10.80936050415039,train,10.825,1.0825,0.015639495849608664
SARS-CoV-2-L5S_K199W,10.804606437683104,train,10.84,1.084,0.035393562316896165
SARS-CoV-2-N1G_G9N_V173L_H189Y,10.886536598205566,train,10.93,1.093,0.04346340179443331
SARS-CoV-2-R16W_L122R,10.827016830444336,train,10.82,1.082,0.007016830444335653
SARS-CoV-2-T100R_S129N,10.81389045715332,train,10.83,1.083,0.01610954284667976
SARS-CoV-2-T100H_I104F,10.85653305053711,train,10.87,1.087,0.013466949462889843
SARS-CoV-2-K26I_N130I,10.793790817260742,train,10.78,1.078,0.013790817260742827
SARS-CoV-2-Y39V_P197G,10.825987815856934,train,10.82,1.082,0.0059878158569333095
SARS-CoV-2-I2A_Y39F,10.811288833618164,train,10.82,1.082,0.008711166381836222
SARS-CoV-2-L122N_S129I_V173K,10.831398010253906,train,10.83,1.083,0.001398010253906179
SARS-CoV-2-F62W_E141S,10.954523086547852,train,10.98,1.098,0.025476913452148864
SARS-CoV-2-R16Y_L122M_K128L,10.837276458740234,train,10.84,1.084,0.002723541259765483
SARS-CoV-2-Q168H,11.08459758758545,train,11.105,1.1105,0.020402412414551208
SARS-CoV-2-T193S,10.799750328063965,train,10.79,1.079,0.009750328063965696
SARS-CoV-2-Y35L_V52L,10.79473114013672,train,10.83,1.083,0.035268859863279545
SARS-CoV-2-D97L_F160S,10.881460189819336,train,10.9,1.09,0.018539810180664418
SARS-CoV-2-P54R_L95V,10.856836318969728,train,10.83,1.083,0.026836318969728268
SARS-CoV-2-I2M_L162I,10.810076713562012,train,10.8,1.08,0.010076713562011008
SARS-CoV-2-L5Y_V37N_G51R,10.796849250793455,train,10.76,1.076,0.03684925079345547
SARS-CoV-2-N30D,10.809270858764648,train,10.81,1.0810000000000002,0.0007291412353520599
SARS-CoV-2-L60Y_S184A,10.81418514251709,train,10.82,1.082,0.0058148574829104405
SARS-CoV-2-Y35F_G152R,10.819586753845217,train,10.82,1.082,0.0004132461547836641
SARS-CoV-2-T3G_T201R,10.796915054321287,train,10.81,1.0810000000000002,0.013084945678713211
SARS-CoV-2-I2R_S129N,10.848093032836914,train,10.85,1.085,0.0019069671630855822
SARS-CoV-2-Y35F_K56A,10.877910614013672,train,10.93,1.093,0.05208938598632784
SARS-CoV-2-R16T_T55G_S200R,10.8694429397583,train,10.86,1.086,0.00944293975830135
SARS-CoV-2-L5W_E154T,10.86810302734375,train,10.88,1.088,0.011896972656250782
SARS-CoV-2-D90Q_T201K,10.79905891418457,train,10.8,1.08,0.000941085815430398
SARS-CoV-2-V37G_S53Q,10.813192367553713,train,10.78,1.078,0.03319236755371335
SARS-CoV-2-T3P_V11I_L60Y,10.852704048156738,train,10.86,1.086,0.00729595184326115
SARS-CoV-2-E141Y_K199G,10.828100204467772,train,10.84,1.084,0.011899795532228197
SARS-CoV-2-Q144S_L187Q,10.803802490234377,train,10.8,1.08,0.003802490234376066
SARS-CoV-2-V37D_S200D,10.842391967773438,train,10.8,1.08,0.04239196777343679
SARS-CoV-2-T63K_Q168F,10.815394401550291,train,10.82,1.082,0.004605598449709092
SARS-CoV-2-S43I_K114N_N130K,10.837352752685549,train,10.82,1.082,0.017352752685548367
SARS-CoV-2-C61T_L122K,10.940403938293455,train,10.97,1.0970000000000002,0.029596061706545385
SARS-CoV-2-N64T_K114W_T201G,10.867883682250977,train,10.86,1.086,0.007883682250977131
SARS-CoV-2-I2T_D98N,10.803457260131836,train,10.81,1.0810000000000002,0.00654273986816456
SARS-CoV-2-Q163G,10.857970237731934,train,10.848571428571429,1.084857142857143,0.00939880916050484
SARS-CoV-2-V37M_T201Q,10.797350883483888,train,10.79,1.079,0.007350883483889348
SARS-CoV-2-I2L_T85H,10.81561279296875,train,10.81,1.0810000000000002,0.005612792968749503
SARS-CoV-2-D97K_S129V,10.916010856628418,train,10.96,1.096,0.043989143371582884
SARS-CoV-2-L60Y_N130K,10.90151023864746,train,10.89,1.0890000000000002,0.011510238647458593
SARS-CoV-2-I138L,10.796602249145508,train,10.787692307692309,1.078769230769231,0.00890994145319901
SARS-CoV-2-Y35L_T201M,10.843235969543455,train,10.87,1.087,0.026764030456543964
SARS-CoV-2-R27Q_V37G,10.838800430297852,train,10.81,1.0810000000000002,0.028800430297851065
SARS-CoV-2-R16N_Y39S,10.85438632965088,train,10.86,1.086,0.005613670349118749
SARS-CoV-2-T55A_K199S,10.850727081298828,train,10.87,1.087,0.019272918701171093
SARS-CoV-2-G51N_T85R_S184T,10.897024154663086,train,10.92,1.092,0.02297584533691399
SARS-CoV-2-K48E_L111I,10.837491035461426,train,10.81,1.0810000000000002,0.027491035461425284
SARS-CoV-2-A190E,10.835506439208984,train,10.828333333333331,1.082833333333333,0.0071731058756530075
SARS-CoV-2-S41R_L122K,10.9598970413208,train,10.97,1.0970000000000002,0.010102958679199858
SARS-CoV-2-I2T_P197I,10.851921081542969,train,10.84,1.084,0.011921081542968892
SARS-CoV-2-L162I,10.795952796936035,train,10.817142857142857,1.0817142857142856,0.02119006020682157
SARS-CoV-2-Y35F_Y123K,11.066997528076172,train,11.08,1.108,0.013002471923828196
SARS-CoV-2-E141T_K199Y,10.794052124023438,train,10.79,1.079,0.004052124023438353
SARS-CoV-2-P197L,10.81452178955078,train,10.85,1.085,0.03547821044922017
SARS-CoV-2-I138V_Q163M,11.065792083740234,train,11.08,1.108,0.014207916259765696
SARS-CoV-2-T55A_K199R,10.835508346557615,train,10.87,1.087,0.03449165344238381
SARS-CoV-2-L5Q_S43Y_L60M_I138N,10.938202857971191,train,10.93,1.093,0.00820285797119169
SARS-CoV-2-K128N_E141D,10.846147537231444,train,10.845,1.0845,0.0011475372314428967
SARS-CoV-2-N4A_P197Q,10.80012321472168,train,10.81,1.0810000000000002,0.00987678527832081
SARS-CoV-2-F160N_T201C,10.826337814331056,train,10.84,1.084,0.013662185668943394
SARS-CoV-2-T140L_P197M,10.805419921875,train,10.8,1.08,0.0054199218749992895
SARS-CoV-2-L122N,10.804750442504885,train,10.825714285714286,1.0825714285714285,0.020963843209401034
SARS-CoV-2-Y91F,10.794500350952148,train,10.785384615384617,1.0785384615384617,0.009115735567531758
SARS-CoV-2-N1L_C61P_Q163V,10.82050323486328,train,10.83,1.083,0.009496765136720597
SARS-CoV-2-R27K_N120K,10.860107421875,train,10.84,1.084,0.020107421875000142
SARS-CoV-2-N1Q,10.814530372619627,train,10.796,1.0796,0.018530372619627755
SARS-CoV-2-Q84T_K199H,10.841131210327148,train,10.84,1.084,0.0011312103271485796
SARS-CoV-2-R27V_Y35W,10.805356979370115,train,10.79,1.079,0.015356979370116264
SARS-CoV-2-N130L_T201S,10.898212432861328,train,10.94,1.094,0.04178756713867138
SARS-CoV-2-L5S,10.802085876464844,train,10.8045,1.0804500000000001,0.002414123535157131
SARS-CoV-2-Y35L_T46M_P197V,10.792757034301758,train,10.76,1.076,0.032757034301758026
SARS-CoV-2-S43L_K199V,10.865545272827148,train,10.9,1.09,0.03445472717285192
SARS-CoV-2-N4S_Q168Y,10.85215950012207,train,10.84,1.084,0.012159500122070455
SARS-CoV-2-L111I,10.838266372680664,train,10.87,1.087,0.031733627319335156
SARS-CoV-2-R16D_Y35L_N58T,10.993595123291016,train,11.0,1.1,0.006404876708984375
SARS-CoV-2-T201G,10.81723403930664,train,10.8225,1.08225,0.005265960693359162
SARS-CoV-2-K56E_N109V_F160Y,10.965906143188477,train,10.975,1.0975,0.009093856811523082
SARS-CoV-2-N110R_V173R,10.84272289276123,train,10.87,1.087,0.02727710723876875
SARS-CoV-2-S41N_A190V,10.868962287902832,train,10.9,1.09,0.031037712097168324
SARS-CoV-2-V37F_K128S,10.819751739501951,train,10.83,1.083,0.010248260498048722
SARS-CoV-2-P191S,10.806913375854492,train,10.813333333333333,1.0813333333333333,0.006419957478840388
SARS-CoV-2-S43T,10.822919845581056,train,10.815,1.0815,0.007919845581056961
SARS-CoV-2-P7A_N64S_Y123F,10.827140808105469,train,10.82,1.082,0.007140808105468466
SARS-CoV-2-K56Q_G83R,10.822916984558104,train,10.82,1.082,0.002916984558103408
SARS-CoV-2-S43M_Q168F,10.81759548187256,train,10.815,1.0815,0.0025954818725608675
SARS-CoV-2-N4S_K56Q_P197Q,10.833885192871094,train,10.83,1.083,0.003885192871093679
SARS-CoV-2-L5H_T193N,10.871541023254396,train,10.91,1.091,0.038458976745603835
SARS-CoV-2-P197V,10.831476211547852,train,10.83625,1.083625,0.004773788452148153
SARS-CoV-2-L122S_T201P,11.00132942199707,train,10.99,1.099,0.0113294219970701
SARS-CoV-2-G9S_Q168W,11.050922393798828,train,11.045,1.1045,0.005922393798828196
SARS-CoV-2-L5T_Y35W_K56R,10.908361434936523,train,10.9,1.09,0.008361434936523082
SARS-CoV-2-Q163L_K199G,10.901887893676758,train,10.9,1.09,0.0018878936767574572
SARS-CoV-2-T55S_T201L,10.873093605041504,train,10.91,1.091,0.036906394958496236
SARS-CoV-2-T55S_L122T,10.840744018554688,train,10.83,1.083,0.010744018554687429
SARS-CoV-2-R78K,10.820042610168455,train,10.8475,1.08475,0.027457389831544887
SARS-CoV-2-K48N_Y178H,10.875656127929688,train,10.88,1.088,0.004343872070313282
SARS-CoV-2-T55S_N130K,10.887300491333008,train,10.9,1.09,0.012699508666992543
SARS-CoV-2-T100M,10.803909301757812,train,10.836666666666666,1.0836666666666666,0.032757364908853503
SARS-CoV-2-S200D,10.794897079467772,train,10.81,1.0810000000000002,0.015102920532228836
SARS-CoV-2-Q168W,10.9589204788208,train,10.97,1.0970000000000002,0.011079521179199858
SARS-CoV-2-P54K_Q163L,11.070329666137695,train,11.08,1.108,0.009670333862304759
SARS-CoV-2-Y39A_T201H,10.819202423095703,train,10.86,1.086,0.04079757690429631
SARS-CoV-2-K56V_F160K_T201S,10.813252449035645,train,10.83,1.083,0.01674755096435554
SARS-CoV-2-S36E_L122M,10.929292678833008,train,10.95,1.095,0.020707321166991477
SARS-CoV-2-N110A,10.804591178894045,train,10.800000000000002,1.0800000000000003,0.004591178894042258
SARS-CoV-2-G51R_V115Q,10.796379089355469,test,10.78,1.078,0.01637908935546939
SARS-CoV-2-S45Y_N171Y,10.820867538452148,test,10.78,1.078,0.04086753845214908
SARS-CoV-2-T55S_N120D_T201S,10.82074737548828,test,10.8,1.08,0.020747375488278763
SARS-CoV-2-L125M_S147N,10.863574028015137,test,10.91,1.091,0.04642597198486342
SARS-CoV-2-T55G_Y178H,10.878820419311523,test,10.67,1.067,0.2088204193115235
SARS-CoV-2-T3A_Y39L,10.86797046661377,test,10.905,1.0905,0.03702953338622983
SARS-CoV-2-L122M_K132L,10.806909561157228,test,10.52,1.052,0.28690956115722877
SARS-CoV-2-S45Q_G51R_L122S,10.81094741821289,test,10.71,1.0710000000000002,0.10094741821288977
SARS-CoV-2-G9D_G155K,10.796507835388184,test,10.99,1.099,0.19349216461181662
SARS-CoV-2-P197I,10.87883186340332,test,10.786666666666669,1.0786666666666669,0.09216519673665147
SARS-CoV-2-N40S_V153H,10.822354316711426,test,10.91,1.091,0.08764568328857436
SARS-CoV-2-V37K,10.81442928314209,test,10.853333333333332,1.0853333333333333,0.03890405019124188
SARS-CoV-2-R16D,10.824846267700195,test,10.845,1.0845,0.020153732299805327
SARS-CoV-2-L5S_Q168H,10.989381790161133,test,10.98,1.098,0.009381790161132386
SARS-CoV-2-G9D_L60M,10.904325485229492,test,10.92,1.092,0.01567451477050774
SARS-CoV-2-N1D,10.863083839416504,test,10.9075,1.09075,0.04441616058349673
SARS-CoV-2-R16N,10.867409706115724,test,10.8275,1.08275,0.039909706115723864
SARS-CoV-2-I2D,10.83253002166748,test,10.77625,1.077625,0.05628002166748125
SARS-CoV-2-T100C,10.809429168701172,test,10.817,1.0817,0.0075708312988282955
SARS-CoV-2-V37F_T55P_Y66M_P197V,10.836490631103516,test,10.895,1.0895,0.05850936889648395
SARS-CoV-2-N130K,10.87075424194336,test,10.871666666666668,1.0871666666666668,0.000912424723308547
SARS-CoV-2-T55S,10.820987701416016,test,10.791052631578948,1.0791052631578948,0.02993506983706773
SARS-CoV-2-I28F_L60R_G146S,10.846880912780762,test,10.74,1.074,0.1068809127807615
SARS-CoV-2-D90K_D98N,10.794858932495115,test,10.83,1.083,0.03514106750488466
SARS-CoV-2-T3N_V11I,10.817415237426758,test,10.79,1.079,0.027415237426758665
SARS-CoV-2-I2C_F160K,10.877843856811523,test,10.86,1.086,0.017843856811524006
SARS-CoV-2-N1T_T85K,10.797950744628906,test,10.85,1.085,0.052049255371093395
SARS-CoV-2-I28Y,10.812837600708008,test,10.7925,1.07925,0.020337600708007386
SARS-CoV-2-T55A_K128R,10.81877326965332,test,10.82,1.082,0.0012267303466799717
SARS-CoV-2-D97Q_N171M_G196W,10.918243408203123,test,10.88,1.088,0.03824340820312244
SARS-CoV-2-V37Q_S129D_N151S_F160Y,10.873443603515623,test,10.79,1.079,0.08344360351562408
SARS-CoV-2-F62Y_S200W,10.858513832092283,test,10.72,1.072,0.13851383209228274
SARS-CoV-2-P54I_V173I,10.805546760559082,test,10.43,1.043,0.3755467605590823
SARS-CoV-2-Y39A_N64T,10.867807388305664,test,10.82,1.082,0.04780738830566378
SARS-CoV-2-I2T_N151R,10.838814735412598,test,10.78,1.078,0.058814735412598296
SARS-CoV-2-R16H,10.866863250732422,test,10.873333333333337,1.0873333333333337,0.0064700826009147505
SARS-CoV-2-I2A_T100F,10.827672958374023,test,10.82,1.082,0.007672958374023153
SARS-CoV-2-T55H_T63S,10.794480323791504,test,10.69,1.069,0.1044803237915044
SARS-CoV-2-S36A_T100C_K198Y,10.836074829101562,test,10.73,1.0730000000000002,0.10607482910156207
SARS-CoV-2-S53Q,10.873443603515623,test,10.67,1.067,0.2034436035156233
SARS-CoV-2-V173M,10.871574401855469,test,10.923333333333332,1.0923333333333332,0.05175893147786326
SARS-CoV-2-Y39V_T85K,10.815220832824709,test,10.71,1.0710000000000002,0.10522083282470795
SARS-CoV-2-T100F,10.837554931640623,test,10.8,1.08,0.03755493164062251
SARS-CoV-2-L5A_S29T,10.845938682556152,test,10.76,1.076,0.08593868255615256
SARS-CoV-2-K128P_T148V,10.794424057006836,test,10.77,1.077,0.024424057006836364
SARS-CoV-2-L60R_V173R,10.819236755371094,test,10.73,1.0730000000000002,0.08923675537109332
SARS-CoV-2-R27V,10.809335708618164,test,10.815,1.0815,0.00566429138183544
SARS-CoV-2-R16T,10.855586051940918,test,10.8525,1.08525,0.0030860519409188214
SARS-CoV-2-G9D_L60F,10.8540678024292,test,10.75,1.075,0.10406780242919922
SARS-CoV-2-R16Y_P149R,10.793628692626951,test,10.75,1.075,0.04362869262695135
SARS-CoV-2-I2L_V37T,10.819778442382812,test,10.82,1.082,0.00022155761718778422
SARS-CoV-2-Y123L_Q168H,10.812082290649414,test,11.01,1.101,0.19791770935058572
SARS-CoV-2-G9V_Q163V,10.900479316711426,test,11.03,1.103,0.12952068328857358
SARS-CoV-2-F62W_I104Y,10.79885482788086,test,10.92,1.092,0.12114517211914055
SARS-CoV-2-R25S_L122K,10.798019409179688,test,10.7,1.07,0.09801940917968821
SARS-CoV-2-T55H_E154S,10.875219345092772,test,10.83,1.083,0.04521934509277159
SARS-CoV-2-N4S_G9N,10.803688049316406,test,10.78,1.078,0.02368804931640689
SARS-CoV-2-L60Y_P149R,10.812408447265623,test,10.81,1.0810000000000002,0.0024084472656227263
SARS-CoV-2-I2S_I104F,10.880607604980469,test,10.73,1.0730000000000002,0.15060760498046832
SARS-CoV-2-P54M_T63C,10.797595977783203,test,10.71,1.0710000000000002,0.08759597778320227
SARS-CoV-2-D97V_V173L,10.87109088897705,test,10.85,1.085,0.021090888977051137
SARS-CoV-2-N130P_S184V,10.797218322753906,test,10.86,1.086,0.06278167724609318
SARS-CoV-2-G9D_Y39I_D59E_N151T,10.838618278503418,test,10.73,1.0730000000000002,0.10861827850341754
SARS-CoV-2-P7S_V37Q,10.793758392333984,test,10.61,1.061,0.18375839233398494
SARS-CoV-2-V37I_D97H_K198G,10.856634140014648,test,10.83,1.083,0.026634140014648366
SARS-CoV-2-A18S_V37K,10.824593544006348,test,10.82,1.082,0.004593544006347372
SARS-CoV-2-L60Y,10.83260726928711,test,10.79857142857143,1.079857142857143,0.034035840715679555
SARS-CoV-2-L162V_N171F_S184Y,11.010032653808594,test,10.68,1.068,0.33003265380859403
SARS-CoV-2-S129R_N171I,10.829036712646484,test,10.81,1.0810000000000002,0.019036712646483878
SARS-CoV-2-K128G_V153L_L188T,10.801468849182127,test,10.84,1.084,0.03853115081787273
SARS-CoV-2-L187M,10.807052612304688,test,11.01,1.101,0.2029473876953123
SARS-CoV-2-S129C_P197V,10.844106674194336,test,10.43,1.043,0.4141066741943362
SARS-CoV-2-H189P_V194I,10.797618865966797,test,10.77,1.077,0.0276188659667973
SARS-CoV-2-I28M_L187Q_P197A,10.838581085205078,test,10.81,1.0810000000000002,0.028581085205077628
SARS-CoV-2-T85R_L122M_A190K,10.806929588317873,test,10.86,1.086,0.05307041168212656
SARS-CoV-2-A42K_Q84M_L122A_K199H,10.835870742797852,test,10.83,1.083,0.0058707427978514914
SARS-CoV-2-N24A_P54V,10.832464218139648,test,10.72,1.072,0.1124642181396478
SARS-CoV-2-Y39Q,10.818787574768066,test,10.817142857142857,1.0817142857142856,0.0016447176252096796
SARS-CoV-2-F62V_L187S,10.82005786895752,test,10.86,1.086,0.0399421310424799
SARS-CoV-2-Y39M,10.819599151611328,test,10.86,1.086,0.04040084838867131
SARS-CoV-2-L60K_Q163T_K199G,10.812864303588867,test,10.73,1.0730000000000002,0.08286430358886676
SARS-CoV-2-P191G,10.796875953674316,test,10.8,1.08,0.0031240463256843043
SARS-CoV-2-D97E_V173L,10.797807693481444,test,10.8,1.08,0.0021923065185571744
SARS-CoV-2-N1V_S129R_V173L,10.792839050292969,test,10.86,1.086,0.06716094970703068
SARS-CoV-2-N4T_D90N_N120K,10.796689987182615,test,10.765,1.0765,0.03168998718261484
SARS-CoV-2-E141S_P197T,10.811240196228027,test,10.72,1.072,0.0912401962280267
SARS-CoV-2-L5V_N171M,10.970720291137695,test,11.03,1.103,0.05927970886230405
SARS-CoV-2-K26T_V173M_T201M,10.867219924926758,test,10.86,1.086,0.007219924926758381
SARS-CoV-2-V115R,10.81827163696289,test,10.8,1.08,0.018271636962889914
SARS-CoV-2-V32W_T201P,10.798519134521484,test,10.87,1.087,0.07148086547851484
SARS-CoV-2-R16V_S200V,10.838509559631348,test,10.89,1.0890000000000002,0.05149044036865291
SARS-CoV-2-R16K_G83N_T201G,10.803899765014648,test,10.8,1.08,0.003899765014647727
SARS-CoV-2-N64S_P197S,10.825067520141602,test,10.89,1.0890000000000002,0.064932479858399
SARS-CoV-2-A33W,10.886818885803224,test,10.856666666666667,1.0856666666666668,0.03015221913655708
SARS-CoV-2-R16F_Y35L,10.816727638244627,test,10.93,1.093,0.11327236175537259
SARS-CoV-2-G9S_D98N_L122C,10.813369750976562,test,10.8,1.08,0.01336975097656179
SARS-CoV-2-G9A_V37F_D90E,10.833683013916016,test,10.71,1.0710000000000002,0.12368301391601477
SARS-CoV-2-L5T_K26M,10.828010559082031,test,10.77,1.077,0.058010559082031676
SARS-CoV-2-D98N_S139G,10.811572074890137,test,10.77,1.077,0.041572074890137145
SARS-CoV-2-S43T_T201K,10.813636779785156,test,10.775,1.0775000000000001,0.038636779785155895
SARS-CoV-2-L5F_L60Y_P149N,10.925094604492188,test,10.63,1.0630000000000002,0.2950946044921867
SARS-CoV-2-T3K_L60M,10.834699630737305,test,10.79,1.079,0.04469963073730554
SARS-CoV-2-K26V_V173M,10.82644748687744,test,10.89,1.0890000000000002,0.06355251312256094
SARS-CoV-2-L122R_S200L,10.91293716430664,test,10.88,1.088,0.03293716430663984
SARS-CoV-2-V173L,10.838852882385254,test,10.831333333333331,1.0831333333333333,0.007519549051922425
SARS-CoV-2-S129A_T201L,10.84178066253662,test,10.79,1.079,0.05178066253662017
SARS-CoV-2-N120K_P197K,10.881011962890623,test,10.88,1.088,0.001011962890622442
SARS-CoV-2-E141D_V173I,10.8245210647583,test,10.81,1.0810000000000002,0.014521064758300284
SARS-CoV-2-A18S_N64T,10.832958221435549,test,10.78,1.078,0.05295822143554929
SARS-CoV-2-V173L_T201A,10.94174575805664,test,10.84,1.084,0.10174575805664077
SARS-CoV-2-P7S_Y39I,10.813201904296877,test,10.7,1.07,0.11320190429687749
SARS-CoV-2-S184T,10.799607276916504,test,10.802,1.0802,0.002392723083495696
SARS-CoV-2-S43Q_T55S,10.921948432922363,test,10.99,1.099,0.06805156707763693
SARS-CoV-2-S53E_G196W,10.814183235168455,test,10.79,1.079,0.024183235168456108
SARS-CoV-2-V37T_K48R,10.87339210510254,test,10.83,1.083,0.04339210510254077
SARS-CoV-2-L5T_I142V_S147P,10.800752639770508,test,10.92,1.092,0.11924736022949212
SARS-CoV-2-L5P_R27M,10.828466415405272,test,10.75,1.075,0.07846641540527166
SARS-CoV-2-G9S_K128A,10.834699630737305,test,10.78,1.078,0.05469963073730533
SARS-CoV-2-E154T,10.833944320678713,test,10.84,1.084,0.006055679321287144
SARS-CoV-2-I72L_T201G,10.807735443115234,test,10.79,1.079,0.017735443115235228
SARS-CoV-2-Y39L_D97L,10.858004570007324,test,10.94,1.094,0.08199542999267528
SARS-CoV-2-P54R_K198E,10.805721282958984,test,10.78,1.078,0.025721282958985014
SARS-CoV-2-T100Y_T140A,10.847838401794434,test,10.78,1.078,0.06783840179443423
SARS-CoV-2-F62I_Y123K,10.894843101501465,test,10.9,1.09,0.0051568984985355115
SARS-CoV-2-Y39M_S45G_I104F,10.82855224609375,test,10.85,1.085,0.021447753906249645
SARS-CoV-2-K128S_T201A,10.836501121520996,test,10.74,1.074,0.09650112152099588
SARS-CoV-2-N1S_V173I,10.813677787780762,test,10.83,1.083,0.016322212219238352
SARS-CoV-2-Y35M_T100I_Q163S,10.79931926727295,test,10.66,1.066,0.13931926727294908
SARS-CoV-2-P149Q_S164R,10.883056640625,test,10.66,1.066,0.22305664062499986
SARS-CoV-2-R16D_V37K_T201S,10.877557754516602,test,10.86,1.086,0.01755775451660213
SARS-CoV-2-I2K_L122F,10.821520805358888,test,10.85,1.085,0.02847919464111115
SARS-CoV-2-F8W,10.813231468200684,test,10.856666666666667,1.0856666666666668,0.04343519846598376
SARS-CoV-2-N120S_N171T,10.942510604858398,test,11.09,1.109,0.14748939514160142
SARS-CoV-2-L5Q_F160A,10.797088623046877,test,10.65,1.0650000000000002,0.14708862304687642
SARS-CoV-2-S36E,10.875146865844728,test,10.805,1.0805,0.07014686584472862
SARS-CoV-2-L5M_L60S_L122S,10.886101722717283,test,10.84,1.084,0.04610172271728352
SARS-CoV-2-T3A_S139T,10.830256462097168,test,10.8,1.08,0.030256462097167258
SARS-CoV-2-S129N_S200V,10.86782169342041,test,10.83,1.083,0.037821693420410085
SARS-CoV-2-A33W_F160S,10.813048362731934,test,10.87,1.087,0.056951637268065625
SARS-CoV-2-T46Q_Y178F,10.803262710571287,test,10.73,1.0730000000000002,0.07326271057128686
SARS-CoV-2-A192R,10.876646995544434,test,10.78,1.078,0.09664699554443423
SARS-CoV-2-N40E_K48R,10.86138153076172,test,10.86,1.086,0.0013815307617210948
SARS-CoV-2-P7D_D90R,10.803409576416016,test,10.895,1.0895,0.09159042358398395
SARS-CoV-2-Y39W_N130E_T201K,10.81272315979004,test,10.73,1.0730000000000002,0.08272315979004041
SARS-CoV-2-Q168A_A190G,10.800792694091797,test,10.8,1.08,0.0007926940917961645
SARS-CoV-2-L5P_P54L,10.865545272827148,test,10.43,1.043,0.4355452728271487
SARS-CoV-2-D90M_V173L,10.813190460205078,test,10.79,1.079,0.023190460205078978
SARS-CoV-2-I2S_K56G,10.799013137817385,test,10.77,1.077,0.029013137817385015
SARS-CoV-2-L5S_L95V_N130R,10.904107093811035,test,10.77,1.077,0.13410709381103558
SARS-CoV-2-K26R_T100M_V153E,10.841577529907228,test,10.76,1.076,0.08157752990722855
SARS-CoV-2-N4K_Y39I_D90N_L111F,10.802763938903809,test,10.69,1.069,0.11276393890380909
SARS-CoV-2-V37W_S200L,10.878387451171877,test,10.97,1.0970000000000002,0.09161254882812386
SARS-CoV-2-L5P_T140N,10.843672752380373,test,10.75,1.075,0.09367275238037287
SARS-CoV-2-R16I_Y35M,10.83971118927002,test,10.76,1.076,0.07971118927001974
SARS-CoV-2-P7D_A190R,10.82956314086914,test,10.8,1.08,0.029563140869139914
SARS-CoV-2-G9E_E76D,10.81579303741455,test,10.73,1.0730000000000002,0.08579303741455035
SARS-CoV-2-P197T,10.811031341552734,test,10.816875,1.0816875,0.005843658447265199
SARS-CoV-2-I2E_N151K,10.836355209350586,test,10.85,1.085,0.013644790649413707
SARS-CoV-2-T3K_L122C,10.813183784484863,test,10.62,1.062,0.19318378448486406
SARS-CoV-2-P149L_S200L,10.80904769897461,test,10.74,1.074,0.06904769897460916
SARS-CoV-2-S147P_A190N,10.8895902633667,test,10.89,1.0890000000000002,0.0004097366333013497
SARS-CoV-2-Q163M_P197Q,11.11392307281494,test,10.76,1.076,0.35392307281493984
SARS-CoV-2-G51N_F62L_K198G,10.871273040771484,test,10.7,1.07,0.17127304077148509
SARS-CoV-2-I2D_Y66W,10.84843921661377,test,10.84,1.084,0.008439216613769673
SARS-CoV-2-T15V_L122Q,10.8028564453125,test,10.72,1.072,0.08285644531249936
SARS-CoV-2-K26R_T85G,10.796297073364258,test,10.72,1.072,0.07629707336425717
SARS-CoV-2-I2E_Y35L,10.865602493286133,test,10.85,1.085,0.015602493286133168
SARS-CoV-2-S43H,10.837753295898438,test,10.802857142857144,1.0802857142857145,0.03489615304129323
SARS-CoV-2-I2S_I28W_T201R,10.870361328125,test,10.91,1.091,0.03963867187500014
SARS-CoV-2-T3S_A42P_V153F,10.80508041381836,test,10.52,1.052,0.2850804138183598
SARS-CoV-2-P54F_T100Y,10.907565116882324,test,10.77,1.077,0.13756511688232465
SARS-CoV-2-T100C_V153R,10.857391357421877,test,10.65,1.0650000000000002,0.20739135742187642
SARS-CoV-2-V37S_A42F,10.794085502624512,test,10.77,1.077,0.024085502624512145
SARS-CoV-2-P7D_R78T,10.856084823608398,test,10.6,1.06,0.2560848236083988
SARS-CoV-2-V37K_S139T,10.842546463012695,test,10.73,1.0730000000000002,0.11254646301269489
SARS-CoV-2-E10Q_P149K_Q163V,10.84085750579834,test,10.92,1.092,0.07914249420166009
SARS-CoV-2-K56E_K128M,10.832561492919922,test,10.8,1.08,0.032561492919921164
SARS-CoV-2-A105S_Y123K_T201R,10.89354133605957,test,10.85,1.085,0.04354133605957067
SARS-CoV-2-D97G_S129T_T201S,10.802961349487305,test,10.76,1.076,0.0429613494873049
SARS-CoV-2-V37D_L111Q,10.834056854248049,test,10.86,1.086,0.02594314575195078
SARS-CoV-2-V37A_N171S,10.80270004272461,test,10.72,1.072,0.08270004272460874
SARS-CoV-2-R16N_F62Y_T85R_G196L,10.803592681884766,test,10.8,1.08,0.0035926818847649145
SARS-CoV-2-S43T_N64Y_N110L_P197V,10.919254302978516,test,10.74,1.074,0.1792543029785154
SARS-CoV-2-N40H_T100V,10.793211936950684,test,10.76,1.076,0.03321193695068381
SARS-CoV-2-V37T_S200H,10.901832580566406,test,10.885000000000002,1.0885000000000002,0.016832580566404687
SARS-CoV-2-K87Y_V173M,10.819265365600586,test,10.74,1.074,0.07926536560058572
SARS-CoV-2-S129D_H189T,10.843100547790527,test,10.71,1.0710000000000002,0.1331005477905265
SARS-CoV-2-I104F,10.86453628540039,test,10.82909090909091,1.082909090909091,0.035445376309480636
SARS-CoV-2-R27V_Y143F_T201S,10.795485496520996,test,10.77,1.077,0.02548549652099652
SARS-CoV-2-R16D_T148E,10.845022201538086,test,10.77,1.077,0.07502220153808636
SARS-CoV-2-V153N_T201M,10.807079315185549,test,10.7,1.07,0.10707931518554936
SARS-CoV-2-G9A_S43A,10.818584442138672,test,10.79,1.079,0.028584442138672728
SARS-CoV-2-R16Y_T100Y,10.824104309082031,test,10.9,1.09,0.0758956909179691
SARS-CoV-2-Y39A_T201L,10.828875541687012,test,10.76,1.076,0.06887554168701193
SARS-CoV-2-I2S_V11I_K199I,10.799121856689451,test,10.88,1.088,0.08087814331054943
SARS-CoV-2-V37T_I138V,10.899407386779783,test,10.77,1.077,0.1294073867797838
SARS-CoV-2-G9N,10.847991943359377,test,10.812941176470588,1.0812941176470587,0.03505076688878894
SARS-CoV-2-A33W_D98P,10.820635795593262,test,10.76,1.076,0.06063579559326193
SARS-CoV-2-L122T_S200C,10.81738567352295,test,10.77,1.077,0.047385673522949645
SARS-CoV-2-L122V_A190P,10.856865882873535,test,10.83,1.083,0.026865882873535085
SARS-CoV-2-T100R_L122S,10.839025497436523,test,10.89,1.0890000000000002,0.05097450256347713
SARS-CoV-2-V32A_L122G,10.805438041687012,test,10.79,1.079,0.015438041687012571
SARS-CoV-2-T46H_Q84T,10.852706909179688,test,10.78,1.078,0.07270690917968814
SARS-CoV-2-R27L,10.821467399597168,test,10.745454545454546,1.0745454545454547,0.07601285414262193
SARS-CoV-2-T55E_G152A,10.82233715057373,test,10.8,1.08,0.022337150573729758
SARS-CoV-2-Y39R_S53Q_N110T_Q163F,10.998465538024902,test,10.815,1.0815,0.18346553802490284
SARS-CoV-2-S43R_L122F_G152N,10.827496528625488,test,10.73,1.0730000000000002,0.09749652862548785
SARS-CoV-2-N109K,10.848031997680664,test,10.88,1.088,0.03196800231933672
SARS-CoV-2-L5P_V153Y_L188R,10.848149299621582,test,10.79,1.079,0.058149299621582884
SARS-CoV-2-K56Q,10.801362037658691,test,10.80090909090909,1.0800909090909092,0.00045294674960061343
SARS-CoV-2-V32Y_T148Q,10.83684253692627,test,10.8,1.08,0.03684253692626882
SARS-CoV-2-Y35W_D97M,10.87320041656494,test,10.94,1.094,0.06679958343505987
SARS-CoV-2-K114T_T140K_T201S,10.804682731628418,test,10.77,1.077,0.034682731628418395
SARS-CoV-2-N130V,10.810484886169434,test,10.824,1.0824,0.01351511383056625
SARS-CoV-2-V115I,10.818622589111328,test,10.863333333333337,1.0863333333333338,0.044710744222008714
SARS-CoV-2-V37A_S200I,10.892608642578123,test,10.9,1.09,0.007391357421877132
SARS-CoV-2-S36N_S184T,10.885302543640137,test,10.87,1.087,0.0153025436401375
SARS-CoV-2-Y39T_V65I,10.85543155670166,test,10.87,1.087,0.014568443298339062
SARS-CoV-2-S129G_S200L,10.893649101257324,test,10.9,1.09,0.0063508987426761365
SARS-CoV-2-A192F,10.818364143371582,test,10.8,1.08,0.01836414337158132
SARS-CoV-2-K48Q,10.913601875305176,test,10.798333333333334,1.0798333333333334,0.115268541971842
SARS-CoV-2-T3N_L122M_T201Y,10.794775009155272,test,10.62,1.062,0.17477500915527244
SARS-CoV-2-T55D_L60Y,10.801626205444336,test,10.9,1.09,0.09837379455566442
SARS-CoV-2-N64F_N130V,10.840927124023438,test,10.77,1.077,0.07092712402343793
SARS-CoV-2-G9E_T201D,10.824575424194336,test,10.71,1.0710000000000002,0.11457542419433508
SARS-CoV-2-I28Y_K132S_E141D,10.817301750183104,test,10.7,1.07,0.1173017501831044
SARS-CoV-2-V32M,10.798851013183594,test,10.83,1.083,0.03114898681640632
SARS-CoV-2-N58A_F160R,10.828776359558104,test,10.44,1.044,0.3887763595581042
SARS-CoV-2-L122R_S200F,10.807008743286133,test,10.78,1.078,0.027008743286133452
SARS-CoV-2-A192Q_T201I,10.841964721679688,test,10.8,1.08,0.04196472167968679
SARS-CoV-2-N64Y_S164R_A190D,11.029329299926758,test,10.73,1.0730000000000002,0.2993292999267574
SARS-CoV-2-S147L_Q163M,10.880306243896484,test,10.79,1.079,0.09030624389648523
SARS-CoV-2-L188P,10.798986434936523,test,10.74,1.074,0.058986434936523224
SARS-CoV-2-I2E_P54R,10.887983322143556,test,10.88,1.088,0.007983322143555682
SARS-CoV-2-V37L_L122S_Y143F,10.962536811828612,test,10.92,1.092,0.042536811828611576
SARS-CoV-2-K128H,10.797914505004885,test,10.776,1.0776000000000001,0.021914505004884788
SARS-CoV-2-V32K_P54R,10.822437286376951,test,10.77,1.077,0.052437286376951775
SARS-CoV-2-N64S_P197K,10.885188102722168,test,10.86,1.086,0.025188102722168537
SARS-CoV-2-P7H_Y178H,10.793965339660645,test,10.7,1.07,0.09396533966064524
SARS-CoV-2-G9S_I72V,10.856277465820312,test,10.81,1.0810000000000002,0.046277465820312
SARS-CoV-2-E141H_P197V,10.835599899291992,test,10.52,1.052,0.3155998992919926
SARS-CoV-2-L5F_I104W_N130T,10.796546936035156,test,10.71,1.0710000000000002,0.0865469360351554
SARS-CoV-2-T100F_S164R_P197E,11.05247402191162,test,10.95,1.095,0.10247402191162003
SARS-CoV-2-N4R_E154S,10.796953201293944,test,10.74,1.074,0.05695320129394332
SARS-CoV-2-V37F_Q163L,10.938851356506348,test,11.08,1.108,0.14114864349365241
SARS-CoV-2-L60M,10.85662078857422,test,10.812666666666669,1.0812666666666668,0.04395412190755188
SARS-CoV-2-K114A_L122A,10.806425094604492,test,10.78,1.078,0.026425094604492827
SARS-CoV-2-F99W_T201L,10.798723220825195,test,10.76,1.076,0.038723220825195526
SARS-CoV-2-Q163H,10.823396682739258,test,10.793333333333337,1.0793333333333337,0.030063349405921258
SARS-CoV-2-K56A,10.812051773071287,test,10.789,1.0789,0.023051773071287585
SARS-CoV-2-G9N_I138L,10.846853256225586,test,10.86,1.086,0.013146743774413494
SARS-CoV-2-N64M_N171Y,11.021885871887209,test,10.86,1.086,0.16188587188720938
SARS-CoV-2-N40E,10.811393737792969,test,10.7875,1.07875,0.023893737792969105
SARS-CoV-2-S36K_F160Y,10.87266731262207,test,10.84,1.084,0.032667312622070455
SARS-CoV-2-V173K,10.847208023071287,test,10.913076923076924,1.0913076923076923,0.06586890000563628
SARS-CoV-2-S164A,10.858736038208008,test,10.825,1.0825,0.03373603820800852
SARS-CoV-2-Y35M_Y91F,10.845646858215332,test,10.85,1.085,0.0043531417846676135
SARS-CoV-2-Y39L,10.870116233825684,test,10.854090909090909,1.085409090909091,0.016025324734775026
SARS-CoV-2-Y35L_C61I,10.805535316467283,test,10.8,1.08,0.005535316467282669
SARS-CoV-2-T148A_Q163A,10.974968910217283,test,10.85,1.085,0.12496891021728374
SARS-CoV-2-T100S_Q163L_P197S,10.826095581054688,test,10.68,1.068,0.14609558105468778
SARS-CoV-2-S29N,10.807756423950195,test,10.86,1.086,0.05224357604980412
SARS-CoV-2-G9N_T15S_S45D_T201G,10.916019439697266,test,10.91,1.091,0.006019439697265483
SARS-CoV-2-T63V_Q168R_P197S_T201A,10.84765911102295,test,10.58,1.058,0.26765911102294915
SARS-CoV-2-S29R,10.799596786499023,test,10.77,1.077,0.029596786499023864
SARS-CoV-2-I28L_K56S,10.80815601348877,test,10.79,1.079,0.018156013488770384
SARS-CoV-2-S36E_E141Q,10.829590797424316,test,10.83,1.083,0.0004092025756836648
SARS-CoV-2-L5Q_R27M,10.794649124145508,test,10.8,1.08,0.005350875854492898
SARS-CoV-2-K114V_V173I_T201S,10.82582187652588,test,10.79,1.079,0.035821876525881535
SARS-CoV-2-T55H_T148K,10.854101181030272,test,10.81,1.0810000000000002,0.044101181030271164
SARS-CoV-2-L122Q_T201K,10.88522720336914,test,10.84,1.084,0.04522720336914077
SARS-CoV-2-S36A,10.799646377563477,test,10.793333333333337,1.0793333333333337,0.006313044230140008
SARS-CoV-2-S129E_N151L_T201V,10.810406684875488,test,10.78,1.078,0.03040668487548892
SARS-CoV-2-T55A_N64S,10.825356483459473,test,10.85,1.085,0.02464351654052699
SARS-CoV-2-I2V_T201A,10.809539794921877,test,10.67,1.067,0.13953979492187685
SARS-CoV-2-H189A,10.815109252929688,test,10.88,1.088,0.06489074707031328
SARS-CoV-2-K128V_Q168W,10.915488243103027,test,11.0,1.1,0.08451175689697266
SARS-CoV-2-R16G_Y35F_T85S_Y91F_N110L,10.807405471801758,test,10.57,1.0570000000000002,0.23740547180175753
SARS-CoV-2-V153R,10.930986404418944,test,10.856666666666667,1.0856666666666668,0.07431973775227618
SARS-CoV-2-A42R_Q163A,11.09597110748291,test,11.03,1.103,0.0659711074829108
SARS-CoV-2-N1S_D98N,10.793123245239258,test,10.84,1.084,0.046876754760742045
SARS-CoV-2-T55E_L131V,10.868800163269045,test,10.93,1.093,0.06119983673095497
SARS-CoV-2-L122Q_N130C,10.888239860534668,test,11.02,1.102,0.1317601394653316
SARS-CoV-2-Y39T,10.84560203552246,test,10.827777777777778,1.0827777777777778,0.01782425774468166
SARS-CoV-2-K56S_F134Y,10.86878490447998,test,10.82,1.082,0.048784904479980185
SARS-CoV-2-T3S_K56R,10.87348747253418,test,10.78,1.078,0.09348747253418033
SARS-CoV-2-T55N_L188S,10.87823486328125,test,10.84,1.084,0.03823486328125014
SARS-CoV-2-I2M_N110M,10.814289093017578,test,10.68,1.068,0.1342890930175784
SARS-CoV-2-I2R_G9E,10.79311180114746,test,10.68,1.068,0.11311180114745945
SARS-CoV-2-T3S_V173M,10.883949279785156,test,10.82,1.082,0.06394927978515597
SARS-CoV-2-K48E_D98N,10.830770492553713,test,10.74,1.074,0.0907704925537125
SARS-CoV-2-A42M_L122K_I138L,11.016593933105469,test,11.13,1.1130000000000002,0.11340606689453203
SARS-CoV-2-P7D,10.885744094848633,test,10.89,1.0890000000000002,0.004255905151367756
SARS-CoV-2-A42S_Q163V,10.80461883544922,test,11.02,1.102,0.21538116455077905
SARS-CoV-2-T55F_P149S,10.823884963989258,test,10.71,1.0710000000000002,0.11388496398925696
SARS-CoV-2-V37F_N64G,10.82289695739746,test,10.97,1.0970000000000002,0.14710304260254148
SARS-CoV-2-K198N,10.82386589050293,test,10.825,1.0825,0.001134109497069602
SARS-CoV-2-V153M,10.843276977539062,test,10.788,1.0788,0.055276977539062244
SARS-CoV-2-L5T,10.803848266601562,test,10.796,1.0796,0.007848266601563125
SARS-CoV-2-N120L_Q163V,10.856679916381836,test,11.1,1.11,0.2433200836181637
SARS-CoV-2-P96S_L122Q,10.828763008117676,test,10.78,1.078,0.04876300811767642
SARS-CoV-2-N4S_L122K_S200M,10.955714225769045,test,11.02,1.102,0.06428577423095483
SARS-CoV-2-Y35W,10.852415084838867,test,10.785,1.0785,0.06741508483886705
SARS-CoV-2-A22K_F160R,10.82723617553711,test,10.79,1.079,0.03723617553711023
SARS-CoV-2-Y39T_V194A_K198L,10.81488037109375,test,10.84,1.084,0.025119628906249858
SARS-CoV-2-K114Q_T201M,10.798500061035156,test,10.81,1.0810000000000002,0.011499938964844247
SARS-CoV-2-Y39M_T140S,10.798152923583984,test,10.79,1.079,0.008152923583985228
SARS-CoV-2-K128D,10.80763053894043,test,10.846,1.0846,0.0383694610595704
SARS-CoV-2-T100M_F134Y_T193I_P197C,10.81269359588623,test,10.71,1.0710000000000002,0.10269359588622962
SARS-CoV-2-Y39I_Q168F_V173L_P197R,10.895451545715332,test,11.08,1.108,0.18454845428466804
SARS-CoV-2-K56H_F160M,10.821931838989258,test,10.68,1.068,0.1419318389892581
SARS-CoV-2-V37L_S43L,10.849559783935549,test,10.8,1.08,0.04955978393554794
SARS-CoV-2-D98E_K128E,10.798534393310549,test,10.85,1.085,0.05146560668945099
SARS-CoV-2-S29A,10.81563663482666,test,10.79,1.079,0.02563663482666101
SARS-CoV-2-R16Q_K128Y_T148S,10.797389030456545,test,10.78,1.078,0.017389030456545385
SARS-CoV-2-V37W_G116S,10.793486595153809,test,10.71,1.0710000000000002,0.08348659515380774
SARS-CoV-2-S53N_S200L,10.852717399597168,test,10.83,1.083,0.022717399597167898
SARS-CoV-2-V37L_S129K,10.79545783996582,test,10.87,1.087,0.0745421600341789
SARS-CoV-2-S43A_A190S_T201I,10.871712684631348,test,10.8,1.08,0.07171268463134695
SARS-CoV-2-K56H_F160R,10.834235191345217,test,10.76,1.076,0.07423519134521683
SARS-CoV-2-V37L_N64V,10.821348190307615,test,11.02,1.102,0.19865180969238416
SARS-CoV-2-Y39T_T201M,10.802478790283203,test,10.865,1.0865,0.06252120971679709
SARS-CoV-2-I138L_K199Q,10.817853927612305,test,10.86,1.086,0.042146072387694744
SARS-CoV-2-R16S_N130S,10.80085563659668,test,10.92,1.092,0.11914436340332024
SARS-CoV-2-D90Q_S129G,10.804109573364258,test,10.67,1.067,0.13410957336425788
SARS-CoV-2-V153Y,10.837640762329102,test,10.73857142857143,1.073857142857143,0.09906933375767224
SARS-CoV-2-D59Y_Y175W,10.846790313720703,test,10.96,1.096,0.11320968627929773
SARS-CoV-2-A42P_G83F_E154K,10.904054641723633,test,10.85,1.085,0.05405464172363317
SARS-CoV-2-K128S_T201W,10.820693016052246,test,10.72,1.072,0.10069301605224545
SARS-CoV-2-K48I_N171F,10.977827072143556,test,10.87,1.087,0.10782707214355725
SARS-CoV-2-T3S_V37A_F62T,10.8262939453125,test,10.66,1.066,0.16629394531249986
SARS-CoV-2-A18H_A190G,10.886469841003418,test,10.8,1.08,0.08646984100341726
SARS-CoV-2-N4D_V37Y,10.808032035827637,test,10.68,1.068,0.128032035827637
SARS-CoV-2-G9T_L122S,10.81591796875,test,10.81,1.0810000000000002,0.005917968749999503
SARS-CoV-2-F44W_P149A,10.870657920837402,test,10.73,1.0730000000000002,0.14065792083740192
SARS-CoV-2-T100C_F134G,10.83078384399414,test,10.77,1.077,0.06078384399414105
SARS-CoV-2-V37T_L122S,10.874295234680176,test,10.86,1.086,0.01429523468017635
SARS-CoV-2-P54R_P149T,10.853328704833984,test,10.73,1.0730000000000002,0.12332870483398395
SARS-CoV-2-S36Q,10.8900146484375,test,10.8675,1.08675,0.022514648437500284
SARS-CoV-2-T55H_Q84T,10.804832458496094,test,10.739999999999998,1.0739999999999998,0.06483245849609531
SARS-CoV-2-V37T,10.862783432006836,test,10.802307692307693,1.0802307692307693,0.060475739699143105
SARS-CoV-2-N4A_T100Y_G146S,10.832649230957031,test,10.74,1.074,0.09264923095703104
SARS-CoV-2-G51R,10.813671112060549,test,10.775384615384615,1.0775384615384616,0.038286496675933535
SARS-CoV-2-V37S_K198P,10.821975708007812,test,10.76,1.076,0.06197570800781271
SARS-CoV-2-P7D_I104V,10.835408210754396,test,10.69,1.069,0.1454082107543968
SARS-CoV-2-A192G,10.825325012207031,test,10.835,1.0835000000000001,0.009674987792969603
SARS-CoV-2-I2Y_G9Q_N130F_N171Y,10.888525009155272,test,10.84,1.084,0.0485250091552718
SARS-CoV-2-R16N_K132R,10.907196998596191,test,10.73,1.0730000000000002,0.17719699859619098
SARS-CoV-2-K199S,10.82535171508789,test,10.766666666666667,1.0766666666666669,0.05868504842122313
SARS-CoV-2-I2H_S129T,10.84823989868164,test,10.85,1.085,0.0017601013183590197
SARS-CoV-2-V37I_S164K,10.866607666015623,test,10.99,1.099,0.12339233398437699
SARS-CoV-2-L122A_S129R,10.869117736816406,test,10.81,1.0810000000000002,0.05911773681640575
SARS-CoV-2-V37E_L122R_H189G,10.951726913452148,test,10.85,1.085,0.10172691345214879
SARS-CoV-2-Y39S_F160R,10.848950386047363,test,10.77,1.077,0.07895038604736371
SARS-CoV-2-T55L_K198L,10.79689598083496,test,10.79,1.079,0.006895980834960014
SARS-CoV-2-K198T,10.798032760620115,test,10.787333333333333,1.0787333333333333,0.010699427286782637
SARS-CoV-2-D90N_N120L_Q168H,10.859575271606444,test,10.82,1.082,0.03957527160644325
SARS-CoV-2-T148K_A190Y,10.800681114196776,test,10.78,1.078,0.020681114196776207
SARS-CoV-2-L5K_T100C,10.809274673461914,test,10.82,1.082,0.010725326538086222
SARS-CoV-2-V153Q,10.828336715698242,test,10.86,1.086,0.031663284301757244
SARS-CoV-2-T3P_L60M_K198L,10.862054824829102,test,10.73,1.0730000000000002,0.13205482482910114
SARS-CoV-2-T201L,10.823087692260742,test,10.798,1.0798,0.025087692260742145
SARS-CoV-2-T100C_P191S,10.854443550109863,test,10.68,1.068,0.17444355010986357
SARS-CoV-2-Q163C,10.815143585205078,test,10.74,1.074,0.07514358520507791
SARS-CoV-2-K56R_L122R,10.835000991821287,test,10.77,1.077,0.06500099182128771
SARS-CoV-2-K199V,10.83256721496582,test,10.875,1.0875000000000001,0.04243278503417969
SARS-CoV-2-S43E,10.841161727905272,test,10.813333333333333,1.0813333333333333,0.027828394571939086
SARS-CoV-2-G83L_Q163A_K199T,10.969324111938477,test,10.85,1.085,0.11932411193847692
SARS-CoV-2-S36A_N64S_F160S,10.800424575805664,test,10.51,1.051,0.2904245758056643
SARS-CoV-2-I2P_N120D,10.842245101928713,test,10.65,1.0650000000000002,0.19224510192871236
SARS-CoV-2-G51N,10.876710891723633,test,10.784999999999998,1.0784999999999998,0.09171089172363445
SARS-CoV-2-S36G_F160R,10.882450103759766,test,10.78,1.078,0.10245010375976626
SARS-CoV-2-K48R_T55N,10.797887802124023,test,10.58,1.058,0.21788780212402337
SARS-CoV-2-T193V_T201S,10.820432662963867,test,10.7,1.07,0.1204326629638679
SARS-CoV-2-K199G,10.823436737060549,test,10.829999999999998,1.083,0.006563262939449643
SARS-CoV-2-T201S,10.848196029663086,test,10.82090909090909,1.082090909090909,0.02728693875399557
SARS-CoV-2-A89S_N130A,10.801065444946287,test,10.82,1.082,0.018934555053712998
SARS-CoV-2-S200F,10.799076080322266,test,10.855,1.0855000000000001,0.0559239196777348
SARS-CoV-2-L122R_E141M,10.860311508178713,test,10.74,1.074,0.1203115081787125
SARS-CoV-2-V32W,10.843143463134766,test,10.84,1.084,0.003143463134765767
SARS-CoV-2-R16M_V37S_P197T,10.841527938842772,test,10.705,1.0705,0.1365279388427716
SARS-CoV-2-G9Y_Q84M_N120E_V173L,10.887701988220217,test,10.61,1.061,0.2777019882202172
SARS-CoV-2-Q163F,11.019185066223145,test,10.96,1.096,0.05918506622314368
SARS-CoV-2-N120E,10.798346519470217,test,10.746666666666668,1.0746666666666669,0.0516798528035487
SARS-CoV-2-I2S_S41N,10.793863296508787,test,10.82,1.082,0.026136703491212998
SARS-CoV-2-N64Q_P197S,10.802459716796877,test,10.84,1.084,0.03754028320312308
SARS-CoV-2-C61N_Q168W_S200C,10.809632301330566,test,10.79,1.079,0.01963230133056726
SARS-CoV-2-T3M,10.800537109375,test,10.771818181818182,1.0771818181818182,0.028718927556818485
SARS-CoV-2-K128N_K199M,10.82833766937256,test,10.8,1.08,0.02833766937255966
