seq_id,predicted_value,mode,ACE2-binding_affinity,threshold,abs_diff
SARS-CoV-2-L60M_K132L,10.871642112731934,train,10.89,1.0890000000000002,0.018357887268066975
SARS-CoV-2-F44Y_L131I,10.7953462600708,train,10.87,1.087,0.07465373992919844
SARS-CoV-2-N120Q_T201N,10.81356430053711,train,10.87,1.087,0.05643569946288984
SARS-CoV-2-L122K_E135K,10.819799423217772,train,10.83,1.083,0.01020057678222841
SARS-CoV-2-I2L_T55Y,10.916457176208496,train,10.97,1.0970000000000002,0.053542823791504546
SARS-CoV-2-N58T_Y123F,10.946762084960938,train,10.99,1.099,0.04323791503906271
SARS-CoV-2-N110K,10.85471534729004,train,10.895,1.0895,0.040284652709958735
SARS-CoV-2-G9D_S139T,10.826651573181152,train,10.86,1.086,0.03334842681884709
SARS-CoV-2-Q163G_V173L,10.820208549499512,train,10.85,1.085,0.029791450500487926
SARS-CoV-2-K56L_T201A,10.79477596282959,train,10.82,1.082,0.02522403717041044
SARS-CoV-2-S53V,10.803091049194336,train,10.805,1.0805,0.0019089508056637783
SARS-CoV-2-S41R_F62T_Q163A,10.871010780334473,train,10.885,1.0885,0.01398921966552713
SARS-CoV-2-I2P_N130V,10.8681058883667,train,10.88,1.088,0.011894111633301563
SARS-CoV-2-V115I_P197E,10.81044864654541,train,10.82,1.082,0.009551353454590128
SARS-CoV-2-T100Y,10.82967758178711,train,10.8,1.08,0.029677581787108664
SARS-CoV-2-L5Q_R27Q,10.807184219360352,train,10.89,1.0890000000000002,0.082815780639649
SARS-CoV-2-L5T_D98T_L122S,10.794191360473633,train,10.86,1.086,0.06580863952636662
SARS-CoV-2-G9E_V32R,10.836838722229004,train,10.88,1.088,0.043161277770996875
SARS-CoV-2-E10S_F47A_C150L_G155P,10.922327041625977,train,10.72,1.072,0.20232704162597592
SARS-CoV-2-S36R,10.79580307006836,train,10.789090909090907,1.0789090909090908,0.006712160977452086
SARS-CoV-2-V153L_A192T,10.813602447509766,train,10.82,1.082,0.006397552490234659
SARS-CoV-2-I28L_L122A,10.901902198791504,train,10.95,1.095,0.04809780120849538
SARS-CoV-2-K56A_T148R,10.793190956115724,train,10.87,1.087,0.07680904388427479
SARS-CoV-2-A33W_T201H,10.85617733001709,train,10.94,1.094,0.08382266998290966
SARS-CoV-2-I2E_S129R,10.830172538757324,train,10.86,1.086,0.029827461242675213
SARS-CoV-2-D98K_N110K,10.84341526031494,train,10.88,1.088,0.03658473968506115
SARS-CoV-2-S147H,10.83460807800293,train,10.845,1.0845,0.010391921997070952
SARS-CoV-2-P197K,10.831351280212402,train,10.836666666666666,1.0836666666666666,0.00531538645426366
SARS-CoV-2-D98N_S147T,10.794989585876465,train,10.79,1.079,0.004989585876465696
SARS-CoV-2-N130K_V153L,10.834391593933104,train,10.82,1.082,0.014391593933103408
SARS-CoV-2-K56R_L122A,10.90471363067627,train,10.975,1.0975,0.07028636932373011
SARS-CoV-2-L122K_S129L,10.938427925109863,train,10.97,1.0970000000000002,0.03157207489013736
SARS-CoV-2-Y66M_P197A,10.82894229888916,train,10.87,1.087,0.04105770111083906
SARS-CoV-2-R16K_K128L_P197L,10.866817474365234,train,10.875,1.0875000000000001,0.008182525634765625
SARS-CoV-2-P197S,10.80168628692627,train,10.836666666666668,1.0836666666666668,0.03498037974039825
SARS-CoV-2-T55A_N64A,10.82826328277588,train,10.84,1.084,0.011736717224119175
SARS-CoV-2-T85M_N171V,10.880097389221191,train,10.86,1.086,0.020097389221191975
SARS-CoV-2-V37G_T148L,10.81414794921875,train,10.85,1.085,0.035852050781249645
SARS-CoV-2-Q168H_L188T,11.217764854431152,train,11.2,1.1199999999999999,0.017764854431153054
SARS-CoV-2-N64Y_G152N,10.792824745178224,train,10.83,1.083,0.03717525482177564
SARS-CoV-2-V173Y,10.794476509094238,train,10.805,1.0805,0.010523490905761435
SARS-CoV-2-N1P_V37I_Y39V_N130S,10.891605377197266,train,10.9,1.09,0.00839462280273473
SARS-CoV-2-L38I_S43T,10.79882526397705,train,10.82,1.082,0.021174736022949503
SARS-CoV-2-S43A_T201H,10.841560363769531,train,10.91,1.091,0.06843963623046889
SARS-CoV-2-R27Q,10.807572364807127,train,10.782857142857145,1.0782857142857145,0.024715221949982435
SARS-CoV-2-S43R_P197Y,10.869470596313477,train,10.9,1.09,0.030529403686523793
SARS-CoV-2-I28F_E141F,10.918414115905762,train,10.93,1.093,0.011585884094237997
SARS-CoV-2-S129K_F160C_T201I,10.861153602600098,train,10.86,1.086,0.0011536026000982247
SARS-CoV-2-F62S_T85K_Y123F,10.845980644226074,train,10.89,1.0890000000000002,0.04401935577392635
SARS-CoV-2-T55L_A192L,10.858319282531738,train,10.88,1.088,0.0216807174682625
SARS-CoV-2-V37L_K199V,10.924391746520996,train,10.94,1.094,0.015608253479003409
SARS-CoV-2-V37G_P197M,10.835713386535645,train,10.85,1.085,0.014286613464355113
SARS-CoV-2-P54K_S139N,10.80063533782959,train,10.81,1.0810000000000002,0.009364662170410654
SARS-CoV-2-I2K_P54K,10.916728019714355,train,10.92,1.092,0.00327198028564446
SARS-CoV-2-L60A_Q168H,11.077596664428713,train,11.08,1.108,0.002403335571287357
SARS-CoV-2-Q163Y_A192V,10.99814510345459,train,11.08,1.108,0.08185489654541023
SARS-CoV-2-Y39F_K198G,10.887508392333984,train,10.96,1.096,0.07249160766601648
SARS-CoV-2-F156M_Q168W,10.799330711364746,train,10.81,1.0810000000000002,0.010669288635254404
SARS-CoV-2-S200I,10.807193756103516,train,10.828571428571427,1.0828571428571427,0.02137767246791178
SARS-CoV-2-I2F_P54A_P197R,10.8233642578125,train,10.85,1.085,0.026635742187499645
SARS-CoV-2-T55F_P197V,10.837450981140137,train,10.89,1.0890000000000002,0.05254901885986385
SARS-CoV-2-E10I_L122K,10.879340171813965,train,10.91,1.091,0.0306598281860353
SARS-CoV-2-D97R_N110K,10.80631160736084,train,10.81,1.0810000000000002,0.0036883926391606536
SARS-CoV-2-K56E_N120R,10.798205375671388,train,10.84,1.084,0.04179462432861136
SARS-CoV-2-S19P_T55I_L111I,10.802517890930176,train,10.88,1.088,0.077482109069825
SARS-CoV-2-L5T_H189Q,10.827932357788086,train,10.82,1.082,0.007932357788085653
SARS-CoV-2-D59T_L122K_N130F,11.006383895874023,train,11.03,1.103,0.023616104125975923
SARS-CoV-2-P197E,10.811601638793944,train,10.836666666666666,1.0836666666666666,0.025065027872722467
SARS-CoV-2-S200H,10.800957679748535,train,10.833333333333334,1.0833333333333335,0.03237565358479877
SARS-CoV-2-S29T,10.79578971862793,train,10.825,1.0825,0.029210281372069602
SARS-CoV-2-T15E_L122K,10.830854415893556,train,10.88,1.088,0.04914558410644432
SARS-CoV-2-L5G_F8L_K199D,10.818621635437012,train,10.86,1.086,0.04137836456298771
SARS-CoV-2-N1Q_P197R,10.809876441955566,train,10.82,1.082,0.010123558044433878
SARS-CoV-2-V37F_T140K,10.88097858428955,train,10.92,1.092,0.03902141571044915
SARS-CoV-2-K26R_S53L_L60Y_E154R_T201Q,11.061114311218262,train,11.1,1.11,0.038885688781737926
SARS-CoV-2-P149S_Q168Y,11.09089469909668,train,11.1,1.11,0.009105300903319957
SARS-CoV-2-Q163Y,10.865008354187012,train,10.915,1.0915,0.04999164581298743
SARS-CoV-2-I2T_K199M,10.859877586364746,train,10.89,1.0890000000000002,0.030122413635254475
SARS-CoV-2-T46V_P197V,10.818074226379396,train,10.83,1.083,0.011925773620603763
SARS-CoV-2-F160S_S200M,10.81501293182373,train,10.86,1.086,0.04498706817626896
SARS-CoV-2-S53H_S200Y,10.79481315612793,train,10.82,1.082,0.025186843872070597
SARS-CoV-2-T3L_P54I,10.827149391174316,train,10.83,1.083,0.002850608825683665
SARS-CoV-2-D59S,10.79617691040039,train,10.81,1.0810000000000002,0.013823089599609872
SARS-CoV-2-V37L_Y91F,10.877965927124023,train,10.87,1.087,0.007965927124024219
SARS-CoV-2-T55S_T85K,10.82335376739502,train,10.84,1.084,0.016646232604980327
SARS-CoV-2-S147N,10.843232154846191,train,10.836666666666666,1.0836666666666666,0.006565488179525403
SARS-CoV-2-K87F_Y123F,10.925827980041504,train,10.94,1.094,0.014172019958495596
SARS-CoV-2-S129G_T201R,10.864710807800291,train,10.92,1.092,0.05528919219970874
SARS-CoV-2-V173R,10.794966697692873,train,10.803076923076922,1.0803076923076922,0.008110225384049485
SARS-CoV-2-Y123K,10.907808303833008,train,10.92,1.092,0.012191696166992116
SARS-CoV-2-P7N_S36K,10.854439735412598,train,10.85,1.085,0.0044397354125980115
SARS-CoV-2-Y39F_S139T,10.809369087219238,train,10.85,1.085,0.040630912780761363
SARS-CoV-2-L122F_H189S,10.874563217163086,train,10.89,1.0890000000000002,0.015436782836914631
SARS-CoV-2-N1L_K198M,10.849444389343262,train,10.89,1.0890000000000002,0.04055561065673885
SARS-CoV-2-N1S_T100I,10.817388534545898,train,10.86,1.086,0.042611465454100994
SARS-CoV-2-Y123K_P197M,11.095141410827637,train,11.09,1.109,0.005141410827636861
SARS-CoV-2-N64Y_L122C,10.8047513961792,train,10.82,1.082,0.015248603820801065
SARS-CoV-2-Y91F_Y123F,10.876068115234377,train,10.9,1.09,0.02393188476562358
SARS-CoV-2-K128P_V173M,10.86525058746338,train,10.9,1.09,0.03474941253661967
SARS-CoV-2-N4K_T46Q,10.814982414245604,train,10.85,1.085,0.03501758575439595
SARS-CoV-2-N64S_G196W,10.805655479431152,train,10.82,1.082,0.01434452056884794
SARS-CoV-2-L5W_V37E,10.913561820983888,train,10.91,1.091,0.003561820983888353
SARS-CoV-2-T3V_Y39V,10.793986320495604,train,10.83,1.083,0.03601367950439638
SARS-CoV-2-T3Q_S43G_L122Y,10.824141502380373,train,10.85,1.085,0.025858497619626775
SARS-CoV-2-I2D_T100Q_S129T,10.82197093963623,train,10.86,1.086,0.03802906036376896
SARS-CoV-2-A18S_V37L,10.86484432220459,train,10.87,1.087,0.005155677795409375
SARS-CoV-2-K26T,10.845759391784668,train,10.841666666666669,1.084166666666667,0.004092725117999407
SARS-CoV-2-T55S_K199M,10.798389434814451,train,10.8,1.08,0.001610565185549362
SARS-CoV-2-L5S_D97L,10.828197479248049,train,10.82,1.082,0.008197479248048367
SARS-CoV-2-T148A_T201N,10.825160026550291,train,10.85,1.085,0.024839973449708452
SARS-CoV-2-L5K_N40K,10.829411506652832,train,10.88,1.088,0.05058849334716875
SARS-CoV-2-G9S_L122K,11.010838508605955,train,11.07,1.107,0.05916149139404503
SARS-CoV-2-S53K_V173R,10.978904724121094,train,10.98,1.098,0.0010952758789066763
SARS-CoV-2-T3H_I28Y,10.808626174926758,train,10.81,1.0810000000000002,0.0013738250732426849
SARS-CoV-2-L111V,10.842755317687988,train,10.85,1.085,0.0072446823120113635
SARS-CoV-2-G9D,10.823171615600586,train,10.881428571428572,1.0881428571428573,0.058256955827985735
SARS-CoV-2-G146S_T201S,10.798954963684082,train,10.78,1.078,0.01895496368408267
SARS-CoV-2-I28Y_L57Y_N171T_L187K,10.832897186279297,train,10.84,1.084,0.007102813720702983
SARS-CoV-2-T85K_T148Q,10.845894813537598,train,10.91,1.091,0.06410518646240249
SARS-CoV-2-S36T_L60V_S147N,10.817936897277832,train,10.83,1.083,0.01206310272216804
SARS-CoV-2-T100V_N151G,10.792869567871094,train,10.86,1.086,0.06713043212890568
SARS-CoV-2-N1S_S36A,10.804827690124512,train,10.81,1.0810000000000002,0.005172309875488779
SARS-CoV-2-A33W_T201D,10.799577713012695,train,10.87,1.087,0.0704222869873039
SARS-CoV-2-P54L_D97N,10.798650741577148,train,10.83,1.083,0.031349258422851634
SARS-CoV-2-A42R_L122K,11.044184684753418,train,11.13,1.1130000000000002,0.08581531524658281
SARS-CoV-2-R16T_L60Q,10.84205722808838,train,10.84,1.084,0.0020572280883808247
SARS-CoV-2-L5I_S53V,10.79404354095459,train,10.83,1.083,0.03595645904541023
SARS-CoV-2-V37G_K56L,10.801852226257324,train,10.81,1.0810000000000002,0.008147773742676279
SARS-CoV-2-G83L_N171T_V173A,10.833819389343262,train,10.8,1.08,0.03381938934326101
SARS-CoV-2-E10R_Q163V,10.831451416015623,train,10.86,1.086,0.028548583984376208
SARS-CoV-2-P54A_C61E,10.814678192138672,train,10.84,1.084,0.025321807861327983
SARS-CoV-2-K128M_E154R,10.853710174560549,train,10.89,1.0890000000000002,0.03628982543945192
SARS-CoV-2-R27Q_S139K_N171W,10.874756813049316,train,10.88,1.088,0.005243186950684375
SARS-CoV-2-V37H,10.819804191589355,train,10.818,1.0818,0.0018041915893558524
SARS-CoV-2-T3D_E154R,10.976092338562012,train,10.94,1.094,0.036092338562012216
SARS-CoV-2-L122T_V173F,10.852765083312988,train,10.88,1.088,0.0272349166870125
SARS-CoV-2-T3M_P197L,10.8331937789917,train,10.81,1.0810000000000002,0.02319377899169872
SARS-CoV-2-R16N_K132S,10.798590660095217,train,10.89,1.0890000000000002,0.09140933990478395
SARS-CoV-2-N4T_T85R,10.816155433654783,train,10.81,1.0810000000000002,0.0061554336547828825
SARS-CoV-2-V37F_F62S,10.880178451538086,train,10.9,1.09,0.019821548461914418
SARS-CoV-2-S41D_L60M_T201Y,10.798598289489746,train,10.82,1.082,0.02140171051025419
SARS-CoV-2-T3A_G196R,10.819731712341309,train,10.83,1.083,0.010268287658691477
SARS-CoV-2-Y39I,10.83399486541748,train,10.86875,1.086875,0.034755134582519887
SARS-CoV-2-L122S,10.798553466796877,train,10.818125,1.0818125,0.019571533203123437
SARS-CoV-2-D90E_Y123F_T148R,10.822535514831545,train,10.83,1.083,0.007464485168455326
SARS-CoV-2-V37A,10.86943531036377,train,10.925555555555556,1.0925555555555557,0.05612024519178682
SARS-CoV-2-K26V_T85N_I104Y_F160K,10.799234390258787,train,10.82,1.082,0.020765609741212998
SARS-CoV-2-T55L_L111V,10.822989463806152,train,10.84,1.084,0.017010536193847514
SARS-CoV-2-N4E,10.808545112609863,train,10.825,1.0825,0.016454887390136008
SARS-CoV-2-Y39L_T55A,10.910402297973633,train,10.94,1.094,0.02959770202636669
SARS-CoV-2-T15S_K128A_P197Q,10.829562187194824,train,10.87,1.087,0.040437812805175
SARS-CoV-2-L60Y_P197E,10.842653274536133,train,10.89,1.0890000000000002,0.047346725463867756
SARS-CoV-2-I2L_S129V,10.809773445129396,train,10.825,1.0825,0.015226554870602982
SARS-CoV-2-G83R_L111K_L122M_T201S,10.811650276184082,train,10.85,1.085,0.038349723815917613
SARS-CoV-2-V173I_T201L,10.886926651000977,train,10.96,1.096,0.07307334899902429
SARS-CoV-2-N64D_T100F_Q163L_P197F,10.822447776794434,train,10.86,1.086,0.03755222320556584
SARS-CoV-2-K56S_T85R,10.8128080368042,train,10.855,1.0855000000000001,0.04219196319580121
SARS-CoV-2-I2L_S129G,10.861002922058104,train,10.9,1.09,0.03899707794189666
SARS-CoV-2-S41T_L122S,10.875417709350586,train,10.93,1.093,0.05458229064941378
SARS-CoV-2-K56L_P197A,10.861456871032717,train,10.88,1.088,0.01854312896728416
SARS-CoV-2-V37R_N64T,10.868699073791504,train,10.86,1.086,0.008699073791504475
SARS-CoV-2-V37P_T55Q,10.863015174865724,train,10.88,1.088,0.01698482513427635
SARS-CoV-2-R16E_T85S,10.856061935424805,train,10.89,1.0890000000000002,0.03393806457519588
SARS-CoV-2-N110H,10.802386283874512,train,10.796666666666669,1.079666666666667,0.005719617207843086
SARS-CoV-2-Y39V_E141H_T201S,10.808794975280762,train,10.83,1.083,0.021205024719238352
SARS-CoV-2-L5W_Q168F,10.877635955810549,train,10.91,1.091,0.03236404418945149
SARS-CoV-2-Y35W_N64F_D90S,10.84587574005127,train,10.86,1.086,0.0141242599487299
SARS-CoV-2-L60M_T85K,10.796799659729004,train,10.81,1.0810000000000002,0.013200340270996591
SARS-CoV-2-T3R_K198G,10.815102577209473,train,10.82,1.082,0.004897422790527628
SARS-CoV-2-T55D_V173R,10.865859031677246,train,10.89,1.0890000000000002,0.024140968322754475
SARS-CoV-2-D97I_T201P,10.83784008026123,train,10.84,1.084,0.002159919738769389
SARS-CoV-2-E154S,10.808079719543455,train,10.779333333333334,1.0779333333333334,0.0287463862101216
SARS-CoV-2-P7N_K199S,10.876501083374023,train,10.89,1.0890000000000002,0.013498916625977131
SARS-CoV-2-F160Y,10.811847686767578,train,10.88,1.088,0.06815231323242266
SARS-CoV-2-N40R_T55S,10.79410457611084,train,10.76,1.076,0.03410457611084006
SARS-CoV-2-P54L,10.800366401672363,train,10.814444444444444,1.0814444444444444,0.014078042772080579
SARS-CoV-2-L5E_F160S,10.861079216003418,train,10.92,1.092,0.05892078399658196
SARS-CoV-2-A18S_V173M,10.870099067687988,train,10.94,1.094,0.06990093231201122
SARS-CoV-2-S43Q_K48M,10.823351860046388,train,10.86,1.086,0.036648139953610936
SARS-CoV-2-I2R_V37E_T201C,10.828741073608398,train,10.87,1.087,0.04125892639160078
SARS-CoV-2-N64T_Q163M,11.009114265441896,train,11.05,1.1050000000000002,0.0408857345581044
SARS-CoV-2-V37W_S43W,10.851824760437012,train,10.85,1.085,0.001824760437012074
SARS-CoV-2-Y50N_P191T_K198V,10.959223747253418,train,10.89,1.0890000000000002,0.0692237472534174
SARS-CoV-2-G9S_Y123F,11.00453281402588,train,11.01,1.101,0.005467185974119104
SARS-CoV-2-Y35F_C61E_T100M,10.797246932983398,train,10.81,1.0810000000000002,0.01275306701660206
SARS-CoV-2-L5S_F62C,10.810906410217283,train,10.82,1.082,0.009093589782716904
SARS-CoV-2-S36R_N110Q,10.812806129455566,train,10.85,1.085,0.03719387054443324
SARS-CoV-2-N1Y_A18P,10.869210243225098,train,10.91,1.091,0.040789756774902486
SARS-CoV-2-D59E_K198N,10.798728942871094,train,10.88,1.088,0.08127105712890703
SARS-CoV-2-G9L_N64R_L95Y_E141A,10.87705135345459,train,10.84,1.084,0.037051353454589986
SARS-CoV-2-G51N_T140L,10.861412048339844,train,10.94,1.094,0.07858795166015575
SARS-CoV-2-V37N_K56S_L122T_S147N,10.963423728942873,train,11.04,1.1039999999999999,0.07657627105712628
SARS-CoV-2-T63S_K128E,10.874160766601562,train,10.925,1.0925,0.05083923339843821
SARS-CoV-2-R16T_V173F_K198T,10.829385757446287,train,10.82,1.082,0.009385757446287002
SARS-CoV-2-V37T_N120H,10.821857452392578,train,10.86,1.086,0.03814254760742131
SARS-CoV-2-N151K_T201D,10.8715181350708,train,10.92,1.092,0.04848186492919915
SARS-CoV-2-I2E_S129V,10.858498573303224,train,10.92,1.092,0.061501426696775496
SARS-CoV-2-A42Q_L60Y_Q84E,10.851686477661133,train,10.87,1.087,0.018313522338866406
SARS-CoV-2-S36D_Q163Y,10.82713508605957,train,10.9,1.09,0.07286491394043004
SARS-CoV-2-V153K,10.85379695892334,train,10.87,1.087,0.016203041076659375
SARS-CoV-2-Y123F,11.047408103942873,train,11.038571428571428,1.1038571428571429,0.008836675371444613
SARS-CoV-2-T85R,10.82395076751709,train,10.853333333333332,1.0853333333333333,0.02938256581624188
SARS-CoV-2-R16Y_N151R,10.84260368347168,train,10.86,1.086,0.017396316528319744
SARS-CoV-2-L122Q_T201I,10.87973690032959,train,10.92,1.092,0.040263099670410085
SARS-CoV-2-A33Q_T55H_T100M_N171Y,10.943032264709473,train,11.02,1.102,0.07696773529052692
SARS-CoV-2-D98T_P197V,10.804471015930176,train,10.81,1.0810000000000002,0.005528984069824716
SARS-CoV-2-T55L_S200L,10.83771514892578,train,10.86,1.086,0.022284851074219958
SARS-CoV-2-A42G_F160K,10.84756851196289,train,10.89,1.0890000000000002,0.04243148803710994
SARS-CoV-2-N1E_V173L,10.953658103942873,train,11.01,1.101,0.05634189605712692
SARS-CoV-2-S53E_T85K,10.967774391174316,train,11.0,1.1,0.032225608825683594
SARS-CoV-2-N24R_P82N_P197S,10.921247482299805,train,10.84,1.084,0.08124748229980483
SARS-CoV-2-F62M_L122F,10.794053077697754,train,10.79,1.079,0.004053077697754759
SARS-CoV-2-S139T_A192R,10.81190013885498,train,10.83,1.083,0.018099861145019602
SARS-CoV-2-S129T_Y143F_A190H,10.825298309326172,train,10.84,1.084,0.014701690673827983
SARS-CoV-2-V37G_S129V,10.84430980682373,train,10.84,1.084,0.004309806823730611
SARS-CoV-2-I2T_T15L_A33D_P54Y_F160T,10.950277328491213,train,10.97,1.0970000000000002,0.019722671508787926
SARS-CoV-2-N171F_S200L,11.223121643066406,train,11.26,1.1260000000000001,0.03687835693359354
SARS-CoV-2-I2F_V37W,10.812422752380373,train,10.81,1.0810000000000002,0.0024227523803723727
SARS-CoV-2-V37W_P191T,10.889395713806152,train,10.89,1.0890000000000002,0.0006042861938482247
SARS-CoV-2-G155K_P197V,10.804064750671388,train,10.82,1.082,0.01593524932861179
SARS-CoV-2-T55E_N120R_I138L,10.803736686706545,train,10.87,1.087,0.06626331329345447
SARS-CoV-2-T55Y_T201S,10.796746253967283,train,10.8,1.08,0.0032537460327173306
SARS-CoV-2-D98N_N120S,10.875327110290527,train,11.03,1.103,0.15467288970947202
SARS-CoV-2-N110K_N120S,11.035481452941896,train,11.09,1.109,0.05451854705810355
SARS-CoV-2-V37H_G51N,10.814403533935549,train,10.84,1.084,0.025596466064451207
SARS-CoV-2-L122V,10.805073738098145,train,10.822173913043478,1.0822173913043478,0.01710017494533389
SARS-CoV-2-T15S_S43Y_K128P,10.902880668640137,train,10.91,1.091,0.007119331359863423
SARS-CoV-2-S129E_V153N_K198S,10.866936683654783,train,10.85,1.085,0.016936683654783735
SARS-CoV-2-K114W_L122S,10.819493293762209,train,10.86,1.086,0.040506706237790624
SARS-CoV-2-I2N_N64S,10.833430290222168,train,10.83,1.083,0.0034302902221678977
SARS-CoV-2-S36G,10.806904792785645,train,10.79888888888889,1.079888888888889,0.008015903896755106
SARS-CoV-2-R16A_Y39F,10.869013786315918,train,10.88,1.088,0.010986213684082813
SARS-CoV-2-P54L_S129R,10.8460111618042,train,10.864999999999998,1.0864999999999998,0.018988838195799218
SARS-CoV-2-V153N,10.809441566467283,train,10.836,1.0836000000000001,0.02655843353271692
SARS-CoV-2-R16C_T55D,10.802472114562988,train,10.79,1.079,0.012472114562989134
SARS-CoV-2-T55M_S200M,10.827712059020996,train,10.85,1.085,0.02228794097900355
SARS-CoV-2-L5E,10.81248950958252,train,10.861333333333334,1.0861333333333334,0.04884382375081486
SARS-CoV-2-C61A_N120Q_K198Q,10.849528312683104,train,10.84,1.084,0.009528312683103835
SARS-CoV-2-V37W_T63K,10.911913871765137,train,10.9,1.09,0.011913871765136363
SARS-CoV-2-S36T_P149T,10.813628196716309,train,10.87,1.087,0.056371803283690625
SARS-CoV-2-I72V_G152S,10.814786911010742,train,10.83,1.083,0.015213088989257884
SARS-CoV-2-K56N_S147P,10.837224006652832,train,10.86,1.086,0.0227759933471674
SARS-CoV-2-V37Q_L111Q,10.874628067016602,train,10.92,1.092,0.045371932983398366
SARS-CoV-2-I2G_N110R,10.798325538635254,train,10.81,1.0810000000000002,0.011674461364746591
SARS-CoV-2-S129V_K199Y,10.823016166687012,train,10.81,1.0810000000000002,0.013016166687011221
SARS-CoV-2-Q168A_V173R,10.872739791870115,train,10.92,1.092,0.04726020812988452
SARS-CoV-2-K48N_L122A,10.894856452941896,train,10.9,1.09,0.005143547058104048
SARS-CoV-2-K128P,10.800284385681152,train,10.814166666666669,1.081416666666667,0.01388228098551636
SARS-CoV-2-N1P_N130M,10.84005641937256,train,10.87,1.087,0.02994358062743885
SARS-CoV-2-L5H_K48R_T100I_T201V,10.88490390777588,train,10.91,1.091,0.02509609222411946
SARS-CoV-2-L122M_P197Y,10.857942581176758,train,10.87,1.087,0.012057418823241406
SARS-CoV-2-V65M_P197L,10.9010591506958,train,10.965,1.0965,0.06394084930419908
SARS-CoV-2-D90T_L122K,10.887439727783203,train,10.91,1.091,0.022560272216797017
SARS-CoV-2-K26A_K56A_L122V,10.852996826171877,train,10.93,1.093,0.07700317382812294
SARS-CoV-2-I2P_T201Q,10.855761528015137,train,10.87,1.087,0.0142384719848625
SARS-CoV-2-N130K_T201L,10.896432876586914,train,10.95,1.095,0.05356712341308523
SARS-CoV-2-S36K_Q168F,10.807550430297852,train,10.85,1.085,0.04244956970214808
SARS-CoV-2-S36A_V173K,10.900731086730955,train,10.93,1.093,0.02926891326904446
SARS-CoV-2-T3G_T201N,10.846146583557127,train,10.84,1.084,0.006146583557127272
SARS-CoV-2-N4G_T46L,10.887779235839844,train,10.93,1.093,0.042220764160155966
SARS-CoV-2-K48N_P197A,10.82161808013916,train,10.8,1.08,0.021618080139159446
SARS-CoV-2-V37D_Q163L,10.842400550842283,train,10.87,1.087,0.02759944915771584
SARS-CoV-2-R16T_D97F,10.838614463806152,train,10.85,1.085,0.011385536193847301
SARS-CoV-2-V11I_S36N_F62Y,10.85740852355957,train,10.88,1.088,0.02259147644043047
SARS-CoV-2-L5A_P149L,10.80122184753418,train,10.86,1.086,0.058778152465819744
SARS-CoV-2-L5T_R73K,10.799489974975586,train,10.81,1.0810000000000002,0.01051002502441456
SARS-CoV-2-Y39V_L122M_K128S,10.795473098754885,train,10.85,1.085,0.054526901245115056
SARS-CoV-2-D97H,10.812392234802246,train,10.801,1.0801,0.011392234802245937
SARS-CoV-2-R16N_A22R,10.80652904510498,train,10.82,1.082,0.013470954895019815
SARS-CoV-2-S113A_L122R,10.822299003601074,train,10.85,1.085,0.027700996398925426
SARS-CoV-2-R16S_Y35V,10.810065269470217,train,10.85,1.085,0.039934730529783025
SARS-CoV-2-P54K,10.815862655639648,train,10.83,1.083,0.014137344360351634
SARS-CoV-2-I2V_E76Q,10.8724365234375,train,10.91,1.091,0.03756347656250014
SARS-CoV-2-D98N_S164R,10.899357795715332,train,10.89,1.0890000000000002,0.009357795715331463
SARS-CoV-2-R27K_Y39W,10.892192840576172,train,11.0,1.1,0.10780715942382812
SARS-CoV-2-N4S_T55D_Y91F_Y123K,11.05069637298584,train,11.085,1.1085,0.03430362701416101
SARS-CoV-2-P197A,10.817071914672852,train,10.8425,1.08425,0.025428085327147798
SARS-CoV-2-S129E,10.831891059875488,train,10.854285714285714,1.0854285714285714,0.02239465441022581
SARS-CoV-2-Y123F_K199S,10.957459449768066,train,10.93,1.093,0.02745944976806669
SARS-CoV-2-K132F_F156Y_N171Y,10.811663627624512,train,10.81,1.0810000000000002,0.0016636276245112214
SARS-CoV-2-T3S_T100C,10.835506439208984,train,10.89,1.0890000000000002,0.05449356079101619
SARS-CoV-2-K128E_S200I,10.835168838500977,train,10.86,1.086,0.02483116149902287
SARS-CoV-2-F134W_S164K,10.892962455749512,train,10.95,1.095,0.05703754425048757
SARS-CoV-2-K128E,10.833863258361816,train,10.82,1.082,0.013863258361816122
SARS-CoV-2-L60Y_N64E_T201S,10.865944862365724,train,10.89,1.0890000000000002,0.024055137634276136
SARS-CoV-2-R16I_Y39Q,10.79495334625244,train,10.85,1.085,0.055046653747560015
SARS-CoV-2-I28M_N120R,10.805158615112305,train,10.85,1.085,0.04484138488769496
SARS-CoV-2-Y35L_V173M,10.818592071533203,train,10.895,1.0895,0.07640792846679645
SARS-CoV-2-I28F_P149A,10.825723648071287,train,10.88,1.088,0.054276351928713495
SARS-CoV-2-V153L,10.823720932006836,train,10.857272727272727,1.0857272727272729,0.03355179526589147
SARS-CoV-2-S36E_T46S,10.815664291381836,train,10.8,1.08,0.015664291381835227
SARS-CoV-2-K48N_N130R,10.945245742797852,train,10.96,1.096,0.01475425720214929
SARS-CoV-2-L5V_V37Q_N64T_N109V,10.831110954284668,train,10.82,1.082,0.011110954284667685
SARS-CoV-2-S129G_Q168W,10.849888801574709,train,10.84,1.084,0.00988880157470895
SARS-CoV-2-P54V,10.80839729309082,train,10.83,1.083,0.02160270690917976
SARS-CoV-2-A18N,10.800477027893066,train,10.802,1.0802,0.0015229721069331958
SARS-CoV-2-Y39F,10.795775413513184,train,10.748,1.0748,0.04777541351318426
SARS-CoV-2-I104W_L122A,10.897446632385254,train,10.95,1.095,0.05255336761474538
SARS-CoV-2-A192M,10.842768669128418,train,10.88,1.088,0.03723133087158281
SARS-CoV-2-R16I,10.80231761932373,train,10.804,1.0804,0.0016823806762698013
SARS-CoV-2-S129D_T148K,10.8153076171875,train,10.82,1.082,0.004692382812500284
SARS-CoV-2-K56Q_T201A,10.842321395874023,train,10.9,1.09,0.05767860412597692
SARS-CoV-2-G146S_T201A,10.802592277526855,train,10.87,1.087,0.06740772247314375
SARS-CoV-2-V37T_Q163V,10.843256950378418,train,10.82,1.082,0.023256950378417685
SARS-CoV-2-L122K_E141F_P149N,10.844244956970217,train,10.87,1.087,0.0257550430297826
SARS-CoV-2-D97I_T148R_T201F,10.805986404418944,train,10.82,1.082,0.014013595581056748
SARS-CoV-2-S43G_T55D,10.840627670288086,train,10.85,1.085,0.009372329711913707
SARS-CoV-2-N64Y_N110S_Q168H,11.042590141296388,train,11.095,1.1095000000000002,0.052409858703612144
SARS-CoV-2-T148H_P197V,10.845325469970703,train,10.9,1.09,0.05467453002929723
SARS-CoV-2-L38I_P54A,10.793715476989746,train,10.82,1.082,0.02628452301025419
SARS-CoV-2-G9N_S43R_D97I_Y178N,10.88408660888672,train,10.91,1.091,0.025913391113279616
SARS-CoV-2-V37S_T148S,10.86709690093994,train,10.89,1.0890000000000002,0.02290309906006094
SARS-CoV-2-N40R_L122K_E154Q,10.991238594055176,train,11.01,1.101,0.018761405944824006
SARS-CoV-2-R16I_T55Y,10.798857688903809,train,10.77,1.077,0.02885768890380902
SARS-CoV-2-P7S_Y35L,10.80332088470459,train,10.8,1.08,0.003320884704589133
SARS-CoV-2-T85S_D97L_L188M,10.817723274230955,train,10.86,1.086,0.04227672576904418
SARS-CoV-2-L5E_F160K,10.84267520904541,train,10.91,1.091,0.06732479095458999
SARS-CoV-2-L188N,10.795918464660645,train,10.81,1.0810000000000002,0.014081535339355966
SARS-CoV-2-I2H_L122A,10.824004173278809,train,10.84,1.084,0.015995826721191264
SARS-CoV-2-S200M,10.823954582214355,train,10.86,1.086,0.03604541778564396
SARS-CoV-2-N171V,10.931865692138672,train,10.94,1.094,0.008134307861327628
SARS-CoV-2-V37M,10.834429740905762,train,10.83625,1.083625,0.001820259094237997
SARS-CoV-2-V37E_I104V,10.796359062194824,train,10.83,1.083,0.03364093780517585
SARS-CoV-2-I104Y_N110R,10.8861722946167,train,10.9,1.09,0.013827705383301137
SARS-CoV-2-E154K,10.897836685180664,train,10.852222222222222,1.0852222222222223,0.04561446295844185
SARS-CoV-2-Y35W_P149E_Y178F,10.831486701965332,train,10.875,1.0875000000000001,0.04351329803466797
SARS-CoV-2-L5P_A190E,10.81312656402588,train,10.83,1.083,0.01687343597411939
SARS-CoV-2-G9H_K26L,10.82418441772461,train,10.84,1.084,0.015815582275390483
SARS-CoV-2-N120A_K128P_T201Y,10.82275676727295,train,10.84,1.084,0.01724323272705064
SARS-CoV-2-G51S_F160R_N171T,10.813224792480469,train,10.81,1.0810000000000002,0.0032247924804682526
SARS-CoV-2-T3W_F160N_T201I,10.882381439208984,train,10.93,1.093,0.04761856079101534
SARS-CoV-2-V37L_K56N_K199M,10.810063362121582,train,10.85,1.085,0.039936637878417613
SARS-CoV-2-S139T,10.797978401184082,train,10.82181818181818,1.0821818181818181,0.023839780634098418
SARS-CoV-2-N1C_N130Q_P197H,10.801850318908691,train,10.84,1.084,0.03814968109130845
SARS-CoV-2-L5T_S29R_D59N_L122T_P191S,10.842665672302246,train,10.88,1.088,0.03733432769775469
SARS-CoV-2-S45D_D59E,10.804673194885254,train,10.85,1.085,0.04532680511474574
SARS-CoV-2-R16F_F44W,10.799821853637695,train,10.85,1.085,0.05017814636230433
SARS-CoV-2-S36E_T85S,10.906009674072266,train,10.93,1.093,0.02399032592773409
SARS-CoV-2-T85R_L122Q,10.821328163146973,train,10.87,1.087,0.04867183685302656
SARS-CoV-2-N64T_S113A_A190V,10.792805671691896,train,10.8,1.08,0.007194328308104403
SARS-CoV-2-A190E_K198Y,10.870027542114258,train,10.9,1.09,0.029972457885742543
SARS-CoV-2-N24Q_T201L,10.802901268005373,train,10.83,1.083,0.0270987319946272
SARS-CoV-2-N24T,10.80496883392334,train,10.802,1.0802,0.0029688339233402417
SARS-CoV-2-L5F_P54V,10.843635559082031,train,10.84,1.084,0.003635559082031392
SARS-CoV-2-G9D_T201P,10.876035690307615,train,10.96,1.096,0.08396430969238544
SARS-CoV-2-I2S_R27T_F160S,10.825165748596191,train,10.83,1.083,0.004834251403808665
SARS-CoV-2-F8W_N64G,10.801421165466309,train,10.86,1.086,0.05857883453369084
SARS-CoV-2-T100Y_K114R,10.874439239501951,train,10.95,1.095,0.07556076049804794
SARS-CoV-2-P54M_T85Q,10.822935104370115,train,10.81,1.0810000000000002,0.012935104370114914
SARS-CoV-2-K114A_Y121F_Q168H,11.009379386901855,train,11.05,1.1050000000000002,0.04062061309814524
SARS-CoV-2-V37A_V77L,10.847223281860352,train,10.85,1.085,0.0027767181396480822
SARS-CoV-2-T15V_Q168H,10.861863136291504,train,10.86,1.086,0.0018631362915044747
SARS-CoV-2-V37W_S43Q,10.96059513092041,train,10.98,1.098,0.01940486907959027
SARS-CoV-2-L5S_Q84K,10.792818069458008,train,10.82,1.082,0.02718193054199247
SARS-CoV-2-V37A_S53L_F160R,10.953675270080566,train,11.01,1.101,0.05632472991943338
SARS-CoV-2-E154R,10.91676425933838,train,10.9475,1.0947500000000001,0.030735740661619104
SARS-CoV-2-Y39L_T201M,10.862275123596191,train,10.9,1.09,0.03772487640380895
SARS-CoV-2-A42N_Y50C_Q84H_A105N,10.798188209533691,train,10.74,1.074,0.05818820953369119
SARS-CoV-2-S53I,10.794049263000488,train,10.85,1.085,0.055950736999511363
SARS-CoV-2-S36K,10.802694320678713,train,10.809166666666668,1.0809166666666667,0.006472345987955208
SARS-CoV-2-S53N,10.799654960632324,train,10.83,1.083,0.030345039367675852
SARS-CoV-2-V115P,10.813297271728516,train,10.8325,1.08325,0.01920272827148395
SARS-CoV-2-C6V_F99L_Y178S,11.17394733428955,train,11.22,1.122,0.04605266571044986
SARS-CoV-2-P7N_N110Q,10.821011543273926,train,10.85,1.085,0.028988456726073863
SARS-CoV-2-P54W,10.84968090057373,train,10.895,1.0895,0.045319099426269105
SARS-CoV-2-N64S_L122K,10.99508571624756,train,11.08,1.108,0.0849142837524397
SARS-CoV-2-S29Q_Y35L,10.825119972229004,train,10.86,1.086,0.034880027770995525
SARS-CoV-2-D98E_N130A,10.912653923034668,train,10.94,1.094,0.027346076965331534
SARS-CoV-2-N64Y_Y123K_S129N,10.84426498413086,train,10.86,1.086,0.015735015869140057
SARS-CoV-2-R16H_T55V_L122S,10.836950302124023,train,10.89,1.0890000000000002,0.05304969787597713
SARS-CoV-2-I2S_I28F,10.96834659576416,train,11.03,1.103,0.061653404235839204
SARS-CoV-2-R27K_S45T,10.794995307922363,train,10.85,1.085,0.055004692077636363
SARS-CoV-2-I2K_V153H,10.836621284484863,train,10.88,1.088,0.0433787155151375
SARS-CoV-2-E141F_P197L,10.87351894378662,train,10.88,1.088,0.006481056213381464
SARS-CoV-2-F62Y_T85S,10.864616394042969,train,10.88,1.088,0.015383605957032032
SARS-CoV-2-V32T,10.810342788696287,train,10.8375,1.08375,0.02715721130371307
SARS-CoV-2-V37L_S147P,10.872599601745604,train,10.85,1.085,0.022599601745604048
SARS-CoV-2-S164H,10.866742134094238,train,10.88,1.088,0.0132578659057625
SARS-CoV-2-V37E_D98N,10.847296714782717,train,10.87,1.087,0.0227032852172826
SARS-CoV-2-V37K_F160R,10.917283058166504,train,10.98,1.098,0.06271694183349652
SARS-CoV-2-L5W_V37F,10.848830223083496,train,10.85,1.085,0.001169776916503551
SARS-CoV-2-C61R_Y178H,10.804455757141112,train,10.82,1.082,0.01554424285888878
SARS-CoV-2-Y39V_T140S,10.812777519226074,train,10.85,1.085,0.037222480773925426
SARS-CoV-2-S53T,10.798940658569336,train,10.873333333333331,1.0873333333333333,0.07439267476399536
SARS-CoV-2-Y39T_D97M_P197W,10.97603988647461,train,11.01,1.101,0.03396011352539041
SARS-CoV-2-N130H_T148V,10.800766944885254,train,10.81,1.0810000000000002,0.009233055114746591
SARS-CoV-2-V37S_T201A,10.815617561340332,train,10.87,1.087,0.05438243865966719
SARS-CoV-2-N1E,10.835345268249512,train,10.775,1.0775000000000001,0.060345268249511363
SARS-CoV-2-S43T_T201V,10.849686622619627,train,10.93,1.093,0.08031337738037259
SARS-CoV-2-S43T_L60R,10.80184841156006,train,10.84,1.084,0.03815158843993949
SARS-CoV-2-N1K_L5D,10.813886642456056,train,10.85,1.085,0.03611335754394318
SARS-CoV-2-N130A,10.818669319152832,train,10.83,1.083,0.01133068084716804
SARS-CoV-2-I2R_P191G,10.793082237243652,train,10.84,1.084,0.046917762756347514
SARS-CoV-2-K114L_T201S,10.85068702697754,train,10.88,1.088,0.029312973022459943
SARS-CoV-2-K56T_P149V_N171W_K199I,10.901269912719728,train,10.88,1.088,0.021269912719727557
SARS-CoV-2-K26R_V173Y,10.827645301818848,train,10.86,1.086,0.032354698181151775
SARS-CoV-2-N130K_T140D_P191E,10.842572212219238,train,10.88,1.088,0.0374277877807625
SARS-CoV-2-T3P_C61V,10.804194450378418,train,10.82,1.082,0.015805549621582315
SARS-CoV-2-V37S_T85S,10.833142280578612,train,10.84,1.084,0.006857719421388353
SARS-CoV-2-S53N_E154T_K199Y,10.862992286682127,train,10.89,1.0890000000000002,0.02700771331787344
SARS-CoV-2-I2R_F44W,10.82280731201172,train,10.84,1.084,0.01719268798827933
SARS-CoV-2-I2G_K48A_T100L_P197F,10.83321475982666,train,10.85,1.085,0.01678524017333949
SARS-CoV-2-I2N_Y91F_Q163V,11.285967826843262,train,11.3,1.1300000000000001,0.014032173156738992
SARS-CoV-2-Y39L_T201L,10.951509475708008,train,11.0,1.1,0.04849052429199219
SARS-CoV-2-I2F_Q163S_L187M,10.827746391296388,train,10.84,1.084,0.012253608703611363
SARS-CoV-2-N151F_P197L,10.830474853515623,train,10.88,1.088,0.04952514648437756
SARS-CoV-2-V52F_L188T,10.80856227874756,train,10.84,1.084,0.03143772125243949
SARS-CoV-2-N1S_I104F,10.821389198303224,train,10.81,1.0810000000000002,0.011389198303223935
SARS-CoV-2-L60Y_V115I,10.825007438659668,train,10.88,1.088,0.05499256134033281
SARS-CoV-2-T3R_S200F,10.800190925598145,train,10.81,1.0810000000000002,0.009809074401855966
SARS-CoV-2-D59Y_K198M,10.802783012390137,train,10.835,1.0835000000000001,0.032216987609864134
SARS-CoV-2-P54A,10.801093101501465,train,10.7875,1.07875,0.013593101501465199
SARS-CoV-2-T85Q_L111V_P149K,10.798129081726074,train,10.85,1.085,0.051870918273925426
SARS-CoV-2-V37K_K128R_T201W,10.827604293823242,train,10.86,1.086,0.032395706176757244
SARS-CoV-2-R16V,10.856881141662598,train,10.867142857142856,1.0867142857142855,0.010261715480258005
SARS-CoV-2-S43V_V153I,10.799376487731934,train,10.84,1.084,0.040623512268066264
SARS-CoV-2-V37F_P149A_L188M,10.80044937133789,train,10.795,1.0795000000000001,0.005449371337890696
SARS-CoV-2-L5N_V37G_F44W,10.793160438537598,train,10.79,1.079,0.003160438537598509
SARS-CoV-2-S129G_V173M,10.813187599182127,train,10.84,1.084,0.026812400817872728
SARS-CoV-2-V11D_F44P_S113D_N120F_P169S,10.849026679992676,train,10.84,1.084,0.009026679992675923
SARS-CoV-2-V173R_S200T,10.884970664978027,train,10.91,1.091,0.0250293350219728
SARS-CoV-2-G9S_K132T,10.799792289733888,train,10.84,1.084,0.04020771026611136
SARS-CoV-2-I2E,10.792988777160645,train,10.855,1.0855000000000001,0.062011222839355895
SARS-CoV-2-L122K,10.852758407592772,train,10.896428571428572,1.0896428571428574,0.04367016383580058
SARS-CoV-2-K56T_P197M,10.834452629089355,train,10.83,1.083,0.004452629089355398
SARS-CoV-2-V37R_Q84S,10.80770778656006,train,10.83,1.083,0.0222922134399397
SARS-CoV-2-K114S_P169R,10.851876258850098,train,10.96,1.096,0.1081237411499032
SARS-CoV-2-Y123F_N130S,11.096500396728516,train,11.12,1.1119999999999999,0.023499603271483593
SARS-CoV-2-A105S_K199P,10.798932075500488,train,10.85,1.085,0.051067924499511363
SARS-CoV-2-S29R_S36E,10.797633171081545,train,10.83,1.083,0.032366828918455326
SARS-CoV-2-V153I,10.803439140319824,train,10.77,1.077,0.033439140319824645
SARS-CoV-2-R16M_S129K,10.823861122131348,train,10.86,1.086,0.036138877868651775
SARS-CoV-2-P54K_T201K,10.894182205200195,train,10.91,1.091,0.01581779479980483
SARS-CoV-2-L188N_P197E,10.840847969055176,train,10.87,1.087,0.029152030944823437
SARS-CoV-2-K128P_K199M,10.87951374053955,train,10.93,1.093,0.050486259460448935
SARS-CoV-2-R16H_P54S_E154R,10.844944953918455,train,10.84,1.084,0.004944953918455397
SARS-CoV-2-A18P_P149H_N171W,10.899055480957031,train,10.89,1.0890000000000002,0.009055480957030682
SARS-CoV-2-V37G_R78S,10.842161178588867,train,10.85,1.085,0.007838821411132457
SARS-CoV-2-G9A_S147T,10.799860000610352,train,10.81,1.0810000000000002,0.010139999389648935
SARS-CoV-2-Q168F_S200R,10.910365104675291,train,10.92,1.092,0.009634895324708737
SARS-CoV-2-S29P_S36N_N171W,10.815939903259276,train,10.79,1.079,0.02593990325927642
SARS-CoV-2-K56E,10.8140287399292,train,10.828333333333331,1.082833333333333,0.014304593404132149
SARS-CoV-2-N1K_K87Y_N171F,10.966330528259276,train,10.96,1.096,0.006330528259274715
SARS-CoV-2-K26T_R136K,10.883275032043455,train,10.94,1.094,0.05672496795654425
SARS-CoV-2-E10S_N171Y,11.007615089416504,train,11.06,1.106,0.05238491058349659
SARS-CoV-2-N171Y_K198Q,11.217164993286133,train,11.25,1.125,0.03283500671386719
SARS-CoV-2-V37G_P54W,10.942198753356934,train,10.96,1.096,0.01780124664306726
SARS-CoV-2-N1T_A33V_K128M_P177C,10.872469902038574,train,10.84,1.084,0.03246990203857436
SARS-CoV-2-N4E_T201N,10.80168342590332,train,10.81,1.0810000000000002,0.008316574096680185
SARS-CoV-2-S36D,10.81314182281494,train,10.846666666666666,1.0846666666666667,0.03352484385172616
SARS-CoV-2-P149A_V173L,10.89782428741455,train,10.93,1.093,0.032175712585448935
SARS-CoV-2-V37F_D97L_N120F,10.87717342376709,train,10.88,1.088,0.002826576232910938
SARS-CoV-2-Y35L_S53T,10.797632217407228,train,10.85,1.085,0.052367782592771306
SARS-CoV-2-I28W_S129I_N171Y,11.220376014709473,train,11.24,1.124,0.019623985290527557
SARS-CoV-2-N64S_V115P,10.857892036437988,train,10.87,1.087,0.012107963562010937
SARS-CoV-2-L5S_P149S,10.849893569946287,train,10.91,1.091,0.060106430053712856
SARS-CoV-2-P197M,10.88895320892334,train,10.906666666666666,1.0906666666666667,0.017713457743326444
SARS-CoV-2-I138M_S200V,10.848429679870604,train,10.88,1.088,0.03157032012939709
SARS-CoV-2-N1R_G9H,10.87216854095459,train,10.91,1.091,0.0378314590454103
SARS-CoV-2-P7K_P197I,10.860066413879396,train,10.9,1.09,0.03993358612060405
SARS-CoV-2-N40R_S129Q_E154S_K199R,10.803606986999512,train,10.83,1.083,0.026393013000488352
SARS-CoV-2-S53E_F62P_L122R,10.903063774108888,train,10.95,1.095,0.046936225891110794
SARS-CoV-2-V37L_L60V_N64A_P197V,10.850906372070312,train,10.86,1.086,0.009093627929686932
SARS-CoV-2-I104A_N130R,10.793950080871582,train,10.81,1.0810000000000002,0.016049919128418466
SARS-CoV-2-V37N_P197V_T201L,10.926214218139648,train,10.96,1.096,0.033785781860352415
SARS-CoV-2-F62W,10.860962867736816,train,10.882,1.0882,0.021037132263183267
SARS-CoV-2-R27T_P197R,10.831242561340332,train,10.88,1.088,0.04875743865966875
SARS-CoV-2-R16F_K94R_L122Q,10.82669734954834,train,10.85,1.085,0.0233026504516598
SARS-CoV-2-N64F_N130R_T201M,10.8491849899292,train,10.91,1.091,0.06081501007080092
SARS-CoV-2-Y35W_L60Y,11.020304679870604,train,11.07,1.107,0.04969532012939659
SARS-CoV-2-K48Q_Y143F,10.982308387756348,train,11.09,1.109,0.1076916122436522
SARS-CoV-2-L122K_S129A_K198V,10.986720085144045,train,11.03,1.103,0.043279914855954615
SARS-CoV-2-I2K_Q84S,10.805923461914062,train,10.81,1.0810000000000002,0.004076538085937997
SARS-CoV-2-Y35F_T63D_G116P,10.809475898742676,train,10.83,1.083,0.02052410125732429
SARS-CoV-2-T3M_T46S_N110V_N130K,10.82285976409912,train,10.82,1.082,0.002859764099119033
SARS-CoV-2-K48R_Q163L,10.943325996398926,train,11.06,1.106,0.11667400360107472
SARS-CoV-2-G9H_R27V_T201M,10.835787773132324,train,10.88,1.088,0.04421222686767656
SARS-CoV-2-N1I_L122M,10.793720245361328,train,10.86,1.086,0.0662797546386713
SARS-CoV-2-V37M_F160N,10.817593574523926,train,10.87,1.087,0.05240642547607344
SARS-CoV-2-A42E,10.793583869934082,train,10.85,1.085,0.056416130065917613
SARS-CoV-2-T100M_T201I,10.793023109436035,train,10.79,1.079,0.003023109436036009
SARS-CoV-2-I138L_Q163K,10.83908462524414,train,10.91,1.091,0.07091537475585952
SARS-CoV-2-S43L_T85I_T201P,10.81139850616455,train,10.85,1.085,0.038601493835448863
SARS-CoV-2-P54R_Y178H,10.879582405090332,train,10.895,1.0895,0.015417594909667542
SARS-CoV-2-V32Q_T55D,10.83388614654541,train,10.82,1.082,0.013886146545409872
SARS-CoV-2-Y39F_T85R,10.914727210998535,train,10.97,1.0970000000000002,0.05527278900146548
SARS-CoV-2-C61K_T140R,10.830316543579102,train,10.91,1.091,0.07968345642089858
SARS-CoV-2-T140K_V173F_L187R,10.956117630004885,train,11.0,1.1,0.04388236999511541
SARS-CoV-2-S53D,10.794365882873535,train,10.873333333333337,1.0873333333333337,0.07896745045980147
SARS-CoV-2-V37A_T201N,10.84723949432373,train,10.875,1.0875000000000001,0.02776050567626953
SARS-CoV-2-S41D_D97F_P197T,10.827797889709473,train,10.85,1.085,0.02220211029052699
SARS-CoV-2-T55F_E141Q_S147N_P197Q,10.81688404083252,train,10.86,1.086,0.0431159591674799
SARS-CoV-2-N4R_G9S_V37A_T100E_N171F,10.82583236694336,train,10.89,1.0890000000000002,0.0641676330566412
SARS-CoV-2-R27W_V115E_Y178F,10.85708713531494,train,10.89,1.0890000000000002,0.03291286468506094
SARS-CoV-2-V37L_D97R,10.798691749572754,train,10.8,1.08,0.0013082504272468043
SARS-CoV-2-F160Y_T201N,10.79298210144043,train,10.76,1.076,0.0329821014404299
SARS-CoV-2-S129G_T140E,10.812379837036133,train,10.87,1.087,0.057620162963866406
SARS-CoV-2-G9I_N120E_N130K,10.837626457214355,train,10.88,1.088,0.04237354278564531
SARS-CoV-2-T55D_N64S_V194I,10.792859077453612,train,10.81,1.0810000000000002,0.017140922546388992
SARS-CoV-2-N1G_F17W,10.858808517456056,train,10.9,1.09,0.04119148254394389
SARS-CoV-2-T85H_H189D,10.833599090576172,train,10.87,1.087,0.03640090942382734
SARS-CoV-2-K114R_L122A,10.862318992614746,train,10.88,1.088,0.017681007385254688
SARS-CoV-2-L5P_H189Y,10.861580848693848,train,10.89,1.0890000000000002,0.028419151306152912
SARS-CoV-2-I28M_T100Y,10.819608688354492,train,10.81,1.0810000000000002,0.00960868835449169
SARS-CoV-2-L5T_L60M,10.82400608062744,train,10.86,1.086,0.0359939193725598
SARS-CoV-2-T3L_Y39F,10.874419212341309,train,10.88,1.088,0.005580787658692188
SARS-CoV-2-V37R_Q163L,10.872108459472656,train,10.95,1.095,0.07789154052734304
SARS-CoV-2-G9E_T201A,10.87571620941162,train,10.91,1.091,0.034283790588380825
SARS-CoV-2-D59T_N110R_K128G_L188S,10.801451683044434,train,10.81,1.0810000000000002,0.008548316955566904
SARS-CoV-2-V37F_D97N,10.845881462097168,train,10.88,1.088,0.03411853790283281
SARS-CoV-2-S43I_T201R,10.970213890075684,train,11.03,1.103,0.05978610992431577
SARS-CoV-2-Q163M,11.073660850524902,train,11.18,1.118,0.10633914947509737
SARS-CoV-2-P149L_N171W,10.88062572479248,train,10.88,1.088,0.0006257247924796872
SARS-CoV-2-S29E_T148N_S164R_N171F,11.116930961608888,train,11.16,1.116,0.04306903839111165
SARS-CoV-2-A42G_E141T,10.810392379760742,train,10.84,1.084,0.02960762023925767
SARS-CoV-2-I2M_D98N,10.794676780700684,train,10.86,1.086,0.06532321929931584
SARS-CoV-2-V32R_P149Q,10.79514217376709,train,10.86,1.086,0.06485782623290959
SARS-CoV-2-A42R,10.804804801940918,train,10.833636363636364,1.0833636363636365,0.028831561695445984
SARS-CoV-2-T3L_N40R_N171Y,10.934710502624512,train,10.895,1.0895,0.039710502624512145
SARS-CoV-2-S129T_T201L,10.837712287902832,train,10.85,1.085,0.012287712097167613
SARS-CoV-2-K199C,10.823113441467283,train,10.853333333333332,1.0853333333333333,0.030219891866048343
SARS-CoV-2-T3S_L122S,10.830283164978027,train,10.85,1.085,0.0197168350219723
SARS-CoV-2-V32Y_L60M_K128G,10.802382469177246,train,10.84,1.084,0.037617530822753764
SARS-CoV-2-L122S_Q168A,10.83093547821045,train,10.85,1.085,0.019064521789550426
SARS-CoV-2-L5P_S43A,10.83449363708496,train,10.895,1.0895,0.06050636291504041
SARS-CoV-2-I2N_T15S,10.799054145812988,train,10.82,1.082,0.020945854187012003
SARS-CoV-2-Y39V_L188P,10.841919898986816,train,10.86,1.086,0.018080101013183025
SARS-CoV-2-S129Q_T201S,10.823951721191406,train,10.91,1.091,0.08604827880859389
SARS-CoV-2-T63H_Y178H,10.830039024353027,train,10.86,1.086,0.029960975646972088
SARS-CoV-2-T55D_C61V,10.798422813415527,train,10.81,1.0810000000000002,0.011577186584473154
SARS-CoV-2-I2H_E154R,10.8652925491333,train,10.9,1.09,0.034707450866699574
SARS-CoV-2-A42R_F62V_T201C,10.811161994934082,train,10.86,1.086,0.0488380050659174
SARS-CoV-2-L5M_K199N,10.795293807983398,train,10.845,1.0845,0.0497061920166022
SARS-CoV-2-G9N_D59Y,10.83810329437256,train,10.86,1.086,0.02189670562743906
SARS-CoV-2-I2A_N120L_N171F,11.187033653259276,train,11.23,1.123,0.04296634674072486
SARS-CoV-2-T55H_S139T,10.818546295166016,train,10.85,1.085,0.03145370483398402
SARS-CoV-2-R16I_E154Q_S200A,10.832369804382324,train,10.83,1.083,0.0023698043823241477
SARS-CoV-2-N171F,11.04600429534912,train,11.063333333333333,1.1063333333333334,0.017329037984213258
SARS-CoV-2-F62A_N151K_T201Y,10.80571174621582,train,10.79,1.079,0.015711746215821165
SARS-CoV-2-N58D_K198P,10.833192825317385,train,10.96,1.096,0.12680717468261626
SARS-CoV-2-F160R_A190H,10.802292823791504,train,10.84,1.084,0.03770717620849595
SARS-CoV-2-R16T_T201R,10.827136039733888,train,10.86,1.086,0.032863960266110936
SARS-CoV-2-S36E_T100V,10.839463233947754,train,10.85,1.085,0.010536766052245738
SARS-CoV-2-S129R_V173W_P197L,10.837870597839355,train,10.86,1.086,0.022129402160643963
SARS-CoV-2-T63R_T85R,10.807695388793944,train,10.84,1.084,0.03230461120605632
SARS-CoV-2-T55N_L122A,10.900358200073242,train,10.95,1.095,0.0496417999267571
SARS-CoV-2-S36N,10.813033103942873,train,10.838,1.0837999999999999,0.02496689605712632
SARS-CoV-2-N4K,10.799386024475098,train,10.77875,1.0778750000000001,0.02063602447509716
SARS-CoV-2-I28M_D90R_L122S_V173R,10.85582447052002,train,10.87,1.087,0.014175529479979687
SARS-CoV-2-T3I_I138T,10.800288200378418,train,10.86,1.086,0.05971179962158146
SARS-CoV-2-D97T_S200L,10.802966117858888,train,10.82,1.082,0.01703388214111179
SARS-CoV-2-R16S,10.802088737487791,train,10.841,1.0841,0.03891126251220811
SARS-CoV-2-R16K_D90N,10.861995697021484,train,10.92,1.092,0.058004302978515554
SARS-CoV-2-R16F,10.812114715576172,train,10.817142857142857,1.0817142857142856,0.005028141566684852
SARS-CoV-2-T55N_S200W,10.836380958557127,train,10.9,1.09,0.06361904144287323
SARS-CoV-2-V37L,10.841429710388184,train,10.802,1.0802,0.03942971038818399
SARS-CoV-2-V37W_F44M_L122M,10.809426307678224,train,10.825,1.0825,0.015573692321774857
SARS-CoV-2-T55A_N120E_L187R,10.864099502563477,train,10.9,1.09,0.03590049743652379
SARS-CoV-2-S29Q,10.83728313446045,train,10.94,1.094,0.10271686553955028
SARS-CoV-2-F8S_G101S_K132M,10.897198677062988,train,10.92,1.092,0.022801322937011648
SARS-CoV-2-N64F_V173L,10.810006141662598,train,10.84,1.084,0.0299938583374022
SARS-CoV-2-V37Q_N64S,10.923836708068848,train,10.98,1.098,0.05616329193115277
SARS-CoV-2-T3D_S36A,10.851906776428224,train,10.83,1.083,0.02190677642822436
SARS-CoV-2-S200L,10.80223560333252,train,10.830714285714285,1.0830714285714285,0.028478682381765097
SARS-CoV-2-V173Y_E186D,10.826315879821776,train,10.88,1.088,0.053684120178225214
SARS-CoV-2-R16F_T201S,10.8684720993042,train,10.9,1.09,0.031527900695801137
SARS-CoV-2-A18P_Y123F,10.897332191467283,train,10.91,1.091,0.012667808532716762
SARS-CoV-2-F47V_N130D_F160A_P197L,10.804373741149902,train,10.84,1.084,0.035626258850097514
SARS-CoV-2-T100M_T201M,10.868973731994627,train,10.92,1.092,0.0510262680053728
SARS-CoV-2-K48N_N171M,11.015570640563965,train,10.99,1.099,0.02557064056396463
SARS-CoV-2-P54E_T148R,10.86375904083252,train,10.91,1.091,0.04624095916748061
SARS-CoV-2-T55E,10.829598426818848,train,10.874285714285715,1.0874285714285716,0.04468728746686779
SARS-CoV-2-A192H,10.80465316772461,train,10.83,1.083,0.025346832275390696
SARS-CoV-2-I138M_S200I,10.82903289794922,train,10.81,1.0810000000000002,0.01903289794922003
SARS-CoV-2-Y35W_C61Y_T100L_Q163K,10.872719764709473,train,10.87,1.087,0.002719764709473438
SARS-CoV-2-V37W_L187E,10.849617958068848,train,10.86,1.086,0.010382041931151775
SARS-CoV-2-V37E_T201C,10.855032920837402,train,10.88,1.088,0.024967079162598438
SARS-CoV-2-S129Y_S200L,10.816180229187012,train,10.83,1.083,0.013819770812988352
SARS-CoV-2-S129G,10.802397727966309,train,10.844285714285714,1.0844285714285715,0.04188798631940571
SARS-CoV-2-N151K_Q168F,10.93796443939209,train,10.935,1.0935000000000001,0.0029644393920893464
SARS-CoV-2-N40R_F160S,10.858386039733888,train,10.91,1.091,0.05161396026611165
SARS-CoV-2-T55I_Q168H,11.04975700378418,train,11.09,1.109,0.04024299621582017
SARS-CoV-2-V37L_N171I,10.83560276031494,train,10.84,1.084,0.004397239685060228
SARS-CoV-2-Y39L_T100Y,10.895231246948242,train,10.95,1.095,0.0547687530517571
SARS-CoV-2-G9A_S129N,10.81141185760498,train,10.83,1.083,0.018588142395019602
SARS-CoV-2-P54R_E141Q,10.896788597106934,train,10.96,1.096,0.06321140289306726
SARS-CoV-2-T55L_K128P,10.850800514221191,train,10.88,1.088,0.029199485778809375
SARS-CoV-2-G9E_T55H_T63S,10.848591804504396,train,10.88,1.088,0.031408195495604474
SARS-CoV-2-A42R_F62T_P149A,10.880876541137695,train,10.9,1.09,0.019123458862305043
SARS-CoV-2-Y35W_L60E_G83R,10.835203170776367,train,10.87,1.087,0.03479682922363203
SARS-CoV-2-E76Q,10.834063529968262,train,10.873333333333331,1.0873333333333333,0.03926980336506958
SARS-CoV-2-S164Q,10.820146560668944,train,10.83,1.083,0.009853439331056535
SARS-CoV-2-D97H_L122R,10.827618598937988,train,10.84,1.084,0.012381401062011577
SARS-CoV-2-K128S_Q163K,10.821325302124023,train,10.9,1.09,0.07867469787597692
SARS-CoV-2-Q168Y,10.949109077453612,train,10.918,1.0917999999999999,0.031109077453612244
SARS-CoV-2-P54R_T201M,10.832874298095703,train,10.89,1.0890000000000002,0.05712570190429744
SARS-CoV-2-Q163L,10.803641319274902,train,10.852666666666666,1.0852666666666666,0.049025347391763674
SARS-CoV-2-V37G_D59T,10.809473991394045,train,10.83,1.083,0.020526008605955326
SARS-CoV-2-S53A_N171T,11.005423545837402,train,11.0,1.1,0.005423545837402344
SARS-CoV-2-D97S_V173M,10.86412525177002,train,10.92,1.092,0.0558747482299804
SARS-CoV-2-V37D_K198E,10.83926486968994,train,10.89,1.0890000000000002,0.05073513031006094
SARS-CoV-2-Y50W_T140A,10.803329467773438,train,10.84,1.084,0.03667053222656236
SARS-CoV-2-N110T_S200L,10.83390998840332,train,10.86,1.086,0.02609001159667912
SARS-CoV-2-G83M_S147P,10.846383094787598,train,10.86,1.086,0.013616905212401775
SARS-CoV-2-N64L_Q163Y,10.894932746887209,train,10.92,1.092,0.02506725311279112
SARS-CoV-2-K132M_K199S,10.799823760986328,train,10.8,1.08,0.00017623901367258554
SARS-CoV-2-N64S_L122Q,10.906954765319824,train,10.965,1.0965,0.05804523468017564
SARS-CoV-2-R27T_D97L,10.818875312805176,train,10.82,1.082,0.001124687194824503
SARS-CoV-2-I28L_P149S,10.850773811340332,train,10.87,1.087,0.019226188659667187
SARS-CoV-2-N1Q_E154K,11.018065452575684,train,11.06,1.106,0.041934547424316904
SARS-CoV-2-T3D_Q163M,10.95301914215088,train,10.97,1.0970000000000002,0.016980857849119957
SARS-CoV-2-S43Q_T140S,10.829617500305176,train,10.87,1.087,0.04038249969482344
SARS-CoV-2-T55A_V153E_T201Y,10.845160484313965,train,10.88,1.088,0.03483951568603594
SARS-CoV-2-H189N,10.829086303710938,train,10.836,1.0836000000000001,0.006913696289062798
SARS-CoV-2-T55L_I80V_L188S,10.859049797058104,train,10.9,1.09,0.04095020294189666
SARS-CoV-2-V37M_N120H,10.819366455078123,train,10.85,1.085,0.03063354492187642
SARS-CoV-2-L122M,10.801779747009276,train,10.83,1.083,0.028220252990724504
SARS-CoV-2-L122M_P197W,10.868226051330566,train,10.91,1.091,0.041773948669433736
SARS-CoV-2-D90N_L122K,10.792991638183594,train,10.83,1.083,0.03700836181640632
SARS-CoV-2-K199Y,10.824551582336426,train,10.846,1.0846,0.021448417663574304
SARS-CoV-2-F62V,10.794313430786133,train,10.769090909090908,1.0769090909090908,0.025222521695225097
SARS-CoV-2-S43V_P197K,10.888089179992676,train,10.9,1.09,0.011910820007324574
SARS-CoV-2-T55K,10.798270225524902,train,10.797,1.0797,0.001270225524901747
SARS-CoV-2-L122R_S147V,10.808194160461426,train,10.85,1.085,0.041805839538573863
SARS-CoV-2-H189K,10.796231269836426,train,10.815,1.0815,0.01876873016357372
SARS-CoV-2-D97A_F160Y,10.851161003112791,train,10.91,1.091,0.05883899688720895
SARS-CoV-2-I2G_L188F,10.795992851257324,train,10.82,1.082,0.024007148742676065
SARS-CoV-2-I2L_P7N,10.828972816467283,train,10.86,1.086,0.03102718353271605
SARS-CoV-2-R16E,10.833998680114746,train,10.8475,1.08475,0.013501319885254048
SARS-CoV-2-S43R_D90N,10.849454879760742,train,10.864999999999998,1.0864999999999998,0.01554512023925625
SARS-CoV-2-L5I_A18P_G146S,10.823264122009276,train,10.83,1.083,0.006735877990724504
SARS-CoV-2-V37L_T46S,10.816192626953123,train,10.77,1.077,0.04619262695312365
SARS-CoV-2-T3G_K199H,10.810429573059082,train,10.81,1.0810000000000002,0.00042957305908153387
SARS-CoV-2-S164R,10.871438026428224,train,10.898571428571428,1.0898571428571429,0.027133402143203256
SARS-CoV-2-I2V_G9S,10.862303733825684,train,10.91,1.091,0.04769626617431655
SARS-CoV-2-N58D,10.83882999420166,train,10.822,1.0822,0.01682999420166098
SARS-CoV-2-V37E_I138M,10.826865196228027,train,10.84,1.084,0.013134803771972514
SARS-CoV-2-V173I,10.805811882019045,train,10.842631578947367,1.0842631578947368,0.03681969692832254
SARS-CoV-2-S200T,10.81325912475586,train,10.82,1.082,0.006740875244140909
SARS-CoV-2-T85H_V173L,10.82735538482666,train,10.88,1.088,0.052644615173340625
SARS-CoV-2-S43M_D98N_N151L,10.797046661376951,train,10.83,1.083,0.03295333862304872
SARS-CoV-2-Q163C_Q168F,10.859131813049316,train,10.89,1.0890000000000002,0.030868186950684162
SARS-CoV-2-K56A_Q163F,11.057381629943848,train,11.11,1.111,0.052618370056151775
SARS-CoV-2-I2D_T140A,10.844489097595217,train,10.85,1.085,0.005510902404783025
SARS-CoV-2-S53N_H189S,10.86849308013916,train,10.9,1.09,0.0315069198608402
SARS-CoV-2-E154R_S200L,11.008362770080566,train,11.065,1.1065,0.056637229919433096
SARS-CoV-2-F47L_L122S,10.817635536193848,train,10.82,1.082,0.002364463806152628
SARS-CoV-2-I72V,10.81899356842041,train,10.83,1.083,0.011006431579589915
SARS-CoV-2-N24R_L122V,10.874762535095217,train,10.91,1.091,0.03523746490478352
SARS-CoV-2-H189P,10.8078031539917,train,10.81,1.0810000000000002,0.0021968460083012786
SARS-CoV-2-T55M,10.803973197937012,train,10.811666666666667,1.0811666666666668,0.007693468729655706
SARS-CoV-2-D59E_L122R,10.82669734954834,train,10.87,1.087,0.043302650451659375
SARS-CoV-2-L122K_T201Y,10.854825019836426,train,10.88,1.088,0.025174980163575
SARS-CoV-2-S36E_F160A_K198R,10.864690780639648,train,10.94,1.094,0.07530921936035107
SARS-CoV-2-I2R_V37G,10.824711799621582,train,10.83,1.083,0.00528820037841804
SARS-CoV-2-L5Y_V37F_P54R_E141Y,10.847651481628418,train,10.87,1.087,0.02234851837158125
SARS-CoV-2-V37S,10.811184883117676,train,10.8185,1.08185,0.007315116882324446
SARS-CoV-2-S29G_N171Y,11.05886459350586,train,11.05,1.1050000000000002,0.008864593505858664
SARS-CoV-2-L122I_T201M,10.79727840423584,train,10.81,1.0810000000000002,0.012721595764160654
SARS-CoV-2-I2P_T201I,10.851524353027344,train,10.87,1.087,0.01847564697265547
SARS-CoV-2-A18S_L60Y_K198Y,10.833319664001465,train,10.85,1.085,0.0166803359985348
SARS-CoV-2-L188S,10.86513614654541,train,10.906666666666666,1.0906666666666667,0.04153052012125613
SARS-CoV-2-N4Q,10.816405296325684,train,10.848,1.0848000000000002,0.03159470367431716
SARS-CoV-2-Q163A,11.0479154586792,train,11.1,1.11,0.052084541320800426
SARS-CoV-2-A33W_T148S,10.81940746307373,train,10.87,1.087,0.05059253692626875
SARS-CoV-2-V37G_L122K_S200L,11.034990310668944,train,11.07,1.107,0.03500968933105675
SARS-CoV-2-L5A_V153K,10.923245429992676,train,10.98,1.098,0.056754570007324645
SARS-CoV-2-D90S_L111I_N171M_T201L,11.029627799987791,train,11.06,1.106,0.030372200012209305
SARS-CoV-2-N1S_P149K_A190G,10.853631019592283,train,10.86,1.086,0.006368980407716052
SARS-CoV-2-T3P_N171F_T201R,11.013163566589355,train,11.07,1.107,0.056836433410644815
SARS-CoV-2-I2V_S36K,10.810704231262209,train,10.82,1.082,0.009295768737791477
SARS-CoV-2-K48R,10.826811790466309,train,10.904545454545454,1.0904545454545456,0.07773366407914573
SARS-CoV-2-Y39L_T201S,10.8247652053833,train,10.85,1.085,0.025234794616698863
SARS-CoV-2-V37R_T55K,10.812666893005373,train,10.84,1.084,0.027333106994626988
SARS-CoV-2-T55K_Q84A,10.89023494720459,train,10.9,1.09,0.009765052795410512
SARS-CoV-2-V37D_T201Y,10.885729789733888,train,10.97,1.0970000000000002,0.08427021026611214
SARS-CoV-2-V37T_Q84T,10.80774211883545,train,10.87,1.087,0.06225788116455
SARS-CoV-2-S129N,10.793448448181152,train,10.836666666666666,1.0836666666666666,0.04321821848551366
SARS-CoV-2-D98N,10.795881271362305,train,10.81421052631579,1.081421052631579,0.018329254953485474
SARS-CoV-2-P197N,10.809103965759276,train,10.78,1.078,0.029103965759276207
SARS-CoV-2-G83Y_E154K,10.842717170715332,train,10.87,1.087,0.027282829284667187
SARS-CoV-2-Q84S,10.810604095458984,train,10.81,1.0810000000000002,0.0006040954589838776
SARS-CoV-2-V32R_Y39K_S43L_N110K,10.794663429260254,train,10.83,1.083,0.035336570739746165
SARS-CoV-2-V37E,10.843647956848145,train,10.824166666666668,1.0824166666666668,0.01948129018147604
SARS-CoV-2-I2M_P82N_G152N,10.919425964355469,train,10.83,1.083,0.08942596435546868
SARS-CoV-2-V37S_L122N_K128D,10.808558464050291,train,10.83,1.083,0.02144153594970888
SARS-CoV-2-G196M,10.794140815734863,train,10.815,1.0815,0.02085918426513622
SARS-CoV-2-T55I_N64K_K132N_Q168H,10.81139850616455,train,10.85,1.085,0.038601493835448863
SARS-CoV-2-N171V_L188W,10.974346160888672,train,10.98,1.098,0.005653839111328551
SARS-CoV-2-I2P_E141D,10.819235801696776,train,10.84,1.084,0.02076419830322429
SARS-CoV-2-N1D_I28F_P54E,10.884039878845217,train,10.92,1.092,0.03596012115478331
SARS-CoV-2-L187R,10.817793846130373,train,10.855,1.0855000000000001,0.037206153869627556
SARS-CoV-2-V37F,10.850631713867188,train,10.883333333333333,1.0883333333333334,0.03270161946614536
SARS-CoV-2-S200E,10.825786590576172,train,10.85,1.085,0.02421340942382777
SARS-CoV-2-N1S_A42K,10.81647777557373,train,10.86,1.086,0.04352222442626896
SARS-CoV-2-D98A_P197I,10.857842445373535,train,10.88,1.088,0.022157554626465625
SARS-CoV-2-V37D,10.80906105041504,train,10.76625,1.076625,0.04281105041504141
SARS-CoV-2-V37T_T148V,10.800841331481934,train,10.86,1.086,0.05915866851806584
SARS-CoV-2-G9Y_S53H,10.79708766937256,train,10.79,1.079,0.007087669372561223
SARS-CoV-2-N110D_T201L,10.83303928375244,train,10.87,1.087,0.03696071624755959
SARS-CoV-2-N40R_P197A,10.797093391418455,train,10.81,1.0810000000000002,0.012906608581545242
SARS-CoV-2-T85R_F160A_T201G,10.941996574401855,train,10.97,1.0970000000000002,0.02800342559814517
SARS-CoV-2-R27L_I138T,10.820562362670898,train,10.865,1.0865,0.044437637329101776
SARS-CoV-2-L5P_T140K,10.805307388305664,train,10.87,1.087,0.06469261169433516
SARS-CoV-2-A42R_D97L,10.817771911621094,train,10.85,1.085,0.032228088378905895
SARS-CoV-2-L122S_T201R,10.892991065979004,train,10.92,1.092,0.027008934020996023
SARS-CoV-2-P54A_T201L,10.840143203735352,train,10.86,1.086,0.01985679626464787
SARS-CoV-2-S53K,10.868966102600098,train,10.87,1.087,0.0010338973999015622
SARS-CoV-2-N24Q_Q84T,10.865347862243652,train,10.94,1.094,0.07465213775634716
SARS-CoV-2-T55Q_T148A,10.823406219482422,train,10.81,1.0810000000000002,0.013406219482421378
SARS-CoV-2-V37S_R73K,10.812922477722168,train,10.77,1.077,0.042922477722168395
SARS-CoV-2-N1V_G9Q,10.820904731750488,train,10.86,1.086,0.03909526824951115
SARS-CoV-2-V37A_K56T_T201Q,10.818217277526855,train,10.85,1.085,0.031782722473144176
SARS-CoV-2-E10L_L60Q_P197Y,10.844749450683594,train,10.88,1.088,0.03525054931640703
SARS-CoV-2-Y35F_S164F,10.798787117004396,train,10.82,1.082,0.021212882995603977
SARS-CoV-2-G9S,10.807287216186523,train,10.807727272727274,1.0807727272727274,0.00044005654075007783
SARS-CoV-2-E10D_A190V,10.827771186828612,train,10.92,1.092,0.09222881317138842
SARS-CoV-2-L5P_A105T_N171F,11.062054634094238,train,11.07,1.107,0.007945365905762003
SARS-CoV-2-V37L_T85S_T201M,10.891905784606934,train,10.93,1.093,0.03809421539306612
SARS-CoV-2-T55R,10.835844039916992,train,10.895,1.0895,0.059155960083007386
SARS-CoV-2-N40H_P197K,10.81849193572998,train,10.88,1.088,0.06150806427002031
SARS-CoV-2-Y123F_T148K,11.004939079284668,train,10.98,1.098,0.024939079284667542
SARS-CoV-2-H189Q,10.84084415435791,train,10.84,1.084,0.0008441543579102984
SARS-CoV-2-V32Q,10.816895484924316,train,10.84,1.084,0.02310451507568345
SARS-CoV-2-C61R_F160K,10.844128608703612,train,10.81,1.0810000000000002,0.03412860870361101
SARS-CoV-2-K56E_Y66H_T201M,10.80383014678955,train,10.835,1.0835000000000001,0.03116985321045007
SARS-CoV-2-F8W_S43Y,10.82175350189209,train,10.85,1.085,0.0282464981079098
SARS-CoV-2-V37F_S43L_G152R,10.920172691345217,train,10.96,1.096,0.03982730865478423
SARS-CoV-2-G9N_I104F,11.062437057495115,train,11.11,1.111,0.04756294250488402
SARS-CoV-2-Q168A_A192R,10.823563575744627,train,10.85,1.085,0.026436424255372515
SARS-CoV-2-V32Y_N151K,10.79409885406494,train,10.82,1.082,0.025901145935060654
SARS-CoV-2-G9H,10.80173397064209,train,10.833636363636364,1.0833636363636365,0.03190239299427411
SARS-CoV-2-T3S_L122G,10.971253395080566,train,11.03,1.103,0.058746604919432954
SARS-CoV-2-F160K,10.87745189666748,train,10.906666666666666,1.0906666666666667,0.02921476999918582
SARS-CoV-2-V32I,10.809638023376465,train,10.926666666666668,1.092666666666667,0.1170286432902028
SARS-CoV-2-N110R_K128D,10.81279182434082,train,10.84,1.084,0.027208175659179545
SARS-CoV-2-Y121C_Q163V,10.800477981567385,train,10.78,1.078,0.02047798156738523
SARS-CoV-2-A33T_Q168H_T201N,10.815120697021484,train,10.81,1.0810000000000002,0.005120697021483878
SARS-CoV-2-Y35M_E154T,10.846696853637695,train,10.84,1.084,0.006696853637695455
SARS-CoV-2-F99W_F160Y_N171W,10.81314182281494,train,10.83,1.083,0.01685817718506044
SARS-CoV-2-P7D_E141V_K198M,10.918234825134276,train,10.96,1.096,0.041765174865725285
SARS-CoV-2-Y39I_I142L,10.804205894470217,train,10.84,1.084,0.03579410552978324
SARS-CoV-2-L5D_V37L,10.844294548034668,train,10.87,1.087,0.02570545196533125
SARS-CoV-2-A192T_S200V,10.83708953857422,train,10.9,1.09,0.06291046142577983
SARS-CoV-2-R16N_D90R,10.818924903869627,train,10.87,1.087,0.05107509613037209
SARS-CoV-2-D59E,10.820372581481934,train,10.82,1.082,0.00037258148193330953
SARS-CoV-2-F62A,10.801671028137209,train,10.772,1.0772000000000002,0.029671028137208566
SARS-CoV-2-N130R_P197Q,10.95578384399414,train,10.98,1.098,0.0242161560058598
SARS-CoV-2-N130P_V194I,10.876949310302734,train,10.91,1.091,0.03305068969726577
SARS-CoV-2-L60A_N171F_K198T,11.140417098999023,train,11.15,1.115,0.009582901000976918
SARS-CoV-2-R27V_V37L_D75K_Y123F_K128A,10.81087589263916,train,10.88,1.088,0.06912410736084063
SARS-CoV-2-N24S,10.807116508483888,train,10.852,1.0852000000000002,0.04488349151611182
SARS-CoV-2-L5V_S36Q,10.794743537902832,train,10.78,1.078,0.01474353790283267
SARS-CoV-2-I2R_P54W_E154K,10.973841667175291,train,11.0,1.1,0.026158332824708808
SARS-CoV-2-G9R_Q163A_V173K,10.84270477294922,train,10.895,1.0895,0.05229522705077905
SARS-CoV-2-S36G_D98N,10.83445644378662,train,10.8,1.08,0.03445644378661861
SARS-CoV-2-K26M_V32F_L122R,10.913543701171877,train,10.94,1.094,0.026456298828122726
SARS-CoV-2-N130P_S147N_L183F,10.817261695861816,train,10.81,1.0810000000000002,0.007261695861815909
SARS-CoV-2-I104F_P149N,10.903969764709473,train,10.91,1.091,0.006030235290527486
SARS-CoV-2-S43Q,10.870781898498535,train,10.93,1.093,0.05921810150146456
SARS-CoV-2-F62Y,10.81745433807373,train,10.815,1.0815,0.002454338073730966
SARS-CoV-2-C6L_A33T_A81V_K87S_Y91M_T100E,11.14155101776123,train,11.08,1.108,0.0615510177612304
SARS-CoV-2-A192S_G196E,10.793109893798828,train,10.81,1.0810000000000002,0.016890106201172372
SARS-CoV-2-T3S_T201K,10.825395584106444,train,10.85,1.085,0.02460441589355611
SARS-CoV-2-T3D,10.79345417022705,train,10.792,1.0792,0.001454170227050966
SARS-CoV-2-A22K_A190E,10.80445384979248,train,10.835,1.0835000000000001,0.030546150207520384
SARS-CoV-2-N171Y,11.12243938446045,train,11.125,1.1125,0.0025606155395507812
SARS-CoV-2-P149S_P197H,10.866347312927246,train,10.88,1.088,0.013652687072754688
SARS-CoV-2-N4Q_K48R,10.84461784362793,train,10.86,1.086,0.015382156372069744
SARS-CoV-2-G51N_N120K,10.816744804382324,train,10.86,1.086,0.04325519561767521
SARS-CoV-2-S147P,10.912079811096191,train,10.955,1.0955000000000001,0.042920188903808665
SARS-CoV-2-D97K_E154T,10.794486045837402,train,10.78,1.078,0.014486045837402983
SARS-CoV-2-Q84S_Q168F,10.837967872619627,train,10.83,1.083,0.007967872619627059
SARS-CoV-2-T3S_T15S_Y39F_L122F_S200R,10.820130348205566,train,10.83,1.083,0.009869651794433665
SARS-CoV-2-R16K,10.815597534179688,train,10.77,1.077,0.045597534179687926
SARS-CoV-2-I2L_S36A,10.83126449584961,train,10.87,1.087,0.03873550415038984
SARS-CoV-2-L122K_E154S_S200P,11.011744499206545,train,11.04,1.1039999999999999,0.028255500793454402
SARS-CoV-2-N1M_S43D,10.79687213897705,train,10.85,1.085,0.053127861022948863
SARS-CoV-2-G9D_N110W,10.803332328796388,train,10.865,1.0865,0.06166767120361172
SARS-CoV-2-G9A_K132S,10.795727729797363,train,10.83,1.083,0.03427227020263679
SARS-CoV-2-P133S_N171M,10.801724433898926,train,10.84,1.084,0.03827556610107408
SARS-CoV-2-G9A_Q168W,10.952250480651855,train,10.96,1.096,0.007749519348145384
SARS-CoV-2-Q84S_N130K,10.932826042175291,train,10.97,1.0970000000000002,0.03717395782470945
SARS-CoV-2-I104V_P197T,10.802470207214355,train,10.84,1.084,0.03752979278564439
SARS-CoV-2-F134E_P197L,10.854159355163574,train,10.89,1.0890000000000002,0.03584064483642635
SARS-CoV-2-V37E_K56M,10.853403091430664,train,10.88,1.088,0.02659690856933672
SARS-CoV-2-V153F_V173R_T201N,10.913090705871582,train,10.92,1.092,0.006909294128417898
SARS-CoV-2-N171I,10.802881240844728,train,10.746666666666668,1.0746666666666669,0.05621457417806042
SARS-CoV-2-D98R_P197S,10.809327125549316,train,10.84,1.084,0.03067287445068345
SARS-CoV-2-P7N,10.82660675048828,train,10.775,1.0775000000000001,0.05160675048827912
SARS-CoV-2-D59K_K199S,10.793938636779783,train,10.86,1.086,0.06606136322021605
SARS-CoV-2-N130A_K199M,10.8108491897583,train,10.77,1.077,0.04084918975830121
SARS-CoV-2-I72Y_T85V_T100Y_I104M_E186I,10.91148281097412,train,10.93,1.093,0.0185171890258804
SARS-CoV-2-I2P,10.797487258911133,train,10.8175,1.0817500000000002,0.02001274108886797
SARS-CoV-2-L122A,10.864598274230955,train,10.865,1.0865,0.00040172576904495827
SARS-CoV-2-K128E_S139R,10.818500518798828,train,10.84,1.084,0.021499481201171733
SARS-CoV-2-C61R_N120K,10.873290061950684,train,10.9,1.09,0.02670993804931676
SARS-CoV-2-T55Q,10.82196044921875,train,10.834,1.0834,0.01203955078124963
SARS-CoV-2-I28F,10.905242919921877,train,10.95,1.095,0.04475708007812251
SARS-CoV-2-V173L_T201L,10.909573554992676,train,10.92,1.092,0.010426445007324148
SARS-CoV-2-N1T,10.821653366088867,train,10.859,1.0859,0.0373466339111328
SARS-CoV-2-K128N_T140E_Q168H,11.101834297180176,train,11.13,1.1130000000000002,0.028165702819825
SARS-CoV-2-R16H_Y21F,10.830389976501465,train,10.85,1.085,0.0196100234985348
SARS-CoV-2-G9M_R16E_L122S,10.980511665344238,train,11.01,1.101,0.029488334655761506
SARS-CoV-2-S36A_K128G,10.79733657836914,train,10.81,1.0810000000000002,0.012663421630859872
SARS-CoV-2-N64L_E154R,10.834856033325195,train,10.85,1.085,0.015143966674804332
SARS-CoV-2-V37W_E141K,10.863839149475098,train,10.85,1.085,0.013839149475098012
SARS-CoV-2-N40Q,10.80959129333496,train,10.823333333333332,1.0823333333333334,0.013742039998373201
SARS-CoV-2-R16F_N171M,11.05823040008545,train,11.03,1.103,0.028230400085449858
SARS-CoV-2-S200V,10.824158668518066,train,10.815,1.0815,0.009158668518066904
SARS-CoV-2-V37F_P149I,10.866762161254885,train,10.9,1.09,0.033237838745115766
SARS-CoV-2-V37G_N130K,10.909728050231934,train,10.93,1.093,0.020271949768066122
SARS-CoV-2-V37H_T55P,10.90274143218994,train,10.95,1.095,0.04725856781005966
SARS-CoV-2-P54I_Q84S,10.80514907836914,train,10.83,1.083,0.024850921630859446
SARS-CoV-2-I28L_G146S,10.811410903930664,train,10.85,1.085,0.03858909606933558
SARS-CoV-2-A192P,10.799260139465332,train,10.84,1.084,0.04073986053466783
SARS-CoV-2-N171I_P191G,10.808282852172852,train,10.76,1.076,0.048282852172851776
SARS-CoV-2-D34M_P82A_S129T,11.037249565124512,train,11.04,1.1039999999999999,0.0027504348754874286
SARS-CoV-2-H189K_S200F,10.824066162109377,train,10.82,1.082,0.004066162109376492
SARS-CoV-2-I2N_K128H_K199H,10.867897033691406,train,10.87,1.087,0.0021029663085929684
SARS-CoV-2-G51R_P197S,10.942639350891112,train,10.96,1.096,0.017360649108889348
SARS-CoV-2-N110T_V173L,10.834431648254396,train,10.9,1.09,0.06556835174560405
SARS-CoV-2-A18K_N171F,10.839133262634276,train,10.86,1.086,0.020866737365723864
SARS-CoV-2-N24R,10.85033893585205,train,10.89,1.0890000000000002,0.03966106414794979
SARS-CoV-2-T100R_H189N,10.88415813446045,train,10.91,1.091,0.025841865539550923
SARS-CoV-2-G152S_S200L,10.79439640045166,train,10.82,1.082,0.025603599548340128
SARS-CoV-2-T85H,10.814046859741213,train,10.864999999999998,1.0864999999999998,0.05095314025878572
SARS-CoV-2-N4Q_T140S,10.799012184143066,train,10.78,1.078,0.019012184143067046
SARS-CoV-2-I2D_L122Q_A190V,10.927024841308594,train,10.95,1.095,0.02297515869140554
SARS-CoV-2-G9V_S200I,10.82395839691162,train,10.88,1.088,0.056041603088381464
SARS-CoV-2-L122K_I142F,10.972357749938965,train,11.04,1.1039999999999999,0.0676422500610343
SARS-CoV-2-S36D_T140S,10.799043655395508,train,10.815,1.0815,0.01595634460449169
SARS-CoV-2-T46H_L122R,10.820395469665527,train,10.87,1.087,0.049604530334471875
SARS-CoV-2-L187K,10.806791305541992,train,10.84,1.084,0.03320869445800767
SARS-CoV-2-L95I_K199Y,10.807835578918455,train,10.82,1.082,0.01216442108154503
SARS-CoV-2-N151R_L188M,10.819608688354492,train,10.84,1.084,0.02039131164550767
SARS-CoV-2-T55A,10.82034683227539,train,10.809444444444445,1.0809444444444445,0.01090238783094577
SARS-CoV-2-L188A,10.814818382263184,train,10.84,1.084,0.025181617736816264
SARS-CoV-2-S43M,10.79944133758545,train,10.855,1.0855000000000001,0.05555866241455121
SARS-CoV-2-S53E,10.910542488098145,train,10.916666666666666,1.0916666666666666,0.006124178568521543
SARS-CoV-2-N1K_R27V_P54E,10.92885971069336,train,10.95,1.095,0.021140289306639914
SARS-CoV-2-Y35I_A42G_T55H,10.795380592346191,train,10.8,1.08,0.004619407653809304
SARS-CoV-2-V37A_P54T_T85K,10.846396446228027,train,10.83,1.083,0.016396446228027273
SARS-CoV-2-Y39T_L122M,10.878995895385742,train,10.92,1.092,0.04100410461425774
SARS-CoV-2-S43I_T148L,10.7977933883667,train,10.8,1.08,0.002206611633301492
SARS-CoV-2-I2V_I104V_L122A,10.825324058532717,train,10.84,1.084,0.014675941467283238
SARS-CoV-2-T100L_P191S,10.794795036315918,train,10.85,1.085,0.055204963684081676
SARS-CoV-2-T3S_N109K,10.839130401611328,train,10.87,1.087,0.030869598388671093
SARS-CoV-2-G9T_V37Q,10.848675727844238,train,10.87,1.087,0.021324272155760937
SARS-CoV-2-D97S_L122T_N130K,10.93236255645752,train,10.95,1.095,0.017637443542479758
SARS-CoV-2-I2H_F62Y,10.82475757598877,train,10.82,1.082,0.004757575988769247
SARS-CoV-2-L95M_L122K,10.92795753479004,train,10.94,1.094,0.012042465209958664
SARS-CoV-2-P149G_N171Y,11.024617195129396,train,11.05,1.1050000000000002,0.025382804870604403
SARS-CoV-2-P54Q_T201M,10.859253883361816,train,10.89,1.0890000000000002,0.030746116638184162
SARS-CoV-2-V37Y_T100F_K199L,10.833205223083496,train,10.88,1.088,0.04679477691650469
SARS-CoV-2-K56L_N151L,10.79350757598877,train,10.8,1.08,0.006492424011231179
SARS-CoV-2-T3D_N171T,11.136357307434082,train,11.13,1.1130000000000002,0.00635730743408125
SARS-CoV-2-A190P,10.801617622375488,train,10.86,1.086,0.05838237762451115
SARS-CoV-2-S184T_S200Y,10.794880867004396,train,10.84,1.084,0.04511913299560355
SARS-CoV-2-H189E,10.83309268951416,train,10.87,1.087,0.03690731048583906
SARS-CoV-2-V37S_K56M,10.823962211608888,train,10.79,1.079,0.03396221160888935
SARS-CoV-2-L5P,10.834745407104492,train,10.86125,1.086125,0.026504592895507884
SARS-CoV-2-G51Q_V173I,10.809029579162598,train,10.86,1.086,0.050970420837401775
SARS-CoV-2-F160L_N171Y,10.95716381072998,train,10.97,1.0970000000000002,0.01283618927002017
SARS-CoV-2-R16Q_S53Q,10.817407608032228,train,10.86,1.086,0.04259239196777109
SARS-CoV-2-T85S,10.81054401397705,train,10.81608695652174,1.081608695652174,0.005542942544689566
SARS-CoV-2-S164K,10.866212844848633,train,10.86,1.086,0.006212844848633381
SARS-CoV-2-R27T_D59N,10.80817985534668,train,10.85,1.085,0.04182014465331996
SARS-CoV-2-F134Y_T201K,10.842951774597168,train,10.88,1.088,0.03704822540283281
SARS-CoV-2-R27S_N130R,10.855477333068848,train,10.85,1.085,0.0054773330688480115
SARS-CoV-2-I72C_N130K,10.81194019317627,train,10.865,1.0865,0.05305980682373068
SARS-CoV-2-N1L_R16N_N171T,11.068857192993164,train,11.07,1.107,0.0011428070068362217
SARS-CoV-2-S43L_V153I,10.861773490905762,train,10.89,1.0890000000000002,0.02822650909423885
SARS-CoV-2-N64S_F160R,10.828381538391112,train,10.89,1.0890000000000002,0.061618461608889064
SARS-CoV-2-G9N_V37S,10.952375411987305,train,10.99,1.099,0.037624588012695526
SARS-CoV-2-T55S_V173L_T201M,10.873933792114258,train,10.93,1.093,0.0560662078857419
SARS-CoV-2-Q163K,10.806297302246094,train,10.839,1.0839,0.03270269775390666
SARS-CoV-2-L122Q_T148G,10.863932609558104,train,10.86,1.086,0.003932609558104261
SARS-CoV-2-G152A_P197V,10.822386741638184,train,10.86,1.086,0.03761325836181584
SARS-CoV-2-L5Q_V37W_G83Y,10.808938026428224,train,10.82,1.082,0.011061973571775852
SARS-CoV-2-I28L_K199E,10.797076225280762,train,10.87,1.087,0.0729237747192375
SARS-CoV-2-T15S_S36A,10.80827808380127,train,10.8,1.08,0.00827808380126882
SARS-CoV-2-V37W,10.901477813720703,train,10.94,1.094,0.03852218627929638
SARS-CoV-2-I28L_K199T,10.822354316711426,train,10.84,1.084,0.017645683288574077
SARS-CoV-2-V37F_L38I_T55R,10.861566543579102,train,10.86,1.086,0.001566543579102131
SARS-CoV-2-K199F,10.82662296295166,train,10.826,1.0826,0.0006229629516596447
SARS-CoV-2-I28L,10.797728538513184,train,10.798333333333332,1.0798333333333332,0.0006047948201484132
SARS-CoV-2-Q163V,10.896512031555176,train,10.844,1.0844,0.052512031555176364
SARS-CoV-2-Y175W,10.892091751098633,train,10.9025,1.09025,0.010408248901367045
SARS-CoV-2-I2H,10.797770500183104,train,10.854285714285714,1.0854285714285714,0.0565152141026104
SARS-CoV-2-P54I,10.834931373596191,train,10.845714285714283,1.0845714285714283,0.010782912118092014
SARS-CoV-2-T55H_D90L_P197K,10.805718421936035,train,10.79,1.079,0.01571842193603601
SARS-CoV-2-N24S_S147N,10.917678833007812,train,10.98,1.098,0.062321166992187926
SARS-CoV-2-I2W_L122S_K198R,10.873637199401855,train,10.9,1.09,0.026362800598144887
SARS-CoV-2-S36Q_P149Q,10.831048965454102,train,10.87,1.087,0.038951034545897656
SARS-CoV-2-A33W_Q84G,10.8782377243042,train,10.93,1.093,0.0517622756958005
SARS-CoV-2-Y35W_N64I_L122Q_T201A,11.090442657470703,train,11.14,1.114,0.04955734252929744
SARS-CoV-2-N130R,10.843085289001465,train,10.864,1.0864,0.020914710998535924
SARS-CoV-2-I2D_S164H,10.926312446594238,train,10.99,1.099,0.06368755340576193
SARS-CoV-2-L5R_T55S_N64T,10.810354232788086,train,10.83,1.083,0.019645767211914134
SARS-CoV-2-K199I,10.794304847717283,train,10.82,1.082,0.025695152282716904
SARS-CoV-2-G9D_R27V,10.870287895202637,train,10.93,1.093,0.059712104797363
SARS-CoV-2-L5E_L38F,10.808093070983888,train,10.84,1.084,0.03190692901611136
SARS-CoV-2-D98N_L122G_I142L,10.799490928649902,train,10.8,1.08,0.0005090713500983668
SARS-CoV-2-H189S,10.815105438232422,train,10.820000000000002,1.0820000000000003,0.004894561767580186
SARS-CoV-2-P54R_Y123K,11.130496978759766,train,11.17,1.117,0.039503021240234304
SARS-CoV-2-K26T_A42V,10.806623458862305,train,10.81,1.0810000000000002,0.00337654113769581
SARS-CoV-2-A89S_F160Y,10.839255332946776,train,10.89,1.0890000000000002,0.050744667053225
SARS-CoV-2-A18S,10.822308540344238,train,10.793636363636365,1.0793636363636365,0.028672176707873476
SARS-CoV-2-N1L_Y35W_I138T,10.892516136169434,train,10.96,1.096,0.06748386383056726
SARS-CoV-2-T3K,10.80526065826416,train,10.790909090909093,1.0790909090909093,0.014351567355067374
SARS-CoV-2-L5E_L60R_V173K,10.878043174743652,train,10.89,1.0890000000000002,0.011956825256348225
SARS-CoV-2-T55D_D97G_P197K,10.86695384979248,train,10.9,1.09,0.033046150207519887
SARS-CoV-2-N64V_P149G,10.826544761657717,train,10.85,1.085,0.023455238342283025
SARS-CoV-2-L122K_Q163S,10.885451316833496,train,10.91,1.091,0.02454868316650405
SARS-CoV-2-T55V_G146S,10.80771255493164,train,10.82,1.082,0.01228744506835966
SARS-CoV-2-I2F_V37S_Y91F,10.9141263961792,train,10.94,1.094,0.025873603820800284
SARS-CoV-2-R16K_D97K,10.870633125305176,train,10.94,1.094,0.06936687469482372
SARS-CoV-2-T100F_L122Q_A192S,10.810418128967283,train,10.88,1.088,0.0695818710327174
SARS-CoV-2-F8L_N64A,10.815069198608398,train,10.81,1.0810000000000002,0.00506919860839794
SARS-CoV-2-N24R_V37D,10.833491325378418,train,10.9,1.09,0.06650867462158239
SARS-CoV-2-S36K_S200F,10.800345420837402,train,10.81,1.0810000000000002,0.009654579162598154
SARS-CoV-2-V77L_L122R_S129V,10.805879592895508,train,10.83,1.083,0.02412040710449226
SARS-CoV-2-K128S_P197M,10.94011402130127,train,11.0,1.1,0.05988597869873047
SARS-CoV-2-K56E_K128T,10.838594436645508,train,10.88,1.088,0.04140556335449297
SARS-CoV-2-V52F_D59R_Y123K,10.843263626098633,train,10.84,1.084,0.0032636260986329546
SARS-CoV-2-S53L_N130K,10.842242240905762,train,10.87,1.087,0.0277577590942375
SARS-CoV-2-N4K_Y123K,10.919944763183594,train,10.94,1.094,0.020055236816405753
SARS-CoV-2-R16E_T55S,10.891932487487791,train,10.91,1.091,0.01806751251220895
SARS-CoV-2-L5S_R27L,10.865948677062988,train,10.88,1.088,0.0140513229370125
SARS-CoV-2-N130L_S200I,10.830496788024902,train,10.85,1.085,0.0195032119750973
SARS-CoV-2-D97Q_Q163V,10.973674774169922,train,10.99,1.099,0.016325225830078338
SARS-CoV-2-K56L_F134Y,10.844915390014648,train,10.89,1.0890000000000002,0.04508460998535213
SARS-CoV-2-V37F_L122M,10.858075141906738,train,10.92,1.092,0.06192485809326165
SARS-CoV-2-N58R_T85R_L122K,10.914969444274902,train,10.94,1.094,0.02503055572509716
SARS-CoV-2-T63Y_T148S,10.856989860534668,train,11.0,1.1,0.14301013946533203
SARS-CoV-2-K128S_Q163G,10.823817253112791,train,10.88,1.088,0.05618274688720959
SARS-CoV-2-S147P_V173F,10.86864948272705,train,10.86,1.086,0.00864948272705135
SARS-CoV-2-V32R,10.808669090270996,train,10.802727272727273,1.0802727272727273,0.00594181754372336
SARS-CoV-2-V37M_A89T_L122S,10.81229305267334,train,10.82,1.082,0.0077069473266604405
SARS-CoV-2-A190V_P197I,10.92079734802246,train,10.97,1.0970000000000002,0.04920265197754148
SARS-CoV-2-N151K_A190E,10.799945831298828,train,10.78,1.078,0.019945831298828764
SARS-CoV-2-E154Q,10.79662799835205,train,10.83,1.083,0.03337200164794929
SARS-CoV-2-G9H_L95V,10.862066268920898,train,10.88,1.088,0.017933731079102344
SARS-CoV-2-L5S_S129T,10.85909366607666,train,10.93,1.093,0.07090633392333956
SARS-CoV-2-V37S_T201S,10.82761001586914,train,10.87,1.087,0.04238998413085859
SARS-CoV-2-P54A_N64T,10.807722091674805,train,10.83,1.083,0.022277908325195384
SARS-CoV-2-Y39I_K132I,10.844636917114258,train,10.87,1.087,0.025363082885741406
SARS-CoV-2-I2P_D97L_T201L,10.8193998336792,train,10.84,1.084,0.02060016632080064
SARS-CoV-2-T63S_I104W_L122Q_T201P,10.910456657409668,train,10.95,1.095,0.03954334259033132
SARS-CoV-2-I28L_T100F,10.845620155334473,train,10.89,1.0890000000000002,0.04437984466552791
SARS-CoV-2-P54L_K114H_T201W,10.79685115814209,train,10.835,1.0835000000000001,0.03814884185791101
SARS-CoV-2-P54Q,10.83299732208252,train,10.826666666666668,1.0826666666666669,0.006330655415851538
SARS-CoV-2-G9A,10.807587623596191,train,10.804285714285712,1.0804285714285713,0.0033019093104798003
SARS-CoV-2-S147D,10.839151382446287,train,10.878,1.0878,0.03884861755371283
SARS-CoV-2-K128S_V173L,10.845392227172852,train,10.885,1.0885,0.039607772827148224
SARS-CoV-2-R27K,10.804699897766112,train,10.845882352941176,1.0845882352941176,0.0411824551750648
SARS-CoV-2-T55N_T140L_N171V,10.809721946716309,train,10.78,1.078,0.029721946716309233
SARS-CoV-2-N64Y_T201N,10.883204460144045,train,10.93,1.093,0.04679553985595497
SARS-CoV-2-D59E_K132M,10.801349639892578,train,10.81,1.0810000000000002,0.008650360107422372
SARS-CoV-2-P149A_K198S,10.809972763061523,train,10.82,1.082,0.010027236938476847
SARS-CoV-2-R16T_T100K,10.896748542785645,train,10.945,1.0945,0.04825145721435575
SARS-CoV-2-Y39L_S113A,10.860983848571776,train,10.89,1.0890000000000002,0.029016151428225
SARS-CoV-2-Y39T_K198G,10.793417930603027,train,10.81,1.0810000000000002,0.016582069396973154
SARS-CoV-2-A190T_K198Q,10.805708885192873,train,10.84,1.084,0.03429111480712699
SARS-CoV-2-Y35F_N120S,10.796491622924805,train,10.85,1.085,0.05350837707519496
SARS-CoV-2-G9K_S41N_F62W_L122A,11.126646995544434,train,11.22,1.122,0.09335300445556705
SARS-CoV-2-T100R_K198L,10.836149215698242,train,10.93,1.093,0.09385078430175753
SARS-CoV-2-N171M_L187Y,10.821149826049805,train,10.82,1.082,0.0011498260498044033
SARS-CoV-2-S36R_P149A,10.832769393920898,train,10.87,1.087,0.03723060607910078
SARS-CoV-2-L5R_P197L,10.891444206237791,train,10.92,1.092,0.028555793762208737
SARS-CoV-2-L162I_T201A,10.823381423950195,train,10.88,1.088,0.05661857604980547
SARS-CoV-2-N130A_P197M,10.958971977233888,train,10.97,1.0970000000000002,0.011028022766112144
SARS-CoV-2-Y35L_T55E,10.813760757446287,train,10.86,1.086,0.046239242553712145
SARS-CoV-2-S43A_K132R,10.865631103515623,train,10.94,1.094,0.07436889648437628
SARS-CoV-2-F62T_A192I,10.795798301696776,train,10.84,1.084,0.04420169830322429
SARS-CoV-2-T85V_N130K,10.805532455444336,train,10.83,1.083,0.024467544555664134
SARS-CoV-2-K199M,10.804286003112791,train,10.843333333333334,1.0843333333333334,0.03904733022054252
SARS-CoV-2-V37S_V153R,10.9932279586792,train,11.05,1.1050000000000002,0.05677204132080149
SARS-CoV-2-D59S_T85K_Y175W,10.850869178771973,train,10.87,1.087,0.019130821228026562
SARS-CoV-2-R16N_S129T,10.840189933776855,train,10.85,1.085,0.009810066223144176
SARS-CoV-2-V153L_L188M,10.82871437072754,train,10.86,1.086,0.03128562927245859
SARS-CoV-2-T3I_S43D_T55A_S147P,10.821958541870115,train,10.8,1.08,0.0219585418701147
SARS-CoV-2-S43L_D97H,10.83521842956543,train,10.83,1.083,0.0052184295654296164
SARS-CoV-2-Y35L_P197S,10.847823143005373,train,10.91,1.091,0.06217685699462727
SARS-CoV-2-R16A,10.802157402038574,train,10.793333333333331,1.0793333333333333,0.008824068705242993
SARS-CoV-2-P54R_T201W,10.811013221740724,train,10.81,1.0810000000000002,0.0010132217407239352
SARS-CoV-2-Y50W_Q163A,10.915452003479004,train,10.98,1.098,0.06454799652099652
SARS-CoV-2-S129E_T201D,10.814284324645996,train,10.84,1.084,0.025715675354003764
SARS-CoV-2-H189Q_T201F,10.868788719177246,train,10.915,1.0915,0.046211280822753054
SARS-CoV-2-S36L_L122S,10.91977310180664,train,10.99,1.099,0.07022689819335959
SARS-CoV-2-K48N_T201P,10.81310749053955,train,10.82,1.082,0.006892509460449503
SARS-CoV-2-Y39M_E154S,10.88778305053711,train,10.93,1.093,0.04221694946289034
SARS-CoV-2-T55K_S184T,10.895638465881348,train,10.97,1.0970000000000002,0.07436153411865298
SARS-CoV-2-T63G_Q168W,10.862364768981934,train,10.89,1.0890000000000002,0.027635231018066975
SARS-CoV-2-Q84A,10.875730514526367,train,10.95,1.095,0.0742694854736321
SARS-CoV-2-T55D,10.807936668395996,train,10.82,1.082,0.01206333160400419
SARS-CoV-2-G83F_T201N,11.304128646850586,train,11.41,1.141,0.1058713531494142
SARS-CoV-2-S43L_I104F_P197R,10.852169036865234,train,10.87,1.087,0.017830963134764843
SARS-CoV-2-D59E_N171I,10.878182411193848,train,10.87,1.087,0.008182411193848438
SARS-CoV-2-T55D_T85R,10.850829124450684,train,10.88,1.088,0.029170875549317188
SARS-CoV-2-H189T,10.82624340057373,train,10.839999999999998,1.0839999999999999,0.013756599426267613
SARS-CoV-2-L122M_S200F,10.830471992492676,train,10.87,1.087,0.03952800750732344
SARS-CoV-2-S43G_P197T,10.830119132995604,train,10.88,1.088,0.04988086700439709
SARS-CoV-2-V37F_P54A,10.932221412658691,train,10.97,1.0970000000000002,0.03777858734130923
SARS-CoV-2-A190H,10.824692726135254,train,10.865,1.0865,0.04030727386474631
SARS-CoV-2-N171T,10.880718231201172,train,10.81,1.0810000000000002,0.07071823120117138
SARS-CoV-2-V37F_K56W_D97V_V153K,10.804429054260254,train,10.86,1.086,0.055570945739745525
SARS-CoV-2-S164M_V173I,10.90624713897705,train,10.95,1.095,0.04375286102294851
SARS-CoV-2-I2R_Q163V,11.02748680114746,train,11.04,1.1039999999999999,0.012513198852539986
SARS-CoV-2-I2R_P149N,10.811015129089355,train,10.83,1.083,0.018984870910644602
SARS-CoV-2-Q168F,10.924118995666504,train,10.95,1.095,0.025881004333495383
SARS-CoV-2-V37T_T201S,10.862512588500977,train,10.92,1.092,0.057487411499023366
SARS-CoV-2-Y39V_V173A,10.809825897216797,train,10.81,1.0810000000000002,0.00017410278320362238
SARS-CoV-2-N24R_S36K_S200Y,10.856881141662598,train,10.93,1.093,0.07311885833740206
SARS-CoV-2-V37Q,10.793286323547363,train,10.815555555555555,1.0815555555555556,0.022269232008191864
SARS-CoV-2-L122E_S147P,10.849308967590332,train,10.9,1.09,0.050691032409668324
SARS-CoV-2-P197Q,10.838818550109863,train,10.871666666666664,1.0871666666666664,0.03284811655680109
SARS-CoV-2-R16V_V37Q_A42L_T201L,10.80990505218506,train,10.88,1.088,0.07009494781494041
SARS-CoV-2-L5V_P54Q,10.81265926361084,train,10.81,1.0810000000000002,0.0026592636108393464
SARS-CoV-2-L122Q,10.821215629577637,train,10.868181818181816,1.0868181818181817,0.04696618860417878
SARS-CoV-2-T3H_P197T,10.84755802154541,train,10.84,1.084,0.007558021545410298
SARS-CoV-2-D59K_A192M,10.800688743591309,train,10.86,1.086,0.05931125640869084
SARS-CoV-2-P54F,10.795275688171388,train,10.82,1.082,0.02472431182861179
SARS-CoV-2-L5P_R16T_N151H,10.82675075531006,train,10.885000000000002,1.0885000000000002,0.05824924468994119
SARS-CoV-2-N171W,10.990241050720217,train,10.99,1.099,0.00024105072021640694
SARS-CoV-2-T3P,10.828149795532228,train,10.8325,1.08325,0.004350204467771235
SARS-CoV-2-V37N,10.815482139587402,train,10.821111111111112,1.0821111111111112,0.005628971523709225
SARS-CoV-2-F8W_F44W,10.80944538116455,train,10.82,1.082,0.010554618835449503
SARS-CoV-2-V37W_T140A,10.905627250671388,train,10.89,1.0890000000000002,0.015627250671387927
SARS-CoV-2-K132L_Y143F_P197W,10.796656608581545,train,10.82,1.082,0.02334339141845554
SARS-CoV-2-L5M_Y39V,10.804064750671388,train,10.85,1.085,0.04593524932861115
SARS-CoV-2-D97F_T201I,10.81265926361084,train,10.82,1.082,0.0073407363891604405
SARS-CoV-2-L5Q_V37E,10.905058860778809,train,10.96,1.096,0.05494113922119226
SARS-CoV-2-T15K_F160R,10.811298370361328,train,10.84,1.084,0.028701629638671733
SARS-CoV-2-L122T_F160R,10.864212989807127,train,10.895,1.0895,0.030787010192872444
SARS-CoV-2-Y35W_S43H_K132E,10.89849853515625,train,10.96,1.096,0.06150146484375085
SARS-CoV-2-S29H_V37Y,10.816781044006348,train,10.85,1.085,0.03321895599365199
SARS-CoV-2-V37G_N130R,10.946063995361328,train,10.96,1.096,0.013936004638672728
SARS-CoV-2-I2T_Q163A,10.886968612670898,train,10.92,1.092,0.03303138732910149
SARS-CoV-2-R16Y,10.892154693603516,train,10.873636363636365,1.0873636363636365,0.01851832996715075
SARS-CoV-2-Q84V_S164K,10.850370407104492,train,10.88,1.088,0.029629592895508594
SARS-CoV-2-R27C_S36D,10.805298805236816,train,10.86,1.086,0.054701194763183025
SARS-CoV-2-N1A_E154T,10.827417373657228,train,10.85,1.085,0.022582626342771306
SARS-CoV-2-I2D_V115R_H189Y,10.813485145568848,train,10.84,1.084,0.0265148544311522
SARS-CoV-2-N40D_R127V,10.897489547729492,train,10.86,1.086,0.037489547729492756
SARS-CoV-2-Y178H,10.839755058288574,train,10.8725,1.08725,0.03274494171142628
SARS-CoV-2-T55L_N110Q,10.830406188964844,train,10.91,1.091,0.07959381103515639
SARS-CoV-2-S147W,10.833046913146973,train,10.8775,1.08775,0.044453086853026846
SARS-CoV-2-P149G_V153L,10.84455680847168,train,10.9,1.09,0.05544319152832067
SARS-CoV-2-V32M_Y39M,10.80744457244873,train,10.88,1.088,0.07255542755127031
SARS-CoV-2-C61R_Q144E,10.80935001373291,train,10.84,1.084,0.0306499862670897
SARS-CoV-2-L122V_Y143F_T201Q,10.820557594299316,train,10.89,1.0890000000000002,0.06944240570068416
SARS-CoV-2-N58P_Y66I,10.800158500671388,train,10.87,1.087,0.06984149932861072
SARS-CoV-2-I2F_P54S,10.794921875,train,10.825,1.0825,0.03007812499999929
SARS-CoV-2-K87A_N171T,10.810311317443848,train,10.81,1.0810000000000002,0.00031131744384715887
SARS-CoV-2-L5S_K199W,10.796481132507324,train,10.84,1.084,0.04351886749267564
SARS-CoV-2-N1G_G9N_V173L_H189Y,10.836759567260742,train,10.93,1.093,0.09324043273925753
SARS-CoV-2-T100R_S129N,10.805253028869627,train,10.83,1.083,0.02474697113037294
SARS-CoV-2-T100H_I104F,10.840971946716309,train,10.87,1.087,0.029028053283690625
SARS-CoV-2-I2A_Y39F,10.79738998413086,train,10.82,1.082,0.02261001586914091
SARS-CoV-2-L122N_S129I_V173K,10.854137420654297,train,10.83,1.083,0.024137420654296804
SARS-CoV-2-F62W_E141S,10.94025993347168,train,10.98,1.098,0.03974006652832074
SARS-CoV-2-R16Y_L122M_K128L,10.80594539642334,train,10.84,1.084,0.034054603576660014
SARS-CoV-2-Q168H,11.11484432220459,train,11.105,1.1105,0.009844322204589417
SARS-CoV-2-D97L_F160S,10.862106323242188,train,10.9,1.09,0.037893676757812855
SARS-CoV-2-P54R_L95V,10.797954559326172,train,10.83,1.083,0.032045440673828196
SARS-CoV-2-N30D,10.795917510986328,train,10.81,1.0810000000000002,0.014082489013672372
SARS-CoV-2-T3G_T201R,10.809008598327637,train,10.81,1.0810000000000002,0.0009914016723637786
SARS-CoV-2-T3R,10.80001449584961,train,10.804,1.0804,0.003985504150390895
SARS-CoV-2-I2R_S129N,10.825209617614746,train,10.85,1.085,0.02479038238525355
SARS-CoV-2-Y35F_K56A,10.88821792602539,train,10.93,1.093,0.04178207397460909
SARS-CoV-2-R16T_T55G_S200R,10.823872566223145,train,10.86,1.086,0.0361274337768549
SARS-CoV-2-L5W_E154T,10.870562553405762,train,10.88,1.088,0.009437446594239063
SARS-CoV-2-V37G_S53Q,10.79488468170166,train,10.78,1.078,0.014884681701660796
SARS-CoV-2-T3P_V11I_L60Y,10.848663330078123,train,10.86,1.086,0.011336669921876208
SARS-CoV-2-Q144S_L187Q,10.799540519714355,train,10.8,1.08,0.0004594802856452418
SARS-CoV-2-T63K_Q168F,10.80367946624756,train,10.82,1.082,0.016320533752439914
SARS-CoV-2-N24K_Q84S,10.799344062805176,train,10.81,1.0810000000000002,0.010655937194824716
SARS-CoV-2-C61T_L122K,10.970824241638184,train,10.97,1.0970000000000002,0.0008242416381829543
SARS-CoV-2-N64T_K114W_T201G,10.815600395202637,train,10.86,1.086,0.04439960479736271
SARS-CoV-2-C61M_S147P,10.798489570617676,train,10.8,1.08,0.0015104293823249293
SARS-CoV-2-Q163G,10.82137393951416,train,10.848571428571429,1.084857142857143,0.027197489057268598
SARS-CoV-2-D97K_S129V,10.921846389770508,train,10.96,1.096,0.03815361022949304
SARS-CoV-2-L60Y_N130K,10.86357593536377,train,10.89,1.0890000000000002,0.026424064636231037
SARS-CoV-2-Y35L_T201M,10.816328048706056,train,10.87,1.087,0.053671951293942755
SARS-CoV-2-R27Q_V37G,10.802330017089844,train,10.81,1.0810000000000002,0.007669982910156747
SARS-CoV-2-R16N_Y39S,10.808125495910645,train,10.86,1.086,0.0518745040893549
SARS-CoV-2-T55A_K199S,10.828722953796388,train,10.87,1.087,0.04127704620361072
SARS-CoV-2-G51N_T85R_S184T,10.852839469909668,train,10.92,1.092,0.06716053009033196
SARS-CoV-2-N130L_T148Q_L187S,10.79281520843506,train,10.78,1.078,0.01281520843506101
SARS-CoV-2-A190E,10.809636116027832,train,10.828333333333331,1.082833333333333,0.018697217305499336
SARS-CoV-2-S41R_L122K,10.874059677124023,train,10.97,1.0970000000000002,0.0959403228759772
SARS-CoV-2-I2T_P197I,10.83002758026123,train,10.84,1.084,0.00997241973876939
SARS-CoV-2-L162I,10.824395179748535,train,10.817142857142857,1.0817142857142856,0.00725232260567843
SARS-CoV-2-Y35F_Y123K,11.039896965026855,train,11.08,1.108,0.0401030349731446
SARS-CoV-2-P197L,10.795472145080566,train,10.85,1.085,0.05452785491943324
SARS-CoV-2-I138V_Q163M,11.04692554473877,train,11.08,1.108,0.03307445526123054
SARS-CoV-2-T55A_K199R,10.81225299835205,train,10.87,1.087,0.05774700164794844
SARS-CoV-2-L5Q_S43Y_L60M_I138N,10.880303382873535,train,10.93,1.093,0.04969661712646456
SARS-CoV-2-K128N_E141D,10.800572395324709,train,10.845,1.0845,0.04442760467529183
SARS-CoV-2-L122N,10.805609703063965,train,10.825714285714286,1.0825714285714285,0.02010458265032078
SARS-CoV-2-N1L_C61P_Q163V,10.816636085510254,train,10.83,1.083,0.013363914489746165
SARS-CoV-2-R27K_N120K,10.821403503417969,train,10.84,1.084,0.018596496582031108
SARS-CoV-2-N1Q,10.821988105773926,train,10.796,1.0796,0.025988105773926407
SARS-CoV-2-Q84T_K199H,10.798251152038574,train,10.84,1.084,0.04174884796142564
SARS-CoV-2-N130L_T201S,10.880024909973145,train,10.94,1.094,0.05997509002685497
SARS-CoV-2-S43L_K199V,10.876272201538086,train,10.9,1.09,0.023727798461914418
SARS-CoV-2-N4S_Q168Y,10.89229679107666,train,10.84,1.084,0.0522967910766603
SARS-CoV-2-L111I,10.830059051513672,train,10.87,1.087,0.03994094848632734
SARS-CoV-2-R16D_Y35L_N58T,10.94529628753662,train,11.0,1.1,0.05470371246338068
SARS-CoV-2-T201G,10.800044059753418,train,10.8225,1.08225,0.022455940246581818
SARS-CoV-2-K56E_N109V_F160Y,10.93215274810791,train,10.975,1.0975,0.04284725189208949
SARS-CoV-2-V37F_D97N_T140F_H189Y,10.81751537322998,train,10.81,1.0810000000000002,0.007515373229979971
SARS-CoV-2-N110R_V173R,10.836440086364746,train,10.87,1.087,0.033559913635253125
SARS-CoV-2-S41N_A190V,10.848214149475098,train,10.9,1.09,0.0517858505249027
SARS-CoV-2-V37F_K128S,10.800557136535645,train,10.83,1.083,0.02944286346435554
SARS-CoV-2-S43T,10.806923866271973,train,10.815,1.0815,0.008076133728026846
SARS-CoV-2-P7A_N64S_Y123F,10.825044631958008,train,10.82,1.082,0.005044631958007528
SARS-CoV-2-N4S_K56Q_P197Q,10.801170349121094,train,10.83,1.083,0.02882965087890632
SARS-CoV-2-L5H_T193N,10.842110633850098,train,10.91,1.091,0.06788936614990249
SARS-CoV-2-P197V,10.819541931152344,train,10.83625,1.083625,0.016708068847655966
SARS-CoV-2-L122S_T201P,10.952969551086426,train,10.99,1.099,0.03703044891357443
SARS-CoV-2-G9S_Q168W,11.025957107543944,train,11.045,1.1045,0.019042892456056393
SARS-CoV-2-L5T_Y35W_K56R,10.838821411132812,train,10.9,1.09,0.061178588867187855
SARS-CoV-2-Q163L_K199G,10.896170616149902,train,10.9,1.09,0.0038293838500980115
SARS-CoV-2-T55S_T201L,10.86089038848877,train,10.91,1.091,0.04910961151123061
SARS-CoV-2-R78K,10.795509338378906,train,10.8475,1.08475,0.05199066162109389
SARS-CoV-2-V32Q_L122F_T201A,10.811127662658691,train,10.8,1.08,0.011127662658690696
SARS-CoV-2-K48N_Y178H,10.8709135055542,train,10.88,1.088,0.009086494445801563
SARS-CoV-2-T55S_N130K,10.85422706604004,train,10.9,1.09,0.045772933959959516
SARS-CoV-2-T100M,10.816357612609863,train,10.836666666666666,1.0836666666666666,0.020309054056802722
SARS-CoV-2-Q168W,10.9561767578125,train,10.97,1.0970000000000002,0.01382324218750064
SARS-CoV-2-P54K_Q163L,11.0304594039917,train,11.08,1.108,0.04954059600830085
SARS-CoV-2-V52L_D90L_Q163V,10.83159351348877,train,10.81,1.0810000000000002,0.021593513488769034
SARS-CoV-2-Y39A_T201H,10.812209129333496,train,10.86,1.086,0.04779087066650334
SARS-CoV-2-K56V_F160K_T201S,10.843012809753418,train,10.83,1.083,0.013012809753417898
SARS-CoV-2-S36E_L122M,10.901153564453123,train,10.95,1.095,0.048846435546876066
SARS-CoV-2-S45Y_N171Y,10.867937088012695,test,10.78,1.078,0.08793708801269595
SARS-CoV-2-T55S_N120D_T201S,10.796610832214355,test,10.8,1.08,0.003389167785645242
SARS-CoV-2-L125M_S147N,10.851937294006348,test,10.91,1.091,0.058062705993652486
SARS-CoV-2-N1P_H189P_T201D,10.80386447906494,test,10.83,1.083,0.02613552093506044
SARS-CoV-2-T3A_Y39L,10.85782241821289,test,10.905,1.0905,0.047177581787108736
SARS-CoV-2-L122M_K132L,10.848238945007324,test,10.52,1.052,0.32823894500732465
SARS-CoV-2-P197I,10.86296558380127,test,10.786666666666669,1.0786666666666669,0.07629891713460069
SARS-CoV-2-K56A_T201L,10.801192283630373,test,10.84,1.084,0.03880771636962699
SARS-CoV-2-I2T_T55Y,10.8098726272583,test,10.72,1.072,0.08987262725830014
SARS-CoV-2-R16D,10.847835540771484,test,10.845,1.0845,0.0028355407714837355
SARS-CoV-2-L5S_Q168H,11.05363941192627,test,10.98,1.098,0.0736394119262691
SARS-CoV-2-K128D_K198S,10.896761894226074,test,10.8,1.08,0.09676189422607351
SARS-CoV-2-Y39L_T85I_T201S,10.821101188659668,test,10.76,1.076,0.06110118865966818
SARS-CoV-2-N1D,10.83035945892334,test,10.9075,1.09075,0.0771405410766608
SARS-CoV-2-N151M,10.805882453918455,test,10.765714285714283,1.0765714285714283,0.040168168204171906
SARS-CoV-2-I2P_T100L,10.837268829345703,test,10.75,1.075,0.08726882934570312
SARS-CoV-2-T100C,10.79690170288086,test,10.817,1.0817,0.020098297119140796
SARS-CoV-2-V37F_T55P_Y66M_P197V,10.864656448364258,test,10.895,1.0895,0.03034355163574176
SARS-CoV-2-N130K,10.81495189666748,test,10.871666666666668,1.0871666666666668,0.05671476999918745
SARS-CoV-2-T55S,10.815689086914062,test,10.791052631578948,1.0791052631578948,0.024636455335114604
SARS-CoV-2-I28F_L60R_G146S,10.857162475585938,test,10.74,1.074,0.11716247558593729
SARS-CoV-2-I2C_F160K,10.823298454284668,test,10.86,1.086,0.03670154571533146
SARS-CoV-2-I28Y,10.80599594116211,test,10.7925,1.07925,0.013495941162108949
SARS-CoV-2-P54I_V173I,10.875216484069824,test,10.43,1.043,0.4452164840698245
SARS-CoV-2-A190D,10.842344284057615,test,10.776666666666666,1.0776666666666666,0.0656776173909499
SARS-CoV-2-Y39A_N64T,10.843783378601074,test,10.82,1.082,0.023783378601073935
SARS-CoV-2-R16H,10.861536026000977,test,10.873333333333337,1.0873333333333337,0.011797307332360063
SARS-CoV-2-I2A_T100F,10.805161476135254,test,10.82,1.082,0.014838523864746378
SARS-CoV-2-S53Q,10.808268547058104,test,10.67,1.067,0.13826854705810376
SARS-CoV-2-N1E_F44M_Q168Y,10.885902404785156,test,10.66,1.066,0.2259024047851561
SARS-CoV-2-T100F,10.826922416687012,test,10.8,1.08,0.026922416687011008
SARS-CoV-2-L5E_A14S,10.824942588806152,test,10.72,1.072,0.1049425888061517
SARS-CoV-2-R16T,10.895440101623535,test,10.8525,1.08525,0.04294010162353601
SARS-CoV-2-G9D_L60F,10.830142974853516,test,10.75,1.075,0.08014297485351562
SARS-CoV-2-I2L_V37T,10.841373443603516,test,10.82,1.082,0.02137344360351534
SARS-CoV-2-Y123L_Q168H,10.903098106384276,test,11.01,1.101,0.10690189361572422
SARS-CoV-2-T3K_L122V,10.82594871520996,test,10.84,1.084,0.014051284790040697
SARS-CoV-2-G9V_Q163V,10.811789512634276,test,11.03,1.103,0.2182104873657238
SARS-CoV-2-F62W_I104Y,10.838887214660645,test,10.92,1.092,0.0811127853393554
SARS-CoV-2-T55V_T201M,10.805741310119627,test,10.86,1.086,0.0542586898803723
SARS-CoV-2-T55H_E154S,10.847771644592283,test,10.83,1.083,0.01777164459228331
SARS-CoV-2-I2S_I104F,10.933841705322266,test,10.73,1.0730000000000002,0.2038417053222652
SARS-CoV-2-K26Q,10.80362606048584,test,10.693333333333332,1.0693333333333332,0.11029272715250826
SARS-CoV-2-D97V_V173L,10.841808319091797,test,10.85,1.085,0.00819168090820277
SARS-CoV-2-N130P_S184V,10.800020217895508,test,10.86,1.086,0.05997978210449162
SARS-CoV-2-P7S_V37Q,10.80515193939209,test,10.61,1.061,0.1951519393920904
SARS-CoV-2-V37I_D97H_K198G,10.812331199645996,test,10.83,1.083,0.017668800354003977
SARS-CoV-2-L60Y,10.847118377685549,test,10.79857142857143,1.079857142857143,0.04854694911411883
SARS-CoV-2-S129R_N171I,10.810151100158691,test,10.81,1.0810000000000002,0.00015110015869090887
SARS-CoV-2-K128G_V153L_L188T,10.818277359008787,test,10.84,1.084,0.021722640991212572
SARS-CoV-2-L187M,10.793426513671877,test,11.01,1.101,0.216573486328123
SARS-CoV-2-H189P_V194I,10.82514476776123,test,10.77,1.077,0.055144767761230895
SARS-CoV-2-I28M_L187Q_P197A,10.809168815612791,test,10.81,1.0810000000000002,0.000831184387209305
SARS-CoV-2-T85R_L122M_A190K,10.875176429748535,test,10.86,1.086,0.015176429748535725
SARS-CoV-2-L5P_V37D_N110E,10.892300605773926,test,11.03,1.103,0.13769939422607358
SARS-CoV-2-A42K_Q84M_L122A_K199H,10.884472846984863,test,10.83,1.083,0.05447284698486321
SARS-CoV-2-I28M_N58P,10.816935539245604,test,10.71,1.0710000000000002,0.10693553924560284
SARS-CoV-2-Y39M,10.80341625213623,test,10.86,1.086,0.05658374786376896
SARS-CoV-2-D97E_V173L,10.814693450927734,test,10.8,1.08,0.014693450927733664
SARS-CoV-2-E141S_P197T,10.827238082885742,test,10.72,1.072,0.10723808288574155
SARS-CoV-2-L5V_N171M,10.932106018066406,test,11.03,1.103,0.09789398193359311
SARS-CoV-2-R16V_S200V,10.893991470336914,test,10.89,1.0890000000000002,0.003991470336913494
SARS-CoV-2-S129D,10.796467781066896,test,10.86,1.086,0.06353221893310312
SARS-CoV-2-R16F_Y35L,10.79684352874756,test,10.93,1.093,0.13315647125243935
SARS-CoV-2-G9A_V37F_D90E,10.843683242797852,test,10.71,1.0710000000000002,0.1336832427978507
SARS-CoV-2-P54Q_N171I,10.89890956878662,test,10.67,1.067,0.2289095687866194
SARS-CoV-2-S43T_T201K,10.809369087219238,test,10.775,1.0775000000000001,0.034369087219237926
SARS-CoV-2-Q84S_V173I,10.824807167053224,test,10.58,1.058,0.24480716705322436
SARS-CoV-2-T3K_L60M,10.864620208740234,test,10.79,1.079,0.07462020874023523
SARS-CoV-2-K26V_V173M,10.849712371826172,test,10.89,1.0890000000000002,0.04028762817382869
SARS-CoV-2-V173L,10.87868595123291,test,10.831333333333331,1.0831333333333333,0.047352617899578675
SARS-CoV-2-L5S_C61V,10.800376892089844,test,10.7,1.07,0.10037689208984446
SARS-CoV-2-S129A_T201L,10.849029541015623,test,10.79,1.079,0.059029541015624076
SARS-CoV-2-N120K_P197K,10.81724739074707,test,10.88,1.088,0.06275260925293047
SARS-CoV-2-E141D_V173I,10.807851791381836,test,10.81,1.0810000000000002,0.00214820861816456
SARS-CoV-2-V173L_T201A,10.87836742401123,test,10.84,1.084,0.03836742401123061
SARS-CoV-2-P7S_Y39I,10.812685012817385,test,10.7,1.07,0.1126850128173853
SARS-CoV-2-S184T,10.808330535888672,test,10.802,1.0802,0.006330535888672273
SARS-CoV-2-S43Q_T55S,10.862268447875977,test,10.99,1.099,0.12773155212402365
SARS-CoV-2-V37T_K48R,10.848627090454102,test,10.83,1.083,0.01862709045410149
SARS-CoV-2-A192D,10.810417175292969,test,10.7,1.07,0.11041717529296946
SARS-CoV-2-L5T_I142V_S147P,10.798724174499512,test,10.92,1.092,0.12127582550048821
SARS-CoV-2-E10D_S41R_N171F,10.823983192443848,test,11.17,1.117,0.3460168075561523
SARS-CoV-2-Y35L_S41T_T55Q,10.865811347961426,test,10.73,1.0730000000000002,0.13581134796142535
SARS-CoV-2-T55R_A105T_Q163A,10.837085723876951,test,10.72,1.072,0.11708572387695071
SARS-CoV-2-E154T,10.84852695465088,test,10.84,1.084,0.008526954650880825
SARS-CoV-2-Y39L_D97L,10.839940071105955,test,10.94,1.094,0.10005992889404425
SARS-CoV-2-I2V_P54L,10.79535675048828,test,10.88,1.088,0.08464324951172131
SARS-CoV-2-R16D_V37K_T201S,10.801177024841309,test,10.86,1.086,0.05882297515869084
SARS-CoV-2-I2K_L122F,10.82424259185791,test,10.85,1.085,0.02575740814208949
SARS-CoV-2-N120S_N171T,10.8889741897583,test,11.09,1.109,0.20102581024169908
SARS-CoV-2-S36E,10.86417293548584,test,10.805,1.0805,0.05917293548584013
SARS-CoV-2-L5M_L60S_L122S,10.80692195892334,test,10.84,1.084,0.033078041076660014
SARS-CoV-2-S129N_S200V,10.87063980102539,test,10.83,1.083,0.040639801025390554
SARS-CoV-2-L5H_S129D,10.87106227874756,test,11.0,1.1,0.12893772125243963
SARS-CoV-2-A192R,10.803262710571287,test,10.78,1.078,0.023262710571287926
SARS-CoV-2-Y39W_N130E_T201K,10.809815406799316,test,10.73,1.0730000000000002,0.07981540679931598
SARS-CoV-2-L5P_P54L,10.830307960510254,test,10.43,1.043,0.4003079605102542
SARS-CoV-2-G9Y_K199C,10.802918434143066,test,10.72,1.072,0.08291843414306577
SARS-CoV-2-S129T_P149S,10.79348850250244,test,10.85,1.085,0.056511497497560015
SARS-CoV-2-L5S_L95V_N130R,10.914103507995604,test,10.77,1.077,0.14410350799560412
SARS-CoV-2-V37W_S200L,10.848145484924316,test,10.97,1.0970000000000002,0.12185451507568423
SARS-CoV-2-R16I_Y35M,10.84040355682373,test,10.76,1.076,0.08040355682373068
SARS-CoV-2-G9E_E76D,10.794151306152344,test,10.73,1.0730000000000002,0.06415130615234332
SARS-CoV-2-N1Q_K56Q,10.80777645111084,test,10.84,1.084,0.032223548889160014
SARS-CoV-2-P197T,10.835261344909668,test,10.816875,1.0816875,0.018386344909668395
SARS-CoV-2-I2E_N151K,10.810970306396484,test,10.85,1.085,0.03902969360351527
SARS-CoV-2-T3K_L122C,10.847772598266602,test,10.62,1.062,0.22777259826660234
SARS-CoV-2-S147P_A190N,10.832018852233888,test,10.89,1.0890000000000002,0.05798114776611207
SARS-CoV-2-Q163M_P197Q,11.067142486572266,test,10.76,1.076,0.30714248657226584
SARS-CoV-2-I28W_V173Y,10.811516761779783,test,10.69,1.069,0.12151676177978388
SARS-CoV-2-I2D_Y66W,10.827917098999023,test,10.84,1.084,0.01208290100097642
SARS-CoV-2-Q84S_D97L,10.793635368347168,test,10.77,1.077,0.023635368347168395
SARS-CoV-2-T100C_V153R,10.830455780029297,test,10.65,1.0650000000000002,0.18045578002929652
SARS-CoV-2-E10Q_P149K_Q163V,10.833392143249512,test,10.92,1.092,0.08660785675048821
SARS-CoV-2-D97G_S129T_T201S,10.809021949768066,test,10.76,1.076,0.04902194976806662
SARS-CoV-2-V37D_L111Q,10.805340766906738,test,10.86,1.086,0.05465923309326115
SARS-CoV-2-N40H_T100V,10.797880172729492,test,10.76,1.076,0.0378801727294924
SARS-CoV-2-V37T_S200H,10.886131286621094,test,10.885000000000002,1.0885000000000002,0.0011312866210921868
SARS-CoV-2-S129D_H189T,10.862945556640623,test,10.71,1.0710000000000002,0.15294555664062237
SARS-CoV-2-I104F,10.89232349395752,test,10.82909090909091,1.082909090909091,0.06323258486660954
SARS-CoV-2-R16D_T148E,10.835585594177246,test,10.77,1.077,0.06558559417724652
SARS-CoV-2-V153N_T201M,10.829955101013184,test,10.7,1.07,0.1299551010131843
SARS-CoV-2-G9A_S43A,10.876888275146484,test,10.79,1.079,0.08688827514648523
SARS-CoV-2-R16Y_T100Y,10.79335117340088,test,10.9,1.09,0.10664882659911967
SARS-CoV-2-Y39A_T201L,10.80792236328125,test,10.76,1.076,0.04792236328125021
SARS-CoV-2-G9M_V37F_L188M,10.80721378326416,test,10.77,1.077,0.03721378326416058
SARS-CoV-2-I2S_V11I_K199I,10.871821403503418,test,10.88,1.088,0.008178596496582813
SARS-CoV-2-V37T_I138V,10.823556900024414,test,10.77,1.077,0.05355690002441449
SARS-CoV-2-L122T_S200C,10.825650215148926,test,10.77,1.077,0.05565021514892621
SARS-CoV-2-K56M_L95V_S200V,10.851880073547363,test,10.78,1.078,0.07188007354736392
SARS-CoV-2-T100R_L122S,10.864368438720703,test,10.89,1.0890000000000002,0.025631561279297443
SARS-CoV-2-T46H_Q84T,10.794892311096191,test,10.78,1.078,0.014892311096192046
SARS-CoV-2-S43R_L122F_G152N,10.805434226989746,test,10.73,1.0730000000000002,0.07543422698974567
SARS-CoV-2-N109K,10.834614753723145,test,10.88,1.088,0.04538524627685625
SARS-CoV-2-K56Q,10.800466537475586,test,10.80090909090909,1.0800909090909092,0.0004425534335048553
SARS-CoV-2-Y35W_D97M,10.84986972808838,test,10.94,1.094,0.09013027191161882
SARS-CoV-2-I2K_Q168R,10.797636032104492,test,10.68,1.068,0.11763603210449247
SARS-CoV-2-S36N_S184T,10.82620334625244,test,10.87,1.087,0.04379665374755959
SARS-CoV-2-S129G_S200L,10.867963790893556,test,10.9,1.09,0.03203620910644389
SARS-CoV-2-K48Q,10.82546329498291,test,10.798333333333334,1.0798333333333334,0.027129961649576373
SARS-CoV-2-T55D_L60Y,10.79723072052002,test,10.9,1.09,0.10276927947998082
SARS-CoV-2-R27S_S53E_T148L,10.796917915344238,test,10.86,1.086,0.06308208465576115
SARS-CoV-2-N64Y_S164R_A190D,10.90737247467041,test,10.73,1.0730000000000002,0.17737247467040973
SARS-CoV-2-S147L_Q163M,10.834501266479492,test,10.79,1.079,0.04450126647949304
SARS-CoV-2-L188P,10.840901374816896,test,10.74,1.074,0.1009013748168961
SARS-CoV-2-I2E_P54R,10.858652114868164,test,10.88,1.088,0.02134788513183672
SARS-CoV-2-V37M_F62L_V115L_Q168W,10.803547859191896,test,10.76,1.076,0.04354785919189652
SARS-CoV-2-V37L_L122S_Y143F,10.812270164489746,test,10.92,1.092,0.10772983551025384
SARS-CoV-2-E141S_T201R,10.800996780395508,test,10.73,1.0730000000000002,0.07099678039550739
SARS-CoV-2-N64S_P197K,10.855927467346191,test,10.86,1.086,0.004072532653808025
SARS-CoV-2-G9S_I72V,10.793673515319824,test,10.81,1.0810000000000002,0.01632648468017628
SARS-CoV-2-E141H_P197V,10.838615417480469,test,10.52,1.052,0.3186154174804692
SARS-CoV-2-I2H_S53T,10.798359870910645,test,10.81,1.0810000000000002,0.011640129089355966
SARS-CoV-2-T55K_I142M,10.795701026916504,test,10.91,1.091,0.11429897308349624
SARS-CoV-2-V37F_Q163L,10.972317695617676,test,11.08,1.108,0.10768230438232429
SARS-CoV-2-L60M,10.819701194763184,test,10.812666666666669,1.0812666666666668,0.007034528096514947
SARS-CoV-2-K114A_L122A,10.806214332580566,test,10.78,1.078,0.026214332580567046
SARS-CoV-2-Q163H,10.829078674316406,test,10.793333333333337,1.0793333333333337,0.035745340983069696
SARS-CoV-2-K56A,10.808484077453612,test,10.789,1.0789,0.019484077453611803
SARS-CoV-2-N64M_N171Y,11.119494438171388,test,10.86,1.086,0.25949443817138906
SARS-CoV-2-V173K,10.821913719177246,test,10.913076923076924,1.0913076923076923,0.09116320389967747
SARS-CoV-2-L5A_S36G,10.804028511047363,test,10.78,1.078,0.02402851104736392
SARS-CoV-2-S164A,10.838014602661133,test,10.825,1.0825,0.013014602661133523
SARS-CoV-2-G9T_R16A,10.799388885498049,test,10.645,1.0645,0.15438888549804908
SARS-CoV-2-Y39L,10.849868774414062,test,10.854090909090909,1.085409090909091,0.004222134676846068
SARS-CoV-2-T148A_Q163A,10.925809860229492,test,10.85,1.085,0.07580986022949254
SARS-CoV-2-I28L_K56S,10.82370376586914,test,10.79,1.079,0.03370376586914148
SARS-CoV-2-L5Q_R27M,10.835012435913086,test,10.8,1.08,0.03501243591308523
SARS-CoV-2-L122Q_T201K,10.825624465942385,test,10.84,1.084,0.014375534057615269
SARS-CoV-2-S36A,10.828631401062012,test,10.793333333333337,1.0793333333333337,0.035298067728675164
SARS-CoV-2-T55A_N64S,10.80027961730957,test,10.85,1.085,0.04972038269042933
SARS-CoV-2-A192E_T201L,10.83720874786377,test,10.88,1.088,0.04279125213623125
SARS-CoV-2-K128V_Q168W,10.85411262512207,test,11.0,1.1,0.1458873748779297
SARS-CoV-2-V37L_N64D,10.822783470153809,test,10.7,1.07,0.1227834701538093
SARS-CoV-2-V153R,10.911454200744627,test,10.856666666666667,1.0856666666666668,0.054787534077959776
SARS-CoV-2-V173F,10.839760780334473,test,10.791666666666666,1.0791666666666666,0.04809411366780658
SARS-CoV-2-A42R_Q163A,10.965042114257812,test,11.03,1.103,0.06495788574218686
SARS-CoV-2-I2H_D90A_P197L,10.827384948730469,test,10.86,1.086,0.03261505126953068
SARS-CoV-2-L122Q_N130C,10.879979133605955,test,11.02,1.102,0.14002086639404432
SARS-CoV-2-Y39T,10.81042194366455,test,10.827777777777778,1.0827777777777778,0.01735583411322672
SARS-CoV-2-T3V_T201K,10.811835289001465,test,10.85,1.085,0.0381647109985348
SARS-CoV-2-C61R_A192H,10.809340476989746,test,10.62,1.062,0.18934047698974688
SARS-CoV-2-K56S_F134Y,10.802924156188965,test,10.82,1.082,0.01707584381103544
SARS-CoV-2-T3S_K56R,10.801676750183104,test,10.78,1.078,0.021676750183104332
SARS-CoV-2-T55N_L188S,10.86162281036377,test,10.84,1.084,0.021622810363769673
SARS-CoV-2-Y35F_E141S_T201L,10.79575252532959,test,10.81,1.0810000000000002,0.014247474670410654
SARS-CoV-2-S129R_T201R,10.79655933380127,test,10.73,1.0730000000000002,0.0665593338012691
SARS-CoV-2-T3Q_K199F,10.798998832702637,test,10.84,1.084,0.04100116729736314
SARS-CoV-2-V173I_K198Q,10.822093963623049,test,10.8,1.08,0.02209396362304794
SARS-CoV-2-P7D,10.82010555267334,test,10.89,1.0890000000000002,0.06989444732666072
SARS-CoV-2-Y35I_T201Q,10.79824924468994,test,10.79,1.079,0.008249244689940483
SARS-CoV-2-A42S_Q163V,10.856428146362305,test,11.02,1.102,0.1635718536376949
SARS-CoV-2-V37F_N64G,10.91904067993164,test,10.97,1.0970000000000002,0.050959320068360014
SARS-CoV-2-N1R_P197E,10.82342529296875,test,10.8,1.08,0.02342529296874929
SARS-CoV-2-N120L_Q163V,10.945237159729004,test,11.1,1.11,0.15476284027099574
SARS-CoV-2-N4S_L122K_S200M,10.892187118530272,test,11.02,1.102,0.1278128814697279
SARS-CoV-2-Y35W,10.878375053405762,test,10.785,1.0785,0.09337505340576158
SARS-CoV-2-K128D,10.837456703186035,test,10.846,1.0846,0.008543296813964929
SARS-CoV-2-T100M_F134Y_T193I_P197C,10.85622501373291,test,10.71,1.0710000000000002,0.1462250137329093
SARS-CoV-2-Y39I_Q168F_V173L_P197R,10.83424472808838,test,11.08,1.108,0.2457552719116194
SARS-CoV-2-S29A,10.807448387145996,test,10.79,1.079,0.017448387145996946
SARS-CoV-2-S43A_A190S_T201I,10.837684631347656,test,10.8,1.08,0.03768463134765554
SARS-CoV-2-T3V_S129K_T201P,10.813228607177734,test,10.84,1.084,0.026771392822265483
SARS-CoV-2-L5M_Q84A_G152S,10.795266151428224,test,10.91,1.091,0.11473384857177571
SARS-CoV-2-V37L_N64V,10.799059867858888,test,11.02,1.102,0.22094013214111108
SARS-CoV-2-Y39T_T201M,10.864457130432127,test,10.865,1.0865,0.0005428695678730833
SARS-CoV-2-K128D_T140E_P197A,10.815160751342772,test,11.05,1.1050000000000002,0.23483924865722905
SARS-CoV-2-D90Q_S129G,10.801766395568848,test,10.67,1.067,0.13176639556884773
SARS-CoV-2-S36N_V153E,10.79415225982666,test,10.76,1.076,0.03415225982666037
SARS-CoV-2-K128S_T201W,10.797587394714355,test,10.72,1.072,0.07758739471435483
SARS-CoV-2-K48I_N171F,10.918951034545898,test,10.87,1.087,0.04895103454589922
SARS-CoV-2-T3S_V37A_F62T,10.87290382385254,test,10.66,1.066,0.2129038238525407
SARS-CoV-2-G9T_L122S,10.899638175964355,test,10.81,1.0810000000000002,0.08963817596435497
SARS-CoV-2-V37T_L122S,10.930331230163574,test,10.86,1.086,0.07033123016357479
SARS-CoV-2-S36Q,10.872566223144531,test,10.8675,1.08675,0.005066223144531534
SARS-CoV-2-V37T,10.854466438293455,test,10.802307692307693,1.0802307692307693,0.05215874598576242
SARS-CoV-2-N4A_T100Y_G146S,10.794962882995604,test,10.74,1.074,0.05496288299560348
SARS-CoV-2-G51R,10.81643772125244,test,10.775384615384615,1.0775384615384616,0.04105310586782451
SARS-CoV-2-A22K,10.802586555480955,test,10.726666666666668,1.0726666666666669,0.0759198888142869
SARS-CoV-2-I28F_S43F,10.812830924987791,test,10.69,1.069,0.12283092498779169
SARS-CoV-2-V37W_K198E,10.904728889465332,test,10.84,1.084,0.06472888946533217
SARS-CoV-2-I2H_S129T,10.822328567504885,test,10.85,1.085,0.027671432495115056
SARS-CoV-2-V37I_S164K,10.854602813720703,test,10.99,1.099,0.1353971862792971
SARS-CoV-2-L122A_S129R,10.923654556274414,test,10.81,1.0810000000000002,0.11365455627441357
SARS-CoV-2-V37E_L122R_H189G,10.937928199768066,test,10.85,1.085,0.08792819976806676
SARS-CoV-2-Y39S_F160R,10.844826698303224,test,10.77,1.077,0.07482669830322486
SARS-CoV-2-D90N_N120L_Q168H,10.852646827697754,test,10.82,1.082,0.03264682769775362
SARS-CoV-2-V153Q,10.814238548278809,test,10.86,1.086,0.04576145172119084
SARS-CoV-2-T201L,10.824353218078612,test,10.798,1.0798,0.026353218078611462
SARS-CoV-2-K56R_L122R,10.829341888427734,test,10.77,1.077,0.0593418884277348
SARS-CoV-2-K199V,10.851201057434082,test,10.875,1.0875000000000001,0.02379894256591797
SARS-CoV-2-S43E,10.83358669281006,test,10.813333333333333,1.0813333333333333,0.020253359476727795
SARS-CoV-2-S36A_N64S_F160S,10.827725410461426,test,10.51,1.051,0.317725410461426
SARS-CoV-2-I2Q_N58E_L122G,10.823271751403809,test,10.77,1.077,0.05327175140380902
SARS-CoV-2-G51N,10.855254173278809,test,10.784999999999998,1.0784999999999998,0.07025417327881023
SARS-CoV-2-S36G_F160R,10.817910194396973,test,10.78,1.078,0.037910194396973296
SARS-CoV-2-K48R_T55N,10.806818962097168,test,10.58,1.058,0.2268189620971679
SARS-CoV-2-K199G,10.838492393493652,test,10.829999999999998,1.083,0.008492393493654049
SARS-CoV-2-R16M_V37S_P197T,10.836243629455566,test,10.705,1.0705,0.13124362945556634
SARS-CoV-2-Q163F,10.930342674255373,test,10.96,1.096,0.029657325744627983
SARS-CoV-2-N64Q_P197S,10.800061225891112,test,10.84,1.084,0.03993877410888835
SARS-CoV-2-C61N_Q168W_S200C,10.869431495666504,test,10.79,1.079,0.07943149566650476
SARS-CoV-2-T3M,10.793725967407228,test,10.771818181818182,1.0771818181818182,0.021907785589046824
